solid zone0
 facet normal 0.112679 0.989096 0.094828
  outer loop
   vertex 1.14672 1.19652 0.0910418
   vertex 1.14688 1.1965 0.0910606
   vertex 1.14689 1.1965 0.0910487
  endloop
 endfacet
 facet normal 0.0624709 0.998047 -0
  outer loop
   vertex 1.14801 1.19639 0.0911508
   vertex 1.14801 1.19639 0.0911575
   vertex 1.14817 1.19638 0.0911756
  endloop
 endfacet
 facet normal 0.127536 0.0596674 -0.990038
  outer loop
   vertex 1.14809 1.19631 0.0911139
   vertex 1.14809 1.1963 0.0911133
   vertex 1.14801 1.19631 0.0911036
  endloop
 endfacet
 facet normal 0.131492 0.138952 -0.981531
  outer loop
   vertex 1.14777 1.19631 0.0910735
   vertex 1.14769 1.19632 0.0910642
   vertex 1.14769 1.19633 0.0910656
  endloop
 endfacet
 facet normal 0.126336 0.0493904 -0.990757
  outer loop
   vertex 1.14801 1.19631 0.0911036
   vertex 1.14809 1.1963 0.0911133
   vertex 1.14801 1.1963 0.0911031
  endloop
 endfacet
 facet normal 0.118091 0.0420233 -0.992113
  outer loop
   vertex 1.14758 1.1963 0.0910499
   vertex 1.14751 1.19631 0.091042
   vertex 1.14752 1.19632 0.0910436
  endloop
 endfacet
 facet normal 0.136961 -0.0079843 -0.990544
  outer loop
   vertex 1.1474 1.1963 0.0910286
   vertex 1.14735 1.19631 0.0910216
   vertex 1.14736 1.19632 0.0910229
  endloop
 endfacet
 facet normal 0 1 0
  outer loop
   vertex 1.14652 1.1963 0.0909192
   vertex 1.14652 1.1963 0.0909193
   vertex 1.14654 1.1963 0.0909221
  endloop
 endfacet
 facet normal 0.117377 0.163017 -0.979616
  outer loop
   vertex 1.14626 1.19639 0.0908959
   vertex 1.14639 1.19638 0.0909098
   vertex 1.14638 1.19635 0.0909036
  endloop
 endfacet
 facet normal 0.109177 0.28485 -0.952334
  outer loop
   vertex 1.14628 1.19646 0.0909266
   vertex 1.14628 1.19647 0.0909296
   vertex 1.14658 1.19644 0.090955
  endloop
 endfacet
 facet normal 0.125858 0.570221 -0.811793
  outer loop
   vertex 1.14658 1.19644 0.090955
   vertex 1.14628 1.19647 0.0909296
   vertex 1.14629 1.19649 0.0909452
  endloop
 endfacet
 facet normal 0.104879 0.524397 -0.84499
  outer loop
   vertex 1.14877 1.19631 0.0912033
   vertex 1.14882 1.1963 0.0912033
   vertex 1.1485 1.19632 0.091176
  endloop
 endfacet
 facet normal 0.113381 0.792315 -0.599484
  outer loop
   vertex 1.14818 1.19635 0.0911445
   vertex 1.1487 1.19632 0.0912033
   vertex 1.14877 1.19631 0.0912033
  endloop
 endfacet
 facet normal 0.0903898 0.995906 0
  outer loop
   vertex 1.14818 1.19636 0.0911554
   vertex 1.14862 1.19632 0.0912033
   vertex 1.14818 1.19636 0.0911497
  endloop
 endfacet
 facet normal 0 0.801895 0.597464
  outer loop
   vertex 1.14818 1.19636 0.0911497
   vertex 1.14862 1.19632 0.0912033
   vertex 1.1487 1.19632 0.0912033
  endloop
 endfacet
 facet normal 0.151046 0.520316 -0.84051
  outer loop
   vertex 1.14818 1.19637 0.0911616
   vertex 1.14855 1.19633 0.0912033
   vertex 1.14818 1.19636 0.0911554
  endloop
 endfacet
 facet normal 0.127166 0.899354 -0.418319
  outer loop
   vertex 1.14818 1.19636 0.0911554
   vertex 1.14855 1.19633 0.0912033
   vertex 1.14862 1.19632 0.0912033
  endloop
 endfacet
 facet normal 0.0706235 0.992071 0.103963
  outer loop
   vertex 1.14817 1.19637 0.0911684
   vertex 1.1484 1.19635 0.0912033
   vertex 1.14818 1.19637 0.0911616
  endloop
 endfacet
 facet normal 0.129135 0.967744 -0.216325
  outer loop
   vertex 1.14818 1.19637 0.0911616
   vertex 1.1484 1.19635 0.0912033
   vertex 1.14855 1.19633 0.0912033
  endloop
 endfacet
 facet normal 0.132332 0.990917 -0.023918
  outer loop
   vertex 1.14825 1.19637 0.0912033
   vertex 1.1484 1.19635 0.0912033
   vertex 1.14817 1.19638 0.0911756
  endloop
 endfacet
 facet normal 0.0858122 0.990203 0.110154
  outer loop
   vertex 1.14817 1.19638 0.0911756
   vertex 1.14816 1.19638 0.0911834
   vertex 1.14825 1.19637 0.0912033
  endloop
 endfacet
 facet normal 0.110576 0.993868 0
  outer loop
   vertex 1.14825 1.19637 0.0912033
   vertex 1.14816 1.19638 0.0911834
   vertex 1.14816 1.19638 0.0911917
  endloop
 endfacet
 facet normal 0.162592 0.811994 -0.560562
  outer loop
   vertex 1.14825 1.19637 0.0912033
   vertex 1.14816 1.19638 0.0911917
   vertex 1.14815 1.19639 0.0912033
  endloop
 endfacet
 facet normal 0.142094 0.859211 -0.491494
  outer loop
   vertex 1.14798 1.19641 0.0912034
   vertex 1.1481 1.19639 0.0912033
   vertex 1.14799 1.1964 0.091189
  endloop
 endfacet
 facet normal 0.117509 0.966754 -0.227109
  outer loop
   vertex 1.14799 1.1964 0.091189
   vertex 1.1481 1.19639 0.0912033
   vertex 1.14816 1.19638 0.0911917
  endloop
 endfacet
 facet normal 0 0.756987 -0.65343
  outer loop
   vertex 1.14816 1.19638 0.0911917
   vertex 1.1481 1.19639 0.0912033
   vertex 1.14815 1.19639 0.0912033
  endloop
 endfacet
 facet normal 0.13687 0.886701 -0.441619
  outer loop
   vertex 1.14781 1.19643 0.0912033
   vertex 1.14794 1.19641 0.0912034
   vertex 1.14782 1.19642 0.0911863
  endloop
 endfacet
 facet normal 0.116453 0.959771 -0.255496
  outer loop
   vertex 1.14782 1.19642 0.0911863
   vertex 1.14794 1.19641 0.0912034
   vertex 1.14799 1.1964 0.091189
  endloop
 endfacet
 facet normal 0 0.824228 -0.566257
  outer loop
   vertex 1.14799 1.1964 0.091189
   vertex 1.14794 1.19641 0.0912034
   vertex 1.14795 1.19641 0.0912034
  endloop
 endfacet
 facet normal 0 0.824228 -0.566257
  outer loop
   vertex 1.14799 1.1964 0.091189
   vertex 1.14795 1.19641 0.0912034
   vertex 1.14798 1.19641 0.0912034
  endloop
 endfacet
 facet normal 0.164055 0.89018 -0.425049
  outer loop
   vertex 1.14766 1.19644 0.0911665
   vertex 1.14765 1.19645 0.0911836
   vertex 1.14782 1.19642 0.0911863
  endloop
 endfacet
 facet normal 0.172159 0.951212 -0.256041
  outer loop
   vertex 1.14782 1.19642 0.0911863
   vertex 1.14765 1.19645 0.0911836
   vertex 1.14779 1.19643 0.0912033
  endloop
 endfacet
 facet normal 0 0.861662 -0.507482
  outer loop
   vertex 1.14782 1.19642 0.0911863
   vertex 1.14779 1.19643 0.0912033
   vertex 1.14781 1.19643 0.0912033
  endloop
 endfacet
 facet normal 0.132072 0.988964 0.0671347
  outer loop
   vertex 1.14765 1.19645 0.0911836
   vertex 1.14764 1.19645 0.0912033
   vertex 1.14779 1.19643 0.0912033
  endloop
 endfacet
 facet normal 0.151731 0.908582 0.389174
  outer loop
   vertex 1.14734 1.19649 0.0912033
   vertex 1.14746 1.19647 0.0912033
   vertex 1.14747 1.19647 0.0911994
  endloop
 endfacet
 facet normal 0 1 -0
  outer loop
   vertex 1.14747 1.19647 0.0911994
   vertex 1.14746 1.19647 0.0912033
   vertex 1.14747 1.19647 0.0912033
  endloop
 endfacet
 facet normal 0.0949696 0.72697 -0.680071
  outer loop
   vertex 1.14689 1.19655 0.0912033
   vertex 1.14712 1.19652 0.0912033
   vertex 1.14713 1.19651 0.091194
  endloop
 endfacet
 facet normal 0 0.680744 -0.732522
  outer loop
   vertex 1.14713 1.19651 0.091194
   vertex 1.14712 1.19652 0.0912033
   vertex 1.14713 1.19652 0.0912033
  endloop
 endfacet
 facet normal 0.112955 0.676387 -0.727834
  outer loop
   vertex 1.14713 1.19651 0.091194
   vertex 1.14713 1.19652 0.0912033
   vertex 1.14719 1.19651 0.0912033
  endloop
 endfacet
 facet normal 0.104569 0.992161 0.068423
  outer loop
   vertex 1.14678 1.19656 0.0912033
   vertex 1.14679 1.19656 0.091188
   vertex 1.14659 1.19658 0.0912033
  endloop
 endfacet
 facet normal 0.128889 0.983495 0.126988
  outer loop
   vertex 1.14646 1.1966 0.091181
   vertex 1.14659 1.19658 0.0912033
   vertex 1.14648 1.1966 0.0911608
  endloop
 endfacet
 facet normal 0.118138 0.981035 0.153666
  outer loop
   vertex 1.14648 1.1966 0.0911608
   vertex 1.14659 1.19658 0.0912033
   vertex 1.14664 1.19658 0.0911649
  endloop
 endfacet
 facet normal 0.130598 0.984407 0.117841
  outer loop
   vertex 1.14646 1.1966 0.091181
   vertex 1.14644 1.1966 0.0912032
   vertex 1.14659 1.19658 0.0912033
  endloop
 endfacet
 facet normal 0.114374 0.907617 -0.403919
  outer loop
   vertex 1.14648 1.1966 0.0911608
   vertex 1.14632 1.19661 0.091138
   vertex 1.14632 1.19662 0.0911605
  endloop
 endfacet
 facet normal 0.123078 0.984961 0.121262
  outer loop
   vertex 1.14648 1.1966 0.0911608
   vertex 1.14632 1.19662 0.0911605
   vertex 1.14646 1.1966 0.091181
  endloop
 endfacet
 facet normal 0.141539 0.989933 0
  outer loop
   vertex 1.14646 1.1966 0.091181
   vertex 1.14632 1.19662 0.0911605
   vertex 1.14632 1.19662 0.0911847
  endloop
 endfacet
 facet normal 0.143696 0.981091 0.129659
  outer loop
   vertex 1.14646 1.1966 0.091181
   vertex 1.14632 1.19662 0.0911847
   vertex 1.14644 1.1966 0.0912032
  endloop
 endfacet
 facet normal 0.164558 0.986367 0
  outer loop
   vertex 1.14644 1.1966 0.0912032
   vertex 1.14632 1.19662 0.0911847
   vertex 1.14632 1.19662 0.0912033
  endloop
 endfacet
 facet normal -0 1 0
  outer loop
   vertex 1.14632 1.19661 0.0911337
   vertex 1.14632 1.19661 0.091138
   vertex 1.14633 1.19661 0.0911222
  endloop
 endfacet
 facet normal 0.0572745 0.997698 0.0363099
  outer loop
   vertex 1.14633 1.19661 0.0911222
   vertex 1.14632 1.19661 0.091138
   vertex 1.14648 1.1966 0.0911608
  endloop
 endfacet
 facet normal 0.16141 0.905595 -0.392229
  outer loop
   vertex 1.14633 1.19661 0.0911222
   vertex 1.14648 1.1966 0.0911608
   vertex 1.14649 1.19659 0.0911418
  endloop
 endfacet
 facet normal 0.122948 0.903198 -0.411238
  outer loop
   vertex 1.14649 1.19659 0.0911418
   vertex 1.14648 1.1966 0.0911608
   vertex 1.14664 1.19658 0.0911649
  endloop
 endfacet
 facet normal 0.152264 0.732409 -0.663621
  outer loop
   vertex 1.1463 1.19655 0.0910043
   vertex 1.14631 1.19657 0.0910287
   vertex 1.14639 1.19656 0.091036
  endloop
 endfacet
 facet normal 0.124217 0.992255 0
  outer loop
   vertex 1.14639 1.19656 0.091036
   vertex 1.14631 1.19657 0.0910287
   vertex 1.14631 1.19657 0.0910366
  endloop
 endfacet
 facet normal 0.0986062 0.821521 -0.561586
  outer loop
   vertex 1.14639 1.19656 0.091036
   vertex 1.14631 1.19657 0.0910366
   vertex 1.14637 1.19658 0.0910618
  endloop
 endfacet
 facet normal 0.045191 0.886702 -0.460127
  outer loop
   vertex 1.14637 1.19658 0.0910618
   vertex 1.14631 1.19657 0.0910366
   vertex 1.14631 1.19658 0.0910559
  endloop
 endfacet
 facet normal 0.0542859 0.831591 -0.552729
  outer loop
   vertex 1.14637 1.19658 0.0910618
   vertex 1.14631 1.19658 0.0910559
   vertex 1.14636 1.19659 0.0910757
  endloop
 endfacet
 facet normal -0.0306199 0.922945 -0.383712
  outer loop
   vertex 1.14636 1.19659 0.0910757
   vertex 1.14631 1.19658 0.0910559
   vertex 1.14632 1.19659 0.0910789
  endloop
 endfacet
 facet normal 0 1 -0
  outer loop
   vertex 1.14636 1.19659 0.0910757
   vertex 1.14632 1.19659 0.0910789
   vertex 1.14636 1.19659 0.0910903
  endloop
 endfacet
 facet normal 0.246755 0.432869 -0.867028
  outer loop
   vertex 1.14636 1.19659 0.0910903
   vertex 1.14632 1.19659 0.0910789
   vertex 1.14632 1.1966 0.0910839
  endloop
 endfacet
 facet normal 0.272148 0.929506 -0.248905
  outer loop
   vertex 1.14636 1.19659 0.0910903
   vertex 1.14632 1.1966 0.0910839
   vertex 1.14634 1.1966 0.0911058
  endloop
 endfacet
 facet normal 0.108183 0.744104 -0.659246
  outer loop
   vertex 1.14657 1.19651 0.0910041
   vertex 1.1463 1.19653 0.0909824
   vertex 1.1463 1.19654 0.0909937
  endloop
 endfacet
 facet normal 0.106244 0.716072 -0.689893
  outer loop
   vertex 1.14657 1.19651 0.0910041
   vertex 1.1463 1.19654 0.0909937
   vertex 1.14657 1.19652 0.0910145
  endloop
 endfacet
 facet normal 0.106202 0.722648 -0.683009
  outer loop
   vertex 1.14657 1.19652 0.0910145
   vertex 1.1463 1.19654 0.0909937
   vertex 1.1463 1.19655 0.0910043
  endloop
 endfacet
 facet normal 0.110241 0.782998 -0.612177
  outer loop
   vertex 1.14657 1.19652 0.0910145
   vertex 1.1463 1.19655 0.0910043
   vertex 1.14656 1.19653 0.0910255
  endloop
 endfacet
 facet normal 0.11588 0.620064 -0.775946
  outer loop
   vertex 1.1469 1.19644 0.0910011
   vertex 1.14629 1.1965 0.0909579
   vertex 1.1469 1.19645 0.0910091
  endloop
 endfacet
 facet normal 0.110084 0.422403 -0.899698
  outer loop
   vertex 1.1469 1.19645 0.0910091
   vertex 1.14629 1.1965 0.0909579
   vertex 1.14629 1.19651 0.0909626
  endloop
 endfacet
 facet normal 0.121086 0.650812 -0.749521
  outer loop
   vertex 1.1469 1.19645 0.0910091
   vertex 1.14629 1.19651 0.0909626
   vertex 1.1469 1.19646 0.0910178
  endloop
 endfacet
 facet normal 0.108929 0.411178 -0.905023
  outer loop
   vertex 1.14628 1.19646 0.0909266
   vertex 1.14657 1.19642 0.0909433
   vertex 1.14627 1.19644 0.0909163
  endloop
 endfacet
 facet normal 0.105286 0.297426 -0.948922
  outer loop
   vertex 1.14627 1.19644 0.0909163
   vertex 1.14657 1.19642 0.0909433
   vertex 1.1464 1.1964 0.0909182
  endloop
 endfacet
 facet normal 0.1402 0.413369 -0.899705
  outer loop
   vertex 1.14627 1.19644 0.0909163
   vertex 1.1464 1.1964 0.0909182
   vertex 1.14627 1.19642 0.0909071
  endloop
 endfacet
 facet normal 0.0768364 0.997044 -0
  outer loop
   vertex 1.14626 1.19639 0.0908959
   vertex 1.14626 1.19639 0.0908969
   vertex 1.14639 1.19638 0.0909098
  endloop
 endfacet
 facet normal 0.117129 0.299771 -0.946794
  outer loop
   vertex 1.14639 1.19638 0.0909098
   vertex 1.14626 1.19639 0.0908969
   vertex 1.14626 1.19641 0.0909032
  endloop
 endfacet
 facet normal 0.123637 0.330484 -0.935678
  outer loop
   vertex 1.14639 1.19638 0.0909098
   vertex 1.14626 1.19641 0.0909032
   vertex 1.1464 1.1964 0.0909182
  endloop
 endfacet
 facet normal 0.11103 0.0675035 -0.991522
  outer loop
   vertex 1.1464 1.1964 0.0909182
   vertex 1.14626 1.19641 0.0909032
   vertex 1.14627 1.19642 0.090905
  endloop
 endfacet
 facet normal 0.151444 0.988466 0
  outer loop
   vertex 1.1464 1.1964 0.0909182
   vertex 1.14627 1.19642 0.090905
   vertex 1.14627 1.19642 0.0909071
  endloop
 endfacet
 facet normal 0.120369 0.0826257 -0.989285
  outer loop
   vertex 1.14637 1.19632 0.0908999
   vertex 1.14624 1.19633 0.0908849
   vertex 1.14638 1.19635 0.0909036
  endloop
 endfacet
 facet normal 0.11999 0.085115 -0.98912
  outer loop
   vertex 1.14638 1.19635 0.0909036
   vertex 1.14624 1.19633 0.0908849
   vertex 1.14625 1.19636 0.0908887
  endloop
 endfacet
 facet normal 0.126355 0.191093 -0.973405
  outer loop
   vertex 1.14638 1.19635 0.0909036
   vertex 1.14625 1.19636 0.0908887
   vertex 1.14626 1.19639 0.0908959
  endloop
 endfacet
 facet normal 0.121707 -0.0440832 -0.991587
  outer loop
   vertex 1.14652 1.1963 0.0909192
   vertex 1.14623 1.1963 0.0908836
   vertex 1.14637 1.19632 0.0908999
  endloop
 endfacet
 facet normal 0.11492 0.00482708 -0.993363
  outer loop
   vertex 1.14637 1.19632 0.0908999
   vertex 1.14623 1.1963 0.0908836
   vertex 1.14624 1.19633 0.0908849
  endloop
 endfacet
 facet normal 0 1 0
  outer loop
   vertex 1.14689 1.1963 0.0909647
   vertex 1.14685 1.1963 0.0909601
   vertex 1.14685 1.1963 0.0909602
  endloop
 endfacet
 facet normal 0 1 0
  outer loop
   vertex 1.14685 1.1963 0.0909602
   vertex 1.14685 1.1963 0.0909601
   vertex 1.14669 1.1963 0.0909397
  endloop
 endfacet
 facet normal 0.127069 -0.0140924 -0.991794
  outer loop
   vertex 1.14685 1.1963 0.0909602
   vertex 1.14669 1.1963 0.0909397
   vertex 1.1467 1.19632 0.0909407
  endloop
 endfacet
 facet normal 0.116545 -0.00876282 -0.993147
  outer loop
   vertex 1.1467 1.19632 0.0909407
   vertex 1.14669 1.1963 0.0909397
   vertex 1.14654 1.1963 0.0909221
  endloop
 endfacet
 facet normal 0.116713 -0.0101389 -0.993114
  outer loop
   vertex 1.1467 1.19632 0.0909407
   vertex 1.14654 1.1963 0.0909221
   vertex 1.14654 1.19633 0.0909218
  endloop
 endfacet
 facet normal 0.138525 -0.0101102 -0.990307
  outer loop
   vertex 1.14654 1.19633 0.0909218
   vertex 1.14654 1.1963 0.0909221
   vertex 1.14652 1.1963 0.0909193
  endloop
 endfacet
 facet normal 0.116797 -0.00951196 -0.99311
  outer loop
   vertex 1.14735 1.1963 0.0910214
   vertex 1.14723 1.1963 0.0910073
   vertex 1.14719 1.19632 0.0910024
  endloop
 endfacet
 facet normal 0.119018 -0.0442587 -0.991905
  outer loop
   vertex 1.1474 1.1963 0.0910286
   vertex 1.14736 1.19632 0.0910229
   vertex 1.14751 1.1963 0.0910418
  endloop
 endfacet
 facet normal 0.121892 0.0537505 -0.991087
  outer loop
   vertex 1.14758 1.1963 0.0910499
   vertex 1.14752 1.19632 0.0910436
   vertex 1.14768 1.1963 0.0910622
  endloop
 endfacet
 facet normal 0.127567 0.0405488 -0.991001
  outer loop
   vertex 1.14768 1.19631 0.0910625
   vertex 1.14769 1.19632 0.0910642
   vertex 1.14775 1.1963 0.0910711
  endloop
 endfacet
 facet normal 0.116161 0.00563542 -0.993214
  outer loop
   vertex 1.14775 1.1963 0.0910711
   vertex 1.14769 1.19632 0.0910642
   vertex 1.14777 1.19631 0.0910735
  endloop
 endfacet
 facet normal 0.129091 -0.0206545 -0.991418
  outer loop
   vertex 1.14775 1.1963 0.0910711
   vertex 1.14777 1.19631 0.0910735
   vertex 1.14776 1.1963 0.0910724
  endloop
 endfacet
 facet normal 0.121166 -0.0821558 -0.989227
  outer loop
   vertex 1.14784 1.1963 0.0910826
   vertex 1.14785 1.19631 0.091083
   vertex 1.14792 1.1963 0.0910924
  endloop
 endfacet
 facet normal 0.141657 0.989916 0
  outer loop
   vertex 1.14792 1.1963 0.0910924
   vertex 1.14785 1.19631 0.091083
   vertex 1.14785 1.19631 0.0910838
  endloop
 endfacet
 facet normal 0.137695 0.117808 -0.983444
  outer loop
   vertex 1.14792 1.1963 0.0910924
   vertex 1.14785 1.19631 0.0910838
   vertex 1.14785 1.19632 0.091085
  endloop
 endfacet
 facet normal 0.101754 0.364567 -0.925601
  outer loop
   vertex 1.14882 1.1963 0.0912033
   vertex 1.14878 1.1963 0.0911989
   vertex 1.1485 1.19632 0.091176
  endloop
 endfacet
 facet normal 0.104933 0.458032 -0.882721
  outer loop
   vertex 1.1485 1.19632 0.091176
   vertex 1.14878 1.1963 0.0911989
   vertex 1.14869 1.1963 0.0911882
  endloop
 endfacet
 facet normal 0.099473 0.385033 -0.917526
  outer loop
   vertex 1.1485 1.19632 0.091176
   vertex 1.14869 1.1963 0.0911882
   vertex 1.1485 1.19631 0.0911718
  endloop
 endfacet
 facet normal 0.0991336 0.656338 -0.747926
  outer loop
   vertex 1.1485 1.19631 0.0911718
   vertex 1.14869 1.1963 0.0911882
   vertex 1.14861 1.1963 0.0911776
  endloop
 endfacet
 facet normal 0.090633 0.995884 0
  outer loop
   vertex 1.1485 1.19631 0.0911718
   vertex 1.14861 1.1963 0.0911776
   vertex 1.1485 1.19631 0.0911682
  endloop
 endfacet
 facet normal 0.110874 0.343193 -0.932698
  outer loop
   vertex 1.1485 1.19631 0.0911682
   vertex 1.14861 1.1963 0.0911776
   vertex 1.14852 1.1963 0.0911669
  endloop
 endfacet
 facet normal 0.120092 0.36062 -0.924949
  outer loop
   vertex 1.1485 1.19631 0.0911682
   vertex 1.14852 1.1963 0.0911669
   vertex 1.1485 1.1963 0.0911643
  endloop
 endfacet
 facet normal 0.120448 0.193601 -0.973659
  outer loop
   vertex 1.14655 1.19636 0.0909267
   vertex 1.14656 1.19639 0.0909339
   vertex 1.14671 1.19635 0.0909445
  endloop
 endfacet
 facet normal 0.113118 0.16449 -0.979871
  outer loop
   vertex 1.14671 1.19635 0.0909445
   vertex 1.14656 1.19639 0.0909339
   vertex 1.14672 1.19638 0.0909507
  endloop
 endfacet
 facet normal 0.132887 0.157621 -0.978518
  outer loop
   vertex 1.14671 1.19635 0.0909445
   vertex 1.14672 1.19638 0.0909507
   vertex 1.14687 1.19633 0.090963
  endloop
 endfacet
 facet normal 0.125641 0.134851 -0.982868
  outer loop
   vertex 1.14687 1.19633 0.090963
   vertex 1.14672 1.19638 0.0909507
   vertex 1.14688 1.19636 0.0909684
  endloop
 endfacet
 facet normal 0.123883 0.135462 -0.983007
  outer loop
   vertex 1.14687 1.19633 0.090963
   vertex 1.14688 1.19636 0.0909684
   vertex 1.14703 1.19632 0.0909818
  endloop
 endfacet
 facet normal 0.123783 0.1195 -0.985088
  outer loop
   vertex 1.14654 1.19633 0.0909218
   vertex 1.14655 1.19636 0.0909267
   vertex 1.1467 1.19632 0.0909407
  endloop
 endfacet
 facet normal 0.115537 0.0869913 -0.989487
  outer loop
   vertex 1.1467 1.19632 0.0909407
   vertex 1.14655 1.19636 0.0909267
   vertex 1.14671 1.19635 0.0909445
  endloop
 endfacet
 facet normal 0.138883 0.0788829 -0.987162
  outer loop
   vertex 1.1467 1.19632 0.0909407
   vertex 1.14671 1.19635 0.0909445
   vertex 1.14685 1.1963 0.0909602
  endloop
 endfacet
 facet normal 0.116697 0.0148673 -0.993056
  outer loop
   vertex 1.14685 1.1963 0.0909602
   vertex 1.14671 1.19635 0.0909445
   vertex 1.14687 1.19633 0.090963
  endloop
 endfacet
 facet normal 0.11163 0.018308 -0.993581
  outer loop
   vertex 1.14685 1.1963 0.0909602
   vertex 1.14687 1.19633 0.090963
   vertex 1.14689 1.1963 0.0909647
  endloop
 endfacet
 facet normal 0.118051 0.0226529 -0.992749
  outer loop
   vertex 1.14689 1.1963 0.0909647
   vertex 1.14687 1.19633 0.090963
   vertex 1.14703 1.19632 0.0909818
  endloop
 endfacet
 facet normal 0.120727 0.00389493 -0.992678
  outer loop
   vertex 1.14689 1.1963 0.0909647
   vertex 1.14703 1.19632 0.0909818
   vertex 1.14702 1.1963 0.0909805
  endloop
 endfacet
 facet normal 0.127718 0.000343132 -0.99181
  outer loop
   vertex 1.14702 1.1963 0.0909805
   vertex 1.14703 1.19632 0.0909818
   vertex 1.14718 1.1963 0.0910011
  endloop
 endfacet
 facet normal 0 1 0
  outer loop
   vertex 1.14702 1.1963 0.0909805
   vertex 1.14718 1.1963 0.0910011
   vertex 1.14718 1.1963 0.0910009
  endloop
 endfacet
 facet normal 0.114042 0.457928 -0.881644
  outer loop
   vertex 1.14628 1.19646 0.0909266
   vertex 1.14658 1.19644 0.090955
   vertex 1.14657 1.19642 0.0909433
  endloop
 endfacet
 facet normal 0.133619 0.449165 -0.883401
  outer loop
   vertex 1.14657 1.19642 0.0909433
   vertex 1.14658 1.19644 0.090955
   vertex 1.14689 1.19639 0.0909765
  endloop
 endfacet
 facet normal 0.131403 0.398477 -0.907717
  outer loop
   vertex 1.14657 1.19642 0.0909433
   vertex 1.14689 1.19639 0.0909765
   vertex 1.14689 1.19638 0.0909721
  endloop
 endfacet
 facet normal 0.108724 0.670801 -0.733624
  outer loop
   vertex 1.1463 1.19653 0.0909824
   vertex 1.14657 1.19651 0.0910041
   vertex 1.14629 1.19651 0.0909626
  endloop
 endfacet
 facet normal 0.114395 0.625379 -0.77189
  outer loop
   vertex 1.14629 1.19651 0.0909626
   vertex 1.14657 1.19651 0.0910041
   vertex 1.14689 1.19648 0.0910273
  endloop
 endfacet
 facet normal 0.117715 0.47302 -0.873152
  outer loop
   vertex 1.14629 1.19651 0.0909626
   vertex 1.14689 1.19648 0.0910273
   vertex 1.1469 1.19646 0.0910178
  endloop
 endfacet
 facet normal 0.123406 0.474986 -0.871298
  outer loop
   vertex 1.1469 1.19646 0.0910178
   vertex 1.14689 1.19648 0.0910273
   vertex 1.14722 1.19644 0.0910522
  endloop
 endfacet
 facet normal 0.121316 0.650794 -0.7495
  outer loop
   vertex 1.1469 1.19646 0.0910178
   vertex 1.14722 1.19644 0.0910522
   vertex 1.1469 1.19645 0.0910091
  endloop
 endfacet
 facet normal 0.120214 0.663628 -0.738341
  outer loop
   vertex 1.1469 1.19645 0.0910091
   vertex 1.14722 1.19644 0.0910522
   vertex 1.14722 1.19643 0.0910432
  endloop
 endfacet
 facet normal 0.121414 0.619651 -0.77543
  outer loop
   vertex 1.1469 1.19645 0.0910091
   vertex 1.14722 1.19643 0.0910432
   vertex 1.1469 1.19644 0.0910011
  endloop
 endfacet
 facet normal 0.120746 0.628729 -0.768193
  outer loop
   vertex 1.14722 1.19643 0.0910432
   vertex 1.14722 1.19642 0.091035
   vertex 1.1469 1.19644 0.0910011
  endloop
 endfacet
 facet normal 0.120047 0.337532 -0.933628
  outer loop
   vertex 1.1469 1.19644 0.0910011
   vertex 1.14722 1.19642 0.091035
   vertex 1.14722 1.1964 0.0910278
  endloop
 endfacet
 facet normal 0.138022 0.559247 -0.817431
  outer loop
   vertex 1.1469 1.19644 0.0910011
   vertex 1.14722 1.1964 0.0910278
   vertex 1.1469 1.19642 0.0909874
  endloop
 endfacet
 facet normal 0.138563 0.533343 -0.834473
  outer loop
   vertex 1.1469 1.19642 0.0909874
   vertex 1.14722 1.1964 0.0910278
   vertex 1.14722 1.19639 0.0910214
  endloop
 endfacet
 facet normal 0.132459 0.372579 -0.918499
  outer loop
   vertex 1.1469 1.19642 0.0909874
   vertex 1.14722 1.19639 0.0910214
   vertex 1.14721 1.19638 0.0910159
  endloop
 endfacet
 facet normal 0.135768 0.39824 -0.907178
  outer loop
   vertex 1.14689 1.19639 0.0909765
   vertex 1.14721 1.19636 0.0910112
   vertex 1.14689 1.19638 0.0909721
  endloop
 endfacet
 facet normal 0.135189 0.351523 -0.926367
  outer loop
   vertex 1.14689 1.19638 0.0909721
   vertex 1.14721 1.19636 0.0910112
   vertex 1.14721 1.19635 0.0910074
  endloop
 endfacet
 facet normal 0.121885 0.144508 -0.981968
  outer loop
   vertex 1.14689 1.19638 0.0909721
   vertex 1.14721 1.19635 0.0910074
   vertex 1.14704 1.19635 0.0909863
  endloop
 endfacet
 facet normal 0.121553 0.161888 -0.979294
  outer loop
   vertex 1.14704 1.19635 0.0909863
   vertex 1.14721 1.19635 0.0910074
   vertex 1.1472 1.19634 0.0910045
  endloop
 endfacet
 facet normal 0.115796 0.0464697 -0.992185
  outer loop
   vertex 1.14704 1.19635 0.0909863
   vertex 1.1472 1.19634 0.0910045
   vertex 1.14719 1.19632 0.0910024
  endloop
 endfacet
 facet normal 0.13237 0.9912 -0
  outer loop
   vertex 1.14652 1.1963 0.0909192
   vertex 1.14637 1.19632 0.0908999
   vertex 1.14652 1.1963 0.0909193
  endloop
 endfacet
 facet normal 0.137978 0.0765783 -0.98747
  outer loop
   vertex 1.14652 1.1963 0.0909193
   vertex 1.14637 1.19632 0.0908999
   vertex 1.14638 1.19635 0.0909036
  endloop
 endfacet
 facet normal 0.113748 0.00673914 -0.993487
  outer loop
   vertex 1.14652 1.1963 0.0909193
   vertex 1.14638 1.19635 0.0909036
   vertex 1.14654 1.19633 0.0909218
  endloop
 endfacet
 facet normal 0.131019 0.158274 -0.978664
  outer loop
   vertex 1.14654 1.19633 0.0909218
   vertex 1.14638 1.19635 0.0909036
   vertex 1.14639 1.19638 0.0909098
  endloop
 endfacet
 facet normal 0.119162 0.121101 -0.985462
  outer loop
   vertex 1.14654 1.19633 0.0909218
   vertex 1.14639 1.19638 0.0909098
   vertex 1.14655 1.19636 0.0909267
  endloop
 endfacet
 facet normal 0.139199 0.322897 -0.936142
  outer loop
   vertex 1.14655 1.19636 0.0909267
   vertex 1.14639 1.19638 0.0909098
   vertex 1.1464 1.1964 0.0909182
  endloop
 endfacet
 facet normal 0.107987 0.197851 -0.974266
  outer loop
   vertex 1.14655 1.19636 0.0909267
   vertex 1.1464 1.1964 0.0909182
   vertex 1.14656 1.19639 0.0909339
  endloop
 endfacet
 facet normal 0.110551 0.264092 -0.958141
  outer loop
   vertex 1.14656 1.19639 0.0909339
   vertex 1.1464 1.1964 0.0909182
   vertex 1.14657 1.19642 0.0909433
  endloop
 endfacet
 facet normal 0.116915 0.261913 -0.957984
  outer loop
   vertex 1.14656 1.19639 0.0909339
   vertex 1.14657 1.19642 0.0909433
   vertex 1.14672 1.19638 0.0909507
  endloop
 endfacet
 facet normal 0.120127 0.274724 -0.95399
  outer loop
   vertex 1.14672 1.19638 0.0909507
   vertex 1.14657 1.19642 0.0909433
   vertex 1.14689 1.19638 0.0909721
  endloop
 endfacet
 facet normal 0.124029 0.120105 -0.984983
  outer loop
   vertex 1.14672 1.19638 0.0909507
   vertex 1.14689 1.19638 0.0909721
   vertex 1.14688 1.19636 0.0909684
  endloop
 endfacet
 facet normal 0.11794 0.123217 -0.985347
  outer loop
   vertex 1.14688 1.19636 0.0909684
   vertex 1.14689 1.19638 0.0909721
   vertex 1.14704 1.19635 0.0909863
  endloop
 endfacet
 facet normal 0.117257 0.109214 -0.987078
  outer loop
   vertex 1.14688 1.19636 0.0909684
   vertex 1.14704 1.19635 0.0909863
   vertex 1.14703 1.19632 0.0909818
  endloop
 endfacet
 facet normal 0.127001 0.105827 -0.986241
  outer loop
   vertex 1.14703 1.19632 0.0909818
   vertex 1.14704 1.19635 0.0909863
   vertex 1.14719 1.19632 0.0910024
  endloop
 endfacet
 facet normal 0.127718 0.000343132 -0.99181
  outer loop
   vertex 1.14703 1.19632 0.0909818
   vertex 1.14719 1.19632 0.0910024
   vertex 1.14718 1.1963 0.0910011
  endloop
 endfacet
 facet normal 0.122871 0.00280595 -0.992419
  outer loop
   vertex 1.14718 1.1963 0.0910011
   vertex 1.14719 1.19632 0.0910024
   vertex 1.14723 1.1963 0.0910073
  endloop
 endfacet
 facet normal -0 1 0
  outer loop
   vertex 1.14718 1.1963 0.0910011
   vertex 1.14723 1.1963 0.0910073
   vertex 1.14718 1.1963 0.0910009
  endloop
 endfacet
 facet normal 0.142261 0.0191449 -0.989644
  outer loop
   vertex 1.1474 1.1963 0.0910286
   vertex 1.14735 1.1963 0.0910214
   vertex 1.14735 1.19631 0.0910216
  endloop
 endfacet
 facet normal 0.120324 0.0192011 -0.992549
  outer loop
   vertex 1.14735 1.19631 0.0910216
   vertex 1.14735 1.1963 0.0910214
   vertex 1.14719 1.19632 0.0910024
  endloop
 endfacet
 facet normal 0.119744 0.00952177 -0.992759
  outer loop
   vertex 1.14735 1.19631 0.0910216
   vertex 1.14719 1.19632 0.0910024
   vertex 1.14736 1.19632 0.0910229
  endloop
 endfacet
 facet normal 0.119631 0.0445022 -0.991821
  outer loop
   vertex 1.14736 1.19632 0.0910229
   vertex 1.14719 1.19632 0.0910024
   vertex 1.1472 1.19634 0.0910045
  endloop
 endfacet
 facet normal 0.128033 0.118659 -0.984646
  outer loop
   vertex 1.14736 1.19632 0.0910229
   vertex 1.1472 1.19634 0.0910045
   vertex 1.14736 1.19634 0.0910253
  endloop
 endfacet
 facet normal 0.127363 0.156135 -0.97949
  outer loop
   vertex 1.14736 1.19634 0.0910253
   vertex 1.1472 1.19634 0.0910045
   vertex 1.14721 1.19635 0.0910074
  endloop
 endfacet
 facet normal 0.128958 0.191735 -0.972938
  outer loop
   vertex 1.14736 1.19634 0.0910253
   vertex 1.14721 1.19635 0.0910074
   vertex 1.14737 1.19635 0.0910286
  endloop
 endfacet
 facet normal 0.122982 0.352087 -0.927853
  outer loop
   vertex 1.14737 1.19635 0.0910286
   vertex 1.14721 1.19635 0.0910074
   vertex 1.14721 1.19636 0.0910112
  endloop
 endfacet
 facet normal 0.119359 0.226901 -0.966576
  outer loop
   vertex 1.14737 1.19635 0.0910286
   vertex 1.14721 1.19636 0.0910112
   vertex 1.14721 1.19638 0.0910159
  endloop
 endfacet
 facet normal 0.126018 0.226713 -0.965775
  outer loop
   vertex 1.14721 1.19638 0.0910159
   vertex 1.14721 1.19636 0.0910112
   vertex 1.14689 1.19639 0.0909765
  endloop
 endfacet
 facet normal 0.125811 0.302127 -0.944929
  outer loop
   vertex 1.14721 1.19638 0.0910159
   vertex 1.14689 1.19639 0.0909765
   vertex 1.1469 1.19642 0.0909874
  endloop
 endfacet
 facet normal 0.114817 0.305877 -0.945123
  outer loop
   vertex 1.1469 1.19642 0.0909874
   vertex 1.14689 1.19639 0.0909765
   vertex 1.14658 1.19644 0.090955
  endloop
 endfacet
 facet normal 0.11805 0.560703 -0.819559
  outer loop
   vertex 1.1469 1.19642 0.0909874
   vertex 1.14658 1.19644 0.090955
   vertex 1.1469 1.19644 0.0910011
  endloop
 endfacet
 facet normal 0.120507 0.534368 -0.836618
  outer loop
   vertex 1.1469 1.19644 0.0910011
   vertex 1.14658 1.19644 0.090955
   vertex 1.14629 1.19649 0.0909452
  endloop
 endfacet
 facet normal 0.120167 0.783212 -0.610032
  outer loop
   vertex 1.1469 1.19644 0.0910011
   vertex 1.14629 1.19649 0.0909452
   vertex 1.14629 1.1965 0.0909579
  endloop
 endfacet
 facet normal 0.124126 0.992267 0
  outer loop
   vertex 1.1477 1.19638 0.0910837
   vertex 1.14786 1.19636 0.0910998
   vertex 1.14786 1.19636 0.0910964
  endloop
 endfacet
 facet normal 0.114175 0.315106 -0.942164
  outer loop
   vertex 1.1477 1.19638 0.0910837
   vertex 1.14786 1.19636 0.0910964
   vertex 1.1477 1.19636 0.091077
  endloop
 endfacet
 facet normal 0.130041 0.19459 -0.972226
  outer loop
   vertex 1.14794 1.19633 0.0910972
   vertex 1.14786 1.19634 0.0910885
   vertex 1.14794 1.19634 0.0910992
  endloop
 endfacet
 facet normal 0.119308 0.436037 -0.891985
  outer loop
   vertex 1.14794 1.19634 0.0910992
   vertex 1.14786 1.19634 0.0910885
   vertex 1.14786 1.19635 0.0910934
  endloop
 endfacet
 facet normal 0.124217 0.992255 -0
  outer loop
   vertex 1.14794 1.19634 0.0910992
   vertex 1.14786 1.19635 0.0910934
   vertex 1.14794 1.19634 0.0911017
  endloop
 endfacet
 facet normal 0 1 0
  outer loop
   vertex 1.14801 1.19632 0.0911046
   vertex 1.14802 1.19632 0.091106
   vertex 1.1481 1.19632 0.0911149
  endloop
 endfacet
 facet normal 0.108854 0.178211 -0.977953
  outer loop
   vertex 1.1481 1.19632 0.0911149
   vertex 1.14802 1.19632 0.091106
   vertex 1.14802 1.19633 0.0911078
  endloop
 endfacet
 facet normal 0.12276 0.992436 -0
  outer loop
   vertex 1.1481 1.19632 0.0911149
   vertex 1.14802 1.19633 0.0911078
   vertex 1.1481 1.19632 0.0911165
  endloop
 endfacet
 facet normal 0.132562 0.222088 -0.965973
  outer loop
   vertex 1.1481 1.19632 0.0911165
   vertex 1.14802 1.19633 0.0911078
   vertex 1.14802 1.19634 0.0911101
  endloop
 endfacet
 facet normal 0.126636 0.196227 -0.972347
  outer loop
   vertex 1.1481 1.19632 0.0911165
   vertex 1.14802 1.19634 0.0911101
   vertex 1.1481 1.19633 0.0911185
  endloop
 endfacet
 facet normal 0.124217 0.992255 0
  outer loop
   vertex 1.1481 1.19633 0.0911185
   vertex 1.14802 1.19634 0.0911101
   vertex 1.14802 1.19634 0.0911128
  endloop
 endfacet
 facet normal 0.121246 0.471261 -0.87362
  outer loop
   vertex 1.1481 1.19633 0.0911185
   vertex 1.14802 1.19634 0.0911128
   vertex 1.14818 1.19633 0.0911296
  endloop
 endfacet
 facet normal 0.117463 0.276099 -0.953924
  outer loop
   vertex 1.14818 1.19633 0.0911296
   vertex 1.14802 1.19634 0.0911128
   vertex 1.14818 1.19634 0.0911325
  endloop
 endfacet
 facet normal 0.116482 0.30265 -0.945957
  outer loop
   vertex 1.14818 1.19634 0.0911325
   vertex 1.14802 1.19634 0.0911128
   vertex 1.14802 1.19635 0.091116
  endloop
 endfacet
 facet normal 0.0865932 0.962997 -0.255222
  outer loop
   vertex 1.14818 1.19634 0.0911325
   vertex 1.14802 1.19635 0.091116
   vertex 1.14819 1.19634 0.0911359
  endloop
 endfacet
 facet normal 0.129582 0.507435 -0.851891
  outer loop
   vertex 1.14819 1.19634 0.0911359
   vertex 1.14802 1.19635 0.091116
   vertex 1.14786 1.19637 0.0911036
  endloop
 endfacet
 facet normal 0.124133 0.376396 -0.918105
  outer loop
   vertex 1.14819 1.19634 0.0911359
   vertex 1.14786 1.19637 0.0911036
   vertex 1.14819 1.19635 0.09114
  endloop
 endfacet
 facet normal 0.0605822 0.998163 0
  outer loop
   vertex 1.14819 1.19635 0.09114
   vertex 1.14786 1.19637 0.0911036
   vertex 1.14786 1.19637 0.0911077
  endloop
 endfacet
 facet normal 0.0494723 0.99269 0.110084
  outer loop
   vertex 1.14819 1.19635 0.09114
   vertex 1.14786 1.19637 0.0911077
   vertex 1.14818 1.19635 0.0911445
  endloop
 endfacet
 facet normal 0.129483 0.406462 -0.904446
  outer loop
   vertex 1.14818 1.19635 0.0911445
   vertex 1.14786 1.19637 0.0911077
   vertex 1.14786 1.19638 0.0911122
  endloop
 endfacet
 facet normal 0.136556 0.689277 -0.711512
  outer loop
   vertex 1.14818 1.19635 0.0911445
   vertex 1.14786 1.19638 0.0911122
   vertex 1.14802 1.19637 0.0911332
  endloop
 endfacet
 facet normal 0.0624709 0.998047 0
  outer loop
   vertex 1.14802 1.19637 0.0911332
   vertex 1.14786 1.19638 0.0911122
   vertex 1.14786 1.19638 0.091117
  endloop
 endfacet
 facet normal 0.117997 0.471447 -0.873965
  outer loop
   vertex 1.14802 1.19637 0.0911332
   vertex 1.14786 1.19638 0.091117
   vertex 1.14802 1.19638 0.0911386
  endloop
 endfacet
 facet normal 0.11671 0.222534 -0.967914
  outer loop
   vertex 1.1477 1.19634 0.0910692
   vertex 1.1477 1.19635 0.0910715
   vertex 1.14786 1.19634 0.0910885
  endloop
 endfacet
 facet normal 0.122269 0.477706 -0.869969
  outer loop
   vertex 1.14786 1.19634 0.0910885
   vertex 1.1477 1.19635 0.0910715
   vertex 1.1477 1.19636 0.091077
  endloop
 endfacet
 facet normal 0.118647 0.436072 -0.892056
  outer loop
   vertex 1.14786 1.19634 0.0910885
   vertex 1.1477 1.19636 0.091077
   vertex 1.14786 1.19635 0.0910934
  endloop
 endfacet
 facet normal 0.115304 0.285301 -0.951477
  outer loop
   vertex 1.14786 1.19635 0.0910934
   vertex 1.1477 1.19636 0.091077
   vertex 1.14786 1.19636 0.0910964
  endloop
 endfacet
 facet normal 0.134124 0.284622 -0.949211
  outer loop
   vertex 1.14786 1.19635 0.0910934
   vertex 1.14786 1.19636 0.0910964
   vertex 1.14794 1.19634 0.0911017
  endloop
 endfacet
 facet normal 0.116803 0.624891 -0.771925
  outer loop
   vertex 1.14754 1.1964 0.0910757
   vertex 1.1477 1.19638 0.0910837
   vertex 1.14754 1.19639 0.0910676
  endloop
 endfacet
 facet normal 0.114541 0.315093 -0.942124
  outer loop
   vertex 1.14754 1.19639 0.0910676
   vertex 1.1477 1.19638 0.0910837
   vertex 1.1477 1.19636 0.091077
  endloop
 endfacet
 facet normal 0.153871 0.565905 -0.809985
  outer loop
   vertex 1.14754 1.19639 0.0910676
   vertex 1.1477 1.19636 0.091077
   vertex 1.14754 1.19638 0.0910606
  endloop
 endfacet
 facet normal 0.148442 0.475985 -0.866835
  outer loop
   vertex 1.14754 1.19638 0.0910606
   vertex 1.1477 1.19636 0.091077
   vertex 1.1477 1.19635 0.0910715
  endloop
 endfacet
 facet normal 0.117608 0.280669 -0.952572
  outer loop
   vertex 1.14754 1.19638 0.0910606
   vertex 1.1477 1.19635 0.0910715
   vertex 1.14754 1.19636 0.0910547
  endloop
 endfacet
 facet normal 0.115595 0.222563 -0.968041
  outer loop
   vertex 1.14754 1.19636 0.0910547
   vertex 1.1477 1.19635 0.0910715
   vertex 1.1477 1.19634 0.0910692
  endloop
 endfacet
 facet normal 0.125526 0.323816 -0.937756
  outer loop
   vertex 1.14754 1.19636 0.0910547
   vertex 1.1477 1.19634 0.0910692
   vertex 1.14753 1.19635 0.0910499
  endloop
 endfacet
 facet normal 0.126011 -0.0870413 -0.988203
  outer loop
   vertex 1.14784 1.1963 0.0910826
   vertex 1.14776 1.1963 0.0910724
   vertex 1.14785 1.19631 0.091083
  endloop
 endfacet
 facet normal 0.117925 -0.00931842 -0.992979
  outer loop
   vertex 1.14785 1.19631 0.091083
   vertex 1.14776 1.1963 0.0910724
   vertex 1.14777 1.19631 0.0910735
  endloop
 endfacet
 facet normal 0 1 -0
  outer loop
   vertex 1.14785 1.19631 0.091083
   vertex 1.14777 1.19631 0.0910735
   vertex 1.14785 1.19631 0.0910838
  endloop
 endfacet
 facet normal 0.126855 0.11904 -0.984752
  outer loop
   vertex 1.14785 1.19631 0.0910838
   vertex 1.14777 1.19631 0.0910735
   vertex 1.14769 1.19633 0.0910656
  endloop
 endfacet
 facet normal 0.126739 0.117982 -0.984895
  outer loop
   vertex 1.14785 1.19631 0.0910838
   vertex 1.14769 1.19633 0.0910656
   vertex 1.14785 1.19632 0.091085
  endloop
 endfacet
 facet normal 0.128448 0.156653 -0.979265
  outer loop
   vertex 1.14785 1.19632 0.091085
   vertex 1.14769 1.19633 0.0910656
   vertex 1.14769 1.19634 0.0910672
  endloop
 endfacet
 facet normal 0.115813 0.0434458 -0.99232
  outer loop
   vertex 1.14785 1.19632 0.091085
   vertex 1.14769 1.19634 0.0910672
   vertex 1.14786 1.19633 0.0910866
  endloop
 endfacet
 facet normal 0.707107 -0.707107 0
  outer loop
   vertex 1.14792 1.1963 0.0910929
   vertex 1.14792 1.1963 0.0910924
   vertex 1.14793 1.19631 0.0910933
  endloop
 endfacet
 facet normal 0.101697 -0.0121412 -0.994741
  outer loop
   vertex 1.14793 1.19631 0.0910933
   vertex 1.14792 1.1963 0.0910924
   vertex 1.14785 1.19632 0.091085
  endloop
 endfacet
 facet normal 0.113826 0.0890843 -0.989499
  outer loop
   vertex 1.14793 1.19631 0.0910933
   vertex 1.14785 1.19632 0.091085
   vertex 1.14793 1.19632 0.0910942
  endloop
 endfacet
 facet normal 0.114163 0.0451341 -0.992436
  outer loop
   vertex 1.14793 1.19632 0.0910942
   vertex 1.14785 1.19632 0.091085
   vertex 1.14786 1.19633 0.0910866
  endloop
 endfacet
 facet normal 0.12704 0.144774 -0.981275
  outer loop
   vertex 1.14793 1.19632 0.0910942
   vertex 1.14786 1.19633 0.0910866
   vertex 1.14794 1.19632 0.0910955
  endloop
 endfacet
 facet normal 0.127272 0.167835 -0.977565
  outer loop
   vertex 1.14794 1.19633 0.0910972
   vertex 1.14794 1.19632 0.0910955
   vertex 1.14786 1.19634 0.0910885
  endloop
 endfacet
 facet normal 0.13118 0.184796 -0.973983
  outer loop
   vertex 1.14786 1.19634 0.0910885
   vertex 1.14794 1.19632 0.0910955
   vertex 1.14786 1.19633 0.0910866
  endloop
 endfacet
 facet normal 0.117643 0.185112 -0.97565
  outer loop
   vertex 1.14786 1.19634 0.0910885
   vertex 1.14786 1.19633 0.0910866
   vertex 1.1477 1.19634 0.0910692
  endloop
 endfacet
 facet normal 0.111837 0.82485 -0.554179
  outer loop
   vertex 1.1477 1.19634 0.0910692
   vertex 1.14786 1.19633 0.0910866
   vertex 1.14769 1.19634 0.0910672
  endloop
 endfacet
 facet normal 0.111307 0.826682 -0.55155
  outer loop
   vertex 1.1477 1.19634 0.0910692
   vertex 1.14769 1.19634 0.0910672
   vertex 1.14753 1.19635 0.0910499
  endloop
 endfacet
 facet normal 0.115799 0.156899 -0.980802
  outer loop
   vertex 1.14753 1.19635 0.0910499
   vertex 1.14769 1.19634 0.0910672
   vertex 1.14769 1.19633 0.0910656
  endloop
 endfacet
 facet normal 0.134132 0.343703 -0.92945
  outer loop
   vertex 1.14753 1.19635 0.0910499
   vertex 1.14769 1.19633 0.0910656
   vertex 1.14753 1.19634 0.0910462
  endloop
 endfacet
 facet normal 0.1277 0.139021 -0.982021
  outer loop
   vertex 1.14753 1.19634 0.0910462
   vertex 1.14769 1.19633 0.0910656
   vertex 1.14769 1.19632 0.0910642
  endloop
 endfacet
 facet normal 0.119937 0.0690296 -0.990379
  outer loop
   vertex 1.14753 1.19634 0.0910462
   vertex 1.14769 1.19632 0.0910642
   vertex 1.14752 1.19632 0.0910436
  endloop
 endfacet
 facet normal 0.120084 0.048133 -0.991596
  outer loop
   vertex 1.14752 1.19632 0.0910436
   vertex 1.14769 1.19632 0.0910642
   vertex 1.14768 1.19631 0.0910625
  endloop
 endfacet
 facet normal 0.119022 0.0295373 -0.992452
  outer loop
   vertex 1.14752 1.19632 0.0910436
   vertex 1.14768 1.19631 0.0910625
   vertex 1.14768 1.1963 0.0910622
  endloop
 endfacet
 facet normal 0.12606 0.0295114 -0.991584
  outer loop
   vertex 1.14768 1.1963 0.0910622
   vertex 1.14768 1.19631 0.0910625
   vertex 1.14775 1.1963 0.0910711
  endloop
 endfacet
 facet normal 0.114729 -0.0349516 -0.992782
  outer loop
   vertex 1.14818 1.19631 0.0911243
   vertex 1.14817 1.1963 0.0911235
   vertex 1.14809 1.19631 0.0911139
  endloop
 endfacet
 facet normal 0.127143 0.0984053 -0.986991
  outer loop
   vertex 1.14801 1.19631 0.0911036
   vertex 1.14801 1.19632 0.0911046
   vertex 1.14809 1.19631 0.0911139
  endloop
 endfacet
 facet normal 0.113731 -0.0146868 -0.993403
  outer loop
   vertex 1.14809 1.19631 0.0911139
   vertex 1.14801 1.19632 0.0911046
   vertex 1.1481 1.19632 0.0911149
  endloop
 endfacet
 facet normal 0.114785 -0.0157537 -0.993265
  outer loop
   vertex 1.14809 1.19631 0.0911139
   vertex 1.1481 1.19632 0.0911149
   vertex 1.14818 1.19631 0.0911243
  endloop
 endfacet
 facet normal 0.124217 0.992255 0
  outer loop
   vertex 1.14818 1.19631 0.0911243
   vertex 1.1481 1.19632 0.0911149
   vertex 1.1481 1.19632 0.0911165
  endloop
 endfacet
 facet normal 0.111029 0.118206 -0.986762
  outer loop
   vertex 1.14818 1.19631 0.0911243
   vertex 1.1481 1.19632 0.0911165
   vertex 1.14818 1.19632 0.0911255
  endloop
 endfacet
 facet normal 0.10963 0.196627 -0.97433
  outer loop
   vertex 1.14818 1.19632 0.0911255
   vertex 1.1481 1.19632 0.0911165
   vertex 1.1481 1.19633 0.0911185
  endloop
 endfacet
 facet normal 0.12276 0.992436 -0
  outer loop
   vertex 1.14818 1.19632 0.0911255
   vertex 1.1481 1.19633 0.0911185
   vertex 1.14818 1.19632 0.0911272
  endloop
 endfacet
 facet normal 0.133667 0.233527 -0.963119
  outer loop
   vertex 1.14818 1.19632 0.0911272
   vertex 1.1481 1.19633 0.0911185
   vertex 1.14818 1.19633 0.0911296
  endloop
 endfacet
 facet normal 0.102194 0.0466618 -0.993669
  outer loop
   vertex 1.14818 1.19635 0.0911445
   vertex 1.14877 1.19631 0.0912033
   vertex 1.1485 1.19632 0.091176
  endloop
 endfacet
 facet normal 0.0754025 0.982936 0.167783
  outer loop
   vertex 1.14818 1.19635 0.0911445
   vertex 1.1485 1.19632 0.091176
   vertex 1.14819 1.19635 0.09114
  endloop
 endfacet
 facet normal 0.142977 0.382977 -0.912626
  outer loop
   vertex 1.14819 1.19635 0.09114
   vertex 1.1485 1.19632 0.091176
   vertex 1.1485 1.19631 0.0911718
  endloop
 endfacet
 facet normal 0.142339 0.375467 -0.91584
  outer loop
   vertex 1.14819 1.19635 0.09114
   vertex 1.1485 1.19631 0.0911718
   vertex 1.14819 1.19634 0.0911359
  endloop
 endfacet
 facet normal 0.0960917 0.995372 0
  outer loop
   vertex 1.14819 1.19634 0.0911359
   vertex 1.1485 1.19631 0.0911718
   vertex 1.1485 1.19631 0.0911682
  endloop
 endfacet
 facet normal 0.127841 0.917432 -0.376795
  outer loop
   vertex 1.14819 1.19634 0.0911359
   vertex 1.1485 1.19631 0.0911682
   vertex 1.14818 1.19634 0.0911325
  endloop
 endfacet
 facet normal 0.136641 0.359842 -0.922953
  outer loop
   vertex 1.14818 1.19634 0.0911325
   vertex 1.1485 1.19631 0.0911682
   vertex 1.1485 1.1963 0.0911643
  endloop
 endfacet
 facet normal 0.129079 0.275698 -0.952538
  outer loop
   vertex 1.14818 1.19634 0.0911325
   vertex 1.1485 1.1963 0.0911643
   vertex 1.14818 1.19633 0.0911296
  endloop
 endfacet
 facet normal 0.127862 0.256197 -0.958131
  outer loop
   vertex 1.14818 1.19633 0.0911296
   vertex 1.1485 1.1963 0.0911643
   vertex 1.14844 1.1963 0.0911563
  endloop
 endfacet
 facet normal 0.125894 0.233767 -0.964108
  outer loop
   vertex 1.14818 1.19633 0.0911296
   vertex 1.14844 1.1963 0.0911563
   vertex 1.14818 1.19632 0.0911272
  endloop
 endfacet
 facet normal 0.117569 0.0894953 -0.989024
  outer loop
   vertex 1.14818 1.19632 0.0911272
   vertex 1.14844 1.1963 0.0911563
   vertex 1.14835 1.1963 0.0911456
  endloop
 endfacet
 facet normal 0.117003 0.993132 0
  outer loop
   vertex 1.14818 1.19632 0.0911272
   vertex 1.14835 1.1963 0.0911456
   vertex 1.14818 1.19632 0.0911255
  endloop
 endfacet
 facet normal 0.116907 -0.00414148 -0.993134
  outer loop
   vertex 1.14818 1.19632 0.0911255
   vertex 1.14835 1.1963 0.0911456
   vertex 1.14826 1.1963 0.091135
  endloop
 endfacet
 facet normal 0.146111 0.117665 -0.982246
  outer loop
   vertex 1.14818 1.19632 0.0911255
   vertex 1.14826 1.1963 0.091135
   vertex 1.14818 1.19631 0.0911243
  endloop
 endfacet
 facet normal 0.13139 -0.00958832 -0.991284
  outer loop
   vertex 1.14818 1.19631 0.0911243
   vertex 1.14826 1.1963 0.091135
   vertex 1.14818 1.1963 0.0911244
  endloop
 endfacet
 facet normal 0.0896629 -0.00963321 -0.995926
  outer loop
   vertex 1.14818 1.19631 0.0911243
   vertex 1.14818 1.1963 0.0911244
   vertex 1.14817 1.1963 0.0911235
  endloop
 endfacet
 facet normal 0.121552 0.0199363 -0.992385
  outer loop
   vertex 1.14809 1.19631 0.0911139
   vertex 1.14817 1.1963 0.0911235
   vertex 1.14809 1.1963 0.0911137
  endloop
 endfacet
 facet normal 1 0 0
  outer loop
   vertex 1.14809 1.19631 0.0911139
   vertex 1.14809 1.1963 0.0911137
   vertex 1.14809 1.1963 0.0911133
  endloop
 endfacet
 facet normal -0 1 0
  outer loop
   vertex 1.14747 1.19647 0.0912033
   vertex 1.14749 1.19647 0.0912033
   vertex 1.14747 1.19647 0.0911994
  endloop
 endfacet
 facet normal -0 1 0
  outer loop
   vertex 1.14747 1.19647 0.0911994
   vertex 1.14749 1.19647 0.0912033
   vertex 1.14748 1.19647 0.0911809
  endloop
 endfacet
 facet normal 0.132139 0.98947 -0.0590605
  outer loop
   vertex 1.14748 1.19647 0.0911809
   vertex 1.14749 1.19647 0.0912033
   vertex 1.14764 1.19645 0.0912033
  endloop
 endfacet
 facet normal 0.170397 0.89144 -0.41988
  outer loop
   vertex 1.14748 1.19647 0.0911809
   vertex 1.14764 1.19645 0.0912033
   vertex 1.14749 1.19646 0.0911637
  endloop
 endfacet
 facet normal 0.0587427 0.997826 0.0298601
  outer loop
   vertex 1.14749 1.19646 0.0911637
   vertex 1.14764 1.19645 0.0912033
   vertex 1.14765 1.19645 0.0911836
  endloop
 endfacet
 facet normal 0.10916 0.898353 -0.425495
  outer loop
   vertex 1.14749 1.19646 0.0911637
   vertex 1.14765 1.19645 0.0911836
   vertex 1.14751 1.19645 0.0911477
  endloop
 endfacet
 facet normal 0.115584 0.885246 -0.450534
  outer loop
   vertex 1.14751 1.19645 0.0911477
   vertex 1.14765 1.19645 0.0911836
   vertex 1.14766 1.19644 0.0911665
  endloop
 endfacet
 facet normal 0.1218 0.988932 0.0847304
  outer loop
   vertex 1.14752 1.19645 0.0911328
   vertex 1.14767 1.19643 0.0911508
   vertex 1.14768 1.19643 0.0911364
  endloop
 endfacet
 facet normal 0.113533 0.801995 -0.586442
  outer loop
   vertex 1.14752 1.19645 0.0911328
   vertex 1.14768 1.19643 0.0911364
   vertex 1.14752 1.19644 0.0911191
  endloop
 endfacet
 facet normal 0.111098 0.828813 -0.548385
  outer loop
   vertex 1.14752 1.19644 0.0911191
   vertex 1.14768 1.19643 0.0911364
   vertex 1.14769 1.19642 0.0911233
  endloop
 endfacet
 facet normal 0.110137 0.816937 -0.566114
  outer loop
   vertex 1.14752 1.19644 0.0911191
   vertex 1.14769 1.19642 0.0911233
   vertex 1.14753 1.19643 0.0911066
  endloop
 endfacet
 facet normal 0.111387 0.801718 -0.587231
  outer loop
   vertex 1.14753 1.19643 0.0911066
   vertex 1.14769 1.19642 0.0911233
   vertex 1.1477 1.19641 0.0911115
  endloop
 endfacet
 facet normal 0.138196 0.809181 -0.571077
  outer loop
   vertex 1.1477 1.19641 0.0911115
   vertex 1.14769 1.19642 0.0911233
   vertex 1.14785 1.1964 0.0911338
  endloop
 endfacet
 facet normal 0.15554 0.612327 -0.775153
  outer loop
   vertex 1.1477 1.19641 0.0911115
   vertex 1.14785 1.1964 0.0911338
   vertex 1.14786 1.19639 0.0911279
  endloop
 endfacet
 facet normal 0.115138 0.990115 0.080096
  outer loop
   vertex 1.14767 1.19643 0.0911508
   vertex 1.14784 1.19641 0.091154
   vertex 1.14768 1.19643 0.0911364
  endloop
 endfacet
 facet normal 0.10652 0.982897 0.150223
  outer loop
   vertex 1.14768 1.19643 0.0911364
   vertex 1.14784 1.19641 0.091154
   vertex 1.14785 1.19641 0.0911469
  endloop
 endfacet
 facet normal 0.131341 0.833579 -0.536559
  outer loop
   vertex 1.14768 1.19643 0.0911364
   vertex 1.14785 1.19641 0.0911469
   vertex 1.14769 1.19642 0.0911233
  endloop
 endfacet
 facet normal 0.155357 0.55378 -0.818042
  outer loop
   vertex 1.14769 1.19642 0.0911233
   vertex 1.14785 1.19641 0.0911469
   vertex 1.14785 1.1964 0.0911402
  endloop
 endfacet
 facet normal 0.123489 0.992346 0
  outer loop
   vertex 1.14769 1.19642 0.0911233
   vertex 1.14785 1.1964 0.0911402
   vertex 1.14785 1.1964 0.0911338
  endloop
 endfacet
 facet normal 0.111098 0.864635 -0.489963
  outer loop
   vertex 1.14767 1.19643 0.0911508
   vertex 1.14783 1.19642 0.0911694
   vertex 1.14784 1.19641 0.091154
  endloop
 endfacet
 facet normal 0.109594 0.86437 -0.490768
  outer loop
   vertex 1.14784 1.19641 0.091154
   vertex 1.14783 1.19642 0.0911694
   vertex 1.148 1.1964 0.0911723
  endloop
 endfacet
 facet normal 0.0530328 0.995788 0.0747912
  outer loop
   vertex 1.14784 1.19641 0.091154
   vertex 1.148 1.1964 0.0911723
   vertex 1.14785 1.19641 0.0911469
  endloop
 endfacet
 facet normal 0.164371 0.695341 -0.699631
  outer loop
   vertex 1.14785 1.19641 0.0911469
   vertex 1.148 1.1964 0.0911723
   vertex 1.14801 1.19639 0.0911647
  endloop
 endfacet
 facet normal 0.159814 0.553381 -0.817453
  outer loop
   vertex 1.14785 1.19641 0.0911469
   vertex 1.14801 1.19639 0.0911647
   vertex 1.14785 1.1964 0.0911402
  endloop
 endfacet
 facet normal 0.0624709 0.998047 0
  outer loop
   vertex 1.14785 1.1964 0.0911402
   vertex 1.14801 1.19639 0.0911647
   vertex 1.14801 1.19639 0.0911575
  endloop
 endfacet
 facet normal 0.0624709 0.998047 0
  outer loop
   vertex 1.14785 1.1964 0.0911402
   vertex 1.14801 1.19639 0.0911575
   vertex 1.14785 1.1964 0.0911338
  endloop
 endfacet
 facet normal 0.0624709 0.998047 0
  outer loop
   vertex 1.14785 1.1964 0.0911338
   vertex 1.14801 1.19639 0.0911575
   vertex 1.14801 1.19639 0.0911508
  endloop
 endfacet
 facet normal 0.121699 0.59143 -0.79712
  outer loop
   vertex 1.14785 1.1964 0.0911338
   vertex 1.14801 1.19639 0.0911508
   vertex 1.14786 1.19639 0.0911279
  endloop
 endfacet
 facet normal 0.0624709 0.998047 0
  outer loop
   vertex 1.14802 1.19638 0.0911445
   vertex 1.14802 1.19638 0.0911386
   vertex 1.14786 1.19639 0.0911223
  endloop
 endfacet
 facet normal 0.118501 0.464321 -0.877704
  outer loop
   vertex 1.14786 1.19639 0.0911223
   vertex 1.14802 1.19638 0.0911386
   vertex 1.14786 1.19638 0.091117
  endloop
 endfacet
 facet normal 0.13149 0.463556 -0.876257
  outer loop
   vertex 1.14786 1.19639 0.0911223
   vertex 1.14786 1.19638 0.091117
   vertex 1.14754 1.19641 0.0910848
  endloop
 endfacet
 facet normal 0.0930765 0.995659 0
  outer loop
   vertex 1.14754 1.19641 0.0910848
   vertex 1.14786 1.19638 0.091117
   vertex 1.14786 1.19638 0.0911122
  endloop
 endfacet
 facet normal 0.125284 0.671496 -0.730341
  outer loop
   vertex 1.14754 1.19641 0.0910848
   vertex 1.14786 1.19638 0.0911122
   vertex 1.14754 1.1964 0.0910757
  endloop
 endfacet
 facet normal 0.128566 0.406511 -0.904555
  outer loop
   vertex 1.14754 1.1964 0.0910757
   vertex 1.14786 1.19638 0.0911122
   vertex 1.14786 1.19637 0.0911077
  endloop
 endfacet
 facet normal 0.13146 0.839934 -0.526525
  outer loop
   vertex 1.14754 1.1964 0.0910757
   vertex 1.14786 1.19637 0.0911077
   vertex 1.1477 1.19638 0.0910837
  endloop
 endfacet
 facet normal 0.0624246 0.99805 0
  outer loop
   vertex 1.1477 1.19638 0.0910837
   vertex 1.14786 1.19637 0.0911077
   vertex 1.14786 1.19637 0.0911036
  endloop
 endfacet
 facet normal 0.137099 0.35143 -0.926121
  outer loop
   vertex 1.1477 1.19638 0.0910837
   vertex 1.14786 1.19637 0.0911036
   vertex 1.14786 1.19636 0.0910998
  endloop
 endfacet
 facet normal 0.116121 0.35238 -0.928625
  outer loop
   vertex 1.14786 1.19636 0.0910998
   vertex 1.14786 1.19637 0.0911036
   vertex 1.14802 1.19635 0.091116
  endloop
 endfacet
 facet normal 0.0624709 0.998047 0
  outer loop
   vertex 1.14786 1.19636 0.0910998
   vertex 1.14802 1.19635 0.091116
   vertex 1.14786 1.19636 0.0910964
  endloop
 endfacet
 facet normal 0.134543 0.301954 -0.943781
  outer loop
   vertex 1.14786 1.19636 0.0910964
   vertex 1.14802 1.19635 0.091116
   vertex 1.14802 1.19634 0.0911128
  endloop
 endfacet
 facet normal 0.132132 0.275913 -0.952058
  outer loop
   vertex 1.14786 1.19636 0.0910964
   vertex 1.14802 1.19634 0.0911128
   vertex 1.14794 1.19634 0.0911017
  endloop
 endfacet
 facet normal 0 1 0
  outer loop
   vertex 1.14794 1.19634 0.0911017
   vertex 1.14802 1.19634 0.0911128
   vertex 1.14802 1.19634 0.0911101
  endloop
 endfacet
 facet normal -0 1 0
  outer loop
   vertex 1.14794 1.19634 0.0911017
   vertex 1.14802 1.19634 0.0911101
   vertex 1.14794 1.19634 0.0910992
  endloop
 endfacet
 facet normal 0.13165 0.222115 -0.966092
  outer loop
   vertex 1.14794 1.19634 0.0910992
   vertex 1.14802 1.19634 0.0911101
   vertex 1.14802 1.19633 0.0911078
  endloop
 endfacet
 facet normal 0.128883 0.19462 -0.972375
  outer loop
   vertex 1.14794 1.19634 0.0910992
   vertex 1.14802 1.19633 0.0911078
   vertex 1.14794 1.19633 0.0910972
  endloop
 endfacet
 facet normal 0.129303 0.177772 -0.97554
  outer loop
   vertex 1.14794 1.19633 0.0910972
   vertex 1.14802 1.19633 0.0911078
   vertex 1.14802 1.19632 0.091106
  endloop
 endfacet
 facet normal 0.12828 0.167813 -0.977437
  outer loop
   vertex 1.14794 1.19633 0.0910972
   vertex 1.14802 1.19632 0.091106
   vertex 1.14794 1.19632 0.0910955
  endloop
 endfacet
 facet normal 0 1 0
  outer loop
   vertex 1.14794 1.19632 0.0910955
   vertex 1.14802 1.19632 0.091106
   vertex 1.14801 1.19632 0.0911046
  endloop
 endfacet
 facet normal -0 -1 0
  outer loop
   vertex 1.14794 1.19632 0.0910955
   vertex 1.14801 1.19632 0.0911046
   vertex 1.14793 1.19632 0.0910942
  endloop
 endfacet
 facet normal 0.128228 0.0983915 -0.986852
  outer loop
   vertex 1.14793 1.19632 0.0910942
   vertex 1.14801 1.19632 0.0911046
   vertex 1.14801 1.19631 0.0911036
  endloop
 endfacet
 facet normal 0.127166 0.0889391 -0.987886
  outer loop
   vertex 1.14793 1.19632 0.0910942
   vertex 1.14801 1.19631 0.0911036
   vertex 1.14793 1.19631 0.0910933
  endloop
 endfacet
 facet normal 0.127517 0.0493829 -0.990606
  outer loop
   vertex 1.14793 1.19631 0.0910933
   vertex 1.14801 1.19631 0.0911036
   vertex 1.14801 1.1963 0.0911031
  endloop
 endfacet
 facet normal 0.112311 -0.0724927 -0.991025
  outer loop
   vertex 1.14793 1.19631 0.0910933
   vertex 1.14801 1.1963 0.0911031
   vertex 1.14792 1.1963 0.0910929
  endloop
 endfacet
 facet normal 0.0544414 0.996068 0.0698847
  outer loop
   vertex 1.14817 1.19638 0.0911756
   vertex 1.14801 1.19639 0.0911575
   vertex 1.14816 1.19638 0.0911834
  endloop
 endfacet
 facet normal 0.0666243 0.997778 0
  outer loop
   vertex 1.14816 1.19638 0.0911834
   vertex 1.14801 1.19639 0.0911575
   vertex 1.14801 1.19639 0.0911647
  endloop
 endfacet
 facet normal 0.0666243 0.997778 -0
  outer loop
   vertex 1.14816 1.19638 0.0911834
   vertex 1.14801 1.19639 0.0911647
   vertex 1.14816 1.19638 0.0911917
  endloop
 endfacet
 facet normal 0.171694 0.698742 -0.694464
  outer loop
   vertex 1.14816 1.19638 0.0911917
   vertex 1.14801 1.19639 0.0911647
   vertex 1.148 1.1964 0.0911723
  endloop
 endfacet
 facet normal 0.115633 0.990868 0.0693488
  outer loop
   vertex 1.14816 1.19638 0.0911917
   vertex 1.148 1.1964 0.0911723
   vertex 1.14799 1.1964 0.091189
  endloop
 endfacet
 facet normal 0.114881 0.990987 0.0688976
  outer loop
   vertex 1.14799 1.1964 0.091189
   vertex 1.148 1.1964 0.0911723
   vertex 1.14783 1.19642 0.0911694
  endloop
 endfacet
 facet normal 0.114979 0.991028 0.0681358
  outer loop
   vertex 1.14799 1.1964 0.091189
   vertex 1.14783 1.19642 0.0911694
   vertex 1.14782 1.19642 0.0911863
  endloop
 endfacet
 facet normal 0.0584226 0.997691 0.0346208
  outer loop
   vertex 1.14782 1.19642 0.0911863
   vertex 1.14783 1.19642 0.0911694
   vertex 1.14767 1.19643 0.0911508
  endloop
 endfacet
 facet normal 0.165738 0.875954 -0.453029
  outer loop
   vertex 1.14782 1.19642 0.0911863
   vertex 1.14767 1.19643 0.0911508
   vertex 1.14766 1.19644 0.0911665
  endloop
 endfacet
 facet normal 0.170936 0.876489 -0.450054
  outer loop
   vertex 1.14766 1.19644 0.0911665
   vertex 1.14767 1.19643 0.0911508
   vertex 1.14752 1.19645 0.0911328
  endloop
 endfacet
 facet normal 0.0614741 0.997274 0.0408188
  outer loop
   vertex 1.14766 1.19644 0.0911665
   vertex 1.14752 1.19645 0.0911328
   vertex 1.14751 1.19645 0.0911477
  endloop
 endfacet
 facet normal 0.125864 0.45723 -0.880397
  outer loop
   vertex 1.1487 1.19632 0.0912033
   vertex 1.14818 1.19635 0.0911445
   vertex 1.14818 1.19636 0.0911497
  endloop
 endfacet
 facet normal 0.119533 0.457591 -0.881092
  outer loop
   vertex 1.14818 1.19636 0.0911497
   vertex 1.14818 1.19635 0.0911445
   vertex 1.14802 1.19637 0.0911332
  endloop
 endfacet
 facet normal 0.0624709 0.998047 -0
  outer loop
   vertex 1.14818 1.19636 0.0911497
   vertex 1.14802 1.19637 0.0911332
   vertex 1.14818 1.19636 0.0911554
  endloop
 endfacet
 facet normal 0.150142 0.469382 -0.870137
  outer loop
   vertex 1.14818 1.19636 0.0911554
   vertex 1.14802 1.19637 0.0911332
   vertex 1.14802 1.19638 0.0911386
  endloop
 endfacet
 facet normal 0.153352 0.520129 -0.840208
  outer loop
   vertex 1.14818 1.19636 0.0911554
   vertex 1.14802 1.19638 0.0911386
   vertex 1.14818 1.19637 0.0911616
  endloop
 endfacet
 facet normal 0.0624709 0.998047 0
  outer loop
   vertex 1.14818 1.19637 0.0911616
   vertex 1.14802 1.19638 0.0911386
   vertex 1.14802 1.19638 0.0911445
  endloop
 endfacet
 facet normal 0.0538349 0.9954 0.0792487
  outer loop
   vertex 1.14818 1.19637 0.0911616
   vertex 1.14802 1.19638 0.0911445
   vertex 1.14817 1.19637 0.0911684
  endloop
 endfacet
 facet normal 0.109378 0.983766 0.142272
  outer loop
   vertex 1.14659 1.19658 0.0912033
   vertex 1.14679 1.19656 0.091188
   vertex 1.14664 1.19658 0.0911649
  endloop
 endfacet
 facet normal 0.152132 0.978362 -0.14023
  outer loop
   vertex 1.14664 1.19658 0.0911649
   vertex 1.14679 1.19656 0.091188
   vertex 1.14682 1.19655 0.0911506
  endloop
 endfacet
 facet normal 0.119865 0.908677 -0.399924
  outer loop
   vertex 1.14664 1.19658 0.0911649
   vertex 1.14682 1.19655 0.0911506
   vertex 1.14667 1.19656 0.0911284
  endloop
 endfacet
 facet normal 0.105598 0.89186 -0.439813
  outer loop
   vertex 1.14634 1.1966 0.0911058
   vertex 1.1465 1.19659 0.0911239
   vertex 1.14636 1.19659 0.0910903
  endloop
 endfacet
 facet normal 0.0998249 0.903976 -0.415767
  outer loop
   vertex 1.14636 1.19659 0.0910903
   vertex 1.1465 1.19659 0.0911239
   vertex 1.14652 1.19658 0.0911072
  endloop
 endfacet
 facet normal 0.06173 0.998093 0
  outer loop
   vertex 1.14636 1.19659 0.0910903
   vertex 1.14652 1.19658 0.0911072
   vertex 1.14636 1.19659 0.0910757
  endloop
 endfacet
 facet normal 0.14546 0.873574 -0.464445
  outer loop
   vertex 1.14636 1.19659 0.0910757
   vertex 1.14652 1.19658 0.0911072
   vertex 1.14653 1.19657 0.0910915
  endloop
 endfacet
 facet normal 0.146453 0.852735 -0.501393
  outer loop
   vertex 1.14636 1.19659 0.0910757
   vertex 1.14653 1.19657 0.0910915
   vertex 1.14637 1.19658 0.0910618
  endloop
 endfacet
 facet normal 0.0904741 0.994138 0.0592002
  outer loop
   vertex 1.14678 1.19656 0.0912033
   vertex 1.14689 1.19655 0.0912033
   vertex 1.14679 1.19656 0.091188
  endloop
 endfacet
 facet normal 0.123036 0.978819 -0.16363
  outer loop
   vertex 1.14679 1.19656 0.091188
   vertex 1.14689 1.19655 0.0912033
   vertex 1.14682 1.19655 0.0911506
  endloop
 endfacet
 facet normal 0.153466 0.966846 -0.204101
  outer loop
   vertex 1.14682 1.19655 0.0911506
   vertex 1.14689 1.19655 0.0912033
   vertex 1.14713 1.19651 0.091194
  endloop
 endfacet
 facet normal 0.148224 0.976257 -0.15796
  outer loop
   vertex 1.14682 1.19655 0.0911506
   vertex 1.14713 1.19651 0.091194
   vertex 1.14685 1.19654 0.0911169
  endloop
 endfacet
 facet normal 0.0555261 0.99776 0.0373136
  outer loop
   vertex 1.14653 1.19657 0.0910915
   vertex 1.14654 1.19657 0.0910766
   vertex 1.14637 1.19658 0.0910618
  endloop
 endfacet
 facet normal 0.0982029 0.807365 -0.581823
  outer loop
   vertex 1.14637 1.19658 0.0910618
   vertex 1.14654 1.19657 0.0910766
   vertex 1.14654 1.19656 0.0910627
  endloop
 endfacet
 facet normal 0.0997971 0.821838 -0.560913
  outer loop
   vertex 1.14637 1.19658 0.0910618
   vertex 1.14654 1.19656 0.0910627
   vertex 1.14639 1.19656 0.091036
  endloop
 endfacet
 facet normal 0.0988145 0.825698 -0.55539
  outer loop
   vertex 1.14639 1.19656 0.091036
   vertex 1.14654 1.19656 0.0910627
   vertex 1.14655 1.19655 0.0910496
  endloop
 endfacet
 facet normal 0.098256 0.834305 -0.542477
  outer loop
   vertex 1.14639 1.19656 0.091036
   vertex 1.14655 1.19655 0.0910496
   vertex 1.1463 1.19655 0.0910043
  endloop
 endfacet
 facet normal 0.103867 0.812625 -0.573457
  outer loop
   vertex 1.1463 1.19655 0.0910043
   vertex 1.14655 1.19655 0.0910496
   vertex 1.14656 1.19654 0.0910372
  endloop
 endfacet
 facet normal 0.110866 0.754983 -0.646304
  outer loop
   vertex 1.1463 1.19655 0.0910043
   vertex 1.14656 1.19654 0.0910372
   vertex 1.14656 1.19653 0.0910255
  endloop
 endfacet
 facet normal 0.166134 0.835553 -0.52369
  outer loop
   vertex 1.14688 1.1965 0.0910606
   vertex 1.14672 1.19652 0.0910418
   vertex 1.14687 1.19651 0.0910734
  endloop
 endfacet
 facet normal 0.182206 0.759946 -0.623926
  outer loop
   vertex 1.14687 1.19651 0.0910734
   vertex 1.14672 1.19652 0.0910418
   vertex 1.14672 1.19653 0.091054
  endloop
 endfacet
 facet normal 0.181198 0.791882 -0.583172
  outer loop
   vertex 1.14687 1.19651 0.0910734
   vertex 1.14672 1.19653 0.091054
   vertex 1.14687 1.19652 0.091087
  endloop
 endfacet
 facet normal 0.169198 0.841126 -0.513692
  outer loop
   vertex 1.14687 1.19652 0.091087
   vertex 1.14672 1.19653 0.091054
   vertex 1.14671 1.19654 0.0910671
  endloop
 endfacet
 facet normal 0.167475 0.861507 -0.479331
  outer loop
   vertex 1.14687 1.19652 0.091087
   vertex 1.14671 1.19654 0.0910671
   vertex 1.14686 1.19653 0.0911015
  endloop
 endfacet
 facet normal 0.0572192 0.997522 0.0409274
  outer loop
   vertex 1.14686 1.19653 0.0911015
   vertex 1.14671 1.19654 0.0910671
   vertex 1.1467 1.19654 0.0910811
  endloop
 endfacet
 facet normal 0.116297 0.865532 -0.487165
  outer loop
   vertex 1.14686 1.19653 0.0911015
   vertex 1.1467 1.19654 0.0910811
   vertex 1.14685 1.19654 0.0911169
  endloop
 endfacet
 facet normal 0.119278 0.857975 -0.499652
  outer loop
   vertex 1.14685 1.19654 0.0911169
   vertex 1.1467 1.19654 0.0910811
   vertex 1.14669 1.19655 0.0910959
  endloop
 endfacet
 facet normal 0.0885497 0.973604 -0.210367
  outer loop
   vertex 1.14685 1.19654 0.0911169
   vertex 1.14669 1.19655 0.0910959
   vertex 1.14682 1.19655 0.0911506
  endloop
 endfacet
 facet normal 0.185117 0.87882 -0.439781
  outer loop
   vertex 1.14682 1.19655 0.0911506
   vertex 1.14669 1.19655 0.0910959
   vertex 1.14668 1.19656 0.0911117
  endloop
 endfacet
 facet normal 0.061175 0.997453 0.0366723
  outer loop
   vertex 1.14682 1.19655 0.0911506
   vertex 1.14668 1.19656 0.0911117
   vertex 1.14667 1.19656 0.0911284
  endloop
 endfacet
 facet normal 0.107176 0.749924 -0.652784
  outer loop
   vertex 1.1477 1.19641 0.0911115
   vertex 1.14753 1.19642 0.0910951
   vertex 1.14753 1.19643 0.0911066
  endloop
 endfacet
 facet normal 0.138425 0.747007 -0.650245
  outer loop
   vertex 1.14753 1.19643 0.0911066
   vertex 1.14753 1.19642 0.0910951
   vertex 1.14721 1.19646 0.091073
  endloop
 endfacet
 facet normal 0.135191 0.823356 -0.551188
  outer loop
   vertex 1.14753 1.19643 0.0911066
   vertex 1.14721 1.19646 0.091073
   vertex 1.14752 1.19644 0.0911191
  endloop
 endfacet
 facet normal 0.137499 0.807528 -0.573579
  outer loop
   vertex 1.14752 1.19644 0.0911191
   vertex 1.14721 1.19646 0.091073
   vertex 1.1472 1.19647 0.0910847
  endloop
 endfacet
 facet normal 0.137932 0.799498 -0.584617
  outer loop
   vertex 1.14752 1.19644 0.0911191
   vertex 1.1472 1.19647 0.0910847
   vertex 1.14752 1.19645 0.0911328
  endloop
 endfacet
 facet normal 0.140807 0.777518 -0.612894
  outer loop
   vertex 1.14752 1.19645 0.0911328
   vertex 1.1472 1.19647 0.0910847
   vertex 1.1472 1.19648 0.0910974
  endloop
 endfacet
 facet normal 0.0869865 0.994534 0.057759
  outer loop
   vertex 1.14752 1.19645 0.0911328
   vertex 1.1472 1.19648 0.0910974
   vertex 1.14751 1.19645 0.0911477
  endloop
 endfacet
 facet normal 0.0861226 0.994294 0.0629412
  outer loop
   vertex 1.14751 1.19645 0.0911477
   vertex 1.1472 1.19648 0.0910974
   vertex 1.14719 1.19648 0.0911111
  endloop
 endfacet
 facet normal 0.131073 0.905866 -0.402775
  outer loop
   vertex 1.14751 1.19645 0.0911477
   vertex 1.14719 1.19648 0.0911111
   vertex 1.14749 1.19646 0.0911637
  endloop
 endfacet
 facet normal 0.143439 0.859226 -0.491076
  outer loop
   vertex 1.14749 1.19646 0.0911637
   vertex 1.14719 1.19648 0.0911111
   vertex 1.14718 1.19649 0.0911257
  endloop
 endfacet
 facet normal 0.139603 0.888892 -0.436328
  outer loop
   vertex 1.14749 1.19646 0.0911637
   vertex 1.14718 1.19649 0.0911257
   vertex 1.14748 1.19647 0.0911809
  endloop
 endfacet
 facet normal 0.143515 0.874824 -0.462695
  outer loop
   vertex 1.14748 1.19647 0.0911809
   vertex 1.14718 1.19649 0.0911257
   vertex 1.14717 1.1965 0.0911413
  endloop
 endfacet
 facet normal 0.0897899 0.994774 0.0486015
  outer loop
   vertex 1.14748 1.19647 0.0911809
   vertex 1.14717 1.1965 0.0911413
   vertex 1.14747 1.19647 0.0911994
  endloop
 endfacet
 facet normal 0.0888682 0.994617 0.0532808
  outer loop
   vertex 1.14747 1.19647 0.0911994
   vertex 1.14717 1.1965 0.0911413
   vertex 1.14716 1.1965 0.0911578
  endloop
 endfacet
 facet normal 0.134279 0.93513 -0.327874
  outer loop
   vertex 1.14747 1.19647 0.0911994
   vertex 1.14716 1.1965 0.0911578
   vertex 1.14734 1.19649 0.0912033
  endloop
 endfacet
 facet normal 0.142213 0.921148 -0.362301
  outer loop
   vertex 1.14734 1.19649 0.0912033
   vertex 1.14716 1.1965 0.0911578
   vertex 1.14714 1.19651 0.0911754
  endloop
 endfacet
 facet normal 0.127995 0.964945 -0.229127
  outer loop
   vertex 1.14734 1.19649 0.0912033
   vertex 1.14714 1.19651 0.0911754
   vertex 1.14719 1.19651 0.0912033
  endloop
 endfacet
 facet normal 0.171485 0.57499 -0.799987
  outer loop
   vertex 1.14817 1.19638 0.0911756
   vertex 1.1484 1.19635 0.0912033
   vertex 1.14817 1.19637 0.0911684
  endloop
 endfacet
 facet normal 0.160325 0.576086 -0.801511
  outer loop
   vertex 1.14817 1.19638 0.0911756
   vertex 1.14817 1.19637 0.0911684
   vertex 1.14801 1.19639 0.0911508
  endloop
 endfacet
 facet normal 0.162655 0.636609 -0.753839
  outer loop
   vertex 1.14801 1.19639 0.0911508
   vertex 1.14817 1.19637 0.0911684
   vertex 1.14802 1.19638 0.0911445
  endloop
 endfacet
 facet normal 0.11944 0.611306 -0.782329
  outer loop
   vertex 1.14801 1.19639 0.0911508
   vertex 1.14802 1.19638 0.0911445
   vertex 1.14786 1.19639 0.0911279
  endloop
 endfacet
 facet normal 0.0624709 0.998047 0
  outer loop
   vertex 1.14786 1.19639 0.0911279
   vertex 1.14802 1.19638 0.0911445
   vertex 1.14786 1.19639 0.0911223
  endloop
 endfacet
 facet normal 0.123398 0.992357 0
  outer loop
   vertex 1.14786 1.19639 0.0911279
   vertex 1.14786 1.19639 0.0911223
   vertex 1.1477 1.19641 0.0911115
  endloop
 endfacet
 facet normal 0.129244 0.619468 -0.77431
  outer loop
   vertex 1.1477 1.19641 0.0911115
   vertex 1.14786 1.19639 0.0911223
   vertex 1.14754 1.19641 0.0910848
  endloop
 endfacet
 facet normal 0.1065 0.762593 -0.638052
  outer loop
   vertex 1.1477 1.19641 0.0911115
   vertex 1.14754 1.19641 0.0910848
   vertex 1.14753 1.19642 0.0910951
  endloop
 endfacet
 facet normal 0.136466 0.773236 -0.619261
  outer loop
   vertex 1.14753 1.19642 0.0910951
   vertex 1.14754 1.19641 0.0910848
   vertex 1.14721 1.19645 0.0910621
  endloop
 endfacet
 facet normal 0.137594 0.729418 -0.670087
  outer loop
   vertex 1.14753 1.19642 0.0910951
   vertex 1.14721 1.19645 0.0910621
   vertex 1.14721 1.19646 0.091073
  endloop
 endfacet
 facet normal 0.142518 0.728905 -0.669616
  outer loop
   vertex 1.14721 1.19646 0.091073
   vertex 1.14721 1.19645 0.0910621
   vertex 1.14689 1.19649 0.0910376
  endloop
 endfacet
 facet normal 0.139201 0.80799 -0.572517
  outer loop
   vertex 1.14721 1.19646 0.091073
   vertex 1.14689 1.19649 0.0910376
   vertex 1.1472 1.19647 0.0910847
  endloop
 endfacet
 facet normal 0.147698 0.738337 -0.658061
  outer loop
   vertex 1.1472 1.19647 0.0910847
   vertex 1.14689 1.19649 0.0910376
   vertex 1.14689 1.1965 0.0910487
  endloop
 endfacet
 facet normal 0.146122 0.776913 -0.612417
  outer loop
   vertex 1.1472 1.19647 0.0910847
   vertex 1.14689 1.1965 0.0910487
   vertex 1.1472 1.19648 0.0910974
  endloop
 endfacet
 facet normal 0.0565744 0.997262 0.0476118
  outer loop
   vertex 1.1472 1.19648 0.0910974
   vertex 1.14689 1.1965 0.0910487
   vertex 1.14688 1.1965 0.0910606
  endloop
 endfacet
 facet normal 0.0572517 0.997483 0.0418414
  outer loop
   vertex 1.1472 1.19648 0.0910974
   vertex 1.14688 1.1965 0.0910606
   vertex 1.14719 1.19648 0.0911111
  endloop
 endfacet
 facet normal 0.141172 0.830314 -0.539119
  outer loop
   vertex 1.14719 1.19648 0.0911111
   vertex 1.14688 1.1965 0.0910606
   vertex 1.14687 1.19651 0.0910734
  endloop
 endfacet
 facet normal 0.138474 0.858409 -0.493922
  outer loop
   vertex 1.14719 1.19648 0.0911111
   vertex 1.14687 1.19651 0.0910734
   vertex 1.14718 1.19649 0.0911257
  endloop
 endfacet
 facet normal 0.150053 0.796094 -0.586274
  outer loop
   vertex 1.14718 1.19649 0.0911257
   vertex 1.14687 1.19651 0.0910734
   vertex 1.14687 1.19652 0.091087
  endloop
 endfacet
 facet normal 0.142294 0.874663 -0.463376
  outer loop
   vertex 1.14718 1.19649 0.0911257
   vertex 1.14687 1.19652 0.091087
   vertex 1.14717 1.1965 0.0911413
  endloop
 endfacet
 facet normal 0.146341 0.858352 -0.491748
  outer loop
   vertex 1.14717 1.1965 0.0911413
   vertex 1.14687 1.19652 0.091087
   vertex 1.14686 1.19653 0.0911015
  endloop
 endfacet
 facet normal 0.089503 0.99454 0.0536614
  outer loop
   vertex 1.14717 1.1965 0.0911413
   vertex 1.14686 1.19653 0.0911015
   vertex 1.14716 1.1965 0.0911578
  endloop
 endfacet
 facet normal 0.172897 0.873322 -0.455429
  outer loop
   vertex 1.14716 1.1965 0.0911578
   vertex 1.14686 1.19653 0.0911015
   vertex 1.14685 1.19654 0.0911169
  endloop
 endfacet
 facet normal 0.164447 0.92602 -0.33977
  outer loop
   vertex 1.14716 1.1965 0.0911578
   vertex 1.14685 1.19654 0.0911169
   vertex 1.14714 1.19651 0.0911754
  endloop
 endfacet
 facet normal 0.0929069 0.994417 0.0500268
  outer loop
   vertex 1.14714 1.19651 0.0911754
   vertex 1.14685 1.19654 0.0911169
   vertex 1.14713 1.19651 0.091194
  endloop
 endfacet
 facet normal 0 1 -0
  outer loop
   vertex 1.14714 1.19651 0.0911754
   vertex 1.14713 1.19651 0.091194
   vertex 1.14719 1.19651 0.0912033
  endloop
 endfacet
 facet normal 0.114948 0.0192134 -0.993186
  outer loop
   vertex 1.14758 1.1963 0.0910499
   vertex 1.14751 1.1963 0.0910418
   vertex 1.14751 1.19631 0.091042
  endloop
 endfacet
 facet normal 0.127453 0.0191839 -0.991659
  outer loop
   vertex 1.14751 1.19631 0.091042
   vertex 1.14751 1.1963 0.0910418
   vertex 1.14736 1.19632 0.0910229
  endloop
 endfacet
 facet normal 0.128243 0.0318509 -0.991231
  outer loop
   vertex 1.14751 1.19631 0.091042
   vertex 1.14736 1.19632 0.0910229
   vertex 1.14752 1.19632 0.0910436
  endloop
 endfacet
 facet normal 0.127402 0.118668 -0.984727
  outer loop
   vertex 1.14752 1.19632 0.0910436
   vertex 1.14736 1.19632 0.0910229
   vertex 1.14736 1.19634 0.0910253
  endloop
 endfacet
 facet normal 0.121738 0.0681033 -0.990223
  outer loop
   vertex 1.14752 1.19632 0.0910436
   vertex 1.14736 1.19634 0.0910253
   vertex 1.14753 1.19634 0.0910462
  endloop
 endfacet
 facet normal 0.119532 0.200945 -0.972283
  outer loop
   vertex 1.14753 1.19634 0.0910462
   vertex 1.14736 1.19634 0.0910253
   vertex 1.14737 1.19635 0.0910286
  endloop
 endfacet
 facet normal 0.123922 0.344164 -0.930696
  outer loop
   vertex 1.14753 1.19634 0.0910462
   vertex 1.14737 1.19635 0.0910286
   vertex 1.14753 1.19635 0.0910499
  endloop
 endfacet
 facet normal 0.126974 0.272935 -0.953616
  outer loop
   vertex 1.14753 1.19635 0.0910499
   vertex 1.14737 1.19635 0.0910286
   vertex 1.14721 1.19638 0.0910159
  endloop
 endfacet
 facet normal 0.129781 0.319923 -0.938513
  outer loop
   vertex 1.14753 1.19635 0.0910499
   vertex 1.14721 1.19638 0.0910159
   vertex 1.14754 1.19636 0.0910547
  endloop
 endfacet
 facet normal 0.130673 0.374153 -0.918114
  outer loop
   vertex 1.14754 1.19636 0.0910547
   vertex 1.14721 1.19638 0.0910159
   vertex 1.14722 1.19639 0.0910214
  endloop
 endfacet
 facet normal 0.125362 0.2804 -0.951662
  outer loop
   vertex 1.14754 1.19636 0.0910547
   vertex 1.14722 1.19639 0.0910214
   vertex 1.14754 1.19638 0.0910606
  endloop
 endfacet
 facet normal 0.119224 0.534697 -0.836592
  outer loop
   vertex 1.14754 1.19638 0.0910606
   vertex 1.14722 1.19639 0.0910214
   vertex 1.14722 1.1964 0.0910278
  endloop
 endfacet
 facet normal 0.119025 0.568654 -0.81392
  outer loop
   vertex 1.14754 1.19638 0.0910606
   vertex 1.14722 1.1964 0.0910278
   vertex 1.14754 1.19639 0.0910676
  endloop
 endfacet
 facet normal 0.126577 0.337256 -0.932865
  outer loop
   vertex 1.14754 1.19639 0.0910676
   vertex 1.14722 1.1964 0.0910278
   vertex 1.14722 1.19642 0.091035
  endloop
 endfacet
 facet normal 0.136728 0.623289 -0.769945
  outer loop
   vertex 1.14754 1.19639 0.0910676
   vertex 1.14722 1.19642 0.091035
   vertex 1.14754 1.1964 0.0910757
  endloop
 endfacet
 facet normal 0.136561 0.62743 -0.766605
  outer loop
   vertex 1.14754 1.1964 0.0910757
   vertex 1.14722 1.19642 0.091035
   vertex 1.14722 1.19643 0.0910432
  endloop
 endfacet
 facet normal 0.136787 0.670466 -0.729222
  outer loop
   vertex 1.14754 1.1964 0.0910757
   vertex 1.14722 1.19643 0.0910432
   vertex 1.14754 1.19641 0.0910848
  endloop
 endfacet
 facet normal 0.137239 0.66215 -0.736697
  outer loop
   vertex 1.14754 1.19641 0.0910848
   vertex 1.14722 1.19643 0.0910432
   vertex 1.14722 1.19644 0.0910522
  endloop
 endfacet
 facet normal 0.136058 0.762052 -0.63306
  outer loop
   vertex 1.14754 1.19641 0.0910848
   vertex 1.14722 1.19644 0.0910522
   vertex 1.14721 1.19645 0.0910621
  endloop
 endfacet
 facet normal 0.140251 0.76355 -0.630334
  outer loop
   vertex 1.14721 1.19645 0.0910621
   vertex 1.14722 1.19644 0.0910522
   vertex 1.14689 1.19648 0.0910273
  endloop
 endfacet
 facet normal 0.141692 0.709911 -0.689891
  outer loop
   vertex 1.14721 1.19645 0.0910621
   vertex 1.14689 1.19648 0.0910273
   vertex 1.14689 1.19649 0.0910376
  endloop
 endfacet
 facet normal 0.116738 0.712243 -0.692158
  outer loop
   vertex 1.14689 1.19649 0.0910376
   vertex 1.14689 1.19648 0.0910273
   vertex 1.14657 1.19651 0.0910041
  endloop
 endfacet
 facet normal 0.115291 0.741546 -0.660922
  outer loop
   vertex 1.14689 1.19649 0.0910376
   vertex 1.14657 1.19651 0.0910041
   vertex 1.14689 1.1965 0.0910487
  endloop
 endfacet
 facet normal 0.118368 0.715085 -0.688943
  outer loop
   vertex 1.14689 1.1965 0.0910487
   vertex 1.14657 1.19651 0.0910041
   vertex 1.14657 1.19652 0.0910145
  endloop
 endfacet
 facet normal 0.115703 0.763018 -0.635938
  outer loop
   vertex 1.14689 1.1965 0.0910487
   vertex 1.14657 1.19652 0.0910145
   vertex 1.14672 1.19652 0.0910418
  endloop
 endfacet
 facet normal 0.111266 0.783339 -0.611555
  outer loop
   vertex 1.14672 1.19652 0.0910418
   vertex 1.14657 1.19652 0.0910145
   vertex 1.14656 1.19653 0.0910255
  endloop
 endfacet
 facet normal 0.11224 0.768 -0.630538
  outer loop
   vertex 1.14672 1.19652 0.0910418
   vertex 1.14656 1.19653 0.0910255
   vertex 1.14672 1.19653 0.091054
  endloop
 endfacet
 facet normal 0.114992 0.754627 -0.645999
  outer loop
   vertex 1.14672 1.19653 0.091054
   vertex 1.14656 1.19653 0.0910255
   vertex 1.14656 1.19654 0.0910372
  endloop
 endfacet
 facet normal 0.109474 0.828273 -0.549526
  outer loop
   vertex 1.14672 1.19653 0.091054
   vertex 1.14656 1.19654 0.0910372
   vertex 1.14671 1.19654 0.0910671
  endloop
 endfacet
 facet normal 0.11317 0.815157 -0.568078
  outer loop
   vertex 1.14671 1.19654 0.0910671
   vertex 1.14656 1.19654 0.0910372
   vertex 1.14655 1.19655 0.0910496
  endloop
 endfacet
 facet normal 0.0579034 0.997463 0.0414168
  outer loop
   vertex 1.14671 1.19654 0.0910671
   vertex 1.14655 1.19655 0.0910496
   vertex 1.1467 1.19654 0.0910811
  endloop
 endfacet
 facet normal 0.164583 0.8404 -0.516372
  outer loop
   vertex 1.1467 1.19654 0.0910811
   vertex 1.14655 1.19655 0.0910496
   vertex 1.14654 1.19656 0.0910627
  endloop
 endfacet
 facet normal 0.16287 0.864874 -0.474833
  outer loop
   vertex 1.1467 1.19654 0.0910811
   vertex 1.14654 1.19656 0.0910627
   vertex 1.14669 1.19655 0.0910959
  endloop
 endfacet
 facet normal 0.180585 0.797949 -0.575037
  outer loop
   vertex 1.14669 1.19655 0.0910959
   vertex 1.14654 1.19656 0.0910627
   vertex 1.14654 1.19657 0.0910766
  endloop
 endfacet
 facet normal 0.174633 0.877907 -0.44585
  outer loop
   vertex 1.14669 1.19655 0.0910959
   vertex 1.14654 1.19657 0.0910766
   vertex 1.14668 1.19656 0.0911117
  endloop
 endfacet
 facet normal 0.0610647 0.99729 0.0410355
  outer loop
   vertex 1.14668 1.19656 0.0911117
   vertex 1.14654 1.19657 0.0910766
   vertex 1.14653 1.19657 0.0910915
  endloop
 endfacet
 facet normal 0.0616245 0.997416 0.0369417
  outer loop
   vertex 1.14668 1.19656 0.0911117
   vertex 1.14653 1.19657 0.0910915
   vertex 1.14667 1.19656 0.0911284
  endloop
 endfacet
 facet normal 0.180057 0.877351 -0.444786
  outer loop
   vertex 1.14667 1.19656 0.0911284
   vertex 1.14653 1.19657 0.0910915
   vertex 1.14652 1.19658 0.0911072
  endloop
 endfacet
 facet normal 0.173347 0.916605 -0.360257
  outer loop
   vertex 1.14667 1.19656 0.0911284
   vertex 1.14652 1.19658 0.0911072
   vertex 1.14664 1.19658 0.0911649
  endloop
 endfacet
 facet normal 0.166829 0.923016 -0.346712
  outer loop
   vertex 1.14664 1.19658 0.0911649
   vertex 1.14652 1.19658 0.0911072
   vertex 1.1465 1.19659 0.0911239
  endloop
 endfacet
 facet normal 0.060595 0.997586 0.0339049
  outer loop
   vertex 1.14664 1.19658 0.0911649
   vertex 1.1465 1.19659 0.0911239
   vertex 1.14649 1.19659 0.0911418
  endloop
 endfacet
 facet normal 0.0587321 0.997733 0.0328626
  outer loop
   vertex 1.14649 1.19659 0.0911418
   vertex 1.1465 1.19659 0.0911239
   vertex 1.14634 1.1966 0.0911058
  endloop
 endfacet
 facet normal 0.164344 0.883392 -0.438874
  outer loop
   vertex 1.14649 1.19659 0.0911418
   vertex 1.14634 1.1966 0.0911058
   vertex 1.14633 1.19661 0.0911222
  endloop
 endfacet
 facet normal 0.351824 0.879022 -0.321777
  outer loop
   vertex 1.14633 1.19661 0.0911222
   vertex 1.14634 1.1966 0.0911058
   vertex 1.14632 1.1966 0.0910839
  endloop
 endfacet
 facet normal -0.220737 0.956194 -0.192269
  outer loop
   vertex 1.14633 1.19661 0.0911222
   vertex 1.14632 1.1966 0.0910839
   vertex 1.14632 1.19661 0.0911337
  endloop
 endfacet
 facet normal 0.0863678 0.994262 -0.0631203
  outer loop
   vertex 1.14719 1.19648 0.0912952
   vertex 1.1472 1.19648 0.0913089
   vertex 1.14752 1.19645 0.0912735
  endloop
 endfacet
 facet normal 0.115098 0.822223 0.557406
  outer loop
   vertex 1.14721 1.19647 0.0913216
   vertex 1.1472 1.19648 0.0913089
   vertex 1.14688 1.1965 0.0913456
  endloop
 endfacet
 facet normal 0.112506 0.829023 0.547781
  outer loop
   vertex 1.14672 1.19653 0.0913521
   vertex 1.14671 1.19654 0.091339
   vertex 1.14655 1.19655 0.0913567
  endloop
 endfacet
 facet normal 0.127857 0.155645 0.979504
  outer loop
   vertex 1.1485 1.19631 0.0912383
   vertex 1.14819 1.19634 0.091274
   vertex 1.14818 1.19633 0.0912769
  endloop
 endfacet
 facet normal 0.111108 0.172184 0.978779
  outer loop
   vertex 1.14818 1.19633 0.0912769
   vertex 1.14819 1.19634 0.091274
   vertex 1.14803 1.19635 0.0912904
  endloop
 endfacet
 facet normal 0.0930765 0.995659 0
  outer loop
   vertex 1.14786 1.19638 0.0912942
   vertex 1.14786 1.19638 0.0912894
   vertex 1.14754 1.19641 0.0913215
  endloop
 endfacet
 facet normal 0.136966 0.533462 0.834661
  outer loop
   vertex 1.14722 1.1964 0.0913785
   vertex 1.14722 1.19639 0.0913849
   vertex 1.14754 1.19636 0.0913516
  endloop
 endfacet
 facet normal 0.138505 0.0198916 0.990162
  outer loop
   vertex 1.1474 1.1963 0.0913779
   vertex 1.14735 1.19631 0.0913847
   vertex 1.14735 1.1963 0.0913849
  endloop
 endfacet
 facet normal 0.11035 -0.0891506 0.989886
  outer loop
   vertex 1.14758 1.1963 0.0913567
   vertex 1.14752 1.19631 0.0913643
   vertex 1.14751 1.1963 0.0913645
  endloop
 endfacet
 facet normal 0.123354 0.0302589 0.991901
  outer loop
   vertex 1.14775 1.1963 0.0913354
   vertex 1.14768 1.19631 0.0913438
   vertex 1.14768 1.1963 0.0913441
  endloop
 endfacet
 facet normal 0.104933 0.458032 0.882721
  outer loop
   vertex 1.14869 1.1963 0.0912183
   vertex 1.14878 1.1963 0.0912076
   vertex 1.1485 1.19632 0.0912305
  endloop
 endfacet
 facet normal 0.154543 0.893931 0.420719
  outer loop
   vertex 1.14734 1.19649 0.0912033
   vertex 1.14715 1.19651 0.0912308
   vertex 1.14716 1.1965 0.0912484
  endloop
 endfacet
 facet normal 0.164558 0.986367 0
  outer loop
   vertex 1.14644 1.1966 0.0912032
   vertex 1.14632 1.19662 0.0912033
   vertex 1.14632 1.19662 0.091246
  endloop
 endfacet
 facet normal 0.123111 -0.0337911 0.991817
  outer loop
   vertex 1.14637 1.19632 0.0915062
   vertex 1.14623 1.1963 0.0915229
   vertex 1.14652 1.1963 0.0914869
  endloop
 endfacet
 facet normal 0.119642 0.0826304 0.989372
  outer loop
   vertex 1.14638 1.19635 0.0915025
   vertex 1.14624 1.19633 0.0915211
   vertex 1.14637 1.19632 0.0915062
  endloop
 endfacet
 facet normal 0.0758578 0.997119 0
  outer loop
   vertex 1.14637 1.19632 0.0915062
   vertex 1.14624 1.19633 0.0915211
   vertex 1.14624 1.19633 0.0915216
  endloop
 endfacet
 facet normal 0.117876 0.00382289 0.993021
  outer loop
   vertex 1.14637 1.19632 0.0915062
   vertex 1.14624 1.19633 0.0915216
   vertex 1.14623 1.1963 0.0915229
  endloop
 endfacet
 facet normal 0.119264 0.120671 0.985502
  outer loop
   vertex 1.1464 1.19638 0.0914964
   vertex 1.14625 1.19636 0.091517
   vertex 1.14638 1.19635 0.0915025
  endloop
 endfacet
 facet normal 0.0768364 0.997044 0
  outer loop
   vertex 1.14638 1.19635 0.0915025
   vertex 1.14625 1.19636 0.091517
   vertex 1.14625 1.19636 0.0915174
  endloop
 endfacet
 facet normal 0.11977 0.081792 0.989427
  outer loop
   vertex 1.14638 1.19635 0.0915025
   vertex 1.14625 1.19636 0.0915174
   vertex 1.14624 1.19633 0.0915211
  endloop
 endfacet
 facet normal 0.115329 0.587725 0.800798
  outer loop
   vertex 1.1469 1.19644 0.0914051
   vertex 1.14628 1.19648 0.091465
   vertex 1.14658 1.19644 0.0914512
  endloop
 endfacet
 facet normal 0.130469 0.755991 0.641447
  outer loop
   vertex 1.14658 1.19644 0.0914512
   vertex 1.14628 1.19648 0.091465
   vertex 1.14628 1.19647 0.0914768
  endloop
 endfacet
 facet normal 0.118076 0.407007 0.905761
  outer loop
   vertex 1.14658 1.19644 0.0914512
   vertex 1.14628 1.19647 0.0914768
   vertex 1.14627 1.19644 0.0914916
  endloop
 endfacet
 facet normal 0.122843 0.734021 0.667924
  outer loop
   vertex 1.14657 1.19653 0.0913808
   vertex 1.14631 1.19656 0.0913956
   vertex 1.14657 1.19652 0.0913918
  endloop
 endfacet
 facet normal 0.113233 0.664971 0.738236
  outer loop
   vertex 1.14657 1.19652 0.0913918
   vertex 1.14631 1.19656 0.0913956
   vertex 1.1463 1.19653 0.0914242
  endloop
 endfacet
 facet normal 0.10957 0.712578 0.692984
  outer loop
   vertex 1.14657 1.19652 0.0913918
   vertex 1.1463 1.19653 0.0914242
   vertex 1.14657 1.19651 0.0914021
  endloop
 endfacet
 facet normal 0.109174 0.58565 0.803178
  outer loop
   vertex 1.14657 1.19651 0.0914021
   vertex 1.1463 1.19653 0.0914242
   vertex 1.1463 1.19652 0.0914315
  endloop
 endfacet
 facet normal 0.100688 0.729877 0.676123
  outer loop
   vertex 1.14657 1.19651 0.0914021
   vertex 1.1463 1.19652 0.0914315
   vertex 1.14629 1.19651 0.0914438
  endloop
 endfacet
 facet normal 0.285587 0.9384 -0.194541
  outer loop
   vertex 1.14636 1.19659 0.0913158
   vertex 1.14632 1.1966 0.0913053
   vertex 1.14637 1.19659 0.0913305
  endloop
 endfacet
 facet normal -0.0237063 0.91199 0.409527
  outer loop
   vertex 1.14637 1.19659 0.0913305
   vertex 1.14632 1.1966 0.0913053
   vertex 1.14632 1.19659 0.0913276
  endloop
 endfacet
 facet normal -0.034481 0.802495 0.595661
  outer loop
   vertex 1.14637 1.19659 0.0913305
   vertex 1.14632 1.19659 0.0913276
   vertex 1.14638 1.19658 0.0913444
  endloop
 endfacet
 facet normal 0.124217 0.992255 -0
  outer loop
   vertex 1.14632 1.19662 0.091246
   vertex 1.14632 1.19662 0.0912562
   vertex 1.14648 1.1966 0.0912453
  endloop
 endfacet
 facet normal 0.130734 0.984186 -0.119528
  outer loop
   vertex 1.14659 1.19658 0.0912033
   vertex 1.14644 1.1966 0.0912032
   vertex 1.14646 1.1966 0.0912251
  endloop
 endfacet
 facet normal 0.124026 0.985778 -0.113396
  outer loop
   vertex 1.14644 1.1966 0.0912032
   vertex 1.14632 1.19662 0.091246
   vertex 1.14646 1.1966 0.0912251
  endloop
 endfacet
 facet normal 0.122782 0.985028 -0.121016
  outer loop
   vertex 1.14646 1.1966 0.0912251
   vertex 1.14632 1.19662 0.091246
   vertex 1.14648 1.1966 0.0912453
  endloop
 endfacet
 facet normal 0.129286 0.983386 -0.127427
  outer loop
   vertex 1.14646 1.1966 0.0912251
   vertex 1.14648 1.1966 0.0912453
   vertex 1.14659 1.19658 0.0912033
  endloop
 endfacet
 facet normal 0.0899587 0.988475 -0.121757
  outer loop
   vertex 1.14689 1.19655 0.0912033
   vertex 1.14678 1.19656 0.0912033
   vertex 1.1468 1.19656 0.0912181
  endloop
 endfacet
 facet normal 0.0521243 0.996146 -0.0705489
  outer loop
   vertex 1.1468 1.19656 0.0912181
   vertex 1.14678 1.19656 0.0912033
   vertex 1.14664 1.19657 0.0912412
  endloop
 endfacet
 facet normal 0.128126 0.980773 0.147201
  outer loop
   vertex 1.14712 1.19652 0.0912033
   vertex 1.14689 1.19655 0.0912033
   vertex 1.14683 1.19655 0.0912556
  endloop
 endfacet
 facet normal 0.12916 0.973724 0.187563
  outer loop
   vertex 1.14734 1.19649 0.0912033
   vertex 1.14719 1.19651 0.0912033
   vertex 1.14715 1.19651 0.0912308
  endloop
 endfacet
 facet normal 0 1 0
  outer loop
   vertex 1.14715 1.19651 0.0912308
   vertex 1.14719 1.19651 0.0912033
   vertex 1.14713 1.19651 0.0912122
  endloop
 endfacet
 facet normal 0.110237 0.660109 0.743037
  outer loop
   vertex 1.14713 1.19651 0.0912122
   vertex 1.14719 1.19651 0.0912033
   vertex 1.14713 1.19652 0.0912033
  endloop
 endfacet
 facet normal 0 1 0
  outer loop
   vertex 1.14749 1.19647 0.0912033
   vertex 1.14747 1.19647 0.0912033
   vertex 1.14747 1.19647 0.0912069
  endloop
 endfacet
 facet normal 0 1 0
  outer loop
   vertex 1.14747 1.19647 0.0912069
   vertex 1.14747 1.19647 0.0912033
   vertex 1.14746 1.19647 0.0912033
  endloop
 endfacet
 facet normal 0.149738 0.896645 -0.416662
  outer loop
   vertex 1.14747 1.19647 0.0912069
   vertex 1.14746 1.19647 0.0912033
   vertex 1.14734 1.19649 0.0912033
  endloop
 endfacet
 facet normal 0 1 0
  outer loop
   vertex 1.14748 1.19647 0.0912253
   vertex 1.14749 1.19647 0.0912033
   vertex 1.14747 1.19647 0.0912069
  endloop
 endfacet
 facet normal 0.0895142 0.994794 -0.0487073
  outer loop
   vertex 1.14748 1.19647 0.0912253
   vertex 1.14747 1.19647 0.0912069
   vertex 1.14716 1.1965 0.0912484
  endloop
 endfacet
 facet normal 0.134648 0.933386 0.332656
  outer loop
   vertex 1.14716 1.1965 0.0912484
   vertex 1.14747 1.19647 0.0912069
   vertex 1.14734 1.19649 0.0912033
  endloop
 endfacet
 facet normal 0.132062 0.988895 -0.0681612
  outer loop
   vertex 1.14765 1.19645 0.0912227
   vertex 1.14779 1.19643 0.0912033
   vertex 1.14764 1.19645 0.0912033
  endloop
 endfacet
 facet normal 0 0.81663 0.577161
  outer loop
   vertex 1.14798 1.19641 0.0912034
   vertex 1.14795 1.19641 0.0912034
   vertex 1.14799 1.1964 0.0912174
  endloop
 endfacet
 facet normal 0 0.81663 0.577161
  outer loop
   vertex 1.14799 1.1964 0.0912174
   vertex 1.14795 1.19641 0.0912034
   vertex 1.14794 1.19641 0.0912034
  endloop
 endfacet
 facet normal 0.162129 0.809678 0.564035
  outer loop
   vertex 1.14825 1.19637 0.0912033
   vertex 1.14815 1.19639 0.0912033
   vertex 1.14816 1.19638 0.0912148
  endloop
 endfacet
 facet normal 0 0.950694 -0.310129
  outer loop
   vertex 1.14815 1.19639 0.0912033
   vertex 1.1481 1.19639 0.0912033
   vertex 1.148 1.1964 0.091234
  endloop
 endfacet
 facet normal 0.0840706 0.995168 -0.0507141
  outer loop
   vertex 1.148 1.1964 0.091234
   vertex 1.1481 1.19639 0.0912033
   vertex 1.14799 1.1964 0.0912174
  endloop
 endfacet
 facet normal 0.141927 0.853372 0.501611
  outer loop
   vertex 1.14799 1.1964 0.0912174
   vertex 1.1481 1.19639 0.0912033
   vertex 1.14798 1.19641 0.0912034
  endloop
 endfacet
 facet normal 0.168742 0.811326 0.559711
  outer loop
   vertex 1.14815 1.19639 0.0912033
   vertex 1.148 1.1964 0.091234
   vertex 1.14816 1.19638 0.0912148
  endloop
 endfacet
 facet normal 0.124217 0.992255 -0
  outer loop
   vertex 1.14816 1.19638 0.0912148
   vertex 1.148 1.1964 0.091234
   vertex 1.14816 1.19638 0.091223
  endloop
 endfacet
 facet normal 0.110576 0.993868 -0
  outer loop
   vertex 1.14816 1.19638 0.0912148
   vertex 1.14816 1.19638 0.091223
   vertex 1.14825 1.19637 0.0912033
  endloop
 endfacet
 facet normal 0.132332 0.990913 0.0240929
  outer loop
   vertex 1.14817 1.19638 0.0912308
   vertex 1.1484 1.19635 0.0912033
   vertex 1.14825 1.19637 0.0912033
  endloop
 endfacet
 facet normal 0.150599 0.520351 0.840568
  outer loop
   vertex 1.14818 1.19637 0.0912448
   vertex 1.14818 1.19636 0.091251
   vertex 1.14855 1.19633 0.0912033
  endloop
 endfacet
 facet normal 0.127072 0.89869 0.419773
  outer loop
   vertex 1.14855 1.19633 0.0912033
   vertex 1.14818 1.19636 0.091251
   vertex 1.14862 1.19632 0.0912033
  endloop
 endfacet
 facet normal 0.0903898 0.995906 0
  outer loop
   vertex 1.14862 1.19632 0.0912033
   vertex 1.14818 1.19636 0.091251
   vertex 1.14818 1.19636 0.0912567
  endloop
 endfacet
 facet normal 0.100554 0.334894 0.936875
  outer loop
   vertex 1.14878 1.1963 0.0912076
   vertex 1.14882 1.1963 0.0912033
   vertex 1.1485 1.19632 0.0912305
  endloop
 endfacet
 facet normal 0.104593 0.522964 0.845913
  outer loop
   vertex 1.1485 1.19632 0.0912305
   vertex 1.14882 1.1963 0.0912033
   vertex 1.14877 1.19631 0.0912033
  endloop
 endfacet
 facet normal 0.101767 0.045195 0.993781
  outer loop
   vertex 1.1485 1.19632 0.0912305
   vertex 1.14877 1.19631 0.0912033
   vertex 1.14818 1.19635 0.0912619
  endloop
 endfacet
 facet normal 0.113241 0.791338 0.6008
  outer loop
   vertex 1.14818 1.19635 0.0912619
   vertex 1.14877 1.19631 0.0912033
   vertex 1.1487 1.19632 0.0912033
  endloop
 endfacet
 facet normal 1 0 0
  outer loop
   vertex 1.14809 1.19631 0.0912925
   vertex 1.14809 1.1963 0.0912931
   vertex 1.14809 1.1963 0.0912928
  endloop
 endfacet
 facet normal 0.127536 0.0596674 0.990038
  outer loop
   vertex 1.14801 1.19631 0.0913028
   vertex 1.14801 1.1963 0.0913034
   vertex 1.14809 1.1963 0.0912931
  endloop
 endfacet
 facet normal 0.117926 -0.00857966 0.992985
  outer loop
   vertex 1.14785 1.19631 0.0913225
   vertex 1.14792 1.1963 0.0913141
   vertex 1.14793 1.19631 0.091313
  endloop
 endfacet
 facet normal 0.059343 0.0504416 0.996962
  outer loop
   vertex 1.14793 1.19631 0.091313
   vertex 1.14792 1.1963 0.0913141
   vertex 1.14793 1.1963 0.0913135
  endloop
 endfacet
 facet normal 0.125151 0.0501333 0.99087
  outer loop
   vertex 1.14793 1.19631 0.091313
   vertex 1.14793 1.1963 0.0913135
   vertex 1.14801 1.1963 0.0913034
  endloop
 endfacet
 facet normal 0.117573 -0.0777959 0.990012
  outer loop
   vertex 1.14785 1.19631 0.0913233
   vertex 1.14777 1.19631 0.0913328
   vertex 1.14784 1.1963 0.0913237
  endloop
 endfacet
 facet normal 0.126472 -0.0172536 0.99182
  outer loop
   vertex 1.14784 1.1963 0.0913237
   vertex 1.14777 1.19631 0.0913328
   vertex 1.14776 1.1963 0.0913339
  endloop
 endfacet
 facet normal 0.11836 0.019944 0.99277
  outer loop
   vertex 1.14735 1.1963 0.0913849
   vertex 1.14735 1.19631 0.0913847
   vertex 1.14723 1.1963 0.0913992
  endloop
 endfacet
 facet normal 0.11953 0.00599958 0.992813
  outer loop
   vertex 1.14723 1.1963 0.0913992
   vertex 1.14735 1.19631 0.0913847
   vertex 1.14719 1.19632 0.0914039
  endloop
 endfacet
 facet normal 0.145493 0.0591525 0.987589
  outer loop
   vertex 1.14723 1.1963 0.0913992
   vertex 1.14719 1.19632 0.0914039
   vertex 1.14719 1.1963 0.0914051
  endloop
 endfacet
 facet normal 0.126491 0.0013359 0.991967
  outer loop
   vertex 1.14703 1.19632 0.0914244
   vertex 1.14702 1.1963 0.0914257
   vertex 1.14718 1.1963 0.0914053
  endloop
 endfacet
 facet normal 0.138164 0.0429529 0.989478
  outer loop
   vertex 1.14687 1.19633 0.0914433
   vertex 1.14686 1.1963 0.091446
   vertex 1.14689 1.1963 0.0914418
  endloop
 endfacet
 facet normal 0.11849 -0.00974731 0.992907
  outer loop
   vertex 1.14654 1.1963 0.0914844
   vertex 1.14669 1.1963 0.0914665
   vertex 1.1467 1.19632 0.0914655
  endloop
 endfacet
 facet normal 0.126479 -0.0137933 0.991873
  outer loop
   vertex 1.1467 1.19632 0.0914655
   vertex 1.14669 1.1963 0.0914665
   vertex 1.14685 1.1963 0.0914461
  endloop
 endfacet
 facet normal 0.232989 0.00314795 0.972474
  outer loop
   vertex 1.14654 1.19633 0.0914843
   vertex 1.14653 1.1963 0.0914868
   vertex 1.14654 1.1963 0.0914844
  endloop
 endfacet
 facet normal 0.107324 0.384718 0.916774
  outer loop
   vertex 1.14657 1.19639 0.0914723
   vertex 1.1464 1.1964 0.091488
   vertex 1.1464 1.19638 0.0914964
  endloop
 endfacet
 facet normal 0.12037 0.384139 0.915395
  outer loop
   vertex 1.1464 1.19638 0.0914964
   vertex 1.1464 1.1964 0.091488
   vertex 1.14626 1.19639 0.0915106
  endloop
 endfacet
 facet normal 0.111585 0.171349 0.978871
  outer loop
   vertex 1.1464 1.19638 0.0914964
   vertex 1.14626 1.19639 0.0915106
   vertex 1.14625 1.19636 0.091517
  endloop
 endfacet
 facet normal 0.126744 0.191189 0.973336
  outer loop
   vertex 1.14657 1.19639 0.0914723
   vertex 1.1464 1.19638 0.0914964
   vertex 1.14656 1.19636 0.0914795
  endloop
 endfacet
 facet normal 0.119206 0.12071 0.985504
  outer loop
   vertex 1.14656 1.19636 0.0914795
   vertex 1.1464 1.19638 0.0914964
   vertex 1.14638 1.19635 0.0915025
  endloop
 endfacet
 facet normal 0.122144 0.0771025 0.989513
  outer loop
   vertex 1.14656 1.19636 0.0914795
   vertex 1.14638 1.19635 0.0915025
   vertex 1.14654 1.19633 0.0914843
  endloop
 endfacet
 facet normal 0.122658 0.0815981 0.989089
  outer loop
   vertex 1.14654 1.19633 0.0914843
   vertex 1.14638 1.19635 0.0915025
   vertex 1.14637 1.19632 0.0915062
  endloop
 endfacet
 facet normal 0.125318 0.0407498 0.991279
  outer loop
   vertex 1.14654 1.19633 0.0914843
   vertex 1.14637 1.19632 0.0915062
   vertex 1.14653 1.1963 0.0914868
  endloop
 endfacet
 facet normal 0.00779823 -0.662942 0.74863
  outer loop
   vertex 1.14653 1.1963 0.0914868
   vertex 1.14637 1.19632 0.0915062
   vertex 1.14652 1.1963 0.0914869
  endloop
 endfacet
 facet normal -0 -1 -0
  outer loop
   vertex 1.14653 1.1963 0.0914868
   vertex 1.14652 1.1963 0.0914869
   vertex 1.14654 1.1963 0.0914844
  endloop
 endfacet
 facet normal 0.116895 0.00321484 0.993139
  outer loop
   vertex 1.14654 1.1963 0.0914844
   vertex 1.1467 1.19632 0.0914655
   vertex 1.14654 1.19633 0.0914843
  endloop
 endfacet
 facet normal 0.121458 0.0849423 0.988955
  outer loop
   vertex 1.14654 1.19633 0.0914843
   vertex 1.1467 1.19632 0.0914655
   vertex 1.14671 1.19635 0.0914617
  endloop
 endfacet
 facet normal 0.122479 0.0768769 0.989489
  outer loop
   vertex 1.14654 1.19633 0.0914843
   vertex 1.14671 1.19635 0.0914617
   vertex 1.14656 1.19636 0.0914795
  endloop
 endfacet
 facet normal 0.124848 0.120721 0.984804
  outer loop
   vertex 1.14656 1.19636 0.0914795
   vertex 1.14671 1.19635 0.0914617
   vertex 1.14673 1.19638 0.0914555
  endloop
 endfacet
 facet normal 0.114523 0.195424 0.974009
  outer loop
   vertex 1.14656 1.19636 0.0914795
   vertex 1.14673 1.19638 0.0914555
   vertex 1.14657 1.19639 0.0914723
  endloop
 endfacet
 facet normal 0.118116 0.297476 0.947395
  outer loop
   vertex 1.14657 1.19639 0.0914723
   vertex 1.14673 1.19638 0.0914555
   vertex 1.14657 1.19642 0.0914629
  endloop
 endfacet
 facet normal 0.105166 0.297912 0.948783
  outer loop
   vertex 1.14657 1.19639 0.0914723
   vertex 1.14657 1.19642 0.0914629
   vertex 1.1464 1.1964 0.091488
  endloop
 endfacet
 facet normal 0.118112 0.563389 0.817705
  outer loop
   vertex 1.14754 1.19638 0.0913457
   vertex 1.14754 1.19639 0.0913388
   vertex 1.14722 1.19641 0.0913713
  endloop
 endfacet
 facet normal 0.116768 0.376149 0.919172
  outer loop
   vertex 1.14722 1.19641 0.0913713
   vertex 1.14754 1.19639 0.0913388
   vertex 1.14722 1.19643 0.0913631
  endloop
 endfacet
 facet normal 0.121147 0.375951 0.918686
  outer loop
   vertex 1.14722 1.19641 0.0913713
   vertex 1.14722 1.19643 0.0913631
   vertex 1.1469 1.19645 0.0913971
  endloop
 endfacet
 facet normal 0.120377 0.651186 0.74931
  outer loop
   vertex 1.1469 1.19645 0.0913971
   vertex 1.14722 1.19643 0.0913631
   vertex 1.1469 1.19646 0.0913884
  endloop
 endfacet
 facet normal 0.12134 0.651109 0.749222
  outer loop
   vertex 1.1469 1.19645 0.0913971
   vertex 1.1469 1.19646 0.0913884
   vertex 1.14629 1.19651 0.0914438
  endloop
 endfacet
 facet normal 0.116335 0.425653 0.897377
  outer loop
   vertex 1.14629 1.19651 0.0914438
   vertex 1.1469 1.19646 0.0913884
   vertex 1.1469 1.19648 0.0913789
  endloop
 endfacet
 facet normal 0.111787 0.651168 0.750656
  outer loop
   vertex 1.14629 1.19651 0.0914438
   vertex 1.1469 1.19648 0.0913789
   vertex 1.14657 1.19651 0.0914021
  endloop
 endfacet
 facet normal 0.1139 0.765312 0.633501
  outer loop
   vertex 1.14657 1.19651 0.0914021
   vertex 1.1469 1.19648 0.0913789
   vertex 1.14689 1.19649 0.0913686
  endloop
 endfacet
 facet normal 0.116749 0.711992 0.692414
  outer loop
   vertex 1.14657 1.19651 0.0914021
   vertex 1.14689 1.19649 0.0913686
   vertex 1.14657 1.19652 0.0913918
  endloop
 endfacet
 facet normal 0.138296 0.533363 0.834505
  outer loop
   vertex 1.14722 1.19639 0.0913849
   vertex 1.14722 1.1964 0.0913785
   vertex 1.1469 1.19642 0.0914188
  endloop
 endfacet
 facet normal 0.137761 0.559267 0.817461
  outer loop
   vertex 1.14722 1.1964 0.0913785
   vertex 1.1469 1.19644 0.0914051
   vertex 1.1469 1.19642 0.0914188
  endloop
 endfacet
 facet normal 0.118031 0.560704 0.819561
  outer loop
   vertex 1.1469 1.19642 0.0914188
   vertex 1.1469 1.19644 0.0914051
   vertex 1.14658 1.19644 0.0914512
  endloop
 endfacet
 facet normal 0.117819 0.456507 0.881884
  outer loop
   vertex 1.1469 1.19642 0.0914188
   vertex 1.14658 1.19644 0.0914512
   vertex 1.14657 1.19642 0.0914629
  endloop
 endfacet
 facet normal 0.114926 0.457789 0.881602
  outer loop
   vertex 1.14657 1.19642 0.0914629
   vertex 1.14658 1.19644 0.0914512
   vertex 1.14627 1.19644 0.0914916
  endloop
 endfacet
 facet normal 0.109569 0.270132 0.956569
  outer loop
   vertex 1.14657 1.19642 0.0914629
   vertex 1.14627 1.19644 0.0914916
   vertex 1.1464 1.1964 0.091488
  endloop
 endfacet
 facet normal 0.158967 0.437307 0.885151
  outer loop
   vertex 1.1464 1.1964 0.091488
   vertex 1.14627 1.19644 0.0914916
   vertex 1.14627 1.19642 0.0915015
  endloop
 endfacet
 facet normal 0.137377 0.245981 0.95949
  outer loop
   vertex 1.1464 1.1964 0.091488
   vertex 1.14627 1.19642 0.0915015
   vertex 1.14626 1.19639 0.0915106
  endloop
 endfacet
 facet normal 0.12083 0.23575 0.964273
  outer loop
   vertex 1.14753 1.19634 0.0913601
   vertex 1.14754 1.19635 0.0913564
   vertex 1.14737 1.19635 0.0913777
  endloop
 endfacet
 facet normal 0.121894 0.197153 0.972765
  outer loop
   vertex 1.14737 1.19635 0.0913777
   vertex 1.14754 1.19635 0.0913564
   vertex 1.14722 1.19638 0.0913904
  endloop
 endfacet
 facet normal 0.117137 0.171077 0.97827
  outer loop
   vertex 1.14737 1.19635 0.0913777
   vertex 1.14722 1.19638 0.0913904
   vertex 1.14721 1.19636 0.0913951
  endloop
 endfacet
 facet normal 0.121623 0.168799 0.978118
  outer loop
   vertex 1.14721 1.19636 0.0913951
   vertex 1.14722 1.19638 0.0913904
   vertex 1.14689 1.19639 0.0914297
  endloop
 endfacet
 facet normal 0.12189 0.14427 0.982003
  outer loop
   vertex 1.14721 1.19635 0.0913988
   vertex 1.14689 1.19638 0.0914341
   vertex 1.14704 1.19635 0.0914199
  endloop
 endfacet
 facet normal 0.117984 0.123194 0.985344
  outer loop
   vertex 1.14689 1.19638 0.0914341
   vertex 1.14688 1.19636 0.0914378
   vertex 1.14704 1.19635 0.0914199
  endloop
 endfacet
 facet normal 0.118789 0.14032 0.982955
  outer loop
   vertex 1.14704 1.19635 0.0914199
   vertex 1.14688 1.19636 0.0914378
   vertex 1.14687 1.19633 0.0914433
  endloop
 endfacet
 facet normal 0.123195 0.107151 0.986581
  outer loop
   vertex 1.14704 1.19635 0.0914199
   vertex 1.14687 1.19633 0.0914433
   vertex 1.14703 1.19632 0.0914244
  endloop
 endfacet
 facet normal 0.119118 0.0300576 0.992425
  outer loop
   vertex 1.14703 1.19632 0.0914244
   vertex 1.14687 1.19633 0.0914433
   vertex 1.14689 1.1963 0.0914418
  endloop
 endfacet
 facet normal 0.12297 0.00312498 0.992406
  outer loop
   vertex 1.14703 1.19632 0.0914244
   vertex 1.14689 1.1963 0.0914418
   vertex 1.14702 1.1963 0.0914257
  endloop
 endfacet
 facet normal 0.120264 -0.0989879 0.987795
  outer loop
   vertex 1.14751 1.1963 0.0913645
   vertex 1.14752 1.19631 0.0913643
   vertex 1.1474 1.1963 0.0913779
  endloop
 endfacet
 facet normal 0.115597 -0.0365348 0.992624
  outer loop
   vertex 1.1474 1.1963 0.0913779
   vertex 1.14752 1.19631 0.0913643
   vertex 1.14736 1.19632 0.0913833
  endloop
 endfacet
 facet normal 0.135277 0.00331742 0.990802
  outer loop
   vertex 1.1474 1.1963 0.0913779
   vertex 1.14736 1.19632 0.0913833
   vertex 1.14735 1.19631 0.0913847
  endloop
 endfacet
 facet normal 0.117475 0.0214049 0.992845
  outer loop
   vertex 1.14735 1.19631 0.0913847
   vertex 1.14736 1.19632 0.0913833
   vertex 1.1472 1.19634 0.0914018
  endloop
 endfacet
 facet normal 0.121728 0.0434252 0.991613
  outer loop
   vertex 1.14735 1.19631 0.0913847
   vertex 1.1472 1.19634 0.0914018
   vertex 1.14719 1.19632 0.0914039
  endloop
 endfacet
 facet normal 0.124924 0.0302529 0.991705
  outer loop
   vertex 1.14768 1.1963 0.0913441
   vertex 1.14768 1.19631 0.0913438
   vertex 1.14758 1.1963 0.0913567
  endloop
 endfacet
 facet normal 0.121497 0.0630393 0.990588
  outer loop
   vertex 1.14758 1.1963 0.0913567
   vertex 1.14768 1.19631 0.0913438
   vertex 1.14752 1.19632 0.0913628
  endloop
 endfacet
 facet normal 0.1482 0.146987 0.977973
  outer loop
   vertex 1.14758 1.1963 0.0913567
   vertex 1.14752 1.19632 0.0913628
   vertex 1.14752 1.19631 0.0913643
  endloop
 endfacet
 facet normal 0.13841 0.147198 0.979375
  outer loop
   vertex 1.14752 1.19631 0.0913643
   vertex 1.14752 1.19632 0.0913628
   vertex 1.14737 1.19634 0.091381
  endloop
 endfacet
 facet normal 0.121076 0.0537244 0.991188
  outer loop
   vertex 1.14752 1.19631 0.0913643
   vertex 1.14737 1.19634 0.091381
   vertex 1.14736 1.19632 0.0913833
  endloop
 endfacet
 facet normal 0.113944 0.0573856 0.991828
  outer loop
   vertex 1.14736 1.19632 0.0913833
   vertex 1.14737 1.19634 0.091381
   vertex 1.14721 1.19635 0.0913988
  endloop
 endfacet
 facet normal 0.133043 0.160233 0.978072
  outer loop
   vertex 1.14736 1.19632 0.0913833
   vertex 1.14721 1.19635 0.0913988
   vertex 1.1472 1.19634 0.0914018
  endloop
 endfacet
 facet normal 0.121347 0.171797 0.97763
  outer loop
   vertex 1.1472 1.19634 0.0914018
   vertex 1.14721 1.19635 0.0913988
   vertex 1.14704 1.19635 0.0914199
  endloop
 endfacet
 facet normal 0.115175 0.0467878 0.992243
  outer loop
   vertex 1.1472 1.19634 0.0914018
   vertex 1.14704 1.19635 0.0914199
   vertex 1.14719 1.19632 0.0914039
  endloop
 endfacet
 facet normal 0.126365 0.106048 0.986299
  outer loop
   vertex 1.14719 1.19632 0.0914039
   vertex 1.14704 1.19635 0.0914199
   vertex 1.14703 1.19632 0.0914244
  endloop
 endfacet
 facet normal 0.126858 0.0593056 0.990146
  outer loop
   vertex 1.14719 1.19632 0.0914039
   vertex 1.14703 1.19632 0.0914244
   vertex 1.14719 1.1963 0.0914051
  endloop
 endfacet
 facet normal 0.0156617 -0.626075 0.779605
  outer loop
   vertex 1.14719 1.1963 0.0914051
   vertex 1.14703 1.19632 0.0914244
   vertex 1.14718 1.1963 0.0914053
  endloop
 endfacet
 facet normal -0 -1 -0
  outer loop
   vertex 1.14719 1.1963 0.0914051
   vertex 1.14718 1.1963 0.0914053
   vertex 1.14723 1.1963 0.0913992
  endloop
 endfacet
 facet normal 0.117251 0.547967 0.828241
  outer loop
   vertex 1.14629 1.19651 0.0914438
   vertex 1.14628 1.19648 0.091465
   vertex 1.1469 1.19645 0.0913971
  endloop
 endfacet
 facet normal 0.115029 0.620126 0.776023
  outer loop
   vertex 1.1469 1.19645 0.0913971
   vertex 1.14628 1.19648 0.091465
   vertex 1.1469 1.19644 0.0914051
  endloop
 endfacet
 facet normal 0.139761 0.618143 0.773542
  outer loop
   vertex 1.1469 1.19645 0.0913971
   vertex 1.1469 1.19644 0.0914051
   vertex 1.14722 1.19641 0.0913713
  endloop
 endfacet
 facet normal 0.139302 0.582903 0.800512
  outer loop
   vertex 1.14722 1.19641 0.0913713
   vertex 1.1469 1.19644 0.0914051
   vertex 1.14722 1.1964 0.0913785
  endloop
 endfacet
 facet normal 0.11888 0.584468 0.802661
  outer loop
   vertex 1.14722 1.19641 0.0913713
   vertex 1.14722 1.1964 0.0913785
   vertex 1.14754 1.19638 0.0913457
  endloop
 endfacet
 facet normal 0.115266 0.280746 0.952835
  outer loop
   vertex 1.14754 1.19638 0.0913457
   vertex 1.14722 1.1964 0.0913785
   vertex 1.14754 1.19636 0.0913516
  endloop
 endfacet
 facet normal 0.114938 0.280757 0.952872
  outer loop
   vertex 1.14754 1.19638 0.0913457
   vertex 1.14754 1.19636 0.0913516
   vertex 1.1477 1.19636 0.0913323
  endloop
 endfacet
 facet normal 0.115963 0.249641 0.96137
  outer loop
   vertex 1.1477 1.19636 0.0913323
   vertex 1.14754 1.19636 0.0913516
   vertex 1.1477 1.19635 0.0913349
  endloop
 endfacet
 facet normal 0.117686 0.24959 0.961174
  outer loop
   vertex 1.1477 1.19636 0.0913323
   vertex 1.1477 1.19635 0.0913349
   vertex 1.14786 1.19634 0.0913179
  endloop
 endfacet
 facet normal 0.119533 0.457591 0.881092
  outer loop
   vertex 1.14802 1.19637 0.0912732
   vertex 1.14818 1.19635 0.0912619
   vertex 1.14818 1.19636 0.0912567
  endloop
 endfacet
 facet normal 0.125529 0.45725 0.880435
  outer loop
   vertex 1.14818 1.19636 0.0912567
   vertex 1.14818 1.19635 0.0912619
   vertex 1.1487 1.19632 0.0912033
  endloop
 endfacet
 facet normal 0 0.800817 -0.598909
  outer loop
   vertex 1.14818 1.19636 0.0912567
   vertex 1.1487 1.19632 0.0912033
   vertex 1.14862 1.19632 0.0912033
  endloop
 endfacet
 facet normal 0.131479 0.839822 0.5267
  outer loop
   vertex 1.14754 1.1964 0.0913307
   vertex 1.1477 1.19638 0.0913227
   vertex 1.14786 1.19637 0.0912987
  endloop
 endfacet
 facet normal 0.0624246 0.99805 -0
  outer loop
   vertex 1.14786 1.19637 0.0912987
   vertex 1.1477 1.19638 0.0913227
   vertex 1.14786 1.19637 0.0913028
  endloop
 endfacet
 facet normal 0.0906655 0.995881 -0
  outer loop
   vertex 1.14786 1.19637 0.0912987
   vertex 1.14786 1.19637 0.0913028
   vertex 1.14819 1.19634 0.0912705
  endloop
 endfacet
 facet normal 0.124217 0.992255 -0
  outer loop
   vertex 1.14786 1.19636 0.0913066
   vertex 1.14786 1.19636 0.09131
   vertex 1.14802 1.19634 0.0912936
  endloop
 endfacet
 facet normal 0.124217 0.992255 0
  outer loop
   vertex 1.14794 1.19634 0.0913071
   vertex 1.14794 1.19634 0.0913047
   vertex 1.14786 1.19635 0.091313
  endloop
 endfacet
 facet normal 0.101774 0.222902 0.969514
  outer loop
   vertex 1.14802 1.19634 0.0912963
   vertex 1.14794 1.19634 0.0913047
   vertex 1.14802 1.19633 0.0912986
  endloop
 endfacet
 facet normal 0.124217 0.992255 0
  outer loop
   vertex 1.14802 1.19633 0.0912986
   vertex 1.14794 1.19634 0.0913047
   vertex 1.14794 1.19634 0.0913071
  endloop
 endfacet
 facet normal 0.125913 0.177138 0.976098
  outer loop
   vertex 1.14802 1.19633 0.0912986
   vertex 1.14794 1.19634 0.0913071
   vertex 1.14802 1.19632 0.0913004
  endloop
 endfacet
 facet normal 0.123904 0.0596951 0.990497
  outer loop
   vertex 1.14801 1.1963 0.0913034
   vertex 1.14801 1.19631 0.0913028
   vertex 1.14793 1.19632 0.0913122
  endloop
 endfacet
 facet normal 0.128454 0.0787045 0.988587
  outer loop
   vertex 1.14801 1.1963 0.0913034
   vertex 1.14793 1.19632 0.0913122
   vertex 1.14793 1.19631 0.091313
  endloop
 endfacet
 facet normal 0.112649 0.0788568 0.990501
  outer loop
   vertex 1.14793 1.19631 0.091313
   vertex 1.14793 1.19632 0.0913122
   vertex 1.14785 1.19632 0.0913213
  endloop
 endfacet
 facet normal 0.117105 0.118123 0.98607
  outer loop
   vertex 1.14793 1.19631 0.091313
   vertex 1.14785 1.19632 0.0913213
   vertex 1.14785 1.19631 0.0913225
  endloop
 endfacet
 facet normal 0.132356 0.117895 0.984166
  outer loop
   vertex 1.14785 1.19631 0.0913225
   vertex 1.14785 1.19632 0.0913213
   vertex 1.1477 1.19634 0.0913391
  endloop
 endfacet
 facet normal 0.119755 0.0506114 0.991513
  outer loop
   vertex 1.14785 1.19631 0.0913225
   vertex 1.1477 1.19634 0.0913391
   vertex 1.14769 1.19633 0.0913408
  endloop
 endfacet
 facet normal 0.122017 0.0727316 0.98986
  outer loop
   vertex 1.14768 1.19631 0.0913438
   vertex 1.14753 1.19634 0.0913601
   vertex 1.14752 1.19632 0.0913628
  endloop
 endfacet
 facet normal 0.113778 0.0769649 0.990521
  outer loop
   vertex 1.14752 1.19632 0.0913628
   vertex 1.14753 1.19634 0.0913601
   vertex 1.14737 1.19635 0.0913777
  endloop
 endfacet
 facet normal 0.154936 0.309266 0.938269
  outer loop
   vertex 1.14752 1.19632 0.0913628
   vertex 1.14737 1.19635 0.0913777
   vertex 1.14737 1.19634 0.091381
  endloop
 endfacet
 facet normal 0.122001 0.310708 0.942643
  outer loop
   vertex 1.14737 1.19634 0.091381
   vertex 1.14737 1.19635 0.0913777
   vertex 1.14721 1.19636 0.0913951
  endloop
 endfacet
 facet normal 0.125061 0.343505 0.930787
  outer loop
   vertex 1.14737 1.19634 0.091381
   vertex 1.14721 1.19636 0.0913951
   vertex 1.14721 1.19635 0.0913988
  endloop
 endfacet
 facet normal 0.132773 0.343158 0.929846
  outer loop
   vertex 1.14721 1.19635 0.0913988
   vertex 1.14721 1.19636 0.0913951
   vertex 1.14689 1.19639 0.0914297
  endloop
 endfacet
 facet normal 0.137447 0.398147 0.906966
  outer loop
   vertex 1.14721 1.19635 0.0913988
   vertex 1.14689 1.19639 0.0914297
   vertex 1.14689 1.19638 0.0914341
  endloop
 endfacet
 facet normal 0.118834 -0.0790668 0.989761
  outer loop
   vertex 1.14784 1.1963 0.0913237
   vertex 1.14792 1.1963 0.0913141
   vertex 1.14785 1.19631 0.0913233
  endloop
 endfacet
 facet normal 0.141657 0.989916 0
  outer loop
   vertex 1.14785 1.19631 0.0913233
   vertex 1.14792 1.1963 0.0913141
   vertex 1.14785 1.19631 0.0913225
  endloop
 endfacet
 facet normal 0 1 0
  outer loop
   vertex 1.14785 1.19631 0.0913233
   vertex 1.14785 1.19631 0.0913225
   vertex 1.14777 1.19631 0.0913328
  endloop
 endfacet
 facet normal 0.126931 0.113949 0.985345
  outer loop
   vertex 1.14777 1.19631 0.0913328
   vertex 1.14785 1.19631 0.0913225
   vertex 1.14769 1.19633 0.0913408
  endloop
 endfacet
 facet normal 0.1304 0.128804 0.983059
  outer loop
   vertex 1.14777 1.19631 0.0913328
   vertex 1.14769 1.19633 0.0913408
   vertex 1.14769 1.19632 0.0913421
  endloop
 endfacet
 facet normal 0.127825 0.0939794 0.987334
  outer loop
   vertex 1.14801 1.19631 0.0913028
   vertex 1.14794 1.19632 0.0913109
   vertex 1.14793 1.19632 0.0913122
  endloop
 endfacet
 facet normal 0.12704 0.144774 0.981275
  outer loop
   vertex 1.14793 1.19632 0.0913122
   vertex 1.14794 1.19632 0.0913109
   vertex 1.14786 1.19633 0.0913198
  endloop
 endfacet
 facet normal 0.112928 0.0360001 0.992951
  outer loop
   vertex 1.14793 1.19632 0.0913122
   vertex 1.14786 1.19633 0.0913198
   vertex 1.14785 1.19632 0.0913213
  endloop
 endfacet
 facet normal 0.110338 0.0386505 0.993142
  outer loop
   vertex 1.14785 1.19632 0.0913213
   vertex 1.14786 1.19633 0.0913198
   vertex 1.1477 1.19634 0.0913372
  endloop
 endfacet
 facet normal 0.131493 0.991317 0
  outer loop
   vertex 1.14785 1.19632 0.0913213
   vertex 1.1477 1.19634 0.0913372
   vertex 1.1477 1.19634 0.0913391
  endloop
 endfacet
 facet normal 0.0624709 0.998047 0
  outer loop
   vertex 1.1477 1.19634 0.0913391
   vertex 1.1477 1.19634 0.0913372
   vertex 1.14754 1.19635 0.0913564
  endloop
 endfacet
 facet normal 0.110996 0.059357 0.992047
  outer loop
   vertex 1.1477 1.19634 0.0913391
   vertex 1.14754 1.19635 0.0913564
   vertex 1.14769 1.19633 0.0913408
  endloop
 endfacet
 facet normal 0.130506 0.226433 0.965244
  outer loop
   vertex 1.14769 1.19633 0.0913408
   vertex 1.14754 1.19635 0.0913564
   vertex 1.14753 1.19634 0.0913601
  endloop
 endfacet
 facet normal 0.126609 0.128868 0.983546
  outer loop
   vertex 1.14769 1.19633 0.0913408
   vertex 1.14753 1.19634 0.0913601
   vertex 1.14769 1.19632 0.0913421
  endloop
 endfacet
 facet normal 0.117783 0.0504616 0.991756
  outer loop
   vertex 1.14769 1.19632 0.0913421
   vertex 1.14753 1.19634 0.0913601
   vertex 1.14768 1.19631 0.0913438
  endloop
 endfacet
 facet normal 0.121149 0.0470549 0.991518
  outer loop
   vertex 1.14769 1.19632 0.0913421
   vertex 1.14768 1.19631 0.0913438
   vertex 1.14777 1.19631 0.0913328
  endloop
 endfacet
 facet normal 0.121269 0.015187 0.992503
  outer loop
   vertex 1.14777 1.19631 0.0913328
   vertex 1.14768 1.19631 0.0913438
   vertex 1.14775 1.1963 0.0913354
  endloop
 endfacet
 facet normal 0.147796 -0.0389712 0.98825
  outer loop
   vertex 1.14777 1.19631 0.0913328
   vertex 1.14775 1.1963 0.0913354
   vertex 1.14776 1.1963 0.0913339
  endloop
 endfacet
 facet normal 0.13118 0.184796 0.973983
  outer loop
   vertex 1.14794 1.19632 0.0913109
   vertex 1.14786 1.19634 0.0913179
   vertex 1.14786 1.19633 0.0913198
  endloop
 endfacet
 facet normal 0.115224 0.185165 0.975929
  outer loop
   vertex 1.14786 1.19633 0.0913198
   vertex 1.14786 1.19634 0.0913179
   vertex 1.1477 1.19635 0.0913349
  endloop
 endfacet
 facet normal 0.119039 0.221788 0.967802
  outer loop
   vertex 1.14786 1.19633 0.0913198
   vertex 1.1477 1.19635 0.0913349
   vertex 1.1477 1.19634 0.0913372
  endloop
 endfacet
 facet normal 0.114946 0.221896 0.968272
  outer loop
   vertex 1.1477 1.19634 0.0913372
   vertex 1.1477 1.19635 0.0913349
   vertex 1.14754 1.19636 0.0913516
  endloop
 endfacet
 facet normal 0.13406 0.42822 0.893676
  outer loop
   vertex 1.1477 1.19634 0.0913372
   vertex 1.14754 1.19636 0.0913516
   vertex 1.14754 1.19635 0.0913564
  endloop
 endfacet
 facet normal 0.133242 0.428267 0.893775
  outer loop
   vertex 1.14754 1.19635 0.0913564
   vertex 1.14754 1.19636 0.0913516
   vertex 1.14722 1.19639 0.0913849
  endloop
 endfacet
 facet normal 0.137043 0.476777 0.868276
  outer loop
   vertex 1.14754 1.19635 0.0913564
   vertex 1.14722 1.19639 0.0913849
   vertex 1.14722 1.19638 0.0913904
  endloop
 endfacet
 facet normal 0.136591 0.476807 0.868331
  outer loop
   vertex 1.14722 1.19638 0.0913904
   vertex 1.14722 1.19639 0.0913849
   vertex 1.1469 1.19642 0.0914188
  endloop
 endfacet
 facet normal 0.121768 0.303511 0.945015
  outer loop
   vertex 1.14722 1.19638 0.0913904
   vertex 1.1469 1.19642 0.0914188
   vertex 1.14689 1.19639 0.0914297
  endloop
 endfacet
 facet normal 0.126241 0.301979 0.944919
  outer loop
   vertex 1.14689 1.19639 0.0914297
   vertex 1.1469 1.19642 0.0914188
   vertex 1.14657 1.19642 0.0914629
  endloop
 endfacet
 facet normal 0.131403 0.398477 0.907717
  outer loop
   vertex 1.14689 1.19639 0.0914297
   vertex 1.14657 1.19642 0.0914629
   vertex 1.14689 1.19638 0.0914341
  endloop
 endfacet
 facet normal 0.125161 0.327731 0.936444
  outer loop
   vertex 1.14689 1.19638 0.0914341
   vertex 1.14657 1.19642 0.0914629
   vertex 1.14673 1.19638 0.0914555
  endloop
 endfacet
 facet normal 0.13158 0.116234 0.984468
  outer loop
   vertex 1.14689 1.19638 0.0914341
   vertex 1.14673 1.19638 0.0914555
   vertex 1.14688 1.19636 0.0914378
  endloop
 endfacet
 facet normal 0.131575 0.116195 0.984473
  outer loop
   vertex 1.14688 1.19636 0.0914378
   vertex 1.14673 1.19638 0.0914555
   vertex 1.14671 1.19635 0.0914617
  endloop
 endfacet
 facet normal 0.130048 0.136406 0.98208
  outer loop
   vertex 1.14688 1.19636 0.0914378
   vertex 1.14671 1.19635 0.0914617
   vertex 1.14687 1.19633 0.0914433
  endloop
 endfacet
 facet normal 0.124245 0.0839759 0.988692
  outer loop
   vertex 1.14687 1.19633 0.0914433
   vertex 1.14671 1.19635 0.0914617
   vertex 1.1467 1.19632 0.0914655
  endloop
 endfacet
 facet normal 0.126682 0.0469176 0.990833
  outer loop
   vertex 1.14687 1.19633 0.0914433
   vertex 1.1467 1.19632 0.0914655
   vertex 1.14686 1.1963 0.091446
  endloop
 endfacet
 facet normal 0.00777809 -0.665119 0.746697
  outer loop
   vertex 1.14686 1.1963 0.091446
   vertex 1.1467 1.19632 0.0914655
   vertex 1.14685 1.1963 0.0914461
  endloop
 endfacet
 facet normal -0 -1 -0
  outer loop
   vertex 1.14686 1.1963 0.091446
   vertex 1.14685 1.1963 0.0914461
   vertex 1.14689 1.1963 0.0914418
  endloop
 endfacet
 facet normal 0.122798 0.0295236 0.991992
  outer loop
   vertex 1.14809 1.1963 0.0912928
   vertex 1.14817 1.1963 0.0912829
   vertex 1.14809 1.19631 0.0912925
  endloop
 endfacet
 facet normal 0.11697 -0.0179685 0.992973
  outer loop
   vertex 1.14809 1.19631 0.0912925
   vertex 1.14817 1.1963 0.0912829
   vertex 1.1481 1.19632 0.0912915
  endloop
 endfacet
 facet normal 0.110526 -0.0114409 0.993807
  outer loop
   vertex 1.14809 1.19631 0.0912925
   vertex 1.1481 1.19632 0.0912915
   vertex 1.14802 1.19632 0.0913004
  endloop
 endfacet
 facet normal 0 1 0
  outer loop
   vertex 1.14802 1.19632 0.0913004
   vertex 1.1481 1.19632 0.0912915
   vertex 1.1481 1.19632 0.0912899
  endloop
 endfacet
 facet normal 0.128068 0.177089 0.975827
  outer loop
   vertex 1.14802 1.19632 0.0913004
   vertex 1.1481 1.19632 0.0912899
   vertex 1.14802 1.19633 0.0912986
  endloop
 endfacet
 facet normal 0.13 0.196141 0.97192
  outer loop
   vertex 1.14802 1.19633 0.0912986
   vertex 1.1481 1.19632 0.0912899
   vertex 1.1481 1.19633 0.0912879
  endloop
 endfacet
 facet normal 0.129261 0.222185 0.966398
  outer loop
   vertex 1.14802 1.19633 0.0912986
   vertex 1.1481 1.19633 0.0912879
   vertex 1.14802 1.19634 0.0912963
  endloop
 endfacet
 facet normal 0.124217 0.992255 0
  outer loop
   vertex 1.14802 1.19634 0.0912963
   vertex 1.1481 1.19633 0.0912879
   vertex 1.14802 1.19634 0.0912936
  endloop
 endfacet
 facet normal 0 1 0
  outer loop
   vertex 1.14802 1.19634 0.0912963
   vertex 1.14802 1.19634 0.0912936
   vertex 1.14794 1.19634 0.0913047
  endloop
 endfacet
 facet normal 0.13207 0.275261 0.952255
  outer loop
   vertex 1.14794 1.19634 0.0913047
   vertex 1.14802 1.19634 0.0912936
   vertex 1.14786 1.19636 0.09131
  endloop
 endfacet
 facet normal 0.134064 0.283976 0.949413
  outer loop
   vertex 1.14794 1.19634 0.0913047
   vertex 1.14786 1.19636 0.09131
   vertex 1.14786 1.19635 0.091313
  endloop
 endfacet
 facet normal 0.112544 -0.0334815 0.993083
  outer loop
   vertex 1.14817 1.1963 0.0912829
   vertex 1.14818 1.19631 0.0912821
   vertex 1.1481 1.19632 0.0912915
  endloop
 endfacet
 facet normal 0.130479 0.117924 0.984413
  outer loop
   vertex 1.1481 1.19632 0.0912915
   vertex 1.14818 1.19631 0.0912821
   vertex 1.14818 1.19632 0.0912809
  endloop
 endfacet
 facet normal 0 1 0
  outer loop
   vertex 1.1481 1.19632 0.0912915
   vertex 1.14818 1.19632 0.0912809
   vertex 1.1481 1.19632 0.0912899
  endloop
 endfacet
 facet normal 0 1 0
  outer loop
   vertex 1.1481 1.19632 0.0912899
   vertex 1.14818 1.19632 0.0912809
   vertex 1.14818 1.19632 0.0912792
  endloop
 endfacet
 facet normal 0.13 0.196141 0.97192
  outer loop
   vertex 1.1481 1.19632 0.0912899
   vertex 1.14818 1.19632 0.0912792
   vertex 1.1481 1.19633 0.0912879
  endloop
 endfacet
 facet normal 0.132808 0.224619 0.965354
  outer loop
   vertex 1.1481 1.19633 0.0912879
   vertex 1.14818 1.19632 0.0912792
   vertex 1.14818 1.19633 0.0912769
  endloop
 endfacet
 facet normal 0.120681 0.464708 0.877202
  outer loop
   vertex 1.1481 1.19633 0.0912879
   vertex 1.14818 1.19633 0.0912769
   vertex 1.14802 1.19634 0.0912936
  endloop
 endfacet
 facet normal 0.114025 0.197485 0.973652
  outer loop
   vertex 1.14802 1.19634 0.0912936
   vertex 1.14818 1.19633 0.0912769
   vertex 1.14803 1.19635 0.0912904
  endloop
 endfacet
 facet normal 0.104854 0.206396 0.972834
  outer loop
   vertex 1.14802 1.19634 0.0912936
   vertex 1.14803 1.19635 0.0912904
   vertex 1.14786 1.19636 0.0913066
  endloop
 endfacet
 facet normal 0.139762 0.0588355 0.988436
  outer loop
   vertex 1.14809 1.1963 0.0912931
   vertex 1.14809 1.19631 0.0912925
   vertex 1.14802 1.19632 0.0913018
  endloop
 endfacet
 facet normal 0.141657 0.989916 0
  outer loop
   vertex 1.14802 1.19632 0.0913018
   vertex 1.14809 1.19631 0.0912925
   vertex 1.14802 1.19632 0.0913004
  endloop
 endfacet
 facet normal 0.12276 0.992436 0
  outer loop
   vertex 1.14802 1.19632 0.0913018
   vertex 1.14802 1.19632 0.0913004
   vertex 1.14794 1.19633 0.0913092
  endloop
 endfacet
 facet normal 0.131829 0.202866 0.970292
  outer loop
   vertex 1.14794 1.19633 0.0913092
   vertex 1.14802 1.19632 0.0913004
   vertex 1.14794 1.19634 0.0913071
  endloop
 endfacet
 facet normal 0.10338 0.203556 0.97359
  outer loop
   vertex 1.14794 1.19633 0.0913092
   vertex 1.14794 1.19634 0.0913071
   vertex 1.14786 1.19634 0.0913156
  endloop
 endfacet
 facet normal 0.102238 0.25002 0.962828
  outer loop
   vertex 1.14786 1.19634 0.0913156
   vertex 1.14794 1.19634 0.0913071
   vertex 1.14786 1.19635 0.091313
  endloop
 endfacet
 facet normal 0.114155 0.249694 0.961572
  outer loop
   vertex 1.14786 1.19634 0.0913156
   vertex 1.14786 1.19635 0.091313
   vertex 1.1477 1.19636 0.0913294
  endloop
 endfacet
 facet normal 0.115327 0.284651 0.951669
  outer loop
   vertex 1.1477 1.19636 0.0913294
   vertex 1.14786 1.19635 0.091313
   vertex 1.14786 1.19636 0.09131
  endloop
 endfacet
 facet normal 0.114162 0.315422 0.942059
  outer loop
   vertex 1.1477 1.19636 0.0913294
   vertex 1.14786 1.19636 0.09131
   vertex 1.1477 1.19638 0.0913227
  endloop
 endfacet
 facet normal 0.124126 0.992267 0
  outer loop
   vertex 1.1477 1.19638 0.0913227
   vertex 1.14786 1.19636 0.09131
   vertex 1.14786 1.19636 0.0913066
  endloop
 endfacet
 facet normal 0.137099 0.35143 0.926121
  outer loop
   vertex 1.1477 1.19638 0.0913227
   vertex 1.14786 1.19636 0.0913066
   vertex 1.14786 1.19637 0.0913028
  endloop
 endfacet
 facet normal 0.109325 0.352654 0.929346
  outer loop
   vertex 1.14786 1.19637 0.0913028
   vertex 1.14786 1.19636 0.0913066
   vertex 1.14803 1.19635 0.0912904
  endloop
 endfacet
 facet normal 0.132497 0.67578 0.725097
  outer loop
   vertex 1.14786 1.19637 0.0913028
   vertex 1.14803 1.19635 0.0912904
   vertex 1.14819 1.19634 0.0912705
  endloop
 endfacet
 facet normal 0.0624709 0.998047 -0
  outer loop
   vertex 1.14819 1.19634 0.0912705
   vertex 1.14803 1.19635 0.0912904
   vertex 1.14819 1.19634 0.091274
  endloop
 endfacet
 facet normal 0.0960917 0.995372 -0
  outer loop
   vertex 1.14819 1.19634 0.0912705
   vertex 1.14819 1.19634 0.091274
   vertex 1.1485 1.19631 0.0912347
  endloop
 endfacet
 facet normal 0.0960917 0.995372 -0
  outer loop
   vertex 1.1485 1.19631 0.0912347
   vertex 1.14819 1.19634 0.091274
   vertex 1.1485 1.19631 0.0912383
  endloop
 endfacet
 facet normal 0.090633 0.995884 -0
  outer loop
   vertex 1.1485 1.19631 0.0912347
   vertex 1.1485 1.19631 0.0912383
   vertex 1.14861 1.1963 0.0912289
  endloop
 endfacet
 facet normal 0.0697668 0.0096486 0.997517
  outer loop
   vertex 1.14817 1.1963 0.0912829
   vertex 1.14818 1.1963 0.0912822
   vertex 1.14818 1.19631 0.0912821
  endloop
 endfacet
 facet normal 0.132569 0.0095868 0.991127
  outer loop
   vertex 1.14818 1.19631 0.0912821
   vertex 1.14818 1.1963 0.0912822
   vertex 1.14826 1.1963 0.0912715
  endloop
 endfacet
 facet normal 0.144947 0.117685 0.982416
  outer loop
   vertex 1.14818 1.19631 0.0912821
   vertex 1.14826 1.1963 0.0912715
   vertex 1.14818 1.19632 0.0912809
  endloop
 endfacet
 facet normal 0.116908 0.000661625 0.993143
  outer loop
   vertex 1.14818 1.19632 0.0912809
   vertex 1.14826 1.1963 0.0912715
   vertex 1.14835 1.1963 0.0912609
  endloop
 endfacet
 facet normal 0.117003 0.993132 0
  outer loop
   vertex 1.14818 1.19632 0.0912809
   vertex 1.14835 1.1963 0.0912609
   vertex 1.14818 1.19632 0.0912792
  endloop
 endfacet
 facet normal 0.117518 0.0942371 0.988589
  outer loop
   vertex 1.14818 1.19632 0.0912792
   vertex 1.14835 1.1963 0.0912609
   vertex 1.14844 1.1963 0.0912502
  endloop
 endfacet
 facet normal 0.125096 0.224847 0.966331
  outer loop
   vertex 1.14818 1.19632 0.0912792
   vertex 1.14844 1.1963 0.0912502
   vertex 1.14818 1.19633 0.0912769
  endloop
 endfacet
 facet normal 0.12901 0.269595 0.954293
  outer loop
   vertex 1.14818 1.19633 0.0912769
   vertex 1.14844 1.1963 0.0912502
   vertex 1.1485 1.1963 0.0912421
  endloop
 endfacet
 facet normal 0.133662 0.351597 0.92656
  outer loop
   vertex 1.14818 1.19633 0.0912769
   vertex 1.1485 1.1963 0.0912421
   vertex 1.1485 1.19631 0.0912383
  endloop
 endfacet
 facet normal 0.115738 0.352396 0.928667
  outer loop
   vertex 1.1485 1.19631 0.0912383
   vertex 1.1485 1.1963 0.0912421
   vertex 1.14852 1.1963 0.0912396
  endloop
 endfacet
 facet normal 0.110874 0.343193 0.932698
  outer loop
   vertex 1.1485 1.19631 0.0912383
   vertex 1.14852 1.1963 0.0912396
   vertex 1.14861 1.1963 0.0912289
  endloop
 endfacet
 facet normal 0 1 0
  outer loop
   vertex 1.14765 1.19645 0.0912227
   vertex 1.14764 1.19645 0.0912033
   vertex 1.14764 1.19645 0.0912043
  endloop
 endfacet
 facet normal 0.115819 0.991269 -0.0630208
  outer loop
   vertex 1.14765 1.19645 0.0912227
   vertex 1.14764 1.19645 0.0912043
   vertex 1.14748 1.19647 0.0912253
  endloop
 endfacet
 facet normal 0.124217 0.992255 0
  outer loop
   vertex 1.14748 1.19647 0.0912253
   vertex 1.14764 1.19645 0.0912043
   vertex 1.14764 1.19645 0.0912033
  endloop
 endfacet
 facet normal 0.132131 0.989406 0.0601366
  outer loop
   vertex 1.14748 1.19647 0.0912253
   vertex 1.14764 1.19645 0.0912033
   vertex 1.14749 1.19647 0.0912033
  endloop
 endfacet
 facet normal 0.115614 0.990929 -0.0685122
  outer loop
   vertex 1.14783 1.19642 0.091237
   vertex 1.14782 1.19642 0.0912201
   vertex 1.14766 1.19644 0.0912398
  endloop
 endfacet
 facet normal 0.131664 0.83352 0.536572
  outer loop
   vertex 1.14768 1.19643 0.09127
   vertex 1.14769 1.19642 0.0912831
   vertex 1.14785 1.19641 0.0912594
  endloop
 endfacet
 facet normal 0.0624709 0.998047 -0
  outer loop
   vertex 1.14801 1.19639 0.0912489
   vertex 1.14785 1.1964 0.0912662
   vertex 1.14801 1.19639 0.0912556
  endloop
 endfacet
 facet normal 0.0624709 0.998047 0
  outer loop
   vertex 1.14801 1.19639 0.0912556
   vertex 1.14785 1.1964 0.0912662
   vertex 1.14785 1.1964 0.0912725
  endloop
 endfacet
 facet normal 0.120885 0.612571 0.781117
  outer loop
   vertex 1.14801 1.19639 0.0912556
   vertex 1.14785 1.1964 0.0912725
   vertex 1.14802 1.19638 0.0912619
  endloop
 endfacet
 facet normal 0.119702 0.595505 0.794384
  outer loop
   vertex 1.14802 1.19638 0.0912619
   vertex 1.14785 1.1964 0.0912725
   vertex 1.14786 1.19639 0.0912785
  endloop
 endfacet
 facet normal 0.0624709 0.998047 -0
  outer loop
   vertex 1.14802 1.19638 0.0912619
   vertex 1.14786 1.19639 0.0912785
   vertex 1.14802 1.19638 0.0912678
  endloop
 endfacet
 facet normal 0.0860006 0.99016 -0.110396
  outer loop
   vertex 1.14817 1.19638 0.0912308
   vertex 1.14825 1.19637 0.0912033
   vertex 1.14816 1.19638 0.091223
  endloop
 endfacet
 facet normal 0.0573081 0.995643 -0.0735645
  outer loop
   vertex 1.14817 1.19638 0.0912308
   vertex 1.14816 1.19638 0.091223
   vertex 1.14801 1.19639 0.0912417
  endloop
 endfacet
 facet normal 0.134993 0.685454 0.715493
  outer loop
   vertex 1.14801 1.19639 0.0912417
   vertex 1.14816 1.19638 0.091223
   vertex 1.148 1.1964 0.091234
  endloop
 endfacet
 facet normal 0.124686 0.680327 0.722225
  outer loop
   vertex 1.14801 1.19639 0.0912417
   vertex 1.148 1.1964 0.091234
   vertex 1.14784 1.19641 0.0912523
  endloop
 endfacet
 facet normal 0.0577244 0.997725 -0.0348212
  outer loop
   vertex 1.14784 1.19641 0.0912523
   vertex 1.148 1.1964 0.091234
   vertex 1.14799 1.1964 0.0912174
  endloop
 endfacet
 facet normal 0.165062 0.871229 0.462293
  outer loop
   vertex 1.14784 1.19641 0.0912523
   vertex 1.14799 1.1964 0.0912174
   vertex 1.14783 1.19642 0.091237
  endloop
 endfacet
 facet normal 0.142966 0.973588 0.178009
  outer loop
   vertex 1.14783 1.19642 0.091237
   vertex 1.14799 1.1964 0.0912174
   vertex 1.14794 1.19641 0.0912034
  endloop
 endfacet
 facet normal 0.0767543 0.996012 -0.045484
  outer loop
   vertex 1.14783 1.19642 0.091237
   vertex 1.14794 1.19641 0.0912034
   vertex 1.14782 1.19642 0.0912201
  endloop
 endfacet
 facet normal 0.135877 0.88455 0.446216
  outer loop
   vertex 1.14782 1.19642 0.0912201
   vertex 1.14794 1.19641 0.0912034
   vertex 1.14781 1.19643 0.0912033
  endloop
 endfacet
 facet normal 0.123618 0.562183 0.817721
  outer loop
   vertex 1.14801 1.19639 0.0912489
   vertex 1.14785 1.19641 0.0912594
   vertex 1.14785 1.1964 0.0912662
  endloop
 endfacet
 facet normal 0.15562 0.559627 0.814003
  outer loop
   vertex 1.14785 1.1964 0.0912662
   vertex 1.14785 1.19641 0.0912594
   vertex 1.14769 1.19642 0.0912831
  endloop
 endfacet
 facet normal 0.123489 0.992346 -0
  outer loop
   vertex 1.14785 1.1964 0.0912662
   vertex 1.14769 1.19642 0.0912831
   vertex 1.14785 1.1964 0.0912725
  endloop
 endfacet
 facet normal 0.138518 0.809424 0.570653
  outer loop
   vertex 1.14785 1.1964 0.0912725
   vertex 1.14769 1.19642 0.0912831
   vertex 1.1477 1.19641 0.0912949
  endloop
 endfacet
 facet normal 0.155759 0.617536 0.770966
  outer loop
   vertex 1.14785 1.1964 0.0912725
   vertex 1.1477 1.19641 0.0912949
   vertex 1.14786 1.19639 0.0912785
  endloop
 endfacet
 facet normal 0.123398 0.992357 -0
  outer loop
   vertex 1.14786 1.19639 0.0912785
   vertex 1.1477 1.19641 0.0912949
   vertex 1.14786 1.19639 0.0912841
  endloop
 endfacet
 facet normal 0.0624709 0.998047 -0
  outer loop
   vertex 1.14786 1.19639 0.0912785
   vertex 1.14786 1.19639 0.0912841
   vertex 1.14802 1.19638 0.0912678
  endloop
 endfacet
 facet normal 0.118559 0.471415 0.873906
  outer loop
   vertex 1.14802 1.19638 0.0912678
   vertex 1.14786 1.19639 0.0912841
   vertex 1.14802 1.19637 0.0912732
  endloop
 endfacet
 facet normal 0.119642 0.471353 0.873792
  outer loop
   vertex 1.14802 1.19637 0.0912732
   vertex 1.14818 1.19636 0.0912567
   vertex 1.14802 1.19638 0.0912678
  endloop
 endfacet
 facet normal 0.124217 0.992255 0
  outer loop
   vertex 1.14802 1.19638 0.0912678
   vertex 1.14818 1.19636 0.0912567
   vertex 1.14818 1.19636 0.091251
  endloop
 endfacet
 facet normal 0.124217 0.992255 0
  outer loop
   vertex 1.14802 1.19638 0.0912678
   vertex 1.14818 1.19636 0.091251
   vertex 1.14802 1.19638 0.0912619
  endloop
 endfacet
 facet normal 0.122887 0.522365 0.843821
  outer loop
   vertex 1.14802 1.19638 0.0912619
   vertex 1.14818 1.19636 0.091251
   vertex 1.14818 1.19637 0.0912448
  endloop
 endfacet
 facet normal 0.121804 0.613125 0.780539
  outer loop
   vertex 1.14802 1.19638 0.0912619
   vertex 1.14818 1.19637 0.0912448
   vertex 1.14801 1.19639 0.0912556
  endloop
 endfacet
 facet normal 0.105649 0.981808 -0.157769
  outer loop
   vertex 1.14801 1.19639 0.0912556
   vertex 1.14818 1.19637 0.0912448
   vertex 1.14817 1.19637 0.0912381
  endloop
 endfacet
 facet normal 0.124217 0.992255 0
  outer loop
   vertex 1.14801 1.19639 0.0912556
   vertex 1.14817 1.19637 0.0912381
   vertex 1.14801 1.19639 0.0912489
  endloop
 endfacet
 facet normal 0.10401 0.986859 0.123659
  outer loop
   vertex 1.14678 1.19656 0.0912033
   vertex 1.14659 1.19658 0.0912033
   vertex 1.14664 1.19657 0.0912412
  endloop
 endfacet
 facet normal 0.142319 0.987108 0.0732391
  outer loop
   vertex 1.14664 1.19657 0.0912412
   vertex 1.14659 1.19658 0.0912033
   vertex 1.14649 1.19659 0.0912643
  endloop
 endfacet
 facet normal 0.286792 0.901538 0.324007
  outer loop
   vertex 1.14649 1.19659 0.0912643
   vertex 1.14659 1.19658 0.0912033
   vertex 1.14648 1.1966 0.0912453
  endloop
 endfacet
 facet normal 0.111932 0.902209 0.416522
  outer loop
   vertex 1.14649 1.19659 0.0912643
   vertex 1.14648 1.1966 0.0912453
   vertex 1.14632 1.19661 0.0912666
  endloop
 endfacet
 facet normal 0.13616 0.713687 0.687103
  outer loop
   vertex 1.14632 1.19661 0.0912666
   vertex 1.14648 1.1966 0.0912453
   vertex 1.14632 1.19662 0.0912562
  endloop
 endfacet
 facet normal -1 0 0
  outer loop
   vertex 1.14632 1.19661 0.0912666
   vertex 1.14632 1.19662 0.0912562
   vertex 1.14632 1.19661 0.0912643
  endloop
 endfacet
 facet normal 0.134267 0.978865 0.154257
  outer loop
   vertex 1.14683 1.19655 0.0912556
   vertex 1.14689 1.19655 0.0912033
   vertex 1.1468 1.19656 0.0912181
  endloop
 endfacet
 facet normal 0.0876083 0.977641 0.191161
  outer loop
   vertex 1.14683 1.19655 0.0912556
   vertex 1.1468 1.19656 0.0912181
   vertex 1.14667 1.19656 0.0912777
  endloop
 endfacet
 facet normal 0.0891784 0.976823 0.194587
  outer loop
   vertex 1.14667 1.19656 0.0912777
   vertex 1.1468 1.19656 0.0912181
   vertex 1.14664 1.19657 0.0912412
  endloop
 endfacet
 facet normal 0.185745 0.975863 0.114847
  outer loop
   vertex 1.14667 1.19656 0.0912777
   vertex 1.14664 1.19657 0.0912412
   vertex 1.14651 1.19659 0.0912822
  endloop
 endfacet
 facet normal 0.111634 0.985866 -0.124926
  outer loop
   vertex 1.14651 1.19659 0.0912822
   vertex 1.14664 1.19657 0.0912412
   vertex 1.14649 1.19659 0.0912643
  endloop
 endfacet
 facet normal 0.114692 0.985075 -0.128348
  outer loop
   vertex 1.14651 1.19659 0.0912822
   vertex 1.14649 1.19659 0.0912643
   vertex 1.14634 1.19661 0.091284
  endloop
 endfacet
 facet normal 0.11423 0.984713 -0.131499
  outer loop
   vertex 1.14634 1.19661 0.091284
   vertex 1.14649 1.19659 0.0912643
   vertex 1.14632 1.19661 0.0912666
  endloop
 endfacet
 facet normal 0 0 0
  outer loop
   vertex 1.14632 1.19661 0.0912643
   vertex 1.14632 1.19661 0.0912668
   vertex 1.14632 1.19661 0.0912666
  endloop
 endfacet
 facet normal 0 0 0
  outer loop
   vertex 1.14632 1.19661 0.0912666
   vertex 1.14632 1.19661 0.0912668
   vertex 1.14632 1.19661 0.0912858
  endloop
 endfacet
 facet normal 0 1 0
  outer loop
   vertex 1.14632 1.19661 0.0912666
   vertex 1.14632 1.19661 0.0912858
   vertex 1.14634 1.19661 0.091284
  endloop
 endfacet
 facet normal 0.0452437 0.863369 0.502541
  outer loop
   vertex 1.14634 1.19661 0.091284
   vertex 1.14632 1.19661 0.0912858
   vertex 1.14635 1.1966 0.0913003
  endloop
 endfacet
 facet normal 0.108124 0.875337 0.471268
  outer loop
   vertex 1.14634 1.19661 0.091284
   vertex 1.14635 1.1966 0.0913003
   vertex 1.14651 1.19659 0.0912822
  endloop
 endfacet
 facet normal 0.107101 0.882273 0.458392
  outer loop
   vertex 1.14651 1.19659 0.0912822
   vertex 1.14635 1.1966 0.0913003
   vertex 1.14652 1.19658 0.0912989
  endloop
 endfacet
 facet normal 0.178216 0.889761 0.420196
  outer loop
   vertex 1.14651 1.19659 0.0912822
   vertex 1.14652 1.19658 0.0912989
   vertex 1.14667 1.19656 0.0912777
  endloop
 endfacet
 facet normal 0.12186 0.989853 -0.0730835
  outer loop
   vertex 1.14667 1.19656 0.0912777
   vertex 1.14652 1.19658 0.0912989
   vertex 1.14668 1.19656 0.0912944
  endloop
 endfacet
 facet normal 0.0576721 0.997736 -0.0345878
  outer loop
   vertex 1.14667 1.19656 0.0912777
   vertex 1.14668 1.19656 0.0912944
   vertex 1.14683 1.19655 0.0912556
  endloop
 endfacet
 facet normal 0.120759 0.968737 0.216715
  outer loop
   vertex 1.14683 1.19655 0.0912556
   vertex 1.14668 1.19656 0.0912944
   vertex 1.14685 1.19654 0.0912892
  endloop
 endfacet
 facet normal 0.115954 0.791377 0.600231
  outer loop
   vertex 1.14655 1.19655 0.0913567
   vertex 1.14671 1.19654 0.091339
   vertex 1.14655 1.19656 0.0913435
  endloop
 endfacet
 facet normal 0.121321 0.98876 -0.0873824
  outer loop
   vertex 1.14655 1.19656 0.0913435
   vertex 1.14671 1.19654 0.091339
   vertex 1.1467 1.19654 0.0913251
  endloop
 endfacet
 facet normal 0.174083 0.855606 0.487476
  outer loop
   vertex 1.14655 1.19656 0.0913435
   vertex 1.1467 1.19654 0.0913251
   vertex 1.14654 1.19657 0.0913295
  endloop
 endfacet
 facet normal 0.168736 0.817973 0.549953
  outer loop
   vertex 1.14654 1.19657 0.0913295
   vertex 1.1467 1.19654 0.0913251
   vertex 1.1467 1.19655 0.0913102
  endloop
 endfacet
 facet normal 0.114625 0.990376 -0.0775708
  outer loop
   vertex 1.14654 1.19657 0.0913295
   vertex 1.1467 1.19655 0.0913102
   vertex 1.14653 1.19657 0.0913147
  endloop
 endfacet
 facet normal 0.111565 0.812727 0.571864
  outer loop
   vertex 1.14673 1.19652 0.0913644
   vertex 1.14672 1.19653 0.0913521
   vertex 1.14656 1.19654 0.0913691
  endloop
 endfacet
 facet normal 0.111394 0.814681 0.56911
  outer loop
   vertex 1.14656 1.19654 0.0913691
   vertex 1.14672 1.19653 0.0913521
   vertex 1.14655 1.19655 0.0913567
  endloop
 endfacet
 facet normal 0.099662 0.811449 0.575863
  outer loop
   vertex 1.14656 1.19654 0.0913691
   vertex 1.14655 1.19655 0.0913567
   vertex 1.14639 1.19656 0.0913703
  endloop
 endfacet
 facet normal 0.100645 0.792705 0.601239
  outer loop
   vertex 1.14639 1.19656 0.0913703
   vertex 1.14655 1.19655 0.0913567
   vertex 1.14655 1.19656 0.0913435
  endloop
 endfacet
 facet normal 0.0978982 0.805226 0.584831
  outer loop
   vertex 1.14639 1.19656 0.0913703
   vertex 1.14655 1.19656 0.0913435
   vertex 1.14638 1.19658 0.0913444
  endloop
 endfacet
 facet normal 0.101956 0.842183 0.529465
  outer loop
   vertex 1.14638 1.19658 0.0913444
   vertex 1.14655 1.19656 0.0913435
   vertex 1.14654 1.19657 0.0913295
  endloop
 endfacet
 facet normal 0.10186 0.843314 0.52768
  outer loop
   vertex 1.14638 1.19658 0.0913444
   vertex 1.14654 1.19657 0.0913295
   vertex 1.14637 1.19659 0.0913305
  endloop
 endfacet
 facet normal 0.115507 0.990226 -0.0781679
  outer loop
   vertex 1.14637 1.19659 0.0913305
   vertex 1.14654 1.19657 0.0913295
   vertex 1.14653 1.19657 0.0913147
  endloop
 endfacet
 facet normal 0.115456 0.990194 -0.078648
  outer loop
   vertex 1.14637 1.19659 0.0913305
   vertex 1.14653 1.19657 0.0913147
   vertex 1.14636 1.19659 0.0913158
  endloop
 endfacet
 facet normal 0.144549 0.871055 0.469435
  outer loop
   vertex 1.14685 1.19654 0.0912892
   vertex 1.14686 1.19653 0.0913047
   vertex 1.14717 1.1965 0.091265
  endloop
 endfacet
 facet normal 0.144021 0.87489 0.462412
  outer loop
   vertex 1.14717 1.1965 0.091265
   vertex 1.14686 1.19653 0.0913047
   vertex 1.14718 1.19649 0.0912806
  endloop
 endfacet
 facet normal 0.137374 0.873996 0.466111
  outer loop
   vertex 1.14717 1.1965 0.091265
   vertex 1.14718 1.19649 0.0912806
   vertex 1.1475 1.19646 0.0912426
  endloop
 endfacet
 facet normal 0.137118 0.876037 0.46234
  outer loop
   vertex 1.1475 1.19646 0.0912426
   vertex 1.14718 1.19649 0.0912806
   vertex 1.14751 1.19645 0.0912586
  endloop
 endfacet
 facet normal 0.117579 0.873271 0.472835
  outer loop
   vertex 1.1475 1.19646 0.0912426
   vertex 1.14751 1.19645 0.0912586
   vertex 1.14766 1.19644 0.0912398
  endloop
 endfacet
 facet normal 0.113461 0.896925 0.427378
  outer loop
   vertex 1.14766 1.19644 0.0912398
   vertex 1.14751 1.19645 0.0912586
   vertex 1.14768 1.19643 0.0912555
  endloop
 endfacet
 facet normal 0.112691 0.896641 0.428178
  outer loop
   vertex 1.14766 1.19644 0.0912398
   vertex 1.14768 1.19643 0.0912555
   vertex 1.14783 1.19642 0.091237
  endloop
 endfacet
 facet normal 0.0666243 0.997778 0
  outer loop
   vertex 1.14783 1.19642 0.091237
   vertex 1.14768 1.19643 0.0912555
   vertex 1.14768 1.19643 0.09127
  endloop
 endfacet
 facet normal 0.160446 0.870676 0.464953
  outer loop
   vertex 1.14783 1.19642 0.091237
   vertex 1.14768 1.19643 0.09127
   vertex 1.14784 1.19641 0.0912523
  endloop
 endfacet
 facet normal 0.106438 0.982923 -0.150108
  outer loop
   vertex 1.14784 1.19641 0.0912523
   vertex 1.14768 1.19643 0.09127
   vertex 1.14785 1.19641 0.0912594
  endloop
 endfacet
 facet normal 0.105832 0.983119 -0.149253
  outer loop
   vertex 1.14784 1.19641 0.0912523
   vertex 1.14785 1.19641 0.0912594
   vertex 1.14801 1.19639 0.0912417
  endloop
 endfacet
 facet normal 0.123489 0.992346 -0
  outer loop
   vertex 1.14801 1.19639 0.0912417
   vertex 1.14785 1.19641 0.0912594
   vertex 1.14801 1.19639 0.0912489
  endloop
 endfacet
 facet normal 0.0624709 0.998047 -0
  outer loop
   vertex 1.14801 1.19639 0.0912417
   vertex 1.14801 1.19639 0.0912489
   vertex 1.14817 1.19638 0.0912308
  endloop
 endfacet
 facet normal 0.127248 0.583993 0.801723
  outer loop
   vertex 1.14817 1.19638 0.0912308
   vertex 1.14801 1.19639 0.0912489
   vertex 1.14817 1.19637 0.0912381
  endloop
 endfacet
 facet normal 0.171023 0.580105 0.796385
  outer loop
   vertex 1.14817 1.19638 0.0912308
   vertex 1.14817 1.19637 0.0912381
   vertex 1.1484 1.19635 0.0912033
  endloop
 endfacet
 facet normal 0.0704679 0.991948 -0.105232
  outer loop
   vertex 1.1484 1.19635 0.0912033
   vertex 1.14817 1.19637 0.0912381
   vertex 1.14818 1.19637 0.0912448
  endloop
 endfacet
 facet normal 0.129106 0.967524 0.217324
  outer loop
   vertex 1.1484 1.19635 0.0912033
   vertex 1.14818 1.19637 0.0912448
   vertex 1.14855 1.19633 0.0912033
  endloop
 endfacet
 facet normal 0.118836 0.78204 0.611794
  outer loop
   vertex 1.14688 1.1965 0.0913456
   vertex 1.1472 1.19648 0.0913089
   vertex 1.14688 1.19651 0.0913328
  endloop
 endfacet
 facet normal 0.0881458 0.994022 -0.0644198
  outer loop
   vertex 1.14688 1.19651 0.0913328
   vertex 1.1472 1.19648 0.0913089
   vertex 1.14719 1.19648 0.0912952
  endloop
 endfacet
 facet normal 0.144105 0.844503 0.5158
  outer loop
   vertex 1.14688 1.19651 0.0913328
   vertex 1.14719 1.19648 0.0912952
   vertex 1.14687 1.19652 0.0913192
  endloop
 endfacet
 facet normal 0 0.664157 0.747593
  outer loop
   vertex 1.14713 1.19652 0.0912033
   vertex 1.14712 1.19652 0.0912033
   vertex 1.14713 1.19651 0.0912122
  endloop
 endfacet
 facet normal 0.191613 0.751962 0.630744
  outer loop
   vertex 1.14713 1.19651 0.0912122
   vertex 1.14712 1.19652 0.0912033
   vertex 1.14683 1.19655 0.0912556
  endloop
 endfacet
 facet normal 0.113879 0.985902 -0.12259
  outer loop
   vertex 1.14713 1.19651 0.0912122
   vertex 1.14683 1.19655 0.0912556
   vertex 1.14715 1.19651 0.0912308
  endloop
 endfacet
 facet normal 0.137248 0.968693 0.206874
  outer loop
   vertex 1.14715 1.19651 0.0912308
   vertex 1.14683 1.19655 0.0912556
   vertex 1.14685 1.19654 0.0912892
  endloop
 endfacet
 facet normal 0.169896 0.894947 0.41256
  outer loop
   vertex 1.14715 1.19651 0.0912308
   vertex 1.14685 1.19654 0.0912892
   vertex 1.14716 1.1965 0.0912484
  endloop
 endfacet
 facet normal 0.118638 0.990416 -0.0707143
  outer loop
   vertex 1.14716 1.1965 0.0912484
   vertex 1.14685 1.19654 0.0912892
   vertex 1.14717 1.1965 0.091265
  endloop
 endfacet
 facet normal 0.0891749 0.994597 -0.0531527
  outer loop
   vertex 1.14716 1.1965 0.0912484
   vertex 1.14717 1.1965 0.091265
   vertex 1.14748 1.19647 0.0912253
  endloop
 endfacet
 facet normal 0.136356 0.917586 0.373421
  outer loop
   vertex 1.14748 1.19647 0.0912253
   vertex 1.14717 1.1965 0.091265
   vertex 1.1475 1.19646 0.0912426
  endloop
 endfacet
 facet normal 0.113401 0.91111 0.396256
  outer loop
   vertex 1.14748 1.19647 0.0912253
   vertex 1.1475 1.19646 0.0912426
   vertex 1.14765 1.19645 0.0912227
  endloop
 endfacet
 facet normal 0.118704 0.885566 0.44909
  outer loop
   vertex 1.14765 1.19645 0.0912227
   vertex 1.1475 1.19646 0.0912426
   vertex 1.14766 1.19644 0.0912398
  endloop
 endfacet
 facet normal 0.184918 0.891417 0.41374
  outer loop
   vertex 1.14765 1.19645 0.0912227
   vertex 1.14766 1.19644 0.0912398
   vertex 1.14779 1.19643 0.0912033
  endloop
 endfacet
 facet normal 0.153813 0.945113 0.288275
  outer loop
   vertex 1.14779 1.19643 0.0912033
   vertex 1.14766 1.19644 0.0912398
   vertex 1.14782 1.19642 0.0912201
  endloop
 endfacet
 facet normal -0 0.859002 0.511973
  outer loop
   vertex 1.14779 1.19643 0.0912033
   vertex 1.14782 1.19642 0.0912201
   vertex 1.14781 1.19643 0.0912033
  endloop
 endfacet
 facet normal 0.136564 0.844699 0.517527
  outer loop
   vertex 1.14752 1.19645 0.0912735
   vertex 1.1472 1.19648 0.0913089
   vertex 1.14753 1.19644 0.0912872
  endloop
 endfacet
 facet normal 0.13626 0.827412 0.544814
  outer loop
   vertex 1.14753 1.19644 0.0912872
   vertex 1.1472 1.19648 0.0913089
   vertex 1.14721 1.19647 0.0913216
  endloop
 endfacet
 facet normal 0.139033 0.775249 0.616165
  outer loop
   vertex 1.14753 1.19644 0.0912872
   vertex 1.14721 1.19647 0.0913216
   vertex 1.14753 1.19643 0.0912998
  endloop
 endfacet
 facet normal 0.144215 0.85811 0.492797
  outer loop
   vertex 1.14686 1.19653 0.0913047
   vertex 1.14687 1.19652 0.0913192
   vertex 1.14718 1.19649 0.0912806
  endloop
 endfacet
 facet normal 0.144073 0.859328 0.490711
  outer loop
   vertex 1.14718 1.19649 0.0912806
   vertex 1.14687 1.19652 0.0913192
   vertex 1.14719 1.19648 0.0912952
  endloop
 endfacet
 facet normal 0.137108 0.858179 0.494701
  outer loop
   vertex 1.14718 1.19649 0.0912806
   vertex 1.14719 1.19648 0.0912952
   vertex 1.14751 1.19645 0.0912586
  endloop
 endfacet
 facet normal 0.0867577 0.994562 -0.0576071
  outer loop
   vertex 1.14751 1.19645 0.0912586
   vertex 1.14719 1.19648 0.0912952
   vertex 1.14752 1.19645 0.0912735
  endloop
 endfacet
 facet normal 0.115283 0.990379 -0.0765478
  outer loop
   vertex 1.14751 1.19645 0.0912586
   vertex 1.14752 1.19645 0.0912735
   vertex 1.14768 1.19643 0.0912555
  endloop
 endfacet
 facet normal 0.162697 0.849474 0.501919
  outer loop
   vertex 1.14768 1.19643 0.0912555
   vertex 1.14752 1.19645 0.0912735
   vertex 1.14753 1.19644 0.0912872
  endloop
 endfacet
 facet normal 0.0665716 0.997782 -0
  outer loop
   vertex 1.14768 1.19643 0.0912555
   vertex 1.14753 1.19644 0.0912872
   vertex 1.14768 1.19643 0.09127
  endloop
 endfacet
 facet normal 0.12262 0.776945 0.617512
  outer loop
   vertex 1.14768 1.19643 0.09127
   vertex 1.14753 1.19644 0.0912872
   vertex 1.14753 1.19643 0.0912998
  endloop
 endfacet
 facet normal 0.109156 0.828194 0.549709
  outer loop
   vertex 1.14768 1.19643 0.09127
   vertex 1.14753 1.19643 0.0912998
   vertex 1.14769 1.19642 0.0912831
  endloop
 endfacet
 facet normal 0.112057 0.793302 0.598427
  outer loop
   vertex 1.14769 1.19642 0.0912831
   vertex 1.14753 1.19643 0.0912998
   vertex 1.14754 1.19642 0.0913112
  endloop
 endfacet
 facet normal 0.110063 0.801497 0.587783
  outer loop
   vertex 1.14769 1.19642 0.0912831
   vertex 1.14754 1.19642 0.0913112
   vertex 1.1477 1.19641 0.0912949
  endloop
 endfacet
 facet normal 0.115145 0.712126 0.692545
  outer loop
   vertex 1.1477 1.19641 0.0912949
   vertex 1.14754 1.19642 0.0913112
   vertex 1.14754 1.19641 0.0913215
  endloop
 endfacet
 facet normal 0.129071 0.616997 0.776309
  outer loop
   vertex 1.1477 1.19641 0.0912949
   vertex 1.14754 1.19641 0.0913215
   vertex 1.14786 1.19639 0.0912841
  endloop
 endfacet
 facet normal 0.13121 0.463573 0.87629
  outer loop
   vertex 1.14786 1.19639 0.0912841
   vertex 1.14754 1.19641 0.0913215
   vertex 1.14786 1.19638 0.0912894
  endloop
 endfacet
 facet normal 0.117937 0.464352 0.877763
  outer loop
   vertex 1.14786 1.19639 0.0912841
   vertex 1.14786 1.19638 0.0912894
   vertex 1.14802 1.19637 0.0912732
  endloop
 endfacet
 facet normal 0.0624709 0.998047 0
  outer loop
   vertex 1.14802 1.19637 0.0912732
   vertex 1.14786 1.19638 0.0912894
   vertex 1.14786 1.19638 0.0912942
  endloop
 endfacet
 facet normal 0.136541 0.689005 0.711778
  outer loop
   vertex 1.14802 1.19637 0.0912732
   vertex 1.14786 1.19638 0.0912942
   vertex 1.14818 1.19635 0.0912619
  endloop
 endfacet
 facet normal 0.0756888 0.983407 -0.164871
  outer loop
   vertex 1.14818 1.19635 0.0912619
   vertex 1.14786 1.19638 0.0912942
   vertex 1.14819 1.19635 0.0912665
  endloop
 endfacet
 facet normal 0.0757639 0.983373 -0.165035
  outer loop
   vertex 1.14818 1.19635 0.0912619
   vertex 1.14819 1.19635 0.0912665
   vertex 1.1485 1.19632 0.0912305
  endloop
 endfacet
 facet normal 0.0428015 0.92018 0.38915
  outer loop
   vertex 1.14632 1.19659 0.0913276
   vertex 1.14631 1.19658 0.0913521
   vertex 1.14638 1.19658 0.0913444
  endloop
 endfacet
 facet normal 0.0398929 0.93105 0.362705
  outer loop
   vertex 1.14638 1.19658 0.0913444
   vertex 1.14631 1.19658 0.0913521
   vertex 1.14631 1.19657 0.0913778
  endloop
 endfacet
 facet normal 0.154467 0.809578 0.566324
  outer loop
   vertex 1.14638 1.19658 0.0913444
   vertex 1.14631 1.19657 0.0913778
   vertex 1.14639 1.19656 0.0913703
  endloop
 endfacet
 facet normal 0.153263 0.861249 0.48452
  outer loop
   vertex 1.14639 1.19656 0.0913703
   vertex 1.14631 1.19657 0.0913778
   vertex 1.14631 1.19656 0.0913956
  endloop
 endfacet
 facet normal 0.111899 0.928621 0.353754
  outer loop
   vertex 1.14639 1.19656 0.0913703
   vertex 1.14631 1.19656 0.0913956
   vertex 1.14656 1.19654 0.0913691
  endloop
 endfacet
 facet normal 0.125998 0.804323 0.58068
  outer loop
   vertex 1.14656 1.19654 0.0913691
   vertex 1.14631 1.19656 0.0913956
   vertex 1.14657 1.19653 0.0913808
  endloop
 endfacet
 facet normal 0.110542 0.799782 0.590025
  outer loop
   vertex 1.14656 1.19654 0.0913691
   vertex 1.14657 1.19653 0.0913808
   vertex 1.14673 1.19652 0.0913644
  endloop
 endfacet
 facet normal 0.114525 0.734756 0.668593
  outer loop
   vertex 1.14673 1.19652 0.0913644
   vertex 1.14657 1.19653 0.0913808
   vertex 1.14657 1.19652 0.0913918
  endloop
 endfacet
 facet normal 0.139867 0.560096 0.816536
  outer loop
   vertex 1.14673 1.19652 0.0913644
   vertex 1.14657 1.19652 0.0913918
   vertex 1.14689 1.19649 0.0913575
  endloop
 endfacet
 facet normal 0.0930765 0.995659 -0
  outer loop
   vertex 1.14689 1.19649 0.0913575
   vertex 1.14657 1.19652 0.0913918
   vertex 1.14689 1.19649 0.0913686
  endloop
 endfacet
 facet normal 0.0934786 0.995621 -0
  outer loop
   vertex 1.14689 1.19649 0.0913575
   vertex 1.14689 1.19649 0.0913686
   vertex 1.14721 1.19646 0.0913333
  endloop
 endfacet
 facet normal 0.140752 0.774677 0.616494
  outer loop
   vertex 1.14721 1.19646 0.0913333
   vertex 1.14689 1.19649 0.0913686
   vertex 1.1469 1.19648 0.0913789
  endloop
 endfacet
 facet normal 0.138951 0.789581 0.597708
  outer loop
   vertex 1.14721 1.19646 0.0913333
   vertex 1.1469 1.19648 0.0913789
   vertex 1.14722 1.19645 0.0913442
  endloop
 endfacet
 facet normal 0.136916 0.424527 0.895003
  outer loop
   vertex 1.14722 1.19645 0.0913442
   vertex 1.1469 1.19648 0.0913789
   vertex 1.1469 1.19646 0.0913884
  endloop
 endfacet
 facet normal 0.119368 0.6981 0.70598
  outer loop
   vertex 1.14722 1.19645 0.0913442
   vertex 1.1469 1.19646 0.0913884
   vertex 1.14722 1.19644 0.0913541
  endloop
 endfacet
 facet normal 0.120672 0.663591 0.738299
  outer loop
   vertex 1.14722 1.19644 0.0913541
   vertex 1.1469 1.19646 0.0913884
   vertex 1.14722 1.19643 0.0913631
  endloop
 endfacet
 facet normal 0.136542 0.662215 0.736769
  outer loop
   vertex 1.14722 1.19644 0.0913541
   vertex 1.14722 1.19643 0.0913631
   vertex 1.14754 1.1964 0.0913307
  endloop
 endfacet
 facet normal 0.136266 0.622983 0.770275
  outer loop
   vertex 1.14754 1.1964 0.0913307
   vertex 1.14722 1.19643 0.0913631
   vertex 1.14754 1.19639 0.0913388
  endloop
 endfacet
 facet normal 0.116809 0.624544 0.772205
  outer loop
   vertex 1.14754 1.1964 0.0913307
   vertex 1.14754 1.19639 0.0913388
   vertex 1.1477 1.19638 0.0913227
  endloop
 endfacet
 facet normal 0.117568 0.563426 0.817759
  outer loop
   vertex 1.1477 1.19638 0.0913227
   vertex 1.14754 1.19639 0.0913388
   vertex 1.14754 1.19638 0.0913457
  endloop
 endfacet
 facet normal 0.13508 0.314587 0.939568
  outer loop
   vertex 1.1477 1.19638 0.0913227
   vertex 1.14754 1.19638 0.0913457
   vertex 1.1477 1.19636 0.0913294
  endloop
 endfacet
 facet normal 0.124217 0.992255 -0
  outer loop
   vertex 1.1477 1.19636 0.0913294
   vertex 1.14754 1.19638 0.0913457
   vertex 1.1477 1.19636 0.0913323
  endloop
 endfacet
 facet normal 0.124126 0.992267 -0
  outer loop
   vertex 1.1477 1.19636 0.0913294
   vertex 1.1477 1.19636 0.0913323
   vertex 1.14786 1.19634 0.0913156
  endloop
 endfacet
 facet normal 0.124126 0.992267 -0
  outer loop
   vertex 1.14786 1.19634 0.0913156
   vertex 1.1477 1.19636 0.0913323
   vertex 1.14786 1.19634 0.0913179
  endloop
 endfacet
 facet normal 0.124217 0.992255 -0
  outer loop
   vertex 1.14786 1.19634 0.0913156
   vertex 1.14786 1.19634 0.0913179
   vertex 1.14794 1.19633 0.0913092
  endloop
 endfacet
 facet normal 0.127436 0.168546 0.977421
  outer loop
   vertex 1.14794 1.19633 0.0913092
   vertex 1.14786 1.19634 0.0913179
   vertex 1.14794 1.19632 0.0913109
  endloop
 endfacet
 facet normal 0.111468 0.168873 0.979314
  outer loop
   vertex 1.14794 1.19633 0.0913092
   vertex 1.14794 1.19632 0.0913109
   vertex 1.14802 1.19632 0.0913018
  endloop
 endfacet
 facet normal 0.113081 -0.0140283 0.993487
  outer loop
   vertex 1.14802 1.19632 0.0913018
   vertex 1.14794 1.19632 0.0913109
   vertex 1.14801 1.19631 0.0913028
  endloop
 endfacet
 facet normal 0.118022 -0.0190343 0.992829
  outer loop
   vertex 1.14802 1.19632 0.0913018
   vertex 1.14801 1.19631 0.0913028
   vertex 1.14809 1.1963 0.0912931
  endloop
 endfacet
 facet normal 0.0758081 0.886989 0.455526
  outer loop
   vertex 1.14632 1.19661 0.0912858
   vertex 1.14632 1.1966 0.0913053
   vertex 1.14635 1.1966 0.0913003
  endloop
 endfacet
 facet normal 0.0835692 0.860726 0.502163
  outer loop
   vertex 1.14635 1.1966 0.0913003
   vertex 1.14632 1.1966 0.0913053
   vertex 1.14636 1.19659 0.0913158
  endloop
 endfacet
 facet normal 0.105332 0.864888 0.49079
  outer loop
   vertex 1.14635 1.1966 0.0913003
   vertex 1.14636 1.19659 0.0913158
   vertex 1.14652 1.19658 0.0912989
  endloop
 endfacet
 facet normal 0.104857 0.868739 0.484044
  outer loop
   vertex 1.14652 1.19658 0.0912989
   vertex 1.14636 1.19659 0.0913158
   vertex 1.14653 1.19657 0.0913147
  endloop
 endfacet
 facet normal 0.122464 0.87159 0.474693
  outer loop
   vertex 1.14652 1.19658 0.0912989
   vertex 1.14653 1.19657 0.0913147
   vertex 1.14668 1.19656 0.0912944
  endloop
 endfacet
 facet normal 0.117101 0.899269 0.421429
  outer loop
   vertex 1.14668 1.19656 0.0912944
   vertex 1.14653 1.19657 0.0913147
   vertex 1.1467 1.19655 0.0913102
  endloop
 endfacet
 facet normal 0.118855 0.899893 0.419601
  outer loop
   vertex 1.14668 1.19656 0.0912944
   vertex 1.1467 1.19655 0.0913102
   vertex 1.14685 1.19654 0.0912892
  endloop
 endfacet
 facet normal 0.132381 0.822569 0.553043
  outer loop
   vertex 1.14685 1.19654 0.0912892
   vertex 1.1467 1.19655 0.0913102
   vertex 1.1467 1.19654 0.0913251
  endloop
 endfacet
 facet normal 0.116102 0.866753 0.485036
  outer loop
   vertex 1.14685 1.19654 0.0912892
   vertex 1.1467 1.19654 0.0913251
   vertex 1.14686 1.19653 0.0913047
  endloop
 endfacet
 facet normal 0.0571854 0.997514 -0.0411882
  outer loop
   vertex 1.14686 1.19653 0.0913047
   vertex 1.1467 1.19654 0.0913251
   vertex 1.14671 1.19654 0.091339
  endloop
 endfacet
 facet normal 0.16717 0.861564 0.479335
  outer loop
   vertex 1.14686 1.19653 0.0913047
   vertex 1.14671 1.19654 0.091339
   vertex 1.14687 1.19652 0.0913192
  endloop
 endfacet
 facet normal 0.16888 0.841068 0.513891
  outer loop
   vertex 1.14687 1.19652 0.0913192
   vertex 1.14671 1.19654 0.091339
   vertex 1.14672 1.19653 0.0913521
  endloop
 endfacet
 facet normal 0.166794 0.848577 0.502092
  outer loop
   vertex 1.14687 1.19652 0.0913192
   vertex 1.14672 1.19653 0.0913521
   vertex 1.14688 1.19651 0.0913328
  endloop
 endfacet
 facet normal 0.168271 0.826388 0.537372
  outer loop
   vertex 1.14688 1.19651 0.0913328
   vertex 1.14672 1.19653 0.0913521
   vertex 1.14673 1.19652 0.0913644
  endloop
 endfacet
 facet normal 0.179318 0.774855 0.606173
  outer loop
   vertex 1.14688 1.19651 0.0913328
   vertex 1.14673 1.19652 0.0913644
   vertex 1.14688 1.1965 0.0913456
  endloop
 endfacet
 facet normal 0.177301 0.824906 0.536745
  outer loop
   vertex 1.14688 1.1965 0.0913456
   vertex 1.14673 1.19652 0.0913644
   vertex 1.14689 1.19649 0.0913575
  endloop
 endfacet
 facet normal 0.115276 0.809303 0.575969
  outer loop
   vertex 1.14688 1.1965 0.0913456
   vertex 1.14689 1.19649 0.0913575
   vertex 1.14721 1.19647 0.0913216
  endloop
 endfacet
 facet normal 0.119645 0.754209 0.645642
  outer loop
   vertex 1.14721 1.19647 0.0913216
   vertex 1.14689 1.19649 0.0913575
   vertex 1.14721 1.19646 0.0913333
  endloop
 endfacet
 facet normal 0.138074 0.75239 0.644084
  outer loop
   vertex 1.14721 1.19647 0.0913216
   vertex 1.14721 1.19646 0.0913333
   vertex 1.14753 1.19643 0.0912998
  endloop
 endfacet
 facet normal 0.136792 0.788917 0.599081
  outer loop
   vertex 1.14753 1.19643 0.0912998
   vertex 1.14721 1.19646 0.0913333
   vertex 1.14722 1.19645 0.0913442
  endloop
 endfacet
 facet normal 0.135382 0.800314 0.584097
  outer loop
   vertex 1.14753 1.19643 0.0912998
   vertex 1.14722 1.19645 0.0913442
   vertex 1.14754 1.19642 0.0913112
  endloop
 endfacet
 facet normal 0.138018 0.696399 0.704259
  outer loop
   vertex 1.14754 1.19642 0.0913112
   vertex 1.14722 1.19645 0.0913442
   vertex 1.14722 1.19644 0.0913541
  endloop
 endfacet
 facet normal 0.137047 0.71013 0.690604
  outer loop
   vertex 1.14754 1.19642 0.0913112
   vertex 1.14722 1.19644 0.0913541
   vertex 1.14754 1.19641 0.0913215
  endloop
 endfacet
 facet normal 0.137247 0.674556 0.725353
  outer loop
   vertex 1.14754 1.19641 0.0913215
   vertex 1.14722 1.19644 0.0913541
   vertex 1.14754 1.1964 0.0913307
  endloop
 endfacet
 facet normal 0.125126 0.675649 0.726528
  outer loop
   vertex 1.14754 1.19641 0.0913215
   vertex 1.14754 1.1964 0.0913307
   vertex 1.14786 1.19638 0.0912942
  endloop
 endfacet
 facet normal 0.128587 0.40651 0.904552
  outer loop
   vertex 1.14786 1.19638 0.0912942
   vertex 1.14754 1.1964 0.0913307
   vertex 1.14786 1.19637 0.0912987
  endloop
 endfacet
 facet normal 0.11316 0.40728 0.906266
  outer loop
   vertex 1.14786 1.19638 0.0912942
   vertex 1.14786 1.19637 0.0912987
   vertex 1.14819 1.19635 0.0912665
  endloop
 endfacet
 facet normal 0.112425 0.368681 0.922732
  outer loop
   vertex 1.14819 1.19635 0.0912665
   vertex 1.14786 1.19637 0.0912987
   vertex 1.14819 1.19634 0.0912705
  endloop
 endfacet
 facet normal 0.142221 0.367262 0.91918
  outer loop
   vertex 1.14819 1.19635 0.0912665
   vertex 1.14819 1.19634 0.0912705
   vertex 1.1485 1.19632 0.0912305
  endloop
 endfacet
 facet normal 0.142397 0.383009 0.912703
  outer loop
   vertex 1.1485 1.19632 0.0912305
   vertex 1.14819 1.19634 0.0912705
   vertex 1.1485 1.19631 0.0912347
  endloop
 endfacet
 facet normal 0.099473 0.385033 0.917526
  outer loop
   vertex 1.1485 1.19632 0.0912305
   vertex 1.1485 1.19631 0.0912347
   vertex 1.14869 1.1963 0.0912183
  endloop
 endfacet
 facet normal 0.0991336 0.656338 0.747926
  outer loop
   vertex 1.14869 1.1963 0.0912183
   vertex 1.1485 1.19631 0.0912347
   vertex 1.14861 1.1963 0.0912289
  endloop
 endfacet
 facet normal -0.475869 0.637096 -0.606347
  outer loop
   vertex 0.701215 1.20083 0.0839386
   vertex 0.700467 1.2002 0.0838637
   vertex 0.700155 1.2005 0.0844238
  endloop
 endfacet
 facet normal -0.36281 0.855842 -0.36865
  outer loop
   vertex 0.704445 1.20409 0.0860401
   vertex 0.704317 1.20443 0.0869554
   vertex 0.70483 1.20477 0.0872398
  endloop
 endfacet
 facet normal -0.451372 0.622199 -0.639634
  outer loop
   vertex 0.702813 1.20125 0.0832697
   vertex 0.70256 1.2008 0.0830105
   vertex 0.701986 1.20143 0.0840284
  endloop
 endfacet
 facet normal -0.515247 0.321607 -0.794411
  outer loop
   vertex 0.698449 1.1963 0.0827643
   vertex 0.698575 1.19649 0.0827595
   vertex 0.69869 1.1963 0.082608
  endloop
 endfacet
 facet normal -0.418959 0.907744 -0.0217567
  outer loop
   vertex 0.704131 1.20513 0.0912033
   vertex 0.703554 1.20486 0.0910495
   vertex 0.703546 1.20486 0.0912033
  endloop
 endfacet
 facet normal -0.396452 0.917964 -0.0129498
  outer loop
   vertex 0.704131 1.20513 0.0912033
   vertex 0.705335 1.20565 0.0912033
   vertex 0.705328 1.20564 0.0907088
  endloop
 endfacet
 facet normal -0.410858 0.909974 -0.0560628
  outer loop
   vertex 0.704131 1.20513 0.0912033
   vertex 0.705328 1.20564 0.0907088
   vertex 0.703554 1.20486 0.0910495
  endloop
 endfacet
 facet normal -0.410657 0.910153 -0.0546057
  outer loop
   vertex 0.703554 1.20486 0.0910495
   vertex 0.705328 1.20564 0.0907088
   vertex 0.705305 1.2056 0.0902162
  endloop
 endfacet
 facet normal -0.41489 0.907484 -0.0658714
  outer loop
   vertex 0.703554 1.20486 0.0910495
   vertex 0.705305 1.2056 0.0902162
   vertex 0.703715 1.20483 0.0896229
  endloop
 endfacet
 facet normal -0.650918 0.756364 -0.0649526
  outer loop
   vertex 0.696159 1.20001 0.0899383
   vertex 0.696335 1.20027 0.0912034
   vertex 0.696896 1.20065 0.0900055
  endloop
 endfacet
 facet normal -0.616014 0.786771 -0.0389628
  outer loop
   vertex 0.696896 1.20065 0.0900055
   vertex 0.696335 1.20027 0.0912034
   vertex 0.698353 1.20185 0.0912033
  endloop
 endfacet
 facet normal -0.681489 0.728388 -0.0708744
  outer loop
   vertex 0.695449 1.19933 0.0898886
   vertex 0.695323 1.19934 0.0912031
   vertex 0.696039 1.20001 0.0912034
  endloop
 endfacet
 facet normal -0.852255 0.520116 -0.0560461
  outer loop
   vertex 0.69296 1.1963 0.090306
   vertex 0.692901 1.1963 0.0912033
   vertex 0.693023 1.1965 0.0912032
  endloop
 endfacet
 facet normal -0.846361 0.529384 -0.0585252
  outer loop
   vertex 0.69296 1.1963 0.090306
   vertex 0.693023 1.1965 0.0912032
   vertex 0.693429 1.19708 0.0905793
  endloop
 endfacet
 facet normal -0.827991 0.529408 -0.184818
  outer loop
   vertex 0.693022 1.1963 0.0899119
   vertex 0.693517 1.19706 0.0898711
   vertex 0.693131 1.1963 0.0894235
  endloop
 endfacet
 facet normal -0.801316 0.548148 -0.239639
  outer loop
   vertex 0.693131 1.1963 0.0894235
   vertex 0.693517 1.19706 0.0898711
   vertex 0.693797 1.19688 0.0885232
  endloop
 endfacet
 facet normal -0.80921 0.527439 -0.258819
  outer loop
   vertex 0.693131 1.1963 0.0894235
   vertex 0.693797 1.19688 0.0885232
   vertex 0.693405 1.1963 0.088567
  endloop
 endfacet
 facet normal -0.781604 0.500176 -0.372719
  outer loop
   vertex 0.693405 1.1963 0.088567
   vertex 0.693797 1.19688 0.0885232
   vertex 0.694197 1.19656 0.087255
  endloop
 endfacet
 facet normal -0.707986 0.516403 -0.481751
  outer loop
   vertex 0.694714 1.1963 0.0862165
   vertex 0.694208 1.1963 0.0869601
   vertex 0.694197 1.19656 0.087255
  endloop
 endfacet
 facet normal -0.774369 0.459974 -0.434484
  outer loop
   vertex 0.694197 1.19656 0.087255
   vertex 0.694208 1.1963 0.0869601
   vertex 0.693768 1.1963 0.0877443
  endloop
 endfacet
 facet normal -0.732014 0.599837 -0.323033
  outer loop
   vertex 0.694197 1.19656 0.087255
   vertex 0.693768 1.1963 0.0877443
   vertex 0.693405 1.1963 0.088567
  endloop
 endfacet
 facet normal -0.71619 0.502642 -0.484174
  outer loop
   vertex 0.694789 1.19738 0.0872267
   vertex 0.695287 1.19693 0.086023
   vertex 0.694714 1.1963 0.0862165
  endloop
 endfacet
 facet normal -0.691334 0.456806 -0.559809
  outer loop
   vertex 0.694714 1.1963 0.0862165
   vertex 0.695287 1.19693 0.086023
   vertex 0.695575 1.19666 0.085447
  endloop
 endfacet
 facet normal -0.699185 0.386362 -0.601552
  outer loop
   vertex 0.694714 1.1963 0.0862165
   vertex 0.695575 1.19666 0.085447
   vertex 0.695887 1.1963 0.0848531
  endloop
 endfacet
 facet normal -0.60287 0.423072 -0.67643
  outer loop
   vertex 0.697775 1.19731 0.083763
   vertex 0.696431 1.1963 0.0843292
   vertex 0.697422 1.19766 0.0842965
  endloop
 endfacet
 facet normal -0.621439 0.437237 -0.650105
  outer loop
   vertex 0.697422 1.19766 0.0842965
   vertex 0.696431 1.1963 0.0843292
   vertex 0.695944 1.1963 0.0847947
  endloop
 endfacet
 facet normal -0.631745 0.457297 -0.625921
  outer loop
   vertex 0.697422 1.19766 0.0842965
   vertex 0.695944 1.1963 0.0847947
   vertex 0.697099 1.19797 0.0848491
  endloop
 endfacet
 facet normal -0.545987 0.342747 -0.764475
  outer loop
   vertex 0.698575 1.19649 0.0827595
   vertex 0.698449 1.1963 0.0827643
   vertex 0.698158 1.19692 0.0832501
  endloop
 endfacet
 facet normal -0.552356 0.337871 -0.762067
  outer loop
   vertex 0.698158 1.19692 0.0832501
   vertex 0.698449 1.1963 0.0827643
   vertex 0.697225 1.1963 0.0836515
  endloop
 endfacet
 facet normal -0.570332 0.390405 -0.722707
  outer loop
   vertex 0.698158 1.19692 0.0832501
   vertex 0.697225 1.1963 0.0836515
   vertex 0.697775 1.19731 0.083763
  endloop
 endfacet
 facet normal -0.577379 0.393439 -0.71543
  outer loop
   vertex 0.697775 1.19731 0.083763
   vertex 0.697225 1.1963 0.0836515
   vertex 0.697049 1.1963 0.0837935
  endloop
 endfacet
 facet normal -0.597734 0.408852 -0.689604
  outer loop
   vertex 0.697775 1.19731 0.083763
   vertex 0.697049 1.1963 0.0837935
   vertex 0.696431 1.1963 0.0843292
  endloop
 endfacet
 facet normal -0.46309 0.326126 -0.82413
  outer loop
   vertex 0.70077 1.19768 0.0819573
   vertex 0.699981 1.1963 0.0818546
   vertex 0.699231 1.1963 0.082276
  endloop
 endfacet
 facet normal -0.451304 0.39242 -0.801456
  outer loop
   vertex 0.70077 1.19768 0.0819573
   vertex 0.700225 1.19764 0.0822446
   vertex 0.70096 1.19801 0.0820119
  endloop
 endfacet
 facet normal -0.456466 0.410149 -0.789567
  outer loop
   vertex 0.70096 1.19801 0.0820119
   vertex 0.700225 1.19764 0.0822446
   vertex 0.700878 1.19839 0.0822567
  endloop
 endfacet
 facet normal -0.434302 0.449348 -0.780684
  outer loop
   vertex 0.701441 1.19885 0.0822083
   vertex 0.701201 1.19843 0.0821
   vertex 0.700878 1.19839 0.0822567
  endloop
 endfacet
 facet normal -0.436144 0.433701 -0.788468
  outer loop
   vertex 0.700878 1.19839 0.0822567
   vertex 0.701201 1.19843 0.0821
   vertex 0.701072 1.19821 0.0820504
  endloop
 endfacet
 facet normal -0.459273 0.408909 -0.788582
  outer loop
   vertex 0.700878 1.19839 0.0822567
   vertex 0.701072 1.19821 0.0820504
   vertex 0.70096 1.19801 0.0820119
  endloop
 endfacet
 facet normal -0.459903 0.321766 -0.82762
  outer loop
   vertex 0.70077 1.19768 0.0819573
   vertex 0.699231 1.1963 0.082276
   vertex 0.700225 1.19764 0.0822446
  endloop
 endfacet
 facet normal -0.51466 0.363584 -0.776487
  outer loop
   vertex 0.700225 1.19764 0.0822446
   vertex 0.699231 1.1963 0.082276
   vertex 0.699802 1.19808 0.082731
  endloop
 endfacet
 facet normal -0.464519 0.417026 -0.781224
  outer loop
   vertex 0.700225 1.19764 0.0822446
   vertex 0.699802 1.19808 0.082731
   vertex 0.700878 1.19839 0.0822567
  endloop
 endfacet
 facet normal -0.465946 0.488768 -0.737563
  outer loop
   vertex 0.700878 1.19839 0.0822567
   vertex 0.699802 1.19808 0.082731
   vertex 0.701577 1.19909 0.082279
  endloop
 endfacet
 facet normal -0.45624 0.479461 -0.749642
  outer loop
   vertex 0.700878 1.19839 0.0822567
   vertex 0.701577 1.19909 0.082279
   vertex 0.701441 1.19885 0.0822083
  endloop
 endfacet
 facet normal -0.428067 0.547335 -0.719155
  outer loop
   vertex 0.701899 1.20015 0.0828581
   vertex 0.701913 1.19967 0.0824844
   vertex 0.701171 1.1995 0.0827967
  endloop
 endfacet
 facet normal -0.429727 0.521354 -0.737241
  outer loop
   vertex 0.701171 1.1995 0.0827967
   vertex 0.701913 1.19967 0.0824844
   vertex 0.701716 1.19933 0.0823588
  endloop
 endfacet
 facet normal -0.443951 0.497091 -0.745525
  outer loop
   vertex 0.701171 1.1995 0.0827967
   vertex 0.701716 1.19933 0.0823588
   vertex 0.701579 1.19909 0.0822804
  endloop
 endfacet
 facet normal -0.414998 0.673156 -0.612076
  outer loop
   vertex 0.702813 1.20125 0.0832697
   vertex 0.701986 1.20143 0.0840284
   vertex 0.703298 1.20209 0.0838648
  endloop
 endfacet
 facet normal -0.433967 0.741226 -0.51211
  outer loop
   vertex 0.703542 1.20252 0.0842217
   vertex 0.702777 1.20201 0.0841318
   vertex 0.703047 1.20306 0.0854228
  endloop
 endfacet
 facet normal -0.404816 0.709013 -0.577429
  outer loop
   vertex 0.703542 1.20252 0.0842217
   vertex 0.703298 1.20209 0.0838648
   vertex 0.702777 1.20201 0.0841318
  endloop
 endfacet
 facet normal -0.415802 0.675543 -0.608892
  outer loop
   vertex 0.702777 1.20201 0.0841318
   vertex 0.703298 1.20209 0.0838648
   vertex 0.701986 1.20143 0.0840284
  endloop
 endfacet
 facet normal -0.470654 0.730112 -0.4954
  outer loop
   vertex 0.702777 1.20201 0.0841318
   vertex 0.701986 1.20143 0.0840284
   vertex 0.703047 1.20306 0.0854228
  endloop
 endfacet
 facet normal -0.387738 0.731804 -0.560466
  outer loop
   vertex 0.703047 1.20306 0.0854228
   vertex 0.701986 1.20143 0.0840284
   vertex 0.70169 1.20171 0.0845988
  endloop
 endfacet
 facet normal -0.408476 0.773397 -0.484773
  outer loop
   vertex 0.703997 1.20331 0.0850211
   vertex 0.703946 1.20322 0.0849205
   vertex 0.703047 1.20306 0.0854228
  endloop
 endfacet
 facet normal -0.417708 0.753555 -0.507617
  outer loop
   vertex 0.703047 1.20306 0.0854228
   vertex 0.703946 1.20322 0.0849205
   vertex 0.703631 1.20267 0.0843632
  endloop
 endfacet
 facet normal -0.434334 0.740982 -0.512152
  outer loop
   vertex 0.703047 1.20306 0.0854228
   vertex 0.703631 1.20267 0.0843632
   vertex 0.703542 1.20252 0.0842217
  endloop
 endfacet
 facet normal -0.43291 0.86512 -0.253292
  outer loop
   vertex 0.70483 1.20477 0.0872398
   vertex 0.704317 1.20443 0.0869554
   vertex 0.704977 1.20502 0.0878424
  endloop
 endfacet
 facet normal -0.402172 0.871555 -0.280445
  outer loop
   vertex 0.704977 1.20502 0.0878424
   vertex 0.704317 1.20443 0.0869554
   vertex 0.703971 1.20469 0.0882595
  endloop
 endfacet
 facet normal -0.393477 0.885022 -0.248822
  outer loop
   vertex 0.704977 1.20502 0.0878424
   vertex 0.703971 1.20469 0.0882595
   vertex 0.70507 1.20519 0.0882999
  endloop
 endfacet
 facet normal -0.402066 0.909775 -0.103213
  outer loop
   vertex 0.705305 1.2056 0.0902162
   vertex 0.705275 1.20554 0.0898034
   vertex 0.703715 1.20483 0.0896229
  endloop
 endfacet
 facet normal -0.399654 0.908766 -0.120087
  outer loop
   vertex 0.703715 1.20483 0.0896229
   vertex 0.705275 1.20554 0.0898034
   vertex 0.705216 1.20544 0.0892438
  endloop
 endfacet
 facet normal -0.407373 0.897545 -0.168702
  outer loop
   vertex 0.703715 1.20483 0.0896229
   vertex 0.705216 1.20544 0.0892438
   vertex 0.703971 1.20469 0.0882595
  endloop
 endfacet
 facet normal -0.407296 0.897559 -0.16881
  outer loop
   vertex 0.703971 1.20469 0.0882595
   vertex 0.705216 1.20544 0.0892438
   vertex 0.705106 1.20525 0.0884988
  endloop
 endfacet
 facet normal -0.39986 0.894944 -0.197959
  outer loop
   vertex 0.703971 1.20469 0.0882595
   vertex 0.705106 1.20525 0.0884988
   vertex 0.70507 1.20519 0.0882999
  endloop
 endfacet
 facet normal -0.717783 0.501577 -0.482917
  outer loop
   vertex 0.694714 1.1963 0.0862165
   vertex 0.694197 1.19656 0.087255
   vertex 0.694789 1.19738 0.0872267
  endloop
 endfacet
 facet normal -0.758028 0.534397 -0.373916
  outer loop
   vertex 0.694789 1.19738 0.0872267
   vertex 0.694197 1.19656 0.087255
   vertex 0.693797 1.19688 0.0885232
  endloop
 endfacet
 facet normal -0.752676 0.548319 -0.364453
  outer loop
   vertex 0.694789 1.19738 0.0872267
   vertex 0.693797 1.19688 0.0885232
   vertex 0.694398 1.19769 0.0885007
  endloop
 endfacet
 facet normal -0.78293 0.574242 -0.239305
  outer loop
   vertex 0.694398 1.19769 0.0885007
   vertex 0.693797 1.19688 0.0885232
   vertex 0.693517 1.19706 0.0898711
  endloop
 endfacet
 facet normal -0.778512 0.583004 -0.232436
  outer loop
   vertex 0.694398 1.19769 0.0885007
   vertex 0.693517 1.19706 0.0898711
   vertex 0.694122 1.19786 0.0898514
  endloop
 endfacet
 facet normal -0.833884 0.536128 -0.131164
  outer loop
   vertex 0.693022 1.1963 0.0899119
   vertex 0.69296 1.1963 0.090306
   vertex 0.693517 1.19706 0.0898711
  endloop
 endfacet
 facet normal -0.83203 0.541871 -0.118753
  outer loop
   vertex 0.693517 1.19706 0.0898711
   vertex 0.69296 1.1963 0.090306
   vertex 0.693429 1.19708 0.0905793
  endloop
 endfacet
 facet normal -0.793636 0.597319 -0.115548
  outer loop
   vertex 0.693517 1.19706 0.0898711
   vertex 0.693429 1.19708 0.0905793
   vertex 0.694122 1.19786 0.0898514
  endloop
 endfacet
 facet normal -0.796469 0.591794 -0.124165
  outer loop
   vertex 0.694122 1.19786 0.0898514
   vertex 0.693429 1.19708 0.0905793
   vertex 0.694034 1.19789 0.0905593
  endloop
 endfacet
 facet normal -0.750424 0.649805 -0.120901
  outer loop
   vertex 0.694122 1.19786 0.0898514
   vertex 0.694034 1.19789 0.0905593
   vertex 0.694682 1.19864 0.0905678
  endloop
 endfacet
 facet normal -0.649262 0.545376 -0.530117
  outer loop
   vertex 0.696803 1.19825 0.0854197
   vertex 0.695896 1.19774 0.0860057
   vertex 0.696533 1.1985 0.0860075
  endloop
 endfacet
 facet normal -0.677612 0.568983 -0.46594
  outer loop
   vertex 0.696533 1.1985 0.0860075
   vertex 0.695896 1.19774 0.0860057
   vertex 0.695414 1.19816 0.0872197
  endloop
 endfacet
 facet normal -0.668286 0.591614 -0.450984
  outer loop
   vertex 0.696533 1.1985 0.0860075
   vertex 0.695414 1.19816 0.0872197
   vertex 0.696069 1.19891 0.0872329
  endloop
 endfacet
 facet normal -0.701831 0.619173 -0.35222
  outer loop
   vertex 0.696069 1.19891 0.0872329
   vertex 0.695414 1.19816 0.0872197
   vertex 0.695035 1.19846 0.0885022
  endloop
 endfacet
 facet normal -0.689319 0.643109 -0.333541
  outer loop
   vertex 0.696069 1.19891 0.0872329
   vertex 0.695035 1.19846 0.0885022
   vertex 0.695705 1.19919 0.0885251
  endloop
 endfacet
 facet normal -0.715416 0.663469 -0.219062
  outer loop
   vertex 0.695705 1.19919 0.0885251
   vertex 0.695035 1.19846 0.0885022
   vertex 0.694768 1.19862 0.0898586
  endloop
 endfacet
 facet normal -0.603009 0.626825 -0.493426
  outer loop
   vertex 0.698147 1.1997 0.0854682
   vertex 0.6972 1.19923 0.0860284
   vertex 0.697895 1.19993 0.0860683
  endloop
 endfacet
 facet normal -0.627871 0.647962 -0.431188
  outer loop
   vertex 0.697895 1.19993 0.0860683
   vertex 0.6972 1.19923 0.0860284
   vertex 0.696753 1.19962 0.0872654
  endloop
 endfacet
 facet normal -0.62853 0.718626 -0.297535
  outer loop
   vertex 0.696404 1.19988 0.0885674
   vertex 0.69713 1.20054 0.0886276
   vertex 0.697465 1.20029 0.0873162
  endloop
 endfacet
 facet normal -0.610092 0.734986 -0.295944
  outer loop
   vertex 0.697465 1.20029 0.0873162
   vertex 0.69713 1.20054 0.0886276
   vertex 0.698203 1.20093 0.0873843
  endloop
 endfacet
 facet normal -0.583727 0.714193 -0.386252
  outer loop
   vertex 0.697465 1.20029 0.0873162
   vertex 0.698203 1.20093 0.0873843
   vertex 0.698619 1.20059 0.086127
  endloop
 endfacet
 facet normal -0.5704 0.725588 -0.384923
  outer loop
   vertex 0.698619 1.20059 0.086127
   vertex 0.698203 1.20093 0.0873843
   vertex 0.699369 1.20122 0.0862032
  endloop
 endfacet
 facet normal -0.544976 0.703871 -0.455596
  outer loop
   vertex 0.698619 1.20059 0.086127
   vertex 0.699369 1.20122 0.0862032
   vertex 0.699607 1.20101 0.085594
  endloop
 endfacet
 facet normal -0.672432 0.715881 -0.188015
  outer loop
   vertex 0.696404 1.19988 0.0885674
   vertex 0.695449 1.19933 0.0898886
   vertex 0.696159 1.20001 0.0899383
  endloop
 endfacet
 facet normal -0.687805 0.722959 -0.0652324
  outer loop
   vertex 0.696159 1.20001 0.0899383
   vertex 0.695449 1.19933 0.0898886
   vertex 0.696039 1.20001 0.0912034
  endloop
 endfacet
 facet normal -0.65882 0.749702 -0.0624835
  outer loop
   vertex 0.696159 1.20001 0.0899383
   vertex 0.696039 1.20001 0.0912034
   vertex 0.696335 1.20027 0.0912034
  endloop
 endfacet
 facet normal -0.599093 0.786762 -0.148641
  outer loop
   vertex 0.698654 1.20176 0.0887957
   vertex 0.696896 1.20065 0.0900055
   vertex 0.69844 1.20186 0.0901869
  endloop
 endfacet
 facet normal -0.612937 0.788861 -0.0447995
  outer loop
   vertex 0.69844 1.20186 0.0901869
   vertex 0.696896 1.20065 0.0900055
   vertex 0.698353 1.20185 0.0912033
  endloop
 endfacet
 facet normal -0.553185 0.832133 -0.0392623
  outer loop
   vertex 0.69844 1.20186 0.0901869
   vertex 0.698353 1.20185 0.0912033
   vertex 0.699827 1.20283 0.0912033
  endloop
 endfacet
 facet normal -0.53353 0.81345 -0.231615
  outer loop
   vertex 0.700556 1.20269 0.0876805
   vertex 0.698654 1.20176 0.0887957
   vertex 0.700264 1.20288 0.0890205
  endloop
 endfacet
 facet normal -0.55151 0.821675 -0.143829
  outer loop
   vertex 0.700264 1.20288 0.0890205
   vertex 0.698654 1.20176 0.0887957
   vertex 0.69844 1.20186 0.0901869
  endloop
 endfacet
 facet normal -0.540736 0.833006 -0.117072
  outer loop
   vertex 0.700264 1.20288 0.0890205
   vertex 0.69844 1.20186 0.0901869
   vertex 0.700068 1.20295 0.0904236
  endloop
 endfacet
 facet normal -0.551626 0.833021 -0.0422375
  outer loop
   vertex 0.700068 1.20295 0.0904236
   vertex 0.69844 1.20186 0.0901869
   vertex 0.699827 1.20283 0.0912033
  endloop
 endfacet
 facet normal -0.505534 0.862488 -0.0234551
  outer loop
   vertex 0.700068 1.20295 0.0904236
   vertex 0.699827 1.20283 0.0912033
   vertex 0.701738 1.20395 0.0912032
  endloop
 endfacet
 facet normal -0.466094 0.827968 -0.311811
  outer loop
   vertex 0.702592 1.20345 0.086655
   vertex 0.700556 1.20269 0.0876805
   vertex 0.702226 1.20373 0.0879457
  endloop
 endfacet
 facet normal -0.488829 0.842595 -0.226007
  outer loop
   vertex 0.702226 1.20373 0.0879457
   vertex 0.700556 1.20269 0.0876805
   vertex 0.700264 1.20288 0.0890205
  endloop
 endfacet
 facet normal -0.481395 0.85224 -0.204808
  outer loop
   vertex 0.702226 1.20373 0.0879457
   vertex 0.700264 1.20288 0.0890205
   vertex 0.701952 1.2039 0.0892971
  endloop
 endfacet
 facet normal -0.500273 0.858503 -0.112692
  outer loop
   vertex 0.701952 1.2039 0.0892971
   vertex 0.700264 1.20288 0.0890205
   vertex 0.700068 1.20295 0.0904236
  endloop
 endfacet
 facet normal -0.492024 0.865611 -0.0929006
  outer loop
   vertex 0.701952 1.2039 0.0892971
   vertex 0.700068 1.20295 0.0904236
   vertex 0.701773 1.20395 0.0907116
  endloop
 endfacet
 facet normal -0.501123 0.864641 -0.0356659
  outer loop
   vertex 0.701773 1.20395 0.0907116
   vertex 0.700068 1.20295 0.0904236
   vertex 0.701738 1.20395 0.0912032
  endloop
 endfacet
 facet normal -0.449325 0.892796 -0.0319793
  outer loop
   vertex 0.701773 1.20395 0.0907116
   vertex 0.701738 1.20395 0.0912032
   vertex 0.703546 1.20486 0.0912033
  endloop
 endfacet
 facet normal -0.451315 0.892057 -0.023437
  outer loop
   vertex 0.703546 1.20486 0.0912033
   vertex 0.703554 1.20486 0.0910495
   vertex 0.701773 1.20395 0.0907116
  endloop
 endfacet
 facet normal -0.443507 0.893625 -0.0688113
  outer loop
   vertex 0.701773 1.20395 0.0907116
   vertex 0.703554 1.20486 0.0910495
   vertex 0.703715 1.20483 0.0896229
  endloop
 endfacet
 facet normal -0.451899 0.887658 -0.0886036
  outer loop
   vertex 0.701773 1.20395 0.0907116
   vertex 0.703715 1.20483 0.0896229
   vertex 0.701952 1.2039 0.0892971
  endloop
 endfacet
 facet normal -0.434494 0.88402 -0.172405
  outer loop
   vertex 0.701952 1.2039 0.0892971
   vertex 0.703715 1.20483 0.0896229
   vertex 0.703971 1.20469 0.0882595
  endloop
 endfacet
 facet normal -0.444422 0.873217 -0.19995
  outer loop
   vertex 0.701952 1.2039 0.0892971
   vertex 0.703971 1.20469 0.0882595
   vertex 0.702226 1.20373 0.0879457
  endloop
 endfacet
 facet normal -0.422532 0.860802 -0.283702
  outer loop
   vertex 0.702226 1.20373 0.0879457
   vertex 0.703971 1.20469 0.0882595
   vertex 0.704317 1.20443 0.0869554
  endloop
 endfacet
 facet normal -0.429411 0.849648 -0.306112
  outer loop
   vertex 0.702226 1.20373 0.0879457
   vertex 0.704317 1.20443 0.0869554
   vertex 0.702592 1.20345 0.086655
  endloop
 endfacet
 facet normal -0.410234 0.834689 -0.367427
  outer loop
   vertex 0.702592 1.20345 0.086655
   vertex 0.704317 1.20443 0.0869554
   vertex 0.704445 1.20409 0.0860401
  endloop
 endfacet
 facet normal -0.416418 0.811239 -0.410472
  outer loop
   vertex 0.702592 1.20345 0.086655
   vertex 0.704445 1.20409 0.0860401
   vertex 0.703047 1.20306 0.0854228
  endloop
 endfacet
 facet normal -0.425747 0.814321 -0.394488
  outer loop
   vertex 0.703047 1.20306 0.0854228
   vertex 0.704445 1.20409 0.0860401
   vertex 0.704271 1.20379 0.0856085
  endloop
 endfacet
 facet normal -0.402539 0.791875 -0.459235
  outer loop
   vertex 0.703047 1.20306 0.0854228
   vertex 0.704271 1.20379 0.0856085
   vertex 0.703997 1.20331 0.0850211
  endloop
 endfacet
 facet normal -0.466441 0.585049 -0.663439
  outer loop
   vertex 0.701899 1.20015 0.0828581
   vertex 0.701171 1.1995 0.0827967
   vertex 0.701215 1.20083 0.0839386
  endloop
 endfacet
 facet normal -0.38012 0.609728 -0.695514
  outer loop
   vertex 0.701215 1.20083 0.0839386
   vertex 0.701171 1.1995 0.0827967
   vertex 0.700805 1.19987 0.0833211
  endloop
 endfacet
 facet normal -0.449431 0.611086 -0.651602
  outer loop
   vertex 0.701215 1.20083 0.0839386
   vertex 0.700805 1.19987 0.0833211
   vertex 0.700467 1.2002 0.0838637
  endloop
 endfacet
 facet normal -0.594903 0.754688 -0.276654
  outer loop
   vertex 0.69713 1.20054 0.0886276
   vertex 0.697881 1.20116 0.0887041
   vertex 0.698203 1.20093 0.0873843
  endloop
 endfacet
 facet normal -0.588123 0.760233 -0.275966
  outer loop
   vertex 0.698203 1.20093 0.0873843
   vertex 0.697881 1.20116 0.0887041
   vertex 0.698965 1.20155 0.0874684
  endloop
 endfacet
 facet normal -0.560801 0.739681 -0.371987
  outer loop
   vertex 0.698203 1.20093 0.0873843
   vertex 0.698965 1.20155 0.0874684
   vertex 0.699369 1.20122 0.0862032
  endloop
 endfacet
 facet normal -0.521872 0.769839 -0.367422
  outer loop
   vertex 0.699369 1.20122 0.0862032
   vertex 0.698965 1.20155 0.0874684
   vertex 0.70094 1.20238 0.0864021
  endloop
 endfacet
 facet normal -0.493068 0.744895 -0.449461
  outer loop
   vertex 0.699369 1.20122 0.0862032
   vertex 0.70094 1.20238 0.0864021
   vertex 0.699607 1.20101 0.085594
  endloop
 endfacet
 facet normal -0.514195 0.747933 -0.419762
  outer loop
   vertex 0.699607 1.20101 0.085594
   vertex 0.70094 1.20238 0.0864021
   vertex 0.701167 1.20219 0.0857857
  endloop
 endfacet
 facet normal -0.481297 0.717948 -0.502895
  outer loop
   vertex 0.699607 1.20101 0.085594
   vertex 0.701167 1.20219 0.0857857
   vertex 0.699869 1.20077 0.0850007
  endloop
 endfacet
 facet normal -0.496958 0.721115 -0.482727
  outer loop
   vertex 0.699869 1.20077 0.0850007
   vertex 0.701167 1.20219 0.0857857
   vertex 0.701417 1.20196 0.0851846
  endloop
 endfacet
 facet normal -0.465077 0.690628 -0.553837
  outer loop
   vertex 0.699869 1.20077 0.0850007
   vertex 0.701417 1.20196 0.0851846
   vertex 0.700155 1.2005 0.0844238
  endloop
 endfacet
 facet normal -0.652355 0.734683 -0.186209
  outer loop
   vertex 0.696404 1.19988 0.0885674
   vertex 0.696159 1.20001 0.0899383
   vertex 0.69713 1.20054 0.0886276
  endloop
 endfacet
 facet normal -0.637538 0.751809 -0.168307
  outer loop
   vertex 0.69713 1.20054 0.0886276
   vertex 0.696159 1.20001 0.0899383
   vertex 0.696896 1.20065 0.0900055
  endloop
 endfacet
 facet normal -0.617677 0.768653 -0.166279
  outer loop
   vertex 0.69713 1.20054 0.0886276
   vertex 0.696896 1.20065 0.0900055
   vertex 0.697881 1.20116 0.0887041
  endloop
 endfacet
 facet normal -0.596473 0.789996 -0.141868
  outer loop
   vertex 0.697881 1.20116 0.0887041
   vertex 0.696896 1.20065 0.0900055
   vertex 0.698654 1.20176 0.0887957
  endloop
 endfacet
 facet normal -0.573333 0.777828 -0.257437
  outer loop
   vertex 0.697881 1.20116 0.0887041
   vertex 0.698654 1.20176 0.0887957
   vertex 0.698965 1.20155 0.0874684
  endloop
 endfacet
 facet normal -0.540836 0.801974 -0.253644
  outer loop
   vertex 0.698965 1.20155 0.0874684
   vertex 0.698654 1.20176 0.0887957
   vertex 0.700556 1.20269 0.0876805
  endloop
 endfacet
 facet normal -0.515828 0.784095 -0.345132
  outer loop
   vertex 0.698965 1.20155 0.0874684
   vertex 0.700556 1.20269 0.0876805
   vertex 0.70094 1.20238 0.0864021
  endloop
 endfacet
 facet normal -0.474194 0.81234 -0.339475
  outer loop
   vertex 0.70094 1.20238 0.0864021
   vertex 0.700556 1.20269 0.0876805
   vertex 0.702592 1.20345 0.086655
  endloop
 endfacet
 facet normal -0.450723 0.792823 -0.41022
  outer loop
   vertex 0.70094 1.20238 0.0864021
   vertex 0.702592 1.20345 0.086655
   vertex 0.701167 1.20219 0.0857857
  endloop
 endfacet
 facet normal -0.446833 0.792185 -0.415673
  outer loop
   vertex 0.701167 1.20219 0.0857857
   vertex 0.702592 1.20345 0.086655
   vertex 0.703047 1.20306 0.0854228
  endloop
 endfacet
 facet normal -0.443411 0.759916 -0.475304
  outer loop
   vertex 0.701167 1.20219 0.0857857
   vertex 0.703047 1.20306 0.0854228
   vertex 0.701417 1.20196 0.0851846
  endloop
 endfacet
 facet normal -0.426208 0.743189 -0.515768
  outer loop
   vertex 0.701417 1.20196 0.0851846
   vertex 0.703047 1.20306 0.0854228
   vertex 0.70169 1.20171 0.0845988
  endloop
 endfacet
 facet normal -0.489103 0.696435 -0.525126
  outer loop
   vertex 0.701417 1.20196 0.0851846
   vertex 0.70169 1.20171 0.0845988
   vertex 0.700155 1.2005 0.0844238
  endloop
 endfacet
 facet normal -0.466132 0.674199 -0.572867
  outer loop
   vertex 0.700155 1.2005 0.0844238
   vertex 0.70169 1.20171 0.0845988
   vertex 0.701986 1.20143 0.0840284
  endloop
 endfacet
 facet normal -0.468502 0.685457 -0.557364
  outer loop
   vertex 0.700155 1.2005 0.0844238
   vertex 0.701986 1.20143 0.0840284
   vertex 0.701215 1.20083 0.0839386
  endloop
 endfacet
 facet normal -0.425555 0.642264 -0.637495
  outer loop
   vertex 0.701215 1.20083 0.0839386
   vertex 0.701986 1.20143 0.0840284
   vertex 0.70256 1.2008 0.0830105
  endloop
 endfacet
 facet normal -0.442819 0.605446 -0.661322
  outer loop
   vertex 0.701215 1.20083 0.0839386
   vertex 0.70256 1.2008 0.0830105
   vertex 0.701899 1.20015 0.0828581
  endloop
 endfacet
 facet normal -0.434668 0.599643 -0.671931
  outer loop
   vertex 0.701899 1.20015 0.0828581
   vertex 0.70256 1.2008 0.0830105
   vertex 0.702371 1.20047 0.0828383
  endloop
 endfacet
 facet normal -0.406003 0.553958 -0.726837
  outer loop
   vertex 0.701899 1.20015 0.0828581
   vertex 0.702371 1.20047 0.0828383
   vertex 0.701913 1.19967 0.0824844
  endloop
 endfacet
 facet normal -0.487987 0.35982 -0.795235
  outer loop
   vertex 0.699231 1.1963 0.082276
   vertex 0.69869 1.1963 0.082608
   vertex 0.699802 1.19808 0.082731
  endloop
 endfacet
 facet normal -0.476617 0.353388 -0.804955
  outer loop
   vertex 0.699802 1.19808 0.082731
   vertex 0.69869 1.1963 0.082608
   vertex 0.698575 1.19649 0.0827595
  endloop
 endfacet
 facet normal -0.542919 0.405806 -0.735228
  outer loop
   vertex 0.699802 1.19808 0.082731
   vertex 0.698575 1.19649 0.0827595
   vertex 0.699412 1.19848 0.0832398
  endloop
 endfacet
 facet normal -0.498842 0.395898 -0.770988
  outer loop
   vertex 0.699412 1.19848 0.0832398
   vertex 0.698575 1.19649 0.0827595
   vertex 0.698158 1.19692 0.0832501
  endloop
 endfacet
 facet normal -0.566564 0.450872 -0.689725
  outer loop
   vertex 0.699412 1.19848 0.0832398
   vertex 0.698158 1.19692 0.0832501
   vertex 0.699054 1.19884 0.0837692
  endloop
 endfacet
 facet normal -0.524816 0.441651 -0.727676
  outer loop
   vertex 0.699054 1.19884 0.0837692
   vertex 0.698158 1.19692 0.0832501
   vertex 0.697775 1.19731 0.083763
  endloop
 endfacet
 facet normal -0.58788 0.494014 -0.640583
  outer loop
   vertex 0.699054 1.19884 0.0837692
   vertex 0.697775 1.19731 0.083763
   vertex 0.698725 1.19916 0.0843179
  endloop
 endfacet
 facet normal -0.547914 0.485652 -0.681125
  outer loop
   vertex 0.698725 1.19916 0.0843179
   vertex 0.697775 1.19731 0.083763
   vertex 0.697422 1.19766 0.0842965
  endloop
 endfacet
 facet normal -0.603146 0.532385 -0.593954
  outer loop
   vertex 0.698725 1.19916 0.0843179
   vertex 0.697422 1.19766 0.0842965
   vertex 0.698423 1.19945 0.0848845
  endloop
 endfacet
 facet normal -0.571542 0.526385 -0.629491
  outer loop
   vertex 0.698423 1.19945 0.0848845
   vertex 0.697422 1.19766 0.0842965
   vertex 0.697099 1.19797 0.0848491
  endloop
 endfacet
 facet normal -0.621862 0.569212 -0.537852
  outer loop
   vertex 0.698423 1.19945 0.0848845
   vertex 0.697099 1.19797 0.0848491
   vertex 0.698147 1.1997 0.0854682
  endloop
 endfacet
 facet normal -0.671498 0.662146 -0.332646
  outer loop
   vertex 0.695705 1.19919 0.0885251
   vertex 0.696753 1.19962 0.0872654
   vertex 0.696069 1.19891 0.0872329
  endloop
 endfacet
 facet normal -0.639655 0.636002 -0.431675
  outer loop
   vertex 0.696069 1.19891 0.0872329
   vertex 0.696753 1.19962 0.0872654
   vertex 0.6972 1.19923 0.0860284
  endloop
 endfacet
 facet normal -0.652469 0.609114 -0.450849
  outer loop
   vertex 0.696069 1.19891 0.0872329
   vertex 0.6972 1.19923 0.0860284
   vertex 0.696533 1.1985 0.0860075
  endloop
 endfacet
 facet normal -0.608962 0.572179 -0.549342
  outer loop
   vertex 0.696533 1.1985 0.0860075
   vertex 0.6972 1.19923 0.0860284
   vertex 0.698147 1.1997 0.0854682
  endloop
 endfacet
 facet normal -0.612752 0.585738 -0.530515
  outer loop
   vertex 0.696533 1.1985 0.0860075
   vertex 0.698147 1.1997 0.0854682
   vertex 0.696803 1.19825 0.0854197
  endloop
 endfacet
 facet normal -0.587057 0.563612 -0.581124
  outer loop
   vertex 0.696803 1.19825 0.0854197
   vertex 0.698147 1.1997 0.0854682
   vertex 0.697099 1.19797 0.0848491
  endloop
 endfacet
 facet normal -0.659128 0.481092 -0.578014
  outer loop
   vertex 0.696803 1.19825 0.0854197
   vertex 0.697099 1.19797 0.0848491
   vertex 0.695889 1.19636 0.0848888
  endloop
 endfacet
 facet normal -0.617451 0.448083 -0.646511
  outer loop
   vertex 0.695889 1.19636 0.0848888
   vertex 0.697099 1.19797 0.0848491
   vertex 0.695944 1.1963 0.0847947
  endloop
 endfacet
 facet normal -0.756789 0.644342 -0.109977
  outer loop
   vertex 0.694682 1.19864 0.0905678
   vertex 0.694768 1.19862 0.0898586
   vertex 0.694122 1.19786 0.0898514
  endloop
 endfacet
 facet normal -0.742103 0.632907 -0.220709
  outer loop
   vertex 0.694122 1.19786 0.0898514
   vertex 0.694768 1.19862 0.0898586
   vertex 0.695035 1.19846 0.0885022
  endloop
 endfacet
 facet normal -0.749408 0.620431 -0.2312
  outer loop
   vertex 0.694122 1.19786 0.0898514
   vertex 0.695035 1.19846 0.0885022
   vertex 0.694398 1.19769 0.0885007
  endloop
 endfacet
 facet normal -0.720686 0.596906 -0.352584
  outer loop
   vertex 0.694398 1.19769 0.0885007
   vertex 0.695035 1.19846 0.0885022
   vertex 0.695414 1.19816 0.0872197
  endloop
 endfacet
 facet normal -0.728252 0.580199 -0.364716
  outer loop
   vertex 0.694398 1.19769 0.0885007
   vertex 0.695414 1.19816 0.0872197
   vertex 0.694789 1.19738 0.0872267
  endloop
 endfacet
 facet normal -0.692684 0.550797 -0.465631
  outer loop
   vertex 0.694789 1.19738 0.0872267
   vertex 0.695414 1.19816 0.0872197
   vertex 0.695896 1.19774 0.0860057
  endloop
 endfacet
 facet normal -0.703829 0.518907 -0.485139
  outer loop
   vertex 0.694789 1.19738 0.0872267
   vertex 0.695896 1.19774 0.0860057
   vertex 0.695287 1.19693 0.086023
  endloop
 endfacet
 facet normal -0.650289 0.476368 -0.591775
  outer loop
   vertex 0.695287 1.19693 0.086023
   vertex 0.695896 1.19774 0.0860057
   vertex 0.696803 1.19825 0.0854197
  endloop
 endfacet
 facet normal -0.658624 0.498988 -0.563227
  outer loop
   vertex 0.695287 1.19693 0.086023
   vertex 0.696803 1.19825 0.0854197
   vertex 0.695575 1.19666 0.085447
  endloop
 endfacet
 facet normal -0.631263 0.477028 -0.611516
  outer loop
   vertex 0.695575 1.19666 0.085447
   vertex 0.696803 1.19825 0.0854197
   vertex 0.695889 1.19636 0.0848888
  endloop
 endfacet
 facet normal -0.703503 0.380488 -0.60026
  outer loop
   vertex 0.695575 1.19666 0.085447
   vertex 0.695889 1.19636 0.0848888
   vertex 0.695887 1.1963 0.0848531
  endloop
 endfacet
 facet normal -0.655283 0.402211 -0.639399
  outer loop
   vertex 0.695887 1.1963 0.0848531
   vertex 0.695889 1.19636 0.0848888
   vertex 0.695944 1.1963 0.0847947
  endloop
 endfacet
 facet normal -0.838477 0.543443 -0.040324
  outer loop
   vertex 0.693023 1.1965 0.0912032
   vertex 0.693386 1.19706 0.091203
   vertex 0.693429 1.19708 0.0905793
  endloop
 endfacet
 facet normal -0.792877 0.60837 -0.0350971
  outer loop
   vertex 0.693429 1.19708 0.0905793
   vertex 0.693386 1.19706 0.091203
   vertex 0.694253 1.19819 0.0912035
  endloop
 endfacet
 facet normal -0.801258 0.598287 -0.00610262
  outer loop
   vertex 0.693429 1.19708 0.0905793
   vertex 0.694253 1.19819 0.0912035
   vertex 0.694034 1.19789 0.0905593
  endloop
 endfacet
 facet normal -0.753409 0.655715 -0.0491099
  outer loop
   vertex 0.694034 1.19789 0.0905593
   vertex 0.694253 1.19819 0.0912035
   vertex 0.694636 1.19863 0.0912033
  endloop
 endfacet
 facet normal -0.755657 0.65346 -0.0444181
  outer loop
   vertex 0.694034 1.19789 0.0905593
   vertex 0.694636 1.19863 0.0912033
   vertex 0.694682 1.19864 0.0905678
  endloop
 endfacet
 facet normal -0.718055 0.694775 -0.0410445
  outer loop
   vertex 0.694682 1.19864 0.0905678
   vertex 0.694636 1.19863 0.0912033
   vertex 0.695323 1.19934 0.0912031
  endloop
 endfacet
 facet normal -0.685014 0.721149 -0.103441
  outer loop
   vertex 0.694682 1.19864 0.0905678
   vertex 0.695323 1.19934 0.0912031
   vertex 0.694768 1.19862 0.0898586
  endloop
 endfacet
 facet normal -0.718155 0.691926 -0.0741113
  outer loop
   vertex 0.694768 1.19862 0.0898586
   vertex 0.695323 1.19934 0.0912031
   vertex 0.695449 1.19933 0.0898886
  endloop
 endfacet
 facet normal -0.702559 0.68237 -0.201947
  outer loop
   vertex 0.694768 1.19862 0.0898586
   vertex 0.695449 1.19933 0.0898886
   vertex 0.695705 1.19919 0.0885251
  endloop
 endfacet
 facet normal -0.682116 0.703289 -0.200256
  outer loop
   vertex 0.695705 1.19919 0.0885251
   vertex 0.695449 1.19933 0.0898886
   vertex 0.696404 1.19988 0.0885674
  endloop
 endfacet
 facet normal -0.65752 0.685292 -0.313117
  outer loop
   vertex 0.695705 1.19919 0.0885251
   vertex 0.696404 1.19988 0.0885674
   vertex 0.696753 1.19962 0.0872654
  endloop
 endfacet
 facet normal -0.639245 0.702978 -0.311749
  outer loop
   vertex 0.696753 1.19962 0.0872654
   vertex 0.696404 1.19988 0.0885674
   vertex 0.697465 1.20029 0.0873162
  endloop
 endfacet
 facet normal -0.610574 0.679691 -0.406473
  outer loop
   vertex 0.696753 1.19962 0.0872654
   vertex 0.697465 1.20029 0.0873162
   vertex 0.697895 1.19993 0.0860683
  endloop
 endfacet
 facet normal -0.597676 0.691644 -0.405477
  outer loop
   vertex 0.697895 1.19993 0.0860683
   vertex 0.697465 1.20029 0.0873162
   vertex 0.698619 1.20059 0.086127
  endloop
 endfacet
 facet normal -0.564728 0.663132 -0.491263
  outer loop
   vertex 0.697895 1.19993 0.0860683
   vertex 0.698619 1.20059 0.086127
   vertex 0.698147 1.1997 0.0854682
  endloop
 endfacet
 facet normal -0.553316 0.66487 -0.501786
  outer loop
   vertex 0.698147 1.1997 0.0854682
   vertex 0.698619 1.20059 0.086127
   vertex 0.699607 1.20101 0.085594
  endloop
 endfacet
 facet normal -0.538745 0.651711 -0.533878
  outer loop
   vertex 0.698147 1.1997 0.0854682
   vertex 0.699607 1.20101 0.085594
   vertex 0.698423 1.19945 0.0848845
  endloop
 endfacet
 facet normal -0.556872 0.654969 -0.510792
  outer loop
   vertex 0.698423 1.19945 0.0848845
   vertex 0.699607 1.20101 0.085594
   vertex 0.699869 1.20077 0.0850007
  endloop
 endfacet
 facet normal -0.516909 0.618342 -0.591996
  outer loop
   vertex 0.698423 1.19945 0.0848845
   vertex 0.699869 1.20077 0.0850007
   vertex 0.698725 1.19916 0.0843179
  endloop
 endfacet
 facet normal -0.543284 0.624149 -0.561499
  outer loop
   vertex 0.698725 1.19916 0.0843179
   vertex 0.699869 1.20077 0.0850007
   vertex 0.700155 1.2005 0.0844238
  endloop
 endfacet
 facet normal -0.499626 0.583762 -0.639997
  outer loop
   vertex 0.698725 1.19916 0.0843179
   vertex 0.700155 1.2005 0.0844238
   vertex 0.699054 1.19884 0.0837692
  endloop
 endfacet
 facet normal -0.527719 0.590717 -0.610381
  outer loop
   vertex 0.699054 1.19884 0.0837692
   vertex 0.700155 1.2005 0.0844238
   vertex 0.700467 1.2002 0.0838637
  endloop
 endfacet
 facet normal -0.476423 0.543054 -0.691458
  outer loop
   vertex 0.699054 1.19884 0.0837692
   vertex 0.700467 1.2002 0.0838637
   vertex 0.699412 1.19848 0.0832398
  endloop
 endfacet
 facet normal -0.513478 0.552981 -0.656165
  outer loop
   vertex 0.699412 1.19848 0.0832398
   vertex 0.700467 1.2002 0.0838637
   vertex 0.700805 1.19987 0.0833211
  endloop
 endfacet
 facet normal -0.453628 0.497854 -0.739164
  outer loop
   vertex 0.699412 1.19848 0.0832398
   vertex 0.700805 1.19987 0.0833211
   vertex 0.699802 1.19808 0.082731
  endloop
 endfacet
 facet normal -0.494437 0.509262 -0.704403
  outer loop
   vertex 0.699802 1.19808 0.082731
   vertex 0.700805 1.19987 0.0833211
   vertex 0.701171 1.1995 0.0827967
  endloop
 endfacet
 facet normal -0.463273 0.481063 -0.744283
  outer loop
   vertex 0.699802 1.19808 0.082731
   vertex 0.701171 1.1995 0.0827967
   vertex 0.701577 1.19909 0.082279
  endloop
 endfacet
 facet normal 0.307002 0.848466 -0.431109
  outer loop
   vertex 0.701577 1.19909 0.082279
   vertex 0.701171 1.1995 0.0827967
   vertex 0.701579 1.19909 0.0822804
  endloop
 endfacet
 facet normal -0.231634 0.164933 -0.958719
  outer loop
   vertex 0.708781 1.1963 0.0789418
   vertex 0.705284 1.1963 0.0797867
   vertex 0.706283 1.19736 0.0797277
  endloop
 endfacet
 facet normal -0.301403 0.232579 -0.924696
  outer loop
   vertex 0.706283 1.19736 0.0797277
   vertex 0.705284 1.1963 0.0797867
   vertex 0.702764 1.1963 0.0806081
  endloop
 endfacet
 facet normal 0.112032 0.469527 -0.875782
  outer loop
   vertex 1.03335 1.20231 0.0796142
   vertex 1.03374 1.2034 0.0802485
   vertex 1.14628 1.19647 0.0909296
  endloop
 endfacet
 facet normal 0.0607047 0.889414 -0.453053
  outer loop
   vertex 0.926847 1.21466 0.0809533
   vertex 0.92725 1.2156 0.0828526
   vertex 0.981067 1.21261 0.0841937
  endloop
 endfacet
 facet normal -0.0510192 0.997272 -0.0533506
  outer loop
   vertex 0.780436 1.21548 0.0912033
   vertex 0.817381 1.21737 0.0912033
   vertex 0.817324 1.21725 0.0890139
  endloop
 endfacet
 facet normal -0.103374 0.993416 -0.0493838
  outer loop
   vertex 0.761349 1.21396 0.0893426
   vertex 0.733144 1.21104 0.0896438
   vertex 0.732879 1.21109 0.0912033
  endloop
 endfacet
 facet normal -0.429052 0.308512 -0.848961
  outer loop
   vertex 0.699981 1.1963 0.0818546
   vertex 0.70077 1.19768 0.0819573
   vertex 0.701891 1.19722 0.0812236
  endloop
 endfacet
 facet normal 0.127286 0.991866 0
  outer loop
   vertex 1.11554 1.20057 0.0912033
   vertex 1.14632 1.19662 0.0912033
   vertex 1.14632 1.19662 0.0911847
  endloop
 endfacet
 facet normal 0.0906921 0.994408 -0.0540997
  outer loop
   vertex 1.0112 1.21161 0.0912033
   vertex 1.03587 1.20936 0.0912033
   vertex 1.03585 1.20929 0.0898837
  endloop
 endfacet
 facet normal 0.109503 0.992503 -0.0542824
  outer loop
   vertex 1.03585 1.20929 0.0898837
   vertex 1.03587 1.20936 0.0912033
   vertex 1.11554 1.20057 0.0912033
  endloop
 endfacet
 facet normal -0.350808 0.759171 -0.548264
  outer loop
   vertex 0.707303 1.20425 0.0841987
   vertex 0.706889 1.20352 0.0834529
   vertex 0.703946 1.20322 0.0849205
  endloop
 endfacet
 facet normal -0.349555 0.858783 -0.374571
  outer loop
   vertex 0.70483 1.20477 0.0872398
   vertex 0.708009 1.20549 0.0859239
   vertex 0.704445 1.20409 0.0860401
  endloop
 endfacet
 facet normal -0.344205 0.841727 -0.415955
  outer loop
   vertex 0.704445 1.20409 0.0860401
   vertex 0.708009 1.20549 0.0859239
   vertex 0.707678 1.20491 0.0850242
  endloop
 endfacet
 facet normal -0.34767 0.829725 -0.436671
  outer loop
   vertex 0.704445 1.20409 0.0860401
   vertex 0.707678 1.20491 0.0850242
   vertex 0.704271 1.20379 0.0856085
  endloop
 endfacet
 facet normal -0.347085 0.803039 -0.484417
  outer loop
   vertex 0.704271 1.20379 0.0856085
   vertex 0.707678 1.20491 0.0850242
   vertex 0.707303 1.20425 0.0841987
  endloop
 endfacet
 facet normal -0.349007 0.798861 -0.489914
  outer loop
   vertex 0.704271 1.20379 0.0856085
   vertex 0.707303 1.20425 0.0841987
   vertex 0.703997 1.20331 0.0850211
  endloop
 endfacet
 facet normal -0.350755 0.779284 -0.519314
  outer loop
   vertex 0.703997 1.20331 0.0850211
   vertex 0.707303 1.20425 0.0841987
   vertex 0.703946 1.20322 0.0849205
  endloop
 endfacet
 facet normal -0.341877 0.90148 -0.265431
  outer loop
   vertex 0.70507 1.20519 0.0882999
   vertex 0.708409 1.20619 0.0873957
   vertex 0.704977 1.20502 0.0878424
  endloop
 endfacet
 facet normal -0.342425 0.893449 -0.290678
  outer loop
   vertex 0.704977 1.20502 0.0878424
   vertex 0.708409 1.20619 0.0873957
   vertex 0.70829 1.20598 0.0868903
  endloop
 endfacet
 facet normal -0.34191 0.894603 -0.28772
  outer loop
   vertex 0.704977 1.20502 0.0878424
   vertex 0.70829 1.20598 0.0868903
   vertex 0.70483 1.20477 0.0872398
  endloop
 endfacet
 facet normal -0.340971 0.877961 -0.33604
  outer loop
   vertex 0.70483 1.20477 0.0872398
   vertex 0.70829 1.20598 0.0868903
   vertex 0.708156 1.20574 0.0863993
  endloop
 endfacet
 facet normal -0.34294 0.870937 -0.351939
  outer loop
   vertex 0.70483 1.20477 0.0872398
   vertex 0.708156 1.20574 0.0863993
   vertex 0.708009 1.20549 0.0859239
  endloop
 endfacet
 facet normal -0.185525 0.929638 -0.318362
  outer loop
   vertex 0.71902 1.20855 0.0872079
   vertex 0.71875 1.20807 0.0859638
   vertex 0.711803 1.20706 0.0870627
  endloop
 endfacet
 facet normal -0.187531 0.937038 -0.294604
  outer loop
   vertex 0.711803 1.20706 0.0870627
   vertex 0.711917 1.20726 0.0876264
   vertex 0.71902 1.20855 0.0872079
  endloop
 endfacet
 facet normal -0.187235 0.950355 -0.248533
  outer loop
   vertex 0.71902 1.20855 0.0872079
   vertex 0.711917 1.20726 0.0876264
   vertex 0.712015 1.20743 0.0882026
  endloop
 endfacet
 facet normal -0.185336 0.955544 -0.229317
  outer loop
   vertex 0.71902 1.20855 0.0872079
   vertex 0.712015 1.20743 0.0882026
   vertex 0.719217 1.2089 0.0885071
  endloop
 endfacet
 facet normal -0.187546 0.960986 -0.203306
  outer loop
   vertex 0.712015 1.20743 0.0882026
   vertex 0.712096 1.20757 0.0887894
   vertex 0.719217 1.2089 0.0885071
  endloop
 endfacet
 facet normal -0.187352 0.969298 -0.159249
  outer loop
   vertex 0.719217 1.2089 0.0885071
   vertex 0.712096 1.20757 0.0887894
   vertex 0.712159 1.20768 0.089385
  endloop
 endfacet
 facet normal -0.185826 0.972111 -0.143067
  outer loop
   vertex 0.719217 1.2089 0.0885071
   vertex 0.712159 1.20768 0.089385
   vertex 0.719338 1.20912 0.0898452
  endloop
 endfacet
 facet normal -0.188237 0.975313 -0.115464
  outer loop
   vertex 0.719338 1.20912 0.0898452
   vertex 0.712159 1.20768 0.089385
   vertex 0.712204 1.20776 0.0899873
  endloop
 endfacet
 facet normal -0.187947 0.981147 -0.0450186
  outer loop
   vertex 0.719338 1.20912 0.0898452
   vertex 0.712204 1.20776 0.0899873
   vertex 0.719378 1.20919 0.0912033
  endloop
 endfacet
 facet normal -0.183154 0.980413 -0.0724273
  outer loop
   vertex 0.719378 1.20919 0.0912033
   vertex 0.712204 1.20776 0.0899873
   vertex 0.712232 1.20781 0.0905942
  endloop
 endfacet
 facet normal -0.190513 0.981621 0.0111724
  outer loop
   vertex 0.719378 1.20919 0.0912033
   vertex 0.712232 1.20781 0.0905942
   vertex 0.711804 1.20772 0.0912033
  endloop
 endfacet
 facet normal -0.103424 0.984083 -0.144513
  outer loop
   vertex 0.733144 1.21104 0.0896438
   vertex 0.761349 1.21396 0.0893426
   vertex 0.733008 1.2108 0.088107
  endloop
 endfacet
 facet normal -0.103293 0.98377 -0.146719
  outer loop
   vertex 0.733008 1.2108 0.088107
   vertex 0.761349 1.21396 0.0893426
   vertex 0.761192 1.21367 0.0875084
  endloop
 endfacet
 facet normal -0.103376 0.964506 -0.242986
  outer loop
   vertex 0.733008 1.2108 0.088107
   vertex 0.761192 1.21367 0.0875084
   vertex 0.732784 1.2104 0.0866143
  endloop
 endfacet
 facet normal -0.103274 0.964084 -0.244697
  outer loop
   vertex 0.732784 1.2104 0.0866143
   vertex 0.761192 1.21367 0.0875084
   vertex 0.760935 1.21319 0.0857255
  endloop
 endfacet
 facet normal -0.103382 0.93552 -0.33781
  outer loop
   vertex 0.732784 1.2104 0.0866143
   vertex 0.760935 1.21319 0.0857255
   vertex 0.732479 1.20985 0.0851844
  endloop
 endfacet
 facet normal -0.103566 0.936591 -0.334772
  outer loop
   vertex 0.732479 1.20985 0.0851844
   vertex 0.760935 1.21319 0.0857255
   vertex 0.760583 1.21254 0.0840161
  endloop
 endfacet
 facet normal -0.103745 0.899865 -0.423651
  outer loop
   vertex 0.732479 1.20985 0.0851844
   vertex 0.760583 1.21254 0.0840161
   vertex 0.732098 1.20917 0.0838334
  endloop
 endfacet
 facet normal -0.103797 0.900254 -0.422811
  outer loop
   vertex 0.732098 1.20917 0.0838334
   vertex 0.760583 1.21254 0.0840161
   vertex 0.760143 1.21173 0.0823994
  endloop
 endfacet
 facet normal -0.104014 0.85288 -0.511642
  outer loop
   vertex 0.732098 1.20917 0.0838334
   vertex 0.760143 1.21173 0.0823994
   vertex 0.731648 1.20836 0.0825746
  endloop
 endfacet
 facet normal -0.103959 0.852371 -0.512501
  outer loop
   vertex 0.731648 1.20836 0.0825746
   vertex 0.760143 1.21173 0.0823994
   vertex 0.759623 1.21076 0.0808916
  endloop
 endfacet
 facet normal -0.104183 0.800119 -0.590725
  outer loop
   vertex 0.731648 1.20836 0.0825746
   vertex 0.759623 1.21076 0.0808916
   vertex 0.731137 1.20744 0.0814187
  endloop
 endfacet
 facet normal -0.104193 0.800237 -0.590563
  outer loop
   vertex 0.731137 1.20744 0.0814187
   vertex 0.759623 1.21076 0.0808916
   vertex 0.759032 1.20966 0.0795054
  endloop
 endfacet
 facet normal -0.104475 0.742763 -0.661353
  outer loop
   vertex 0.731137 1.20744 0.0814187
   vertex 0.759032 1.20966 0.0795054
   vertex 0.730573 1.20643 0.0803734
  endloop
 endfacet
 facet normal 0.0605359 0.778515 -0.6247
  outer loop
   vertex 0.926367 1.21355 0.0791713
   vertex 0.980389 1.21089 0.0810914
   vertex 0.925817 1.21227 0.0775229
  endloop
 endfacet
 facet normal 0.0602992 0.78271 -0.619458
  outer loop
   vertex 0.925817 1.21227 0.0775229
   vertex 0.980389 1.21089 0.0810914
   vertex 0.979967 1.20982 0.0796983
  endloop
 endfacet
 facet normal 0.0603228 0.712924 -0.698642
  outer loop
   vertex 0.925817 1.21227 0.0775229
   vertex 0.979967 1.20982 0.0796983
   vertex 0.925206 1.21085 0.0760211
  endloop
 endfacet
 facet normal 0.0602356 0.714682 -0.696851
  outer loop
   vertex 0.925206 1.21085 0.0760211
   vertex 0.979967 1.20982 0.0796983
   vertex 0.979496 1.20862 0.0784268
  endloop
 endfacet
 facet normal 0.0602301 0.639411 -0.766503
  outer loop
   vertex 0.925206 1.21085 0.0760211
   vertex 0.979496 1.20862 0.0784268
   vertex 0.92454 1.2093 0.0746758
  endloop
 endfacet
 facet normal 0.0854542 0.777487 -0.623066
  outer loop
   vertex 0.980389 1.21089 0.0810914
   vertex 1.03505 1.20705 0.0837964
   vertex 0.979967 1.20982 0.0796983
  endloop
 endfacet
 facet normal 0.0852723 0.781739 -0.617748
  outer loop
   vertex 0.979967 1.20982 0.0796983
   vertex 1.03505 1.20705 0.0837964
   vertex 1.03477 1.20627 0.0827707
  endloop
 endfacet
 facet normal 0.0851715 0.708653 -0.700397
  outer loop
   vertex 0.979967 1.20982 0.0796983
   vertex 1.03477 1.20627 0.0827707
   vertex 0.979496 1.20862 0.0784268
  endloop
 endfacet
 facet normal 0.0850485 0.711974 -0.697036
  outer loop
   vertex 0.979496 1.20862 0.0784268
   vertex 1.03477 1.20627 0.0827707
   vertex 1.03445 1.20539 0.0818328
  endloop
 endfacet
 facet normal 0.113707 0.831392 -0.543928
  outer loop
   vertex 1.14631 1.19657 0.0910366
   vertex 1.03505 1.20705 0.0837964
   vertex 1.03529 1.20774 0.0849012
  endloop
 endfacet
 facet normal 0.0855503 0.836613 -0.541073
  outer loop
   vertex 1.03529 1.20774 0.0849012
   vertex 1.03505 1.20705 0.0837964
   vertex 0.980389 1.21089 0.0810914
  endloop
 endfacet
 facet normal 0.0854933 0.837762 -0.539302
  outer loop
   vertex 1.03529 1.20774 0.0849012
   vertex 0.980389 1.21089 0.0810914
   vertex 0.980758 1.21182 0.0825945
  endloop
 endfacet
 facet normal 0.0605108 0.842129 -0.535871
  outer loop
   vertex 0.980758 1.21182 0.0825945
   vertex 0.980389 1.21089 0.0810914
   vertex 0.926367 1.21355 0.0791713
  endloop
 endfacet
 facet normal 0.0606646 0.839805 -0.539488
  outer loop
   vertex 0.980758 1.21182 0.0825945
   vertex 0.926367 1.21355 0.0791713
   vertex 0.926847 1.21466 0.0809533
  endloop
 endfacet
 facet normal 0.0606714 0.933456 -0.353524
  outer loop
   vertex 0.981067 1.21261 0.0841937
   vertex 0.92725 1.2156 0.0828526
   vertex 0.981313 1.21323 0.085873
  endloop
 endfacet
 facet normal 0.060901 0.931189 -0.359412
  outer loop
   vertex 0.981313 1.21323 0.085873
   vertex 0.92725 1.2156 0.0828526
   vertex 0.927571 1.21635 0.08485
  endloop
 endfacet
 facet normal 0.0608797 0.964869 -0.255582
  outer loop
   vertex 0.981313 1.21323 0.085873
   vertex 0.927571 1.21635 0.08485
   vertex 0.981491 1.21368 0.0876143
  endloop
 endfacet
 facet normal 0.0609702 0.964229 -0.257965
  outer loop
   vertex 0.981491 1.21368 0.0876143
   vertex 0.927571 1.21635 0.08485
   vertex 0.927805 1.21689 0.0869238
  endloop
 endfacet
 facet normal 0.060961 0.985491 -0.158401
  outer loop
   vertex 0.981491 1.21368 0.0876143
   vertex 0.927805 1.21689 0.0869238
   vertex 0.981599 1.21396 0.089398
  endloop
 endfacet
 facet normal 0.0609099 0.985714 -0.157028
  outer loop
   vertex 0.981599 1.21396 0.089398
   vertex 0.927805 1.21689 0.0869238
   vertex 0.927947 1.21722 0.0890502
  endloop
 endfacet
 facet normal 0.0609897 0.993195 -0.0992138
  outer loop
   vertex 0.981599 1.21396 0.089398
   vertex 0.927947 1.21722 0.0890502
   vertex 0.934705 1.21702 0.0912033
  endloop
 endfacet
 facet normal 0.0854982 0.66971 -0.737685
  outer loop
   vertex 1.11554 1.20057 0.0912033
   vertex 1.14632 1.19662 0.0911847
   vertex 1.03585 1.20929 0.0898837
  endloop
 endfacet
 facet normal 0.113945 0.993487 0
  outer loop
   vertex 1.03585 1.20929 0.0898837
   vertex 1.14632 1.19662 0.0911847
   vertex 1.14632 1.19662 0.0911605
  endloop
 endfacet
 facet normal 0.11432 0.980888 -0.157444
  outer loop
   vertex 1.03585 1.20929 0.0898837
   vertex 1.14632 1.19662 0.0911605
   vertex 1.03577 1.20909 0.0885794
  endloop
 endfacet
 facet normal 0.111842 0.90788 -0.404037
  outer loop
   vertex 1.14632 1.19662 0.0911605
   vertex 1.14632 1.19661 0.091138
   vertex 1.03577 1.20909 0.0885794
  endloop
 endfacet
 facet normal 0.114272 0.959291 -0.258268
  outer loop
   vertex 1.03577 1.20909 0.0885794
   vertex 1.14632 1.19661 0.091138
   vertex 1.03566 1.20876 0.0873051
  endloop
 endfacet
 facet normal 0.06985 0.987633 0.140365
  outer loop
   vertex 0.934705 1.21702 0.0912033
   vertex 1.0112 1.21161 0.0912033
   vertex 0.981599 1.21396 0.089398
  endloop
 endfacet
 facet normal 0.0861986 0.988146 -0.12703
  outer loop
   vertex 0.981599 1.21396 0.089398
   vertex 1.0112 1.21161 0.0912033
   vertex 1.03585 1.20929 0.0898837
  endloop
 endfacet
 facet normal 0.0860835 0.983422 -0.159597
  outer loop
   vertex 0.981599 1.21396 0.089398
   vertex 1.03585 1.20929 0.0898837
   vertex 0.981491 1.21368 0.0876143
  endloop
 endfacet
 facet normal 0.0859858 0.983979 -0.156181
  outer loop
   vertex 0.981491 1.21368 0.0876143
   vertex 1.03585 1.20929 0.0898837
   vertex 1.03577 1.20909 0.0885794
  endloop
 endfacet
 facet normal 0.0859664 0.962441 -0.25752
  outer loop
   vertex 0.981491 1.21368 0.0876143
   vertex 1.03577 1.20909 0.0885794
   vertex 0.981313 1.21323 0.085873
  endloop
 endfacet
 facet normal 0.0859423 0.962664 -0.256695
  outer loop
   vertex 0.981313 1.21323 0.085873
   vertex 1.03577 1.20909 0.0885794
   vertex 1.03566 1.20876 0.0873051
  endloop
 endfacet
 facet normal 0.0859153 0.930481 -0.356124
  outer loop
   vertex 0.981313 1.21323 0.085873
   vertex 1.03566 1.20876 0.0873051
   vertex 0.981067 1.21261 0.0841937
  endloop
 endfacet
 facet normal 0.0858117 0.931808 -0.352663
  outer loop
   vertex 0.981067 1.21261 0.0841937
   vertex 1.03566 1.20876 0.0873051
   vertex 1.03549 1.20831 0.0860747
  endloop
 endfacet
 facet normal 0.10914 0.994026 0
  outer loop
   vertex 1.14632 1.19661 0.091138
   vertex 1.14632 1.19661 0.0911337
   vertex 1.03566 1.20876 0.0873051
  endloop
 endfacet
 facet normal 0.11372 0.974017 -0.195853
  outer loop
   vertex 1.03566 1.20876 0.0873051
   vertex 1.14632 1.19661 0.0911337
   vertex 1.14632 1.1966 0.0910839
  endloop
 endfacet
 facet normal 0.114083 0.927835 -0.355116
  outer loop
   vertex 1.03566 1.20876 0.0873051
   vertex 1.14632 1.1966 0.0910839
   vertex 1.03549 1.20831 0.0860747
  endloop
 endfacet
 facet normal 0.0872983 0.444976 -0.891278
  outer loop
   vertex 1.03549 1.20831 0.0860747
   vertex 1.14632 1.1966 0.0910839
   vertex 1.14632 1.19659 0.0910789
  endloop
 endfacet
 facet normal 0.114098 0.893611 -0.434099
  outer loop
   vertex 1.03549 1.20831 0.0860747
   vertex 1.14632 1.19659 0.0910789
   vertex 1.14631 1.19658 0.0910559
  endloop
 endfacet
 facet normal 0.0606411 0.890217 -0.451482
  outer loop
   vertex 0.926847 1.21466 0.0809533
   vertex 0.981067 1.21261 0.0841937
   vertex 0.980758 1.21182 0.0825945
  endloop
 endfacet
 facet normal 0.08576 0.886587 -0.454542
  outer loop
   vertex 0.980758 1.21182 0.0825945
   vertex 0.981067 1.21261 0.0841937
   vertex 1.03549 1.20831 0.0860747
  endloop
 endfacet
 facet normal 0.0855305 0.890383 -0.447105
  outer loop
   vertex 0.980758 1.21182 0.0825945
   vertex 1.03549 1.20831 0.0860747
   vertex 1.03529 1.20774 0.0849012
  endloop
 endfacet
 facet normal 0.11398 0.88585 -0.449753
  outer loop
   vertex 1.03529 1.20774 0.0849012
   vertex 1.03549 1.20831 0.0860747
   vertex 1.14631 1.19658 0.0910559
  endloop
 endfacet
 facet normal 0.11401 0.881822 -0.457594
  outer loop
   vertex 1.03529 1.20774 0.0849012
   vertex 1.14631 1.19658 0.0910559
   vertex 1.14631 1.19657 0.0910366
  endloop
 endfacet
 facet normal 0.0830286 0.106373 -0.990854
  outer loop
   vertex 1.03209 1.19878 0.0783831
   vertex 1.03194 1.19751 0.0782342
   vertex 0.975301 1.19798 0.0735386
  endloop
 endfacet
 facet normal 0.0599845 0.5607 -0.825843
  outer loop
   vertex 0.923826 1.20764 0.0734969
   vertex 0.92454 1.2093 0.0746758
   vertex 0.978982 1.20732 0.0772858
  endloop
 endfacet
 facet normal 0.0597874 0.477735 -0.876467
  outer loop
   vertex 0.923826 1.20764 0.0734969
   vertex 0.97843 1.20592 0.0762841
   vertex 0.923072 1.20589 0.0724916
  endloop
 endfacet
 facet normal 0.0596307 0.481868 -0.874212
  outer loop
   vertex 0.923072 1.20589 0.0724916
   vertex 0.97843 1.20592 0.0762841
   vertex 0.977846 1.20444 0.0754285
  endloop
 endfacet
 facet normal 0.0595967 0.39079 -0.918549
  outer loop
   vertex 0.923072 1.20589 0.0724916
   vertex 0.977846 1.20444 0.0754285
   vertex 0.922286 1.20406 0.071662
  endloop
 endfacet
 facet normal 0.0594587 0.394658 -0.916902
  outer loop
   vertex 0.922286 1.20406 0.071662
   vertex 0.977846 1.20444 0.0754285
   vertex 0.977236 1.20289 0.0747218
  endloop
 endfacet
 facet normal 0.0594174 0.30411 -0.950782
  outer loop
   vertex 0.922286 1.20406 0.071662
   vertex 0.977236 1.20289 0.0747218
   vertex 0.921473 1.20218 0.0710099
  endloop
 endfacet
 facet normal 0.0593366 0.306489 -0.950023
  outer loop
   vertex 0.921473 1.20218 0.0710099
   vertex 0.977236 1.20289 0.0747218
   vertex 0.976605 1.20129 0.0741662
  endloop
 endfacet
 facet normal 0.0592517 0.207711 -0.976394
  outer loop
   vertex 0.921473 1.20218 0.0710099
   vertex 0.976605 1.20129 0.0741662
   vertex 0.920641 1.20024 0.0705467
  endloop
 endfacet
 facet normal 0.0591106 0.212047 -0.97547
  outer loop
   vertex 0.920641 1.20024 0.0705467
   vertex 0.976605 1.20129 0.0741662
   vertex 0.975958 1.19965 0.0737705
  endloop
 endfacet
 facet normal 0.0590012 0.111239 -0.992041
  outer loop
   vertex 0.920641 1.20024 0.0705467
   vertex 0.975958 1.19965 0.0737705
   vertex 0.919795 1.19828 0.0702766
  endloop
 endfacet
 facet normal 0.0844143 0.473538 -0.876719
  outer loop
   vertex 0.97843 1.20592 0.0762841
   vertex 1.03374 1.2034 0.0802485
   vertex 0.977846 1.20444 0.0754285
  endloop
 endfacet
 facet normal 0.0842763 0.478456 -0.874058
  outer loop
   vertex 0.977846 1.20444 0.0754285
   vertex 1.03374 1.2034 0.0802485
   vertex 1.03335 1.20231 0.0796142
  endloop
 endfacet
 facet normal 0.0840903 0.385802 -0.918741
  outer loop
   vertex 0.977846 1.20444 0.0754285
   vertex 1.03335 1.20231 0.0796142
   vertex 0.977236 1.20289 0.0747218
  endloop
 endfacet
 facet normal 0.0839437 0.391359 -0.916401
  outer loop
   vertex 0.977236 1.20289 0.0747218
   vertex 1.03335 1.20231 0.0796142
   vertex 1.03294 1.20117 0.0790898
  endloop
 endfacet
 facet normal 0.08376 0.297239 -0.951122
  outer loop
   vertex 0.977236 1.20289 0.0747218
   vertex 1.03294 1.20117 0.0790898
   vertex 0.976605 1.20129 0.0741662
  endloop
 endfacet
 facet normal 0.0836405 0.301975 -0.94964
  outer loop
   vertex 0.976605 1.20129 0.0741662
   vertex 1.03294 1.20117 0.0790898
   vertex 1.03252 1.19999 0.0786776
  endloop
 endfacet
 facet normal 0.0834323 0.202511 -0.975719
  outer loop
   vertex 0.976605 1.20129 0.0741662
   vertex 1.03252 1.19999 0.0786776
   vertex 0.975958 1.19965 0.0737705
  endloop
 endfacet
 facet normal 0.0580463 0.0299475 -0.997865
  outer loop
   vertex 0.916966 1.1963 0.0700948
   vertex 0.975301 1.19798 0.0735386
   vertex 0.974435 1.1963 0.0734378
  endloop
 endfacet
 facet normal 0.0827497 0.0171263 -0.996423
  outer loop
   vertex 0.974435 1.1963 0.0734378
   vertex 0.975301 1.19798 0.0735386
   vertex 1.03194 1.19751 0.0782342
  endloop
 endfacet
 facet normal 0.0827463 0.0172785 -0.996421
  outer loop
   vertex 0.974435 1.1963 0.0734378
   vertex 1.03194 1.19751 0.0782342
   vertex 1.0318 1.1963 0.0782016
  endloop
 endfacet
 facet normal 0.100072 0.0152326 -0.994864
  outer loop
   vertex 1.0318 1.1963 0.0782016
   vertex 1.03194 1.19751 0.0782342
   vertex 1.08908 1.1963 0.0839633
  endloop
 endfacet
 facet normal 0.0209283 0.999781 0
  outer loop
   vertex 1.14626 1.19639 0.0908969
   vertex 1.14626 1.19639 0.0908959
   vertex 1.03209 1.19878 0.0783831
  endloop
 endfacet
 facet normal 0.110885 0.196446 -0.974224
  outer loop
   vertex 1.03209 1.19878 0.0783831
   vertex 1.14626 1.19639 0.0908959
   vertex 1.14625 1.19636 0.0908887
  endloop
 endfacet
 facet normal 0.11047 0.102861 -0.988542
  outer loop
   vertex 1.03209 1.19878 0.0783831
   vertex 1.14625 1.19636 0.0908887
   vertex 1.03194 1.19751 0.0782342
  endloop
 endfacet
 facet normal 0.110479 0.0883894 -0.98994
  outer loop
   vertex 1.03194 1.19751 0.0782342
   vertex 1.14625 1.19636 0.0908887
   vertex 1.14624 1.19633 0.0908849
  endloop
 endfacet
 facet normal 0.0866714 0.689864 -0.718732
  outer loop
   vertex 1.03194 1.19751 0.0782342
   vertex 1.14624 1.19633 0.0908849
   vertex 1.08908 1.1963 0.0839633
  endloop
 endfacet
 facet normal 0.120211 0.00302937 -0.992744
  outer loop
   vertex 1.08908 1.1963 0.0839633
   vertex 1.14624 1.19633 0.0908849
   vertex 1.14623 1.1963 0.0908836
  endloop
 endfacet
 facet normal 0.109705 0.784167 -0.610776
  outer loop
   vertex 1.03411 1.20443 0.0809899
   vertex 1.14629 1.1965 0.0909579
   vertex 1.14629 1.19649 0.0909452
  endloop
 endfacet
 facet normal 0.0598026 0.565147 -0.82282
  outer loop
   vertex 0.923826 1.20764 0.0734969
   vertex 0.978982 1.20732 0.0772858
   vertex 0.97843 1.20592 0.0762841
  endloop
 endfacet
 facet normal 0.0847151 0.557492 -0.825849
  outer loop
   vertex 0.97843 1.20592 0.0762841
   vertex 0.978982 1.20732 0.0772858
   vertex 1.03411 1.20443 0.0809899
  endloop
 endfacet
 facet normal 0.0845803 0.561932 -0.822848
  outer loop
   vertex 0.97843 1.20592 0.0762841
   vertex 1.03411 1.20443 0.0809899
   vertex 1.03374 1.2034 0.0802485
  endloop
 endfacet
 facet normal 0.112411 0.553601 -0.82516
  outer loop
   vertex 1.03374 1.2034 0.0802485
   vertex 1.03411 1.20443 0.0809899
   vertex 1.14629 1.19649 0.0909452
  endloop
 endfacet
 facet normal 0.112319 0.575535 -0.810027
  outer loop
   vertex 1.03374 1.2034 0.0802485
   vertex 1.14629 1.19649 0.0909452
   vertex 1.14628 1.19647 0.0909296
  endloop
 endfacet
 facet normal 0.0587072 0.00777919 -0.998245
  outer loop
   vertex 0.916966 1.1963 0.0700948
   vertex 0.919795 1.19828 0.0702766
   vertex 0.975301 1.19798 0.0735386
  endloop
 endfacet
 facet normal 0.0588978 0.114535 -0.991672
  outer loop
   vertex 0.975301 1.19798 0.0735386
   vertex 0.919795 1.19828 0.0702766
   vertex 0.975958 1.19965 0.0737705
  endloop
 endfacet
 facet normal 0.0830617 0.104937 -0.991004
  outer loop
   vertex 0.975301 1.19798 0.0735386
   vertex 0.975958 1.19965 0.0737705
   vertex 1.03209 1.19878 0.0783831
  endloop
 endfacet
 facet normal 0.08331 0.207591 -0.974662
  outer loop
   vertex 1.03209 1.19878 0.0783831
   vertex 0.975958 1.19965 0.0737705
   vertex 1.03252 1.19999 0.0786776
  endloop
 endfacet
 facet normal 0.110892 0.197623 -0.973986
  outer loop
   vertex 1.03209 1.19878 0.0783831
   vertex 1.03252 1.19999 0.0786776
   vertex 1.14626 1.19639 0.0908969
  endloop
 endfacet
 facet normal 0.111279 0.299974 -0.947435
  outer loop
   vertex 1.14626 1.19639 0.0908969
   vertex 1.03252 1.19999 0.0786776
   vertex 1.14626 1.19641 0.0909032
  endloop
 endfacet
 facet normal 0.110141 0.28482 -0.952233
  outer loop
   vertex 1.14628 1.19647 0.0909296
   vertex 1.14628 1.19646 0.0909266
   vertex 1.03335 1.20231 0.0796142
  endloop
 endfacet
 facet normal 0.111912 0.409817 -0.905277
  outer loop
   vertex 1.03335 1.20231 0.0796142
   vertex 1.14628 1.19646 0.0909266
   vertex 1.14627 1.19644 0.0909163
  endloop
 endfacet
 facet normal 0.111677 0.381866 -0.917446
  outer loop
   vertex 1.03335 1.20231 0.0796142
   vertex 1.14627 1.19644 0.0909163
   vertex 1.03294 1.20117 0.0790898
  endloop
 endfacet
 facet normal 0.111549 0.414887 -0.903009
  outer loop
   vertex 1.03294 1.20117 0.0790898
   vertex 1.14627 1.19644 0.0909163
   vertex 1.14627 1.19642 0.0909071
  endloop
 endfacet
 facet normal 0.111292 0.292209 -0.949857
  outer loop
   vertex 1.03294 1.20117 0.0790898
   vertex 1.14627 1.19642 0.0909071
   vertex 1.03252 1.19999 0.0786776
  endloop
 endfacet
 facet normal 0.0313699 0.999508 0
  outer loop
   vertex 1.03252 1.19999 0.0786776
   vertex 1.14627 1.19642 0.0909071
   vertex 1.14627 1.19642 0.090905
  endloop
 endfacet
 facet normal 0.108782 0.0697677 -0.991614
  outer loop
   vertex 1.03252 1.19999 0.0786776
   vertex 1.14627 1.19642 0.090905
   vertex 1.14626 1.19641 0.0909032
  endloop
 endfacet
 facet normal -0.365066 0.262238 -0.893285
  outer loop
   vertex 0.703319 1.19727 0.0806547
   vertex 0.701883 1.1963 0.0809568
   vertex 0.701891 1.19722 0.0812236
  endloop
 endfacet
 facet normal -0.406184 0.257778 -0.876678
  outer loop
   vertex 0.701891 1.19722 0.0812236
   vertex 0.701883 1.1963 0.0809568
   vertex 0.70025 1.1963 0.0817134
  endloop
 endfacet
 facet normal -0.43757 0.336589 -0.833811
  outer loop
   vertex 0.701891 1.19722 0.0812236
   vertex 0.70025 1.1963 0.0817134
   vertex 0.699981 1.1963 0.0818546
  endloop
 endfacet
 facet normal -0.12397 -0.0189739 -0.992105
  outer loop
   vertex 0.744426 1.1963 0.0741293
   vertex 0.715868 1.1963 0.0776978
   vertex 0.725697 1.19766 0.0764436
  endloop
 endfacet
 facet normal -0.0793881 0.0334047 -0.996284
  outer loop
   vertex 0.773118 1.1963 0.071843
   vertex 0.744426 1.1963 0.0741293
   vertex 0.752711 1.19794 0.0735241
  endloop
 endfacet
 facet normal -0.107513 0.182491 -0.977312
  outer loop
   vertex 0.752711 1.19794 0.0735241
   vertex 0.744426 1.1963 0.0741293
   vertex 0.725697 1.19766 0.0764436
  endloop
 endfacet
 facet normal -0.107439 0.189833 -0.97592
  outer loop
   vertex 0.752711 1.19794 0.0735241
   vertex 0.725697 1.19766 0.0764436
   vertex 0.753589 1.19957 0.0737445
  endloop
 endfacet
 facet normal -0.357736 0.381114 -0.852512
  outer loop
   vertex 0.704143 1.19872 0.0808866
   vertex 0.70387 1.19824 0.0807866
   vertex 0.702414 1.19813 0.0813484
  endloop
 endfacet
 facet normal -0.398544 0.368409 -0.839903
  outer loop
   vertex 0.70077 1.19768 0.0819573
   vertex 0.70096 1.19801 0.0820119
   vertex 0.701891 1.19722 0.0812236
  endloop
 endfacet
 facet normal -0.412457 0.352234 -0.840125
  outer loop
   vertex 0.701891 1.19722 0.0812236
   vertex 0.70096 1.19801 0.0820119
   vertex 0.702414 1.19813 0.0813484
  endloop
 endfacet
 facet normal -0.359667 0.326553 -0.874073
  outer loop
   vertex 0.701891 1.19722 0.0812236
   vertex 0.702414 1.19813 0.0813484
   vertex 0.703319 1.19727 0.0806547
  endloop
 endfacet
 facet normal -0.361751 0.324331 -0.874039
  outer loop
   vertex 0.703319 1.19727 0.0806547
   vertex 0.702414 1.19813 0.0813484
   vertex 0.70387 1.19824 0.0807866
  endloop
 endfacet
 facet normal -0.293165 0.290385 -0.910896
  outer loop
   vertex 0.703319 1.19727 0.0806547
   vertex 0.70387 1.19824 0.0807866
   vertex 0.706882 1.19841 0.0798714
  endloop
 endfacet
 facet normal -0.290328 0.35066 -0.890364
  outer loop
   vertex 0.706882 1.19841 0.0798714
   vertex 0.70387 1.19824 0.0807866
   vertex 0.704143 1.19872 0.0808866
  endloop
 endfacet
 facet normal -0.286087 0.368704 -0.884428
  outer loop
   vertex 0.706882 1.19841 0.0798714
   vertex 0.704143 1.19872 0.0808866
   vertex 0.707472 1.19945 0.0801141
  endloop
 endfacet
 facet normal -0.379636 0.428267 -0.820039
  outer loop
   vertex 0.701201 1.19843 0.0821
   vertex 0.701441 1.19885 0.0822083
   vertex 0.704414 1.19919 0.0810095
  endloop
 endfacet
 facet normal -0.377556 0.452091 -0.808124
  outer loop
   vertex 0.704414 1.19919 0.0810095
   vertex 0.701441 1.19885 0.0822083
   vertex 0.701577 1.19909 0.082279
  endloop
 endfacet
 facet normal -0.021635 0.999304 0.030381
  outer loop
   vertex 0.701577 1.19909 0.082279
   vertex 0.701579 1.19909 0.0822804
   vertex 0.704414 1.19919 0.0810095
  endloop
 endfacet
 facet normal -0.374053 0.47403 -0.797108
  outer loop
   vertex 0.704414 1.19919 0.0810095
   vertex 0.701579 1.19909 0.0822804
   vertex 0.701716 1.19933 0.0823588
  endloop
 endfacet
 facet normal -0.372132 0.480765 -0.793966
  outer loop
   vertex 0.704414 1.19919 0.0810095
   vertex 0.701716 1.19933 0.0823588
   vertex 0.704947 1.20012 0.0813228
  endloop
 endfacet
 facet normal -0.373013 0.503936 -0.779044
  outer loop
   vertex 0.701716 1.19933 0.0823588
   vertex 0.701913 1.19967 0.0824844
   vertex 0.704947 1.20012 0.0813228
  endloop
 endfacet
 facet normal -0.369125 0.544496 -0.753174
  outer loop
   vertex 0.704947 1.20012 0.0813228
   vertex 0.701913 1.19967 0.0824844
   vertex 0.702371 1.20047 0.0828383
  endloop
 endfacet
 facet normal -0.369675 0.54323 -0.753818
  outer loop
   vertex 0.704947 1.20012 0.0813228
   vertex 0.702371 1.20047 0.0828383
   vertex 0.705466 1.20103 0.0817241
  endloop
 endfacet
 facet normal -0.366188 0.586696 -0.722284
  outer loop
   vertex 0.705466 1.20103 0.0817241
   vertex 0.702371 1.20047 0.0828383
   vertex 0.70256 1.2008 0.0830105
  endloop
 endfacet
 facet normal -0.362734 0.601411 -0.711849
  outer loop
   vertex 0.705466 1.20103 0.0817241
   vertex 0.70256 1.2008 0.0830105
   vertex 0.705965 1.20191 0.0822133
  endloop
 endfacet
 facet normal -0.363697 0.609987 -0.704018
  outer loop
   vertex 0.70256 1.2008 0.0830105
   vertex 0.702813 1.20125 0.0832697
   vertex 0.705965 1.20191 0.0822133
  endloop
 endfacet
 facet normal -0.3584 0.668514 -0.651644
  outer loop
   vertex 0.705965 1.20191 0.0822133
   vertex 0.702813 1.20125 0.0832697
   vertex 0.703298 1.20209 0.0838648
  endloop
 endfacet
 facet normal -0.361276 0.662989 -0.655687
  outer loop
   vertex 0.705965 1.20191 0.0822133
   vertex 0.703298 1.20209 0.0838648
   vertex 0.706441 1.20274 0.0827902
  endloop
 endfacet
 facet normal -0.355096 0.708102 -0.610327
  outer loop
   vertex 0.706441 1.20274 0.0827902
   vertex 0.703298 1.20209 0.0838648
   vertex 0.703542 1.20252 0.0842217
  endloop
 endfacet
 facet normal -0.352342 0.715152 -0.603666
  outer loop
   vertex 0.706441 1.20274 0.0827902
   vertex 0.703542 1.20252 0.0842217
   vertex 0.706889 1.20352 0.0834529
  endloop
 endfacet
 facet normal -0.352661 0.744345 -0.567081
  outer loop
   vertex 0.706889 1.20352 0.0834529
   vertex 0.703542 1.20252 0.0842217
   vertex 0.703631 1.20267 0.0843632
  endloop
 endfacet
 facet normal -0.351325 0.758011 -0.549537
  outer loop
   vertex 0.706889 1.20352 0.0834529
   vertex 0.703631 1.20267 0.0843632
   vertex 0.703946 1.20322 0.0849205
  endloop
 endfacet
 facet normal -0.408954 0.387936 -0.825992
  outer loop
   vertex 0.70096 1.19801 0.0820119
   vertex 0.701072 1.19821 0.0820504
   vertex 0.702414 1.19813 0.0813484
  endloop
 endfacet
 facet normal -0.401121 0.419037 -0.814561
  outer loop
   vertex 0.702414 1.19813 0.0813484
   vertex 0.701072 1.19821 0.0820504
   vertex 0.701201 1.19843 0.0821
  endloop
 endfacet
 facet normal -0.374964 0.476426 -0.795249
  outer loop
   vertex 0.702414 1.19813 0.0813484
   vertex 0.701201 1.19843 0.0821
   vertex 0.704143 1.19872 0.0808866
  endloop
 endfacet
 facet normal -0.379863 0.432785 -0.817558
  outer loop
   vertex 0.704143 1.19872 0.0808866
   vertex 0.701201 1.19843 0.0821
   vertex 0.704414 1.19919 0.0810095
  endloop
 endfacet
 facet normal -0.288943 0.394652 -0.872216
  outer loop
   vertex 0.704143 1.19872 0.0808866
   vertex 0.704414 1.19919 0.0810095
   vertex 0.707472 1.19945 0.0801141
  endloop
 endfacet
 facet normal -0.286031 0.449102 -0.846459
  outer loop
   vertex 0.707472 1.19945 0.0801141
   vertex 0.704414 1.19919 0.0810095
   vertex 0.704947 1.20012 0.0813228
  endloop
 endfacet
 facet normal -0.285876 0.449449 -0.846328
  outer loop
   vertex 0.707472 1.19945 0.0801141
   vertex 0.704947 1.20012 0.0813228
   vertex 0.70805 1.20046 0.0804552
  endloop
 endfacet
 facet normal -0.28254 0.51734 -0.807793
  outer loop
   vertex 0.70805 1.20046 0.0804552
   vertex 0.704947 1.20012 0.0813228
   vertex 0.705466 1.20103 0.0817241
  endloop
 endfacet
 facet normal -0.282662 0.517074 -0.807921
  outer loop
   vertex 0.70805 1.20046 0.0804552
   vertex 0.705466 1.20103 0.0817241
   vertex 0.708612 1.20145 0.0808922
  endloop
 endfacet
 facet normal -0.279566 0.582723 -0.76307
  outer loop
   vertex 0.708612 1.20145 0.0808922
   vertex 0.705466 1.20103 0.0817241
   vertex 0.705965 1.20191 0.0822133
  endloop
 endfacet
 facet normal -0.278265 0.585489 -0.761427
  outer loop
   vertex 0.708612 1.20145 0.0808922
   vertex 0.705965 1.20191 0.0822133
   vertex 0.709154 1.2024 0.0814246
  endloop
 endfacet
 facet normal -0.275056 0.650114 -0.708305
  outer loop
   vertex 0.709154 1.2024 0.0814246
   vertex 0.705965 1.20191 0.0822133
   vertex 0.706441 1.20274 0.0827902
  endloop
 endfacet
 facet normal -0.276579 0.647004 -0.710556
  outer loop
   vertex 0.709154 1.2024 0.0814246
   vertex 0.706441 1.20274 0.0827902
   vertex 0.70967 1.20331 0.0820524
  endloop
 endfacet
 facet normal -0.273664 0.709147 -0.649784
  outer loop
   vertex 0.70967 1.20331 0.0820524
   vertex 0.706441 1.20274 0.0827902
   vertex 0.706889 1.20352 0.0834529
  endloop
 endfacet
 facet normal -0.274061 0.708376 -0.650456
  outer loop
   vertex 0.70967 1.20331 0.0820524
   vertex 0.706889 1.20352 0.0834529
   vertex 0.710155 1.20416 0.0827737
  endloop
 endfacet
 facet normal -0.271763 0.75886 -0.591841
  outer loop
   vertex 0.710155 1.20416 0.0827737
   vertex 0.706889 1.20352 0.0834529
   vertex 0.707303 1.20425 0.0841987
  endloop
 endfacet
 facet normal -0.270961 0.760323 -0.59033
  outer loop
   vertex 0.710155 1.20416 0.0827737
   vertex 0.707303 1.20425 0.0841987
   vertex 0.710604 1.20495 0.0835851
  endloop
 endfacet
 facet normal -0.268787 0.808147 -0.524073
  outer loop
   vertex 0.710604 1.20495 0.0835851
   vertex 0.707303 1.20425 0.0841987
   vertex 0.707678 1.20491 0.0850242
  endloop
 endfacet
 facet normal -0.266991 0.81115 -0.520338
  outer loop
   vertex 0.710604 1.20495 0.0835851
   vertex 0.707678 1.20491 0.0850242
   vertex 0.711011 1.20566 0.0844831
  endloop
 endfacet
 facet normal -0.265015 0.851922 -0.451659
  outer loop
   vertex 0.711011 1.20566 0.0844831
   vertex 0.707678 1.20491 0.0850242
   vertex 0.708009 1.20549 0.0859239
  endloop
 endfacet
 facet normal -0.264887 0.852115 -0.45137
  outer loop
   vertex 0.711011 1.20566 0.0844831
   vertex 0.708009 1.20549 0.0859239
   vertex 0.71137 1.20629 0.0854618
  endloop
 endfacet
 facet normal -0.263438 0.884993 -0.383911
  outer loop
   vertex 0.71137 1.20629 0.0854618
   vertex 0.708009 1.20549 0.0859239
   vertex 0.708156 1.20574 0.0863993
  endloop
 endfacet
 facet normal -0.265643 0.879602 -0.394632
  outer loop
   vertex 0.71137 1.20629 0.0854618
   vertex 0.708156 1.20574 0.0863993
   vertex 0.711529 1.20657 0.0859789
  endloop
 endfacet
 facet normal -0.265093 0.892865 -0.36403
  outer loop
   vertex 0.711529 1.20657 0.0859789
   vertex 0.708156 1.20574 0.0863993
   vertex 0.70829 1.20598 0.0868903
  endloop
 endfacet
 facet normal -0.264887 0.893351 -0.362987
  outer loop
   vertex 0.711529 1.20657 0.0859789
   vertex 0.70829 1.20598 0.0868903
   vertex 0.711674 1.20683 0.086513
  endloop
 endfacet
 facet normal -0.264154 0.91109 -0.316444
  outer loop
   vertex 0.711674 1.20683 0.086513
   vertex 0.70829 1.20598 0.0868903
   vertex 0.708409 1.20619 0.0873957
  endloop
 endfacet
 facet normal -0.304742 0.952318 -0.0149499
  outer loop
   vertex 0.705335 1.20565 0.0912033
   vertex 0.711804 1.20772 0.0912033
   vertex 0.705328 1.20564 0.0907088
  endloop
 endfacet
 facet normal -0.300178 0.951284 -0.0703729
  outer loop
   vertex 0.705328 1.20564 0.0907088
   vertex 0.711804 1.20772 0.0912033
   vertex 0.712232 1.20781 0.0905942
  endloop
 endfacet
 facet normal -0.300214 0.95178 -0.0631387
  outer loop
   vertex 0.705328 1.20564 0.0907088
   vertex 0.712232 1.20781 0.0905942
   vertex 0.705305 1.2056 0.0902162
  endloop
 endfacet
 facet normal -0.300109 0.951711 -0.064661
  outer loop
   vertex 0.705305 1.2056 0.0902162
   vertex 0.712232 1.20781 0.0905942
   vertex 0.712204 1.20776 0.0899873
  endloop
 endfacet
 facet normal -0.300267 0.946776 -0.115992
  outer loop
   vertex 0.705305 1.2056 0.0902162
   vertex 0.712204 1.20776 0.0899873
   vertex 0.705275 1.20554 0.0898034
  endloop
 endfacet
 facet normal -0.300994 0.948002 -0.103412
  outer loop
   vertex 0.705275 1.20554 0.0898034
   vertex 0.712204 1.20776 0.0899873
   vertex 0.712159 1.20768 0.089385
  endloop
 endfacet
 facet normal -0.301639 0.943581 -0.136637
  outer loop
   vertex 0.705275 1.20554 0.0898034
   vertex 0.712159 1.20768 0.089385
   vertex 0.705216 1.20544 0.0892438
  endloop
 endfacet
 facet normal -0.301289 0.942853 -0.142311
  outer loop
   vertex 0.705216 1.20544 0.0892438
   vertex 0.712159 1.20768 0.089385
   vertex 0.712096 1.20757 0.0887894
  endloop
 endfacet
 facet normal -0.301784 0.933521 -0.193557
  outer loop
   vertex 0.705216 1.20544 0.0892438
   vertex 0.712096 1.20757 0.0887894
   vertex 0.705106 1.20525 0.0884988
  endloop
 endfacet
 facet normal -0.30298 0.93559 -0.181314
  outer loop
   vertex 0.705106 1.20525 0.0884988
   vertex 0.712096 1.20757 0.0887894
   vertex 0.712015 1.20743 0.0882026
  endloop
 endfacet
 facet normal -0.301945 0.926352 -0.225169
  outer loop
   vertex 0.705106 1.20525 0.0884988
   vertex 0.712015 1.20743 0.0882026
   vertex 0.70507 1.20519 0.0882999
  endloop
 endfacet
 facet normal -0.302121 0.927032 -0.222114
  outer loop
   vertex 0.70507 1.20519 0.0882999
   vertex 0.712015 1.20743 0.0882026
   vertex 0.711917 1.20726 0.0876264
  endloop
 endfacet
 facet normal -0.290775 0.956663 -0.0156915
  outer loop
   vertex 0.70507 1.20519 0.0882999
   vertex 0.711917 1.20726 0.0876264
   vertex 0.708409 1.20619 0.0873957
  endloop
 endfacet
 facet normal -0.263954 0.924581 -0.274733
  outer loop
   vertex 0.708409 1.20619 0.0873957
   vertex 0.711917 1.20726 0.0876264
   vertex 0.711803 1.20706 0.0870627
  endloop
 endfacet
 facet normal -0.264576 0.910199 -0.318649
  outer loop
   vertex 0.708409 1.20619 0.0873957
   vertex 0.711803 1.20706 0.0870627
   vertex 0.711674 1.20683 0.086513
  endloop
 endfacet
 facet normal -0.187883 0.921029 -0.341183
  outer loop
   vertex 0.711674 1.20683 0.086513
   vertex 0.711803 1.20706 0.0870627
   vertex 0.71875 1.20807 0.0859638
  endloop
 endfacet
 facet normal -0.188224 0.902193 -0.388098
  outer loop
   vertex 0.711674 1.20683 0.086513
   vertex 0.71875 1.20807 0.0859638
   vertex 0.711529 1.20657 0.0859789
  endloop
 endfacet
 facet normal -0.187432 0.898287 -0.39743
  outer loop
   vertex 0.711529 1.20657 0.0859789
   vertex 0.71875 1.20807 0.0859638
   vertex 0.718413 1.20748 0.084789
  endloop
 endfacet
 facet normal -0.190077 0.886606 -0.421664
  outer loop
   vertex 0.711529 1.20657 0.0859789
   vertex 0.718413 1.20748 0.084789
   vertex 0.71137 1.20629 0.0854618
  endloop
 endfacet
 facet normal -0.190535 0.853684 -0.484685
  outer loop
   vertex 0.71137 1.20629 0.0854618
   vertex 0.718413 1.20748 0.084789
   vertex 0.718015 1.20677 0.0836949
  endloop
 endfacet
 facet normal -0.18978 0.855777 -0.481278
  outer loop
   vertex 0.71137 1.20629 0.0854618
   vertex 0.718015 1.20677 0.0836949
   vertex 0.711011 1.20566 0.0844831
  endloop
 endfacet
 facet normal -0.19078 0.807759 -0.557788
  outer loop
   vertex 0.711011 1.20566 0.0844831
   vertex 0.718015 1.20677 0.0836949
   vertex 0.717564 1.20597 0.0826908
  endloop
 endfacet
 facet normal -0.189994 0.810211 -0.554491
  outer loop
   vertex 0.711011 1.20566 0.0844831
   vertex 0.717564 1.20597 0.0826908
   vertex 0.710604 1.20495 0.0835851
  endloop
 endfacet
 facet normal -0.191247 0.75505 -0.627155
  outer loop
   vertex 0.710604 1.20495 0.0835851
   vertex 0.717564 1.20597 0.0826908
   vertex 0.717066 1.20509 0.0817832
  endloop
 endfacet
 facet normal -0.191524 0.754092 -0.628222
  outer loop
   vertex 0.710604 1.20495 0.0835851
   vertex 0.717066 1.20509 0.0817832
   vertex 0.710155 1.20416 0.0827737
  endloop
 endfacet
 facet normal -0.192796 0.696431 -0.69124
  outer loop
   vertex 0.710155 1.20416 0.0827737
   vertex 0.717066 1.20509 0.0817832
   vertex 0.716527 1.20414 0.0809763
  endloop
 endfacet
 facet normal -0.19277 0.696526 -0.691152
  outer loop
   vertex 0.710155 1.20416 0.0827737
   vertex 0.716527 1.20414 0.0809763
   vertex 0.70967 1.20331 0.0820524
  endloop
 endfacet
 facet normal -0.194272 0.628105 -0.753487
  outer loop
   vertex 0.70967 1.20331 0.0820524
   vertex 0.716527 1.20414 0.0809763
   vertex 0.715954 1.20312 0.0802738
  endloop
 endfacet
 facet normal -0.193997 0.629209 -0.752636
  outer loop
   vertex 0.70967 1.20331 0.0820524
   vertex 0.715954 1.20312 0.0802738
   vertex 0.709154 1.2024 0.0814246
  endloop
 endfacet
 facet normal -0.195516 0.562474 -0.803366
  outer loop
   vertex 0.709154 1.2024 0.0814246
   vertex 0.715954 1.20312 0.0802738
   vertex 0.715353 1.20206 0.0796779
  endloop
 endfacet
 facet normal -0.195625 0.562011 -0.803663
  outer loop
   vertex 0.709154 1.2024 0.0814246
   vertex 0.715353 1.20206 0.0796779
   vertex 0.708612 1.20145 0.0808922
  endloop
 endfacet
 facet normal -0.197299 0.489658 -0.849299
  outer loop
   vertex 0.708612 1.20145 0.0808922
   vertex 0.715353 1.20206 0.0796779
   vertex 0.714729 1.20096 0.0791887
  endloop
 endfacet
 facet normal -0.19776 0.487613 -0.850367
  outer loop
   vertex 0.708612 1.20145 0.0808922
   vertex 0.714729 1.20096 0.0791887
   vertex 0.70805 1.20046 0.0804552
  endloop
 endfacet
 facet normal -0.199459 0.410549 -0.889756
  outer loop
   vertex 0.70805 1.20046 0.0804552
   vertex 0.714729 1.20096 0.0791887
   vertex 0.714087 1.19982 0.0788066
  endloop
 endfacet
 facet normal -0.198747 0.413798 -0.888409
  outer loop
   vertex 0.70805 1.20046 0.0804552
   vertex 0.714087 1.19982 0.0788066
   vertex 0.707472 1.19945 0.0801141
  endloop
 endfacet
 facet normal -0.20078 0.329615 -0.922519
  outer loop
   vertex 0.707472 1.19945 0.0801141
   vertex 0.714087 1.19982 0.0788066
   vertex 0.713431 1.19866 0.0785349
  endloop
 endfacet
 facet normal -0.200855 0.329263 -0.922628
  outer loop
   vertex 0.707472 1.19945 0.0801141
   vertex 0.713431 1.19866 0.0785349
   vertex 0.706882 1.19841 0.0798714
  endloop
 endfacet
 facet normal -0.202825 0.245447 -0.947955
  outer loop
   vertex 0.706882 1.19841 0.0798714
   vertex 0.713431 1.19866 0.0785349
   vertex 0.706283 1.19736 0.0797277
  endloop
 endfacet
 facet normal -0.293553 0.292046 -0.91024
  outer loop
   vertex 0.706882 1.19841 0.0798714
   vertex 0.706283 1.19736 0.0797277
   vertex 0.703319 1.19727 0.0806547
  endloop
 endfacet
 facet normal -0.297463 0.214901 -0.930233
  outer loop
   vertex 0.703319 1.19727 0.0806547
   vertex 0.706283 1.19736 0.0797277
   vertex 0.702764 1.1963 0.0806081
  endloop
 endfacet
 facet normal -0.356605 0.247334 -0.900921
  outer loop
   vertex 0.703319 1.19727 0.0806547
   vertex 0.702764 1.1963 0.0806081
   vertex 0.701883 1.1963 0.0809568
  endloop
 endfacet
 facet normal -0.202992 0.2277 -0.952338
  outer loop
   vertex 0.708781 1.1963 0.0789418
   vertex 0.706283 1.19736 0.0797277
   vertex 0.712767 1.19748 0.0783743
  endloop
 endfacet
 facet normal -0.202504 0.243055 -0.948639
  outer loop
   vertex 0.712767 1.19748 0.0783743
   vertex 0.706283 1.19736 0.0797277
   vertex 0.713431 1.19866 0.0785349
  endloop
 endfacet
 facet normal -0.147338 0.214321 -0.965587
  outer loop
   vertex 0.712767 1.19748 0.0783743
   vertex 0.713431 1.19866 0.0785349
   vertex 0.726451 1.19902 0.0766281
  endloop
 endfacet
 facet normal -0.146286 0.30327 -0.941609
  outer loop
   vertex 0.726451 1.19902 0.0766281
   vertex 0.713431 1.19866 0.0785349
   vertex 0.714087 1.19982 0.0788066
  endloop
 endfacet
 facet normal -0.146488 0.301563 -0.942126
  outer loop
   vertex 0.726451 1.19902 0.0766281
   vertex 0.714087 1.19982 0.0788066
   vertex 0.727195 1.20036 0.0769413
  endloop
 endfacet
 facet normal -0.145508 0.387111 -0.910479
  outer loop
   vertex 0.727195 1.20036 0.0769413
   vertex 0.714087 1.19982 0.0788066
   vertex 0.714729 1.20096 0.0791887
  endloop
 endfacet
 facet normal -0.14516 0.389975 -0.909312
  outer loop
   vertex 0.727195 1.20036 0.0769413
   vertex 0.714729 1.20096 0.0791887
   vertex 0.727924 1.20166 0.0773825
  endloop
 endfacet
 facet normal -0.144151 0.469255 -0.871218
  outer loop
   vertex 0.727924 1.20166 0.0773825
   vertex 0.714729 1.20096 0.0791887
   vertex 0.715353 1.20206 0.0796779
  endloop
 endfacet
 facet normal -0.144683 0.465023 -0.873396
  outer loop
   vertex 0.727924 1.20166 0.0773825
   vertex 0.715353 1.20206 0.0796779
   vertex 0.728632 1.20294 0.0779467
  endloop
 endfacet
 facet normal -0.143794 0.545642 -0.825589
  outer loop
   vertex 0.728632 1.20294 0.0779467
   vertex 0.715353 1.20206 0.0796779
   vertex 0.715954 1.20312 0.0802738
  endloop
 endfacet
 facet normal -0.143819 0.545448 -0.825713
  outer loop
   vertex 0.728632 1.20294 0.0779467
   vertex 0.715954 1.20312 0.0802738
   vertex 0.729314 1.20416 0.0786338
  endloop
 endfacet
 facet normal -0.143069 0.614651 -0.775716
  outer loop
   vertex 0.729314 1.20416 0.0786338
   vertex 0.715954 1.20312 0.0802738
   vertex 0.716527 1.20414 0.0809763
  endloop
 endfacet
 facet normal -0.142932 0.615636 -0.77496
  outer loop
   vertex 0.729314 1.20416 0.0786338
   vertex 0.716527 1.20414 0.0809763
   vertex 0.729963 1.20533 0.0794436
  endloop
 endfacet
 facet normal -0.142154 0.686371 -0.713223
  outer loop
   vertex 0.729963 1.20533 0.0794436
   vertex 0.716527 1.20414 0.0809763
   vertex 0.717066 1.20509 0.0817832
  endloop
 endfacet
 facet normal -0.142526 0.68389 -0.715529
  outer loop
   vertex 0.729963 1.20533 0.0794436
   vertex 0.717066 1.20509 0.0817832
   vertex 0.730573 1.20643 0.0803734
  endloop
 endfacet
 facet normal -0.141866 0.748445 -0.647846
  outer loop
   vertex 0.730573 1.20643 0.0803734
   vertex 0.717066 1.20509 0.0817832
   vertex 0.717564 1.20597 0.0826908
  endloop
 endfacet
 facet normal -0.141777 0.748986 -0.64724
  outer loop
   vertex 0.730573 1.20643 0.0803734
   vertex 0.717564 1.20597 0.0826908
   vertex 0.731137 1.20744 0.0814187
  endloop
 endfacet
 facet normal -0.141205 0.804255 -0.577265
  outer loop
   vertex 0.731137 1.20744 0.0814187
   vertex 0.717564 1.20597 0.0826908
   vertex 0.718015 1.20677 0.0836949
  endloop
 endfacet
 facet normal -0.141236 0.804083 -0.577497
  outer loop
   vertex 0.731137 1.20744 0.0814187
   vertex 0.718015 1.20677 0.0836949
   vertex 0.731648 1.20836 0.0825746
  endloop
 endfacet
 facet normal -0.140781 0.853096 -0.502402
  outer loop
   vertex 0.731648 1.20836 0.0825746
   vertex 0.718015 1.20677 0.0836949
   vertex 0.718413 1.20748 0.084789
  endloop
 endfacet
 facet normal -0.140449 0.854688 -0.499782
  outer loop
   vertex 0.731648 1.20836 0.0825746
   vertex 0.718413 1.20748 0.084789
   vertex 0.732098 1.20917 0.0838334
  endloop
 endfacet
 facet normal -0.139962 0.900335 -0.412076
  outer loop
   vertex 0.732098 1.20917 0.0838334
   vertex 0.718413 1.20748 0.084789
   vertex 0.71875 1.20807 0.0859638
  endloop
 endfacet
 facet normal -0.140113 0.899737 -0.41333
  outer loop
   vertex 0.732098 1.20917 0.0838334
   vertex 0.71875 1.20807 0.0859638
   vertex 0.732479 1.20985 0.0851844
  endloop
 endfacet
 facet normal -0.139767 0.933635 -0.329835
  outer loop
   vertex 0.732479 1.20985 0.0851844
   vertex 0.71875 1.20807 0.0859638
   vertex 0.71902 1.20855 0.0872079
  endloop
 endfacet
 facet normal -0.139717 0.933797 -0.329397
  outer loop
   vertex 0.732479 1.20985 0.0851844
   vertex 0.71902 1.20855 0.0872079
   vertex 0.732784 1.2104 0.0866143
  endloop
 endfacet
 facet normal -0.139457 0.961248 -0.23781
  outer loop
   vertex 0.732784 1.2104 0.0866143
   vertex 0.71902 1.20855 0.0872079
   vertex 0.719217 1.2089 0.0885071
  endloop
 endfacet
 facet normal -0.139344 0.961517 -0.236787
  outer loop
   vertex 0.732784 1.2104 0.0866143
   vertex 0.719217 1.2089 0.0885071
   vertex 0.733008 1.2108 0.088107
  endloop
 endfacet
 facet normal -0.1392 0.979077 -0.148429
  outer loop
   vertex 0.733008 1.2108 0.088107
   vertex 0.719217 1.2089 0.0885071
   vertex 0.719338 1.20912 0.0898452
  endloop
 endfacet
 facet normal -0.138386 0.980314 -0.140831
  outer loop
   vertex 0.733008 1.2108 0.088107
   vertex 0.719338 1.20912 0.0898452
   vertex 0.733144 1.21104 0.0896438
  endloop
 endfacet
 facet normal -0.138263 0.989284 -0.046901
  outer loop
   vertex 0.733144 1.21104 0.0896438
   vertex 0.719338 1.20912 0.0898452
   vertex 0.719378 1.20919 0.0912033
  endloop
 endfacet
 facet normal -0.139141 0.988727 -0.0553114
  outer loop
   vertex 0.733144 1.21104 0.0896438
   vertex 0.719378 1.20919 0.0912033
   vertex 0.732879 1.21109 0.0912033
  endloop
 endfacet
 facet normal -0.104456 0.742521 -0.661627
  outer loop
   vertex 0.759032 1.20966 0.0795054
   vertex 0.758378 1.20845 0.0782506
   vertex 0.730573 1.20643 0.0803734
  endloop
 endfacet
 facet normal -0.104801 0.677528 -0.727992
  outer loop
   vertex 0.730573 1.20643 0.0803734
   vertex 0.758378 1.20845 0.0782506
   vertex 0.757671 1.20714 0.0771332
  endloop
 endfacet
 facet normal -0.104985 0.675318 -0.730017
  outer loop
   vertex 0.730573 1.20643 0.0803734
   vertex 0.757671 1.20714 0.0771332
   vertex 0.729963 1.20533 0.0794436
  endloop
 endfacet
 facet normal -0.10533 0.605526 -0.788824
  outer loop
   vertex 0.729963 1.20533 0.0794436
   vertex 0.757671 1.20714 0.0771332
   vertex 0.756917 1.20574 0.0761592
  endloop
 endfacet
 facet normal -0.105386 0.604792 -0.78938
  outer loop
   vertex 0.729963 1.20533 0.0794436
   vertex 0.756917 1.20574 0.0761592
   vertex 0.729314 1.20416 0.0786338
  endloop
 endfacet
 facet normal -0.105766 0.530086 -0.841322
  outer loop
   vertex 0.729314 1.20416 0.0786338
   vertex 0.756917 1.20574 0.0761592
   vertex 0.756125 1.20427 0.0753326
  endloop
 endfacet
 facet normal -0.105616 0.532155 -0.840033
  outer loop
   vertex 0.729314 1.20416 0.0786338
   vertex 0.756125 1.20427 0.0753326
   vertex 0.728632 1.20294 0.0779467
  endloop
 endfacet
 facet normal -0.10608 0.45069 -0.886355
  outer loop
   vertex 0.728632 1.20294 0.0779467
   vertex 0.756125 1.20427 0.0753326
   vertex 0.755302 1.20274 0.0746531
  endloop
 endfacet
 facet normal -0.106152 0.449651 -0.886874
  outer loop
   vertex 0.728632 1.20294 0.0779467
   vertex 0.755302 1.20274 0.0746531
   vertex 0.727924 1.20166 0.0773825
  endloop
 endfacet
 facet normal -0.106601 0.370113 -0.92285
  outer loop
   vertex 0.727924 1.20166 0.0773825
   vertex 0.755302 1.20274 0.0746531
   vertex 0.754454 1.20117 0.0741214
  endloop
 endfacet
 facet normal -0.106439 0.372534 -0.921894
  outer loop
   vertex 0.727924 1.20166 0.0773825
   vertex 0.754454 1.20117 0.0741214
   vertex 0.727195 1.20036 0.0769413
  endloop
 endfacet
 facet normal -0.10701 0.282415 -0.953305
  outer loop
   vertex 0.727195 1.20036 0.0769413
   vertex 0.754454 1.20117 0.0741214
   vertex 0.753589 1.19957 0.0737445
  endloop
 endfacet
 facet normal -0.107019 0.282269 -0.953347
  outer loop
   vertex 0.727195 1.20036 0.0769413
   vertex 0.753589 1.19957 0.0737445
   vertex 0.726451 1.19902 0.0766281
  endloop
 endfacet
 facet normal -0.107543 0.191951 -0.975494
  outer loop
   vertex 0.726451 1.19902 0.0766281
   vertex 0.753589 1.19957 0.0737445
   vertex 0.725697 1.19766 0.0764436
  endloop
 endfacet
 facet normal -0.1472 0.212645 -0.965978
  outer loop
   vertex 0.726451 1.19902 0.0766281
   vertex 0.725697 1.19766 0.0764436
   vertex 0.712767 1.19748 0.0783743
  endloop
 endfacet
 facet normal -0.147847 0.170034 -0.974284
  outer loop
   vertex 0.712767 1.19748 0.0783743
   vertex 0.725697 1.19766 0.0764436
   vertex 0.715868 1.1963 0.0776978
  endloop
 endfacet
 facet normal -0.171847 0.109664 -0.979001
  outer loop
   vertex 0.712767 1.19748 0.0783743
   vertex 0.715868 1.1963 0.0776978
   vertex 0.708781 1.1963 0.0789418
  endloop
 endfacet
 facet normal -0.0250733 0.998222 -0.0540786
  outer loop
   vertex 0.817381 1.21737 0.0912033
   vertex 0.857589 1.21838 0.0912033
   vertex 0.817324 1.21725 0.0890139
  endloop
 endfacet
 facet normal -0.0199771 0.989479 -0.143289
  outer loop
   vertex 0.817324 1.21725 0.0890139
   vertex 0.857589 1.21838 0.0912033
   vertex 0.873006 1.21836 0.0889156
  endloop
 endfacet
 facet normal -0.019964 0.98788 -0.153934
  outer loop
   vertex 0.817324 1.21725 0.0890139
   vertex 0.873006 1.21836 0.0889156
   vertex 0.817153 1.21691 0.0868542
  endloop
 endfacet
 facet normal -0.0200547 0.988221 -0.151715
  outer loop
   vertex 0.817153 1.21691 0.0868542
   vertex 0.873006 1.21836 0.0889156
   vertex 0.872842 1.21801 0.0866575
  endloop
 endfacet
 facet normal -0.0199953 0.966753 -0.254929
  outer loop
   vertex 0.817153 1.21691 0.0868542
   vertex 0.872842 1.21801 0.0866575
   vertex 0.816872 1.21635 0.0847524
  endloop
 endfacet
 facet normal -0.0200951 0.967378 -0.25254
  outer loop
   vertex 0.816872 1.21635 0.0847524
   vertex 0.872842 1.21801 0.0866575
   vertex 0.872571 1.21743 0.0844575
  endloop
 endfacet
 facet normal -0.0200151 0.936933 -0.348934
  outer loop
   vertex 0.816872 1.21635 0.0847524
   vertex 0.872571 1.21743 0.0844575
   vertex 0.816487 1.21559 0.0827339
  endloop
 endfacet
 facet normal -0.0199477 0.936348 -0.350506
  outer loop
   vertex 0.816487 1.21559 0.0827339
   vertex 0.872571 1.21743 0.0844575
   vertex 0.872199 1.21663 0.0823415
  endloop
 endfacet
 facet normal -0.0198483 0.895557 -0.444505
  outer loop
   vertex 0.816487 1.21559 0.0827339
   vertex 0.872199 1.21663 0.0823415
   vertex 0.816005 1.21463 0.0808213
  endloop
 endfacet
 facet normal -0.0201264 0.898623 -0.438259
  outer loop
   vertex 0.816005 1.21463 0.0808213
   vertex 0.872199 1.21663 0.0823415
   vertex 0.871733 1.21564 0.0803329
  endloop
 endfacet
 facet normal -0.0200095 0.847977 -0.529655
  outer loop
   vertex 0.816005 1.21463 0.0808213
   vertex 0.871733 1.21564 0.0803329
   vertex 0.815433 1.2135 0.0790338
  endloop
 endfacet
 facet normal -0.0199792 0.847573 -0.530303
  outer loop
   vertex 0.815433 1.2135 0.0790338
   vertex 0.871733 1.21564 0.0803329
   vertex 0.871179 1.21445 0.0784519
  endloop
 endfacet
 facet normal -0.0198538 0.788536 -0.614668
  outer loop
   vertex 0.815433 1.2135 0.0790338
   vertex 0.871179 1.21445 0.0784519
   vertex 0.814783 1.2122 0.0773871
  endloop
 endfacet
 facet normal -0.0201315 0.792854 -0.609079
  outer loop
   vertex 0.814783 1.2122 0.0773871
   vertex 0.871179 1.21445 0.0784519
   vertex 0.870547 1.2131 0.0767154
  endloop
 endfacet
 facet normal -0.0199998 0.727069 -0.686273
  outer loop
   vertex 0.814783 1.2122 0.0773871
   vertex 0.870547 1.2131 0.0767154
   vertex 0.814061 1.21077 0.0758931
  endloop
 endfacet
 facet normal -0.0199947 0.726981 -0.686366
  outer loop
   vertex 0.814061 1.21077 0.0758931
   vertex 0.870547 1.2131 0.0767154
   vertex 0.869845 1.21159 0.0751366
  endloop
 endfacet
 facet normal -0.0198732 0.6553 -0.755107
  outer loop
   vertex 0.814061 1.21077 0.0758931
   vertex 0.869845 1.21159 0.0751366
   vertex 0.813279 1.20921 0.0745599
  endloop
 endfacet
 facet normal -0.0201072 0.659888 -0.751095
  outer loop
   vertex 0.813279 1.20921 0.0745599
   vertex 0.869845 1.21159 0.0751366
   vertex 0.869082 1.20996 0.0737249
  endloop
 endfacet
 facet normal -0.0199825 0.580762 -0.813828
  outer loop
   vertex 0.813279 1.20921 0.0745599
   vertex 0.869082 1.20996 0.0737249
   vertex 0.812444 1.20755 0.0733958
  endloop
 endfacet
 facet normal -0.0200708 0.582653 -0.812473
  outer loop
   vertex 0.812444 1.20755 0.0733958
   vertex 0.869082 1.20996 0.0737249
   vertex 0.868265 1.20821 0.0724901
  endloop
 endfacet
 facet normal -0.0199633 0.501827 -0.864738
  outer loop
   vertex 0.812444 1.20755 0.0733958
   vertex 0.868265 1.20821 0.0724901
   vertex 0.811564 1.20581 0.0724063
  endloop
 endfacet
 facet normal -0.0200141 0.503004 -0.864052
  outer loop
   vertex 0.811564 1.20581 0.0724063
   vertex 0.868265 1.20821 0.0724901
   vertex 0.867404 1.20637 0.0714389
  endloop
 endfacet
 facet normal -0.0199243 0.41674 -0.908807
  outer loop
   vertex 0.811564 1.20581 0.0724063
   vertex 0.867404 1.20637 0.0714389
   vertex 0.810649 1.20399 0.0715918
  endloop
 endfacet
 facet normal -0.0199445 0.417236 -0.908579
  outer loop
   vertex 0.810649 1.20399 0.0715918
   vertex 0.867404 1.20637 0.0714389
   vertex 0.866507 1.20444 0.0705723
  endloop
 endfacet
 facet normal -0.0198875 0.332115 -0.943029
  outer loop
   vertex 0.810649 1.20399 0.0715918
   vertex 0.866507 1.20444 0.0705723
   vertex 0.809706 1.20212 0.0709531
  endloop
 endfacet
 facet normal -0.0199328 0.333294 -0.942612
  outer loop
   vertex 0.809706 1.20212 0.0709531
   vertex 0.866507 1.20444 0.0705723
   vertex 0.865581 1.20246 0.0698918
  endloop
 endfacet
 facet normal -0.0198943 0.238803 -0.970864
  outer loop
   vertex 0.809706 1.20212 0.0709531
   vertex 0.865581 1.20246 0.0698918
   vertex 0.808742 1.2002 0.0705006
  endloop
 endfacet
 facet normal -0.0199383 0.239989 -0.970571
  outer loop
   vertex 0.808742 1.2002 0.0705006
   vertex 0.865581 1.20246 0.0698918
   vertex 0.864634 1.20043 0.0694093
  endloop
 endfacet
 facet normal -0.019911 0.144468 -0.989309
  outer loop
   vertex 0.808742 1.2002 0.0705006
   vertex 0.864634 1.20043 0.0694093
   vertex 0.807763 1.19826 0.070237
  endloop
 endfacet
 facet normal -0.0198996 0.144151 -0.989356
  outer loop
   vertex 0.807763 1.19826 0.070237
   vertex 0.864634 1.20043 0.0694093
   vertex 0.863672 1.19837 0.0691285
  endloop
 endfacet
 facet normal -0.0198405 0.00928754 -0.99976
  outer loop
   vertex 0.807763 1.19826 0.070237
   vertex 0.863672 1.19837 0.0691285
   vertex 0.801862 1.1963 0.0703359
  endloop
 endfacet
 facet normal -0.0226181 0.0948693 -0.995233
  outer loop
   vertex 0.801862 1.1963 0.0703359
   vertex 0.863672 1.19837 0.0691285
   vertex 0.859412 1.1963 0.069028
  endloop
 endfacet
 facet normal -0.0911582 0.987519 0.128438
  outer loop
   vertex 0.732879 1.21109 0.0912033
   vertex 0.780436 1.21548 0.0912033
   vertex 0.761349 1.21396 0.0893426
  endloop
 endfacet
 facet normal -0.0586742 0.978554 -0.197458
  outer loop
   vertex 0.761349 1.21396 0.0893426
   vertex 0.780436 1.21548 0.0912033
   vertex 0.817324 1.21725 0.0890139
  endloop
 endfacet
 facet normal -0.0588848 0.986779 -0.150996
  outer loop
   vertex 0.761349 1.21396 0.0893426
   vertex 0.817324 1.21725 0.0890139
   vertex 0.761192 1.21367 0.0875084
  endloop
 endfacet
 facet normal -0.0588961 0.986826 -0.150685
  outer loop
   vertex 0.761192 1.21367 0.0875084
   vertex 0.817324 1.21725 0.0890139
   vertex 0.817153 1.21691 0.0868542
  endloop
 endfacet
 facet normal -0.0588723 0.966033 -0.251623
  outer loop
   vertex 0.761192 1.21367 0.0875084
   vertex 0.817153 1.21691 0.0868542
   vertex 0.760935 1.21319 0.0857255
  endloop
 endfacet
 facet normal -0.058945 0.966537 -0.249664
  outer loop
   vertex 0.760935 1.21319 0.0857255
   vertex 0.817153 1.21691 0.0868542
   vertex 0.816872 1.21635 0.0847524
  endloop
 endfacet
 facet normal -0.0589237 0.937065 -0.344146
  outer loop
   vertex 0.760935 1.21319 0.0857255
   vertex 0.816872 1.21635 0.0847524
   vertex 0.760583 1.21254 0.0840161
  endloop
 endfacet
 facet normal -0.0590098 0.937896 -0.34186
  outer loop
   vertex 0.760583 1.21254 0.0840161
   vertex 0.816872 1.21635 0.0847524
   vertex 0.816487 1.21559 0.0827339
  endloop
 endfacet
 facet normal -0.0589989 0.898837 -0.434293
  outer loop
   vertex 0.760583 1.21254 0.0840161
   vertex 0.816487 1.21559 0.0827339
   vertex 0.760143 1.21173 0.0823994
  endloop
 endfacet
 facet normal -0.058936 0.898059 -0.435909
  outer loop
   vertex 0.760143 1.21173 0.0823994
   vertex 0.816487 1.21559 0.0827339
   vertex 0.816005 1.21463 0.0808213
  endloop
 endfacet
 facet normal -0.0589066 0.848659 -0.52565
  outer loop
   vertex 0.760143 1.21173 0.0823994
   vertex 0.816005 1.21463 0.0808213
   vertex 0.759623 1.21076 0.0808916
  endloop
 endfacet
 facet normal -0.0591443 0.852227 -0.519819
  outer loop
   vertex 0.759623 1.21076 0.0808916
   vertex 0.816005 1.21463 0.0808213
   vertex 0.815433 1.2135 0.0790338
  endloop
 endfacet
 facet normal -0.0591228 0.794098 -0.604907
  outer loop
   vertex 0.759623 1.21076 0.0808916
   vertex 0.815433 1.2135 0.0790338
   vertex 0.759032 1.20966 0.0795054
  endloop
 endfacet
 facet normal -0.0591597 0.794745 -0.604054
  outer loop
   vertex 0.759032 1.20966 0.0795054
   vertex 0.815433 1.2135 0.0790338
   vertex 0.814783 1.2122 0.0773871
  endloop
 endfacet
 facet normal -0.0591465 0.733778 -0.67681
  outer loop
   vertex 0.759032 1.20966 0.0795054
   vertex 0.814783 1.2122 0.0773871
   vertex 0.758378 1.20845 0.0782506
  endloop
 endfacet
 facet normal -0.0592211 0.735277 -0.675175
  outer loop
   vertex 0.758378 1.20845 0.0782506
   vertex 0.814783 1.2122 0.0773871
   vertex 0.814061 1.21077 0.0758931
  endloop
 endfacet
 facet normal -0.059232 0.666139 -0.743472
  outer loop
   vertex 0.758378 1.20845 0.0782506
   vertex 0.814061 1.21077 0.0758931
   vertex 0.757671 1.20714 0.0771332
  endloop
 endfacet
 facet normal -0.0592052 0.665536 -0.744014
  outer loop
   vertex 0.757671 1.20714 0.0771332
   vertex 0.814061 1.21077 0.0758931
   vertex 0.813279 1.20921 0.0745599
  endloop
 endfacet
 facet normal -0.0592305 0.591397 -0.804202
  outer loop
   vertex 0.757671 1.20714 0.0771332
   vertex 0.813279 1.20921 0.0745599
   vertex 0.756917 1.20574 0.0761592
  endloop
 endfacet
 facet normal -0.0592943 0.59297 -0.803039
  outer loop
   vertex 0.756917 1.20574 0.0761592
   vertex 0.813279 1.20921 0.0745599
   vertex 0.812444 1.20755 0.0733958
  endloop
 endfacet
 facet normal -0.0593409 0.513384 -0.856105
  outer loop
   vertex 0.756917 1.20574 0.0761592
   vertex 0.812444 1.20755 0.0733958
   vertex 0.756125 1.20427 0.0753326
  endloop
 endfacet
 facet normal -0.0594384 0.515986 -0.854532
  outer loop
   vertex 0.756125 1.20427 0.0753326
   vertex 0.812444 1.20755 0.0733958
   vertex 0.811564 1.20581 0.0724063
  endloop
 endfacet
 facet normal -0.0594999 0.431716 -0.900045
  outer loop
   vertex 0.756125 1.20427 0.0753326
   vertex 0.811564 1.20581 0.0724063
   vertex 0.755302 1.20274 0.0746531
  endloop
 endfacet
 facet normal -0.0595294 0.432551 -0.899642
  outer loop
   vertex 0.755302 1.20274 0.0746531
   vertex 0.811564 1.20581 0.0724063
   vertex 0.810649 1.20399 0.0715918
  endloop
 endfacet
 facet normal -0.0596103 0.348932 -0.93525
  outer loop
   vertex 0.755302 1.20274 0.0746531
   vertex 0.810649 1.20399 0.0715918
   vertex 0.754454 1.20117 0.0741214
  endloop
 endfacet
 facet normal -0.059627 0.349434 -0.935062
  outer loop
   vertex 0.754454 1.20117 0.0741214
   vertex 0.810649 1.20399 0.0715918
   vertex 0.809706 1.20212 0.0709531
  endloop
 endfacet
 facet normal -0.0597338 0.259359 -0.963932
  outer loop
   vertex 0.754454 1.20117 0.0741214
   vertex 0.809706 1.20212 0.0709531
   vertex 0.753589 1.19957 0.0737445
  endloop
 endfacet
 facet normal -0.059667 0.257271 -0.964496
  outer loop
   vertex 0.753589 1.19957 0.0737445
   vertex 0.809706 1.20212 0.0709531
   vertex 0.808742 1.2002 0.0705006
  endloop
 endfacet
 facet normal -0.0597888 0.165316 -0.984427
  outer loop
   vertex 0.753589 1.19957 0.0737445
   vertex 0.808742 1.2002 0.0705006
   vertex 0.752711 1.19794 0.0735241
  endloop
 endfacet
 facet normal -0.0597458 0.163938 -0.98466
  outer loop
   vertex 0.752711 1.19794 0.0735241
   vertex 0.808742 1.2002 0.0705006
   vertex 0.807763 1.19826 0.070237
  endloop
 endfacet
 facet normal -0.0591194 0.253966 -0.965405
  outer loop
   vertex 0.752711 1.19794 0.0735241
   vertex 0.807763 1.19826 0.070237
   vertex 0.773118 1.1963 0.071843
  endloop
 endfacet
 facet normal -0.0520612 0.106643 -0.992933
  outer loop
   vertex 0.773118 1.1963 0.071843
   vertex 0.807763 1.19826 0.070237
   vertex 0.801862 1.1963 0.0703359
  endloop
 endfacet
 facet normal 0.0937781 0.995593 0
  outer loop
   vertex 1.14631 1.19657 0.0910366
   vertex 1.14631 1.19657 0.0910287
   vertex 1.03505 1.20705 0.0837964
  endloop
 endfacet
 facet normal 0.112906 0.744814 -0.657651
  outer loop
   vertex 1.03505 1.20705 0.0837964
   vertex 1.14631 1.19657 0.0910287
   vertex 1.1463 1.19655 0.0910043
  endloop
 endfacet
 facet normal 0.113435 0.77569 -0.620837
  outer loop
   vertex 1.03505 1.20705 0.0837964
   vertex 1.1463 1.19655 0.0910043
   vertex 1.03477 1.20627 0.0827707
  endloop
 endfacet
 facet normal 0.113313 0.722077 -0.68247
  outer loop
   vertex 1.03477 1.20627 0.0827707
   vertex 1.1463 1.19655 0.0910043
   vertex 1.1463 1.19654 0.0909937
  endloop
 endfacet
 facet normal 0.113125 0.705029 -0.700098
  outer loop
   vertex 1.03477 1.20627 0.0827707
   vertex 1.1463 1.19654 0.0909937
   vertex 1.03445 1.20539 0.0818328
  endloop
 endfacet
 facet normal 0.112812 0.743719 -0.658905
  outer loop
   vertex 1.03445 1.20539 0.0818328
   vertex 1.1463 1.19654 0.0909937
   vertex 1.1463 1.19653 0.0909824
  endloop
 endfacet
 facet normal 0.113088 0.669312 -0.734325
  outer loop
   vertex 1.03445 1.20539 0.0818328
   vertex 1.1463 1.19653 0.0909824
   vertex 1.14629 1.19651 0.0909626
  endloop
 endfacet
 facet normal 0.0599815 0.644968 -0.761852
  outer loop
   vertex 0.92454 1.2093 0.0746758
   vertex 0.979496 1.20862 0.0784268
   vertex 0.978982 1.20732 0.0772858
  endloop
 endfacet
 facet normal 0.0849346 0.638093 -0.76526
  outer loop
   vertex 0.978982 1.20732 0.0772858
   vertex 0.979496 1.20862 0.0784268
   vertex 1.03445 1.20539 0.0818328
  endloop
 endfacet
 facet normal 0.0848619 0.640266 -0.763451
  outer loop
   vertex 0.978982 1.20732 0.0772858
   vertex 1.03445 1.20539 0.0818328
   vertex 1.03411 1.20443 0.0809899
  endloop
 endfacet
 facet normal 0.112778 0.632722 -0.766123
  outer loop
   vertex 1.03411 1.20443 0.0809899
   vertex 1.03445 1.20539 0.0818328
   vertex 1.14629 1.19651 0.0909626
  endloop
 endfacet
 facet normal 0.109808 0.422416 -0.899726
  outer loop
   vertex 1.03411 1.20443 0.0809899
   vertex 1.14629 1.19651 0.0909626
   vertex 1.14629 1.1965 0.0909579
  endloop
 endfacet
 facet normal 0.0175264 0.993842 0.109411
  outer loop
   vertex 0.857589 1.21838 0.0912033
   vertex 0.934705 1.21702 0.0912033
   vertex 0.873006 1.21836 0.0889156
  endloop
 endfacet
 facet normal 0.0206686 0.999396 0.0279199
  outer loop
   vertex 0.873006 1.21836 0.0889156
   vertex 0.934705 1.21702 0.0912033
   vertex 0.927947 1.21722 0.0890502
  endloop
 endfacet
 facet normal 0.0208742 0.987754 -0.154615
  outer loop
   vertex 0.873006 1.21836 0.0889156
   vertex 0.927947 1.21722 0.0890502
   vertex 0.872842 1.21801 0.0866575
  endloop
 endfacet
 facet normal 0.0208765 0.987746 -0.15467
  outer loop
   vertex 0.872842 1.21801 0.0866575
   vertex 0.927947 1.21722 0.0890502
   vertex 0.927805 1.21689 0.0869238
  endloop
 endfacet
 facet normal 0.0209328 0.966115 -0.257261
  outer loop
   vertex 0.872842 1.21801 0.0866575
   vertex 0.927805 1.21689 0.0869238
   vertex 0.872571 1.21743 0.0844575
  endloop
 endfacet
 facet normal 0.0208015 0.966944 -0.254139
  outer loop
   vertex 0.872571 1.21743 0.0844575
   vertex 0.927805 1.21689 0.0869238
   vertex 0.927571 1.21635 0.08485
  endloop
 endfacet
 facet normal 0.0208862 0.933955 -0.35678
  outer loop
   vertex 0.872571 1.21743 0.0844575
   vertex 0.927571 1.21635 0.08485
   vertex 0.872199 1.21663 0.0823415
  endloop
 endfacet
 facet normal 0.0207809 0.934881 -0.354351
  outer loop
   vertex 0.872199 1.21663 0.0823415
   vertex 0.927571 1.21635 0.08485
   vertex 0.92725 1.2156 0.0828526
  endloop
 endfacet
 facet normal 0.0208817 0.894836 -0.445906
  outer loop
   vertex 0.872199 1.21663 0.0823415
   vertex 0.92725 1.2156 0.0828526
   vertex 0.871733 1.21564 0.0803329
  endloop
 endfacet
 facet normal 0.0209318 0.894279 -0.447021
  outer loop
   vertex 0.871733 1.21564 0.0803329
   vertex 0.92725 1.2156 0.0828526
   vertex 0.926847 1.21466 0.0809533
  endloop
 endfacet
 facet normal 0.0210385 0.842095 -0.538919
  outer loop
   vertex 0.871733 1.21564 0.0803329
   vertex 0.926847 1.21466 0.0809533
   vertex 0.871179 1.21445 0.0784519
  endloop
 endfacet
 facet normal 0.0207416 0.846084 -0.532646
  outer loop
   vertex 0.871179 1.21445 0.0784519
   vertex 0.926847 1.21466 0.0809533
   vertex 0.926367 1.21355 0.0791713
  endloop
 endfacet
 facet normal 0.0208728 0.78561 -0.61837
  outer loop
   vertex 0.871179 1.21445 0.0784519
   vertex 0.926367 1.21355 0.0791713
   vertex 0.870547 1.2131 0.0767154
  endloop
 endfacet
 facet normal 0.0208287 0.786298 -0.617496
  outer loop
   vertex 0.870547 1.2131 0.0767154
   vertex 0.926367 1.21355 0.0791713
   vertex 0.925817 1.21227 0.0775229
  endloop
 endfacet
 facet normal 0.0209462 0.717872 -0.69586
  outer loop
   vertex 0.870547 1.2131 0.0767154
   vertex 0.925817 1.21227 0.0775229
   vertex 0.869845 1.21159 0.0751366
  endloop
 endfacet
 facet normal 0.0207 0.722241 -0.691331
  outer loop
   vertex 0.869845 1.21159 0.0751366
   vertex 0.925817 1.21227 0.0775229
   vertex 0.925206 1.21085 0.0760211
  endloop
 endfacet
 facet normal 0.0208261 0.648928 -0.760564
  outer loop
   vertex 0.869845 1.21159 0.0751366
   vertex 0.925206 1.21085 0.0760211
   vertex 0.869082 1.20996 0.0737249
  endloop
 endfacet
 facet normal 0.0207594 0.650243 -0.759442
  outer loop
   vertex 0.869082 1.20996 0.0737249
   vertex 0.925206 1.21085 0.0760211
   vertex 0.92454 1.2093 0.0746758
  endloop
 endfacet
 facet normal 0.0208665 0.569883 -0.821461
  outer loop
   vertex 0.869082 1.20996 0.0737249
   vertex 0.92454 1.2093 0.0746758
   vertex 0.868265 1.20821 0.0724901
  endloop
 endfacet
 facet normal 0.0207239 0.572957 -0.819324
  outer loop
   vertex 0.868265 1.20821 0.0724901
   vertex 0.92454 1.2093 0.0746758
   vertex 0.923826 1.20764 0.0734969
  endloop
 endfacet
 facet normal 0.0208178 0.48859 -0.872265
  outer loop
   vertex 0.868265 1.20821 0.0724901
   vertex 0.923826 1.20764 0.0734969
   vertex 0.867404 1.20637 0.0714389
  endloop
 endfacet
 facet normal 0.0207018 0.491291 -0.87075
  outer loop
   vertex 0.867404 1.20637 0.0714389
   vertex 0.923826 1.20764 0.0734969
   vertex 0.923072 1.20589 0.0724916
  endloop
 endfacet
 facet normal 0.0207762 0.401478 -0.915633
  outer loop
   vertex 0.867404 1.20637 0.0714389
   vertex 0.923072 1.20589 0.0724916
   vertex 0.866507 1.20444 0.0705723
  endloop
 endfacet
 facet normal 0.0206162 0.405423 -0.913897
  outer loop
   vertex 0.866507 1.20444 0.0705723
   vertex 0.923072 1.20589 0.0724916
   vertex 0.922286 1.20406 0.071662
  endloop
 endfacet
 facet normal 0.0206837 0.316299 -0.948434
  outer loop
   vertex 0.866507 1.20444 0.0705723
   vertex 0.922286 1.20406 0.071662
   vertex 0.865581 1.20246 0.0698918
  endloop
 endfacet
 facet normal 0.0205519 0.319707 -0.947294
  outer loop
   vertex 0.865581 1.20246 0.0698918
   vertex 0.922286 1.20406 0.071662
   vertex 0.921473 1.20218 0.0710099
  endloop
 endfacet
 facet normal 0.0206133 0.22208 -0.974811
  outer loop
   vertex 0.865581 1.20246 0.0698918
   vertex 0.921473 1.20218 0.0710099
   vertex 0.864634 1.20043 0.0694093
  endloop
 endfacet
 facet normal 0.0205479 0.223837 -0.97441
  outer loop
   vertex 0.864634 1.20043 0.0694093
   vertex 0.921473 1.20218 0.0710099
   vertex 0.920641 1.20024 0.0705467
  endloop
 endfacet
 facet normal 0.0205691 0.125596 -0.991868
  outer loop
   vertex 0.864634 1.20043 0.0694093
   vertex 0.920641 1.20024 0.0705467
   vertex 0.863672 1.19837 0.0691285
  endloop
 endfacet
 facet normal 0.0204898 0.127799 -0.991588
  outer loop
   vertex 0.863672 1.19837 0.0691285
   vertex 0.920641 1.20024 0.0705467
   vertex 0.919795 1.19828 0.0702766
  endloop
 endfacet
 facet normal 0.0204626 0.00642876 -0.99977
  outer loop
   vertex 0.863672 1.19837 0.0691285
   vertex 0.919795 1.19828 0.0702766
   vertex 0.859412 1.1963 0.069028
  endloop
 endfacet
 facet normal 0.0184931 0.0651874 -0.997702
  outer loop
   vertex 0.859412 1.1963 0.069028
   vertex 0.919795 1.19828 0.0702766
   vertex 0.916966 1.1963 0.0700948
  endloop
 endfacet
 facet normal 0.121997 -0.0342741 -0.991938
  outer loop
   vertex 1.14758 1.1963 0.0910499
   vertex 1.14768 1.1963 0.0910622
   vertex 0.812737 1.8163e-11 0.0912033
  endloop
 endfacet
 facet normal 0.962918 -0.269793 0
  outer loop
   vertex 1.14792 1.1963 0.0910929
   vertex 0.812737 1.8163e-11 0.0912033
   vertex 1.14792 1.1963 0.0910924
  endloop
 endfacet
 facet normal 0.121506 -0.0341358 -0.992004
  outer loop
   vertex 1.14792 1.1963 0.0910924
   vertex 0.812737 1.8163e-11 0.0912033
   vertex 1.14784 1.1963 0.0910826
  endloop
 endfacet
 facet normal 0.112551 -0.0316264 -0.993143
  outer loop
   vertex 1.14792 1.1963 0.0910929
   vertex 1.14801 1.1963 0.0911031
   vertex 0.812737 1.8163e-11 0.0912033
  endloop
 endfacet
 facet normal 0.126411 -0.0355107 -0.991342
  outer loop
   vertex 0.812737 1.8163e-11 0.0912033
   vertex 1.14801 1.1963 0.0911031
   vertex 1.14809 1.1963 0.0911133
  endloop
 endfacet
 facet normal 0.962883 -0.26992 0
  outer loop
   vertex 0.812737 1.8163e-11 0.0912033
   vertex 1.14809 1.1963 0.0911133
   vertex 1.14809 1.1963 0.0911137
  endloop
 endfacet
 facet normal 0.121754 -0.0342025 -0.991971
  outer loop
   vertex 0.808145 -3.14099e-12 0.0906349
   vertex 1.14623 1.1963 0.0908836
   vertex 1.14652 1.1963 0.0909192
  endloop
 endfacet
 facet normal 0.126035 -0.0354046 -0.991394
  outer loop
   vertex 1.14768 1.1963 0.0910622
   vertex 1.14775 1.1963 0.0910711
   vertex 0.812737 1.8163e-11 0.0912033
  endloop
 endfacet
 facet normal 0.129034 -0.0362442 -0.990978
  outer loop
   vertex 0.812737 1.8163e-11 0.0912033
   vertex 1.14775 1.1963 0.0910711
   vertex 1.14776 1.1963 0.0910724
  endloop
 endfacet
 facet normal 0.126411 -0.0355098 -0.991342
  outer loop
   vertex 0.812737 1.8163e-11 0.0912033
   vertex 1.14776 1.1963 0.0910724
   vertex 1.14784 1.1963 0.0910826
  endloop
 endfacet
 facet normal 0.121506 -0.0341354 -0.992004
  outer loop
   vertex 1.14809 1.1963 0.0911137
   vertex 1.14817 1.1963 0.0911235
   vertex 0.812737 1.8163e-11 0.0912033
  endloop
 endfacet
 facet normal 0.0896386 -0.0252004 -0.995655
  outer loop
   vertex 0.812737 1.8163e-11 0.0912033
   vertex 1.14817 1.1963 0.0911235
   vertex 1.14818 1.1963 0.0911244
  endloop
 endfacet
 facet normal 0.131306 -0.0368836 -0.990655
  outer loop
   vertex 0.812737 1.8163e-11 0.0912033
   vertex 1.14818 1.1963 0.0911244
   vertex 1.14826 1.1963 0.091135
  endloop
 endfacet
 facet normal 0.117978 -0.0331449 -0.992463
  outer loop
   vertex 1.14861 1.1963 0.0911776
   vertex 0.812737 1.8163e-11 0.0912033
   vertex 1.14852 1.1963 0.0911669
  endloop
 endfacet
 facet normal 0.128671 -0.0361463 -0.991028
  outer loop
   vertex 1.14852 1.1963 0.0911669
   vertex 0.812737 1.8163e-11 0.0912033
   vertex 1.1485 1.1963 0.0911643
  endloop
 endfacet
 facet normal 0.122771 -0.0344902 -0.991836
  outer loop
   vertex 0.808145 -3.14099e-12 0.0906349
   vertex 1.14652 1.1963 0.0909192
   vertex 0.812737 1.8163e-11 0.0912033
  endloop
 endfacet
 facet normal 0.143469 -0.0402646 -0.988835
  outer loop
   vertex 0.812737 1.8163e-11 0.0912033
   vertex 1.14652 1.1963 0.0909192
   vertex 1.14654 1.1963 0.0909221
  endloop
 endfacet
 facet normal 0.116487 -0.0327366 -0.992653
  outer loop
   vertex 0.812737 1.8163e-11 0.0912033
   vertex 1.14654 1.1963 0.0909221
   vertex 1.14669 1.1963 0.0909397
  endloop
 endfacet
 facet normal 0.116845 -0.0328279 -0.992607
  outer loop
   vertex 1.14826 1.1963 0.091135
   vertex 1.14835 1.1963 0.0911456
   vertex 0.812737 1.8163e-11 0.0912033
  endloop
 endfacet
 facet normal 0.117978 -0.0331458 -0.992463
  outer loop
   vertex 0.812737 1.8163e-11 0.0912033
   vertex 1.14835 1.1963 0.0911456
   vertex 1.14844 1.1963 0.0911563
  endloop
 endfacet
 facet normal 0.132185 -0.0371325 -0.990529
  outer loop
   vertex 0.812737 1.8163e-11 0.0912033
   vertex 1.14844 1.1963 0.0911563
   vertex 1.1485 1.1963 0.0911643
  endloop
 endfacet
 facet normal 0.131306 -0.0368868 -0.990655
  outer loop
   vertex 1.14861 1.1963 0.0911776
   vertex 1.14869 1.1963 0.0911882
   vertex 0.812737 1.8163e-11 0.0912033
  endloop
 endfacet
 facet normal 0.117978 -0.033144 -0.992463
  outer loop
   vertex 0.812737 1.8163e-11 0.0912033
   vertex 1.14869 1.1963 0.0911882
   vertex 1.14878 1.1963 0.0911989
  endloop
 endfacet
 facet normal 0.109223 -0.0306847 -0.993544
  outer loop
   vertex 0.812737 1.8163e-11 0.0912033
   vertex 1.14878 1.1963 0.0911989
   vertex 1.14882 1.1963 0.0912033
  endloop
 endfacet
 facet normal 0.142174 -0.0399174 -0.989036
  outer loop
   vertex 1.14735 1.1963 0.0910214
   vertex 1.1474 1.1963 0.0910286
   vertex 0.812737 1.8163e-11 0.0912033
  endloop
 endfacet
 facet normal 0.119068 -0.033454 -0.992322
  outer loop
   vertex 0.812737 1.8163e-11 0.0912033
   vertex 1.1474 1.1963 0.0910286
   vertex 1.14751 1.1963 0.0910418
  endloop
 endfacet
 facet normal 0.114909 -0.0322903 -0.992851
  outer loop
   vertex 0.812737 1.8163e-11 0.0912033
   vertex 1.14751 1.1963 0.0910418
   vertex 1.14758 1.1963 0.0910499
  endloop
 endfacet
 facet normal 0.126411 -0.0355077 -0.991342
  outer loop
   vertex 1.14702 1.1963 0.0909805
   vertex 1.14718 1.1963 0.0910009
   vertex 0.812737 1.8163e-11 0.0912033
  endloop
 endfacet
 facet normal 0.126715 -0.0355928 -0.9913
  outer loop
   vertex 0.812737 1.8163e-11 0.0912033
   vertex 1.14718 1.1963 0.0910009
   vertex 1.14723 1.1963 0.0910073
  endloop
 endfacet
 facet normal 0.116739 -0.0328036 -0.992621
  outer loop
   vertex 0.812737 1.8163e-11 0.0912033
   vertex 1.14723 1.1963 0.0910073
   vertex 1.14735 1.1963 0.0910214
  endloop
 endfacet
 facet normal 0.126411 -0.0355067 -0.991342
  outer loop
   vertex 1.14669 1.1963 0.0909397
   vertex 1.14685 1.1963 0.0909601
   vertex 0.812737 1.8163e-11 0.0912033
  endloop
 endfacet
 facet normal 0.113962 -0.0320303 -0.992969
  outer loop
   vertex 0.812737 1.8163e-11 0.0912033
   vertex 1.14685 1.1963 0.0909601
   vertex 1.14689 1.1963 0.0909647
  endloop
 endfacet
 facet normal 0.120658 -0.0339003 -0.992115
  outer loop
   vertex 0.812737 1.8163e-11 0.0912033
   vertex 1.14689 1.1963 0.0909647
   vertex 1.14702 1.1963 0.0909805
  endloop
 endfacet
 facet normal -0.488038 0.712762 0.503774
  outer loop
   vertex 0.699607 1.20101 0.0968125
   vertex 0.699869 1.20077 0.0974058
   vertex 0.701417 1.20196 0.0972219
  endloop
 endfacet
 facet normal -0.46107 0.678222 0.572215
  outer loop
   vertex 0.701215 1.20083 0.098468
   vertex 0.701986 1.20143 0.0983781
   vertex 0.70169 1.20171 0.0978077
  endloop
 endfacet
 facet normal -0.406279 0.554396 0.726348
  outer loop
   vertex 0.702371 1.20047 0.0995682
   vertex 0.702424 1.20057 0.0995215
   vertex 0.701899 1.20015 0.0995484
  endloop
 endfacet
 facet normal -0.4281 0.665447 0.611482
  outer loop
   vertex 0.702776 1.20118 0.0991773
   vertex 0.703235 1.20198 0.098628
   vertex 0.702777 1.20201 0.0982747
  endloop
 endfacet
 facet normal -0.400616 0.907565 0.125828
  outer loop
   vertex 0.705216 1.20544 0.0931627
   vertex 0.705268 1.20553 0.0926792
   vertex 0.703715 1.20483 0.0927836
  endloop
 endfacet
 facet normal -0.80921 0.527439 0.258819
  outer loop
   vertex 0.693131 1.1963 0.092983
   vertex 0.693405 1.1963 0.0938395
   vertex 0.693797 1.19688 0.0938833
  endloop
 endfacet
 facet normal -0.507974 0.371112 0.777327
  outer loop
   vertex 0.699802 1.19808 0.0996755
   vertex 0.69869 1.1963 0.0997986
   vertex 0.700225 1.19764 0.100162
  endloop
 endfacet
 facet normal -0.491172 0.345861 0.799456
  outer loop
   vertex 0.700225 1.19764 0.100162
   vertex 0.69869 1.1963 0.0997986
   vertex 0.699231 1.1963 0.100131
  endloop
 endfacet
 facet normal -0.463043 0.324408 0.824834
  outer loop
   vertex 0.700225 1.19764 0.100162
   vertex 0.699231 1.1963 0.100131
   vertex 0.699981 1.1963 0.100552
  endloop
 endfacet
 facet normal -0.550631 0.345947 0.759688
  outer loop
   vertex 0.698449 1.1963 0.0996422
   vertex 0.698575 1.19649 0.099647
   vertex 0.697225 1.1963 0.098755
  endloop
 endfacet
 facet normal -0.551676 0.335991 0.76339
  outer loop
   vertex 0.697225 1.1963 0.098755
   vertex 0.698575 1.19649 0.099647
   vertex 0.698158 1.19692 0.0991564
  endloop
 endfacet
 facet normal -0.574566 0.403745 0.711944
  outer loop
   vertex 0.697225 1.1963 0.098755
   vertex 0.698158 1.19692 0.0991564
   vertex 0.697049 1.1963 0.098613
  endloop
 endfacet
 facet normal -0.571513 0.389009 0.722527
  outer loop
   vertex 0.697049 1.1963 0.098613
   vertex 0.698158 1.19692 0.0991564
   vertex 0.697775 1.19731 0.0986435
  endloop
 endfacet
 facet normal -0.608086 0.416712 0.675709
  outer loop
   vertex 0.697049 1.1963 0.098613
   vertex 0.697775 1.19731 0.0986435
   vertex 0.697422 1.19766 0.09811
  endloop
 endfacet
 facet normal -0.631726 0.457321 0.625923
  outer loop
   vertex 0.697099 1.19797 0.0975574
   vertex 0.695944 1.1963 0.0976119
   vertex 0.697422 1.19766 0.09811
  endloop
 endfacet
 facet normal -0.62143 0.437281 0.650085
  outer loop
   vertex 0.697422 1.19766 0.09811
   vertex 0.695944 1.1963 0.0976119
   vertex 0.696431 1.1963 0.0980774
  endloop
 endfacet
 facet normal -0.595169 0.417264 0.686779
  outer loop
   vertex 0.697422 1.19766 0.09811
   vertex 0.696431 1.1963 0.0980774
   vertex 0.697049 1.1963 0.098613
  endloop
 endfacet
 facet normal -0.700361 0.382705 0.602521
  outer loop
   vertex 0.695887 1.1963 0.0975535
   vertex 0.695889 1.19636 0.0975177
   vertex 0.694714 1.1963 0.09619
  endloop
 endfacet
 facet normal -0.699144 0.386899 0.601254
  outer loop
   vertex 0.694714 1.1963 0.09619
   vertex 0.695889 1.19636 0.0975177
   vertex 0.695575 1.19666 0.0969595
  endloop
 endfacet
 facet normal -0.707986 0.516403 0.481751
  outer loop
   vertex 0.694714 1.1963 0.09619
   vertex 0.694197 1.19656 0.0951515
   vertex 0.694208 1.1963 0.0954464
  endloop
 endfacet
 facet normal -0.774327 0.460014 0.434518
  outer loop
   vertex 0.694208 1.1963 0.0954464
   vertex 0.694197 1.19656 0.0951515
   vertex 0.693768 1.1963 0.0946623
  endloop
 endfacet
 facet normal -0.828867 0.544042 0.130375
  outer loop
   vertex 0.69296 1.1963 0.0921005
   vertex 0.693022 1.1963 0.0924946
   vertex 0.693429 1.19708 0.0918272
  endloop
 endfacet
 facet normal -0.834875 0.537427 0.118981
  outer loop
   vertex 0.693429 1.19708 0.0918272
   vertex 0.693022 1.1963 0.0924946
   vertex 0.693517 1.19706 0.0925354
  endloop
 endfacet
 facet normal -0.797176 0.592528 0.115853
  outer loop
   vertex 0.693429 1.19708 0.0918272
   vertex 0.693517 1.19706 0.0925354
   vertex 0.694034 1.19789 0.0918472
  endloop
 endfacet
 facet normal -0.852229 0.520158 0.0560509
  outer loop
   vertex 0.692901 1.1963 0.0912033
   vertex 0.69296 1.1963 0.0921005
   vertex 0.693023 1.1965 0.0912032
  endloop
 endfacet
 facet normal -0.846363 0.529383 0.058518
  outer loop
   vertex 0.693023 1.1965 0.0912032
   vertex 0.69296 1.1963 0.0921005
   vertex 0.693429 1.19708 0.0918272
  endloop
 endfacet
 facet normal -0.838465 0.543464 0.0402897
  outer loop
   vertex 0.693023 1.1965 0.0912032
   vertex 0.693429 1.19708 0.0918272
   vertex 0.693386 1.19706 0.091203
  endloop
 endfacet
 facet normal -0.801108 0.597437 0.0359861
  outer loop
   vertex 0.693386 1.19706 0.091203
   vertex 0.693429 1.19708 0.0918272
   vertex 0.694034 1.19789 0.0918472
  endloop
 endfacet
 facet normal -0.793302 0.608675 0.0136549
  outer loop
   vertex 0.693386 1.19706 0.091203
   vertex 0.694034 1.19789 0.0918472
   vertex 0.694253 1.19819 0.0912035
  endloop
 endfacet
 facet normal -0.755539 0.653391 0.0473411
  outer loop
   vertex 0.694253 1.19819 0.0912035
   vertex 0.694034 1.19789 0.0918472
   vertex 0.694682 1.19864 0.0918387
  endloop
 endfacet
 facet normal -0.75356 0.655889 0.0442353
  outer loop
   vertex 0.694253 1.19819 0.0912035
   vertex 0.694682 1.19864 0.0918387
   vertex 0.694636 1.19863 0.0912033
  endloop
 endfacet
 facet normal -0.718043 0.694787 0.0410502
  outer loop
   vertex 0.694636 1.19863 0.0912033
   vertex 0.694682 1.19864 0.0918387
   vertex 0.695323 1.19934 0.0912031
  endloop
 endfacet
 facet normal -0.553103 0.83201 0.0428555
  outer loop
   vertex 0.700068 1.20295 0.0919829
   vertex 0.699827 1.20283 0.0912033
   vertex 0.698353 1.20185 0.0912033
  endloop
 endfacet
 facet normal -0.418959 0.907744 0.0217715
  outer loop
   vertex 0.704131 1.20513 0.0912033
   vertex 0.703546 1.20486 0.0912033
   vertex 0.703554 1.20486 0.091357
  endloop
 endfacet
 facet normal -0.449435 0.893008 0.0233552
  outer loop
   vertex 0.703554 1.20486 0.091357
   vertex 0.703546 1.20486 0.0912033
   vertex 0.701738 1.20395 0.0912032
  endloop
 endfacet
 facet normal -0.406421 0.911371 0.0649968
  outer loop
   vertex 0.703715 1.20483 0.0927836
   vertex 0.705268 1.20553 0.0926792
   vertex 0.703554 1.20486 0.091357
  endloop
 endfacet
 facet normal -0.426288 0.899391 0.0968227
  outer loop
   vertex 0.705268 1.20553 0.0926792
   vertex 0.705305 1.2056 0.0921919
   vertex 0.703554 1.20486 0.091357
  endloop
 endfacet
 facet normal -0.410633 0.910174 0.0544324
  outer loop
   vertex 0.703554 1.20486 0.091357
   vertex 0.705305 1.2056 0.0921919
   vertex 0.705328 1.20564 0.0916977
  endloop
 endfacet
 facet normal -0.410861 0.909971 0.0560848
  outer loop
   vertex 0.703554 1.20486 0.091357
   vertex 0.705328 1.20564 0.0916977
   vertex 0.704131 1.20513 0.0912033
  endloop
 endfacet
 facet normal -0.396452 0.917964 0.0129526
  outer loop
   vertex 0.704131 1.20513 0.0912033
   vertex 0.705328 1.20564 0.0916977
   vertex 0.705335 1.20565 0.0912033
  endloop
 endfacet
 facet normal -0.406333 0.89929 0.161777
  outer loop
   vertex 0.705216 1.20544 0.0931627
   vertex 0.703715 1.20483 0.0927836
   vertex 0.70516 1.20534 0.0935781
  endloop
 endfacet
 facet normal -0.40934 0.896598 0.168974
  outer loop
   vertex 0.70516 1.20534 0.0935781
   vertex 0.703715 1.20483 0.0927836
   vertex 0.703971 1.20469 0.094147
  endloop
 endfacet
 facet normal -0.401171 0.89685 0.186336
  outer loop
   vertex 0.70516 1.20534 0.0935781
   vertex 0.703971 1.20469 0.094147
   vertex 0.70507 1.20519 0.0941067
  endloop
 endfacet
 facet normal -0.38557 0.853561 0.350384
  outer loop
   vertex 0.70452 1.20423 0.0961618
   vertex 0.704753 1.20463 0.0954436
   vertex 0.704317 1.20443 0.0954511
  endloop
 endfacet
 facet normal -0.392673 0.867369 0.305744
  outer loop
   vertex 0.704317 1.20443 0.0954511
   vertex 0.704753 1.20463 0.0954436
   vertex 0.704884 1.20486 0.0949595
  endloop
 endfacet
 facet normal -0.412341 0.866257 0.282087
  outer loop
   vertex 0.704317 1.20443 0.0954511
   vertex 0.704884 1.20486 0.0949595
   vertex 0.703971 1.20469 0.094147
  endloop
 endfacet
 facet normal -0.397291 0.879369 0.262432
  outer loop
   vertex 0.703971 1.20469 0.094147
   vertex 0.704884 1.20486 0.0949595
   vertex 0.704977 1.20502 0.0945642
  endloop
 endfacet
 facet normal -0.393496 0.885015 0.248816
  outer loop
   vertex 0.703971 1.20469 0.094147
   vertex 0.704977 1.20502 0.0945642
   vertex 0.70507 1.20519 0.0941067
  endloop
 endfacet
 facet normal -0.415612 0.816381 0.400985
  outer loop
   vertex 0.70433 1.20389 0.0966571
   vertex 0.70452 1.20423 0.0961618
   vertex 0.702592 1.20345 0.0957515
  endloop
 endfacet
 facet normal -0.433614 0.741325 0.512265
  outer loop
   vertex 0.702777 1.20201 0.0982747
   vertex 0.703578 1.20258 0.0981279
   vertex 0.703047 1.20306 0.0969837
  endloop
 endfacet
 facet normal -0.413768 0.754949 0.508771
  outer loop
   vertex 0.703047 1.20306 0.0969837
   vertex 0.703578 1.20258 0.0981279
   vertex 0.703997 1.20331 0.0973854
  endloop
 endfacet
 facet normal -0.412615 0.759151 0.503427
  outer loop
   vertex 0.703047 1.20306 0.0969837
   vertex 0.703997 1.20331 0.0973854
   vertex 0.70404 1.20339 0.0973
  endloop
 endfacet
 facet normal -0.404064 0.704347 0.583633
  outer loop
   vertex 0.703235 1.20198 0.098628
   vertex 0.703486 1.20242 0.0982708
   vertex 0.702777 1.20201 0.0982747
  endloop
 endfacet
 facet normal -0.421087 0.733312 0.533797
  outer loop
   vertex 0.702777 1.20201 0.0982747
   vertex 0.703486 1.20242 0.0982708
   vertex 0.703551 1.20253 0.0981709
  endloop
 endfacet
 facet normal -0.401477 0.712454 0.575522
  outer loop
   vertex 0.702777 1.20201 0.0982747
   vertex 0.703551 1.20253 0.0981709
   vertex 0.703578 1.20258 0.0981279
  endloop
 endfacet
 facet normal -0.429574 0.54883 0.717113
  outer loop
   vertex 0.701171 1.1995 0.0996098
   vertex 0.701875 1.19961 0.0999473
   vertex 0.701899 1.20015 0.0995484
  endloop
 endfacet
 facet normal -0.445164 0.544767 0.710674
  outer loop
   vertex 0.701899 1.20015 0.0995484
   vertex 0.701875 1.19961 0.0999473
   vertex 0.702088 1.19998 0.0997971
  endloop
 endfacet
 facet normal -0.41682 0.571133 0.707155
  outer loop
   vertex 0.701899 1.20015 0.0995484
   vertex 0.702088 1.19998 0.0997971
   vertex 0.702371 1.20047 0.0995682
  endloop
 endfacet
 facet normal -0.434724 0.450637 0.779706
  outer loop
   vertex 0.701201 1.19843 0.100307
   vertex 0.701441 1.19885 0.100198
   vertex 0.700878 1.19839 0.10015
  endloop
 endfacet
 facet normal -0.453208 0.47597 0.753694
  outer loop
   vertex 0.700878 1.19839 0.10015
   vertex 0.701441 1.19885 0.100198
   vertex 0.70156 1.19906 0.100137
  endloop
 endfacet
 facet normal -0.461029 0.483744 0.743938
  outer loop
   vertex 0.700878 1.19839 0.10015
   vertex 0.70156 1.19906 0.100137
   vertex 0.701171 1.1995 0.0996098
  endloop
 endfacet
 facet normal -0.36588 0.563742 0.740491
  outer loop
   vertex 0.701171 1.1995 0.0996098
   vertex 0.70156 1.19906 0.100137
   vertex 0.701582 1.19909 0.100125
  endloop
 endfacet
 facet normal -0.436526 0.501248 0.747125
  outer loop
   vertex 0.701171 1.1995 0.0996098
   vertex 0.701582 1.19909 0.100125
   vertex 0.701875 1.19961 0.0999473
  endloop
 endfacet
 facet normal -0.48982 0.390471 0.779493
  outer loop
   vertex 0.700472 1.19716 0.100511
   vertex 0.700973 1.19803 0.10039
   vertex 0.700878 1.19839 0.10015
  endloop
 endfacet
 facet normal -0.452017 0.409191 0.792618
  outer loop
   vertex 0.700878 1.19839 0.10015
   vertex 0.700973 1.19803 0.10039
   vertex 0.701069 1.1982 0.100357
  endloop
 endfacet
 facet normal -0.437826 0.42378 0.792918
  outer loop
   vertex 0.700878 1.19839 0.10015
   vertex 0.701069 1.1982 0.100357
   vertex 0.701201 1.19843 0.100307
  endloop
 endfacet
 facet normal -0.684101 0.543675 0.486234
  outer loop
   vertex 0.694789 1.19738 0.0951798
   vertex 0.695287 1.19693 0.0963835
   vertex 0.695414 1.19816 0.0951869
  endloop
 endfacet
 facet normal -0.712385 0.525775 0.464832
  outer loop
   vertex 0.695414 1.19816 0.0951869
   vertex 0.695287 1.19693 0.0963835
   vertex 0.695896 1.19774 0.0964008
  endloop
 endfacet
 facet normal -0.662281 0.586694 0.466019
  outer loop
   vertex 0.695414 1.19816 0.0951869
   vertex 0.695896 1.19774 0.0964008
   vertex 0.696069 1.19891 0.0951736
  endloop
 endfacet
 facet normal -0.683627 0.573931 0.450842
  outer loop
   vertex 0.696069 1.19891 0.0951736
   vertex 0.695896 1.19774 0.0964008
   vertex 0.696533 1.1985 0.0963991
  endloop
 endfacet
 facet normal -0.632625 0.630082 0.450314
  outer loop
   vertex 0.696069 1.19891 0.0951736
   vertex 0.696533 1.1985 0.0963991
   vertex 0.696753 1.19962 0.0951411
  endloop
 endfacet
 facet normal -0.788684 0.506829 0.347997
  outer loop
   vertex 0.693405 1.1963 0.0938395
   vertex 0.693768 1.1963 0.0946623
   vertex 0.693797 1.19688 0.0938833
  endloop
 endfacet
 facet normal -0.753911 0.540094 0.374055
  outer loop
   vertex 0.693797 1.19688 0.0938833
   vertex 0.693768 1.1963 0.0946623
   vertex 0.694197 1.19656 0.0951515
  endloop
 endfacet
 facet normal -0.7497 0.545841 0.374177
  outer loop
   vertex 0.693797 1.19688 0.0938833
   vertex 0.694197 1.19656 0.0951515
   vertex 0.694398 1.19769 0.0939058
  endloop
 endfacet
 facet normal -0.792929 0.596578 0.123928
  outer loop
   vertex 0.693517 1.19706 0.0925354
   vertex 0.694122 1.19786 0.0925551
   vertex 0.694034 1.19789 0.0918472
  endloop
 endfacet
 facet normal -0.755732 0.64355 0.121295
  outer loop
   vertex 0.694034 1.19789 0.0918472
   vertex 0.694122 1.19786 0.0925551
   vertex 0.694768 1.19862 0.0925479
  endloop
 endfacet
 facet normal -0.751487 0.650595 0.10951
  outer loop
   vertex 0.694034 1.19789 0.0918472
   vertex 0.694768 1.19862 0.0925479
   vertex 0.694682 1.19864 0.0918387
  endloop
 endfacet
 facet normal -0.715373 0.690616 0.106261
  outer loop
   vertex 0.694682 1.19864 0.0918387
   vertex 0.694768 1.19862 0.0925479
   vertex 0.695449 1.19933 0.0925179
  endloop
 endfacet
 facet normal -0.701825 0.708635 0.0726567
  outer loop
   vertex 0.694682 1.19864 0.0918387
   vertex 0.695449 1.19933 0.0925179
   vertex 0.695323 1.19934 0.0912031
  endloop
 endfacet
 facet normal -0.687294 0.722864 0.0713726
  outer loop
   vertex 0.695323 1.19934 0.0912031
   vertex 0.695449 1.19933 0.0925179
   vertex 0.696159 1.20001 0.0924683
  endloop
 endfacet
 facet normal -0.681807 0.728668 0.0646739
  outer loop
   vertex 0.695323 1.19934 0.0912031
   vertex 0.696159 1.20001 0.0924683
   vertex 0.696039 1.20001 0.0912034
  endloop
 endfacet
 facet normal -0.651212 0.756378 0.0617718
  outer loop
   vertex 0.696039 1.20001 0.0912034
   vertex 0.696159 1.20001 0.0924683
   vertex 0.696896 1.20065 0.092401
  endloop
 endfacet
 facet normal -0.658456 0.749287 0.0707445
  outer loop
   vertex 0.696039 1.20001 0.0912034
   vertex 0.696896 1.20065 0.092401
   vertex 0.696335 1.20027 0.0912034
  endloop
 endfacet
 facet normal -0.717127 0.593939 0.364645
  outer loop
   vertex 0.694398 1.19769 0.0939058
   vertex 0.694789 1.19738 0.0951798
   vertex 0.695035 1.19846 0.0939044
  endloop
 endfacet
 facet normal -0.731837 0.583135 0.352659
  outer loop
   vertex 0.695035 1.19846 0.0939044
   vertex 0.694789 1.19738 0.0951798
   vertex 0.695414 1.19816 0.0951869
  endloop
 endfacet
 facet normal -0.684151 0.63898 0.351627
  outer loop
   vertex 0.695035 1.19846 0.0939044
   vertex 0.695414 1.19816 0.0951869
   vertex 0.695705 1.19919 0.0938814
  endloop
 endfacet
 facet normal -0.706922 0.623346 0.334217
  outer loop
   vertex 0.695705 1.19919 0.0938814
   vertex 0.695414 1.19816 0.0951869
   vertex 0.696069 1.19891 0.0951736
  endloop
 endfacet
 facet normal -0.652557 0.681389 0.33148
  outer loop
   vertex 0.695705 1.19919 0.0938814
   vertex 0.696069 1.19891 0.0951736
   vertex 0.696404 1.19988 0.0938391
  endloop
 endfacet
 facet normal -0.676428 0.666058 0.314345
  outer loop
   vertex 0.696404 1.19988 0.0938391
   vertex 0.696069 1.19891 0.0951736
   vertex 0.696753 1.19962 0.0951411
  endloop
 endfacet
 facet normal -0.625126 0.716072 0.310579
  outer loop
   vertex 0.696404 1.19988 0.0938391
   vertex 0.696753 1.19962 0.0951411
   vertex 0.69713 1.20054 0.0937789
  endloop
 endfacet
 facet normal -0.613679 0.788675 0.0372742
  outer loop
   vertex 0.696335 1.20027 0.0912034
   vertex 0.696896 1.20065 0.092401
   vertex 0.69844 1.20186 0.0922197
  endloop
 endfacet
 facet normal -0.599627 0.786952 0.145447
  outer loop
   vertex 0.69844 1.20186 0.0922197
   vertex 0.696896 1.20065 0.092401
   vertex 0.697881 1.20116 0.0937024
  endloop
 endfacet
 facet normal -0.595416 0.789614 0.148291
  outer loop
   vertex 0.69844 1.20186 0.0922197
   vertex 0.697881 1.20116 0.0937024
   vertex 0.698654 1.20176 0.0936108
  endloop
 endfacet
 facet normal -0.569291 0.775145 0.273969
  outer loop
   vertex 0.698654 1.20176 0.0936108
   vertex 0.697881 1.20116 0.0937024
   vertex 0.698203 1.20093 0.0950222
  endloop
 endfacet
 facet normal -0.59213 0.762922 0.259483
  outer loop
   vertex 0.698654 1.20176 0.0936108
   vertex 0.698203 1.20093 0.0950222
   vertex 0.698965 1.20155 0.0949381
  endloop
 endfacet
 facet normal -0.557051 0.736632 0.383493
  outer loop
   vertex 0.698965 1.20155 0.0949381
   vertex 0.698203 1.20093 0.0950222
   vertex 0.698619 1.20059 0.0962795
  endloop
 endfacet
 facet normal -0.574151 0.728657 0.373375
  outer loop
   vertex 0.698965 1.20155 0.0949381
   vertex 0.698619 1.20059 0.0962795
   vertex 0.699369 1.20122 0.0962033
  endloop
 endfacet
 facet normal -0.502984 0.864004 0.0224366
  outer loop
   vertex 0.699827 1.20283 0.0912033
   vertex 0.700068 1.20295 0.0919829
   vertex 0.701773 1.20395 0.0916949
  endloop
 endfacet
 facet normal -0.488714 0.865301 0.111416
  outer loop
   vertex 0.701773 1.20395 0.0916949
   vertex 0.700068 1.20295 0.0919829
   vertex 0.700264 1.20288 0.093386
  endloop
 endfacet
 facet normal -0.503522 0.858841 0.094116
  outer loop
   vertex 0.701773 1.20395 0.0916949
   vertex 0.700264 1.20288 0.093386
   vertex 0.701952 1.2039 0.0931094
  endloop
 endfacet
 facet normal -0.476768 0.8499 0.224414
  outer loop
   vertex 0.701952 1.2039 0.0931094
   vertex 0.700264 1.20288 0.093386
   vertex 0.700556 1.20269 0.094726
  endloop
 endfacet
 facet normal -0.493426 0.84496 0.206332
  outer loop
   vertex 0.701952 1.2039 0.0931094
   vertex 0.700556 1.20269 0.094726
   vertex 0.702226 1.20373 0.0944608
  endloop
 endfacet
 facet normal -0.458513 0.822254 0.337142
  outer loop
   vertex 0.702226 1.20373 0.0944608
   vertex 0.700556 1.20269 0.094726
   vertex 0.70094 1.20238 0.0960045
  endloop
 endfacet
 facet normal -0.481768 0.818068 0.314108
  outer loop
   vertex 0.702226 1.20373 0.0944608
   vertex 0.70094 1.20238 0.0960045
   vertex 0.702592 1.20345 0.0957515
  endloop
 endfacet
 facet normal -0.414521 0.838223 0.354337
  outer loop
   vertex 0.70452 1.20423 0.0961618
   vertex 0.704317 1.20443 0.0954511
   vertex 0.702592 1.20345 0.0957515
  endloop
 endfacet
 facet normal -0.435301 0.853755 0.285685
  outer loop
   vertex 0.702592 1.20345 0.0957515
   vertex 0.704317 1.20443 0.0954511
   vertex 0.703971 1.20469 0.094147
  endloop
 endfacet
 facet normal -0.416636 0.856728 0.304025
  outer loop
   vertex 0.702592 1.20345 0.0957515
   vertex 0.703971 1.20469 0.094147
   vertex 0.702226 1.20373 0.0944608
  endloop
 endfacet
 facet normal -0.450329 0.875641 0.174518
  outer loop
   vertex 0.702226 1.20373 0.0944608
   vertex 0.703971 1.20469 0.094147
   vertex 0.703715 1.20483 0.0927836
  endloop
 endfacet
 facet normal -0.428533 0.881612 0.197785
  outer loop
   vertex 0.702226 1.20373 0.0944608
   vertex 0.703715 1.20483 0.0927836
   vertex 0.701952 1.2039 0.0931094
  endloop
 endfacet
 facet normal -0.455294 0.887584 0.0700153
  outer loop
   vertex 0.701952 1.2039 0.0931094
   vertex 0.703715 1.20483 0.0927836
   vertex 0.703554 1.20486 0.091357
  endloop
 endfacet
 facet normal -0.440045 0.893721 0.0873181
  outer loop
   vertex 0.701952 1.2039 0.0931094
   vertex 0.703554 1.20486 0.091357
   vertex 0.701773 1.20395 0.0916949
  endloop
 endfacet
 facet normal -0.449913 0.892499 0.0320144
  outer loop
   vertex 0.701773 1.20395 0.0916949
   vertex 0.703554 1.20486 0.091357
   vertex 0.701738 1.20395 0.0912032
  endloop
 endfacet
 facet normal -0.505343 0.862169 0.0359587
  outer loop
   vertex 0.701773 1.20395 0.0916949
   vertex 0.701738 1.20395 0.0912032
   vertex 0.699827 1.20283 0.0912033
  endloop
 endfacet
 facet normal -0.469779 0.609642 0.63847
  outer loop
   vertex 0.70259 1.20086 0.0993667
   vertex 0.701986 1.20143 0.0983781
   vertex 0.702424 1.20057 0.0995215
  endloop
 endfacet
 facet normal -0.422497 0.639199 0.642589
  outer loop
   vertex 0.702424 1.20057 0.0995215
   vertex 0.701986 1.20143 0.0983781
   vertex 0.701215 1.20083 0.098468
  endloop
 endfacet
 facet normal -0.447334 0.601583 0.661808
  outer loop
   vertex 0.702424 1.20057 0.0995215
   vertex 0.701215 1.20083 0.098468
   vertex 0.701899 1.20015 0.0995484
  endloop
 endfacet
 facet normal -0.43602 0.611103 0.660637
  outer loop
   vertex 0.701899 1.20015 0.0995484
   vertex 0.701215 1.20083 0.098468
   vertex 0.700805 1.19987 0.0990854
  endloop
 endfacet
 facet normal -0.440382 0.559519 0.702141
  outer loop
   vertex 0.701899 1.20015 0.0995484
   vertex 0.700805 1.19987 0.0990854
   vertex 0.701171 1.1995 0.0996098
  endloop
 endfacet
 facet normal -0.479141 0.704288 0.523835
  outer loop
   vertex 0.701417 1.20196 0.0972219
   vertex 0.699869 1.20077 0.0974058
   vertex 0.70169 1.20171 0.0978077
  endloop
 endfacet
 facet normal -0.47497 0.68284 0.555097
  outer loop
   vertex 0.70169 1.20171 0.0978077
   vertex 0.699869 1.20077 0.0974058
   vertex 0.700155 1.2005 0.0979827
  endloop
 endfacet
 facet normal -0.46988 0.677876 0.565417
  outer loop
   vertex 0.70169 1.20171 0.0978077
   vertex 0.700155 1.2005 0.0979827
   vertex 0.701215 1.20083 0.098468
  endloop
 endfacet
 facet normal -0.475915 0.637058 0.606352
  outer loop
   vertex 0.701215 1.20083 0.098468
   vertex 0.700155 1.2005 0.0979827
   vertex 0.700467 1.2002 0.0985428
  endloop
 endfacet
 facet normal -0.44948 0.611045 0.651607
  outer loop
   vertex 0.701215 1.20083 0.098468
   vertex 0.700467 1.2002 0.0985428
   vertex 0.700805 1.19987 0.0990854
  endloop
 endfacet
 facet normal -0.406228 0.801039 0.439677
  outer loop
   vertex 0.70404 1.20339 0.0973
   vertex 0.70433 1.20389 0.0966571
   vertex 0.703047 1.20306 0.0969837
  endloop
 endfacet
 facet normal -0.419092 0.80962 0.410947
  outer loop
   vertex 0.703047 1.20306 0.0969837
   vertex 0.70433 1.20389 0.0966571
   vertex 0.702592 1.20345 0.0957515
  endloop
 endfacet
 facet normal -0.446833 0.792185 0.415673
  outer loop
   vertex 0.703047 1.20306 0.0969837
   vertex 0.702592 1.20345 0.0957515
   vertex 0.701167 1.20219 0.0966208
  endloop
 endfacet
 facet normal -0.450685 0.792817 0.410273
  outer loop
   vertex 0.701167 1.20219 0.0966208
   vertex 0.702592 1.20345 0.0957515
   vertex 0.70094 1.20238 0.0960045
  endloop
 endfacet
 facet normal -0.504582 0.755144 0.418515
  outer loop
   vertex 0.701167 1.20219 0.0966208
   vertex 0.70094 1.20238 0.0960045
   vertex 0.699369 1.20122 0.0962033
  endloop
 endfacet
 facet normal -0.528353 0.775026 0.346666
  outer loop
   vertex 0.699369 1.20122 0.0962033
   vertex 0.70094 1.20238 0.0960045
   vertex 0.700556 1.20269 0.094726
  endloop
 endfacet
 facet normal -0.509371 0.778929 0.365801
  outer loop
   vertex 0.699369 1.20122 0.0962033
   vertex 0.700556 1.20269 0.094726
   vertex 0.698965 1.20155 0.0949381
  endloop
 endfacet
 facet normal -0.545694 0.804924 0.233056
  outer loop
   vertex 0.698965 1.20155 0.0949381
   vertex 0.700556 1.20269 0.094726
   vertex 0.700264 1.20288 0.093386
  endloop
 endfacet
 facet normal -0.528637 0.810536 0.25214
  outer loop
   vertex 0.698965 1.20155 0.0949381
   vertex 0.700264 1.20288 0.093386
   vertex 0.698654 1.20176 0.0936108
  endloop
 endfacet
 facet normal -0.555805 0.822799 0.118668
  outer loop
   vertex 0.698654 1.20176 0.0936108
   vertex 0.700264 1.20288 0.093386
   vertex 0.700068 1.20295 0.0919829
  endloop
 endfacet
 facet normal -0.536344 0.831927 0.142243
  outer loop
   vertex 0.698654 1.20176 0.0936108
   vertex 0.700068 1.20295 0.0919829
   vertex 0.69844 1.20186 0.0922197
  endloop
 endfacet
 facet normal -0.552005 0.832921 0.0391536
  outer loop
   vertex 0.69844 1.20186 0.0922197
   vertex 0.700068 1.20295 0.0919829
   vertex 0.698353 1.20185 0.0912033
  endloop
 endfacet
 facet normal -0.615853 0.78657 0.0450715
  outer loop
   vertex 0.69844 1.20186 0.0922197
   vertex 0.698353 1.20185 0.0912033
   vertex 0.696335 1.20027 0.0912034
  endloop
 endfacet
 facet normal -0.655011 0.403076 0.639133
  outer loop
   vertex 0.695887 1.1963 0.0975535
   vertex 0.695944 1.1963 0.0976119
   vertex 0.695889 1.19636 0.0975177
  endloop
 endfacet
 facet normal -0.617708 0.448285 0.646125
  outer loop
   vertex 0.695889 1.19636 0.0975177
   vertex 0.695944 1.1963 0.0976119
   vertex 0.697099 1.19797 0.0975574
  endloop
 endfacet
 facet normal -0.640212 0.466071 0.610661
  outer loop
   vertex 0.695889 1.19636 0.0975177
   vertex 0.697099 1.19797 0.0975574
   vertex 0.695575 1.19666 0.0969595
  endloop
 endfacet
 facet normal -0.65017 0.492192 0.578814
  outer loop
   vertex 0.695575 1.19666 0.0969595
   vertex 0.697099 1.19797 0.0975574
   vertex 0.696803 1.19825 0.0969868
  endloop
 endfacet
 facet normal -0.515447 0.321744 0.794226
  outer loop
   vertex 0.698449 1.1963 0.0996422
   vertex 0.69869 1.1963 0.0997986
   vertex 0.698575 1.19649 0.099647
  endloop
 endfacet
 facet normal -0.476808 0.353539 0.804776
  outer loop
   vertex 0.698575 1.19649 0.099647
   vertex 0.69869 1.1963 0.0997986
   vertex 0.699802 1.19808 0.0996755
  endloop
 endfacet
 facet normal -0.512117 0.381419 0.769581
  outer loop
   vertex 0.698575 1.19649 0.099647
   vertex 0.699802 1.19808 0.0996755
   vertex 0.698158 1.19692 0.0991564
  endloop
 endfacet
 facet normal -0.529459 0.420736 0.736651
  outer loop
   vertex 0.698158 1.19692 0.0991564
   vertex 0.699802 1.19808 0.0996755
   vertex 0.699412 1.19848 0.0991667
  endloop
 endfacet
 facet normal -0.537809 0.427514 0.726632
  outer loop
   vertex 0.698158 1.19692 0.0991564
   vertex 0.699412 1.19848 0.0991667
   vertex 0.697775 1.19731 0.0986435
  endloop
 endfacet
 facet normal -0.553425 0.465416 0.690731
  outer loop
   vertex 0.697775 1.19731 0.0986435
   vertex 0.699412 1.19848 0.0991667
   vertex 0.699054 1.19884 0.0986373
  endloop
 endfacet
 facet normal -0.560862 0.471591 0.680467
  outer loop
   vertex 0.697775 1.19731 0.0986435
   vertex 0.699054 1.19884 0.0986373
   vertex 0.697422 1.19766 0.09811
  endloop
 endfacet
 facet normal -0.574807 0.508442 0.641157
  outer loop
   vertex 0.697422 1.19766 0.09811
   vertex 0.699054 1.19884 0.0986373
   vertex 0.698725 1.19916 0.0980886
  endloop
 endfacet
 facet normal -0.582284 0.514768 0.629253
  outer loop
   vertex 0.697422 1.19766 0.09811
   vertex 0.698725 1.19916 0.0980886
   vertex 0.697099 1.19797 0.0975574
  endloop
 endfacet
 facet normal -0.592323 0.544133 0.594199
  outer loop
   vertex 0.697099 1.19797 0.0975574
   vertex 0.698725 1.19916 0.0980886
   vertex 0.698423 1.19945 0.097522
  endloop
 endfacet
 facet normal -0.599577 0.550309 0.581091
  outer loop
   vertex 0.697099 1.19797 0.0975574
   vertex 0.698423 1.19945 0.097522
   vertex 0.696803 1.19825 0.0969868
  endloop
 endfacet
 facet normal -0.609293 0.582772 0.537716
  outer loop
   vertex 0.696803 1.19825 0.0969868
   vertex 0.698423 1.19945 0.097522
   vertex 0.698147 1.1997 0.0969383
  endloop
 endfacet
 facet normal -0.608173 0.581811 0.540019
  outer loop
   vertex 0.696803 1.19825 0.0969868
   vertex 0.698147 1.1997 0.0969383
   vertex 0.6972 1.19923 0.0963782
  endloop
 endfacet
 facet normal -0.602975 0.62686 0.493425
  outer loop
   vertex 0.6972 1.19923 0.0963782
   vertex 0.698147 1.1997 0.0969383
   vertex 0.697895 1.19993 0.0963382
  endloop
 endfacet
 facet normal -0.63609 0.654861 0.408101
  outer loop
   vertex 0.6972 1.19923 0.0963782
   vertex 0.697895 1.19993 0.0963382
   vertex 0.697465 1.20029 0.0950903
  endloop
 endfacet
 facet normal -0.760993 0.536873 0.36422
  outer loop
   vertex 0.694398 1.19769 0.0939058
   vertex 0.694197 1.19656 0.0951515
   vertex 0.694789 1.19738 0.0951798
  endloop
 endfacet
 facet normal -0.717783 0.501577 0.482917
  outer loop
   vertex 0.694789 1.19738 0.0951798
   vertex 0.694197 1.19656 0.0951515
   vertex 0.694714 1.1963 0.09619
  endloop
 endfacet
 facet normal -0.71619 0.502642 0.484174
  outer loop
   vertex 0.694789 1.19738 0.0951798
   vertex 0.694714 1.1963 0.09619
   vertex 0.695287 1.19693 0.0963835
  endloop
 endfacet
 facet normal -0.691334 0.456806 0.559809
  outer loop
   vertex 0.695287 1.19693 0.0963835
   vertex 0.694714 1.1963 0.09619
   vertex 0.695575 1.19666 0.0969595
  endloop
 endfacet
 facet normal -0.666498 0.489181 0.562567
  outer loop
   vertex 0.695287 1.19693 0.0963835
   vertex 0.695575 1.19666 0.0969595
   vertex 0.695896 1.19774 0.0964008
  endloop
 endfacet
 facet normal -0.650545 0.492493 0.578136
  outer loop
   vertex 0.695896 1.19774 0.0964008
   vertex 0.695575 1.19666 0.0969595
   vertex 0.696803 1.19825 0.0969868
  endloop
 endfacet
 facet normal -0.649266 0.545312 0.530179
  outer loop
   vertex 0.695896 1.19774 0.0964008
   vertex 0.696803 1.19825 0.0969868
   vertex 0.696533 1.1985 0.0963991
  endloop
 endfacet
 facet normal -0.618103 0.579995 0.530617
  outer loop
   vertex 0.696533 1.1985 0.0963991
   vertex 0.696803 1.19825 0.0969868
   vertex 0.6972 1.19923 0.0963782
  endloop
 endfacet
 facet normal -0.659513 0.615017 0.4322
  outer loop
   vertex 0.696533 1.1985 0.0963991
   vertex 0.6972 1.19923 0.0963782
   vertex 0.696753 1.19962 0.0951411
  endloop
 endfacet
 facet normal -0.602336 0.6727 0.429728
  outer loop
   vertex 0.696753 1.19962 0.0951411
   vertex 0.6972 1.19923 0.0963782
   vertex 0.697465 1.20029 0.0950903
  endloop
 endfacet
 facet normal -0.642626 0.705578 0.298649
  outer loop
   vertex 0.696753 1.19962 0.0951411
   vertex 0.697465 1.20029 0.0950903
   vertex 0.69713 1.20054 0.0937789
  endloop
 endfacet
 facet normal -0.54959 0.661527 0.510229
  outer loop
   vertex 0.699607 1.20101 0.0968125
   vertex 0.698147 1.1997 0.0969383
   vertex 0.699869 1.20077 0.0974058
  endloop
 endfacet
 facet normal -0.545995 0.645141 0.534493
  outer loop
   vertex 0.699869 1.20077 0.0974058
   vertex 0.698147 1.1997 0.0969383
   vertex 0.698423 1.19945 0.097522
  endloop
 endfacet
 facet normal -0.533171 0.633411 0.56082
  outer loop
   vertex 0.699869 1.20077 0.0974058
   vertex 0.698423 1.19945 0.097522
   vertex 0.700155 1.2005 0.0979827
  endloop
 endfacet
 facet normal -0.526945 0.609174 0.592651
  outer loop
   vertex 0.700155 1.2005 0.0979827
   vertex 0.698423 1.19945 0.097522
   vertex 0.698725 1.19916 0.0980886
  endloop
 endfacet
 facet normal -0.517411 0.600355 0.609803
  outer loop
   vertex 0.700155 1.2005 0.0979827
   vertex 0.698725 1.19916 0.0980886
   vertex 0.700467 1.2002 0.0985428
  endloop
 endfacet
 facet normal -0.509837 0.574234 0.640564
  outer loop
   vertex 0.700467 1.2002 0.0985428
   vertex 0.698725 1.19916 0.0980886
   vertex 0.699054 1.19884 0.0986373
  endloop
 endfacet
 facet normal -0.500401 0.565477 0.655618
  outer loop
   vertex 0.700467 1.2002 0.0985428
   vertex 0.699054 1.19884 0.0986373
   vertex 0.700805 1.19987 0.0990854
  endloop
 endfacet
 facet normal -0.489332 0.530872 0.691903
  outer loop
   vertex 0.700805 1.19987 0.0990854
   vertex 0.699054 1.19884 0.0986373
   vertex 0.699412 1.19848 0.0991667
  endloop
 endfacet
 facet normal -0.480496 0.522735 0.704181
  outer loop
   vertex 0.700805 1.19987 0.0990854
   vertex 0.699412 1.19848 0.0991667
   vertex 0.701171 1.1995 0.0996098
  endloop
 endfacet
 facet normal -0.467323 0.484739 0.739349
  outer loop
   vertex 0.701171 1.1995 0.0996098
   vertex 0.699412 1.19848 0.0991667
   vertex 0.699802 1.19808 0.0996755
  endloop
 endfacet
 facet normal -0.466058 0.483591 0.740898
  outer loop
   vertex 0.701171 1.1995 0.0996098
   vertex 0.699802 1.19808 0.0996755
   vertex 0.700878 1.19839 0.10015
  endloop
 endfacet
 facet normal -0.46463 0.417021 0.781161
  outer loop
   vertex 0.700878 1.19839 0.10015
   vertex 0.699802 1.19808 0.0996755
   vertex 0.700225 1.19764 0.100162
  endloop
 endfacet
 facet normal -0.422296 0.380827 0.82258
  outer loop
   vertex 0.700878 1.19839 0.10015
   vertex 0.700225 1.19764 0.100162
   vertex 0.700472 1.19716 0.100511
  endloop
 endfacet
 facet normal -0.501799 0.324736 0.801713
  outer loop
   vertex 0.700472 1.19716 0.100511
   vertex 0.700225 1.19764 0.100162
   vertex 0.699981 1.1963 0.100552
  endloop
 endfacet
 facet normal -0.442267 0.633162 0.635221
  outer loop
   vertex 0.70259 1.20086 0.0993667
   vertex 0.702776 1.20118 0.0991773
   vertex 0.701986 1.20143 0.0983781
  endloop
 endfacet
 facet normal -0.411514 0.671085 0.616685
  outer loop
   vertex 0.701986 1.20143 0.0983781
   vertex 0.702776 1.20118 0.0991773
   vertex 0.702777 1.20201 0.0982747
  endloop
 endfacet
 facet normal -0.436743 0.69695 0.568785
  outer loop
   vertex 0.701986 1.20143 0.0983781
   vertex 0.702777 1.20201 0.0982747
   vertex 0.70169 1.20171 0.0978077
  endloop
 endfacet
 facet normal -0.426568 0.743285 0.515332
  outer loop
   vertex 0.70169 1.20171 0.0978077
   vertex 0.702777 1.20201 0.0982747
   vertex 0.703047 1.20306 0.0969837
  endloop
 endfacet
 facet normal -0.426208 0.743189 0.515768
  outer loop
   vertex 0.70169 1.20171 0.0978077
   vertex 0.703047 1.20306 0.0969837
   vertex 0.701417 1.20196 0.0972219
  endloop
 endfacet
 facet normal -0.443411 0.759916 0.475304
  outer loop
   vertex 0.701417 1.20196 0.0972219
   vertex 0.703047 1.20306 0.0969837
   vertex 0.701167 1.20219 0.0966208
  endloop
 endfacet
 facet normal -0.490188 0.72629 0.481891
  outer loop
   vertex 0.701417 1.20196 0.0972219
   vertex 0.701167 1.20219 0.0966208
   vertex 0.699607 1.20101 0.0968125
  endloop
 endfacet
 facet normal -0.502647 0.737696 0.450722
  outer loop
   vertex 0.699607 1.20101 0.0968125
   vertex 0.701167 1.20219 0.0966208
   vertex 0.699369 1.20122 0.0962033
  endloop
 endfacet
 facet normal -0.571473 0.680903 0.458028
  outer loop
   vertex 0.699607 1.20101 0.0968125
   vertex 0.699369 1.20122 0.0962033
   vertex 0.698147 1.1997 0.0969383
  endloop
 endfacet
 facet normal -0.507865 0.670067 0.541373
  outer loop
   vertex 0.698147 1.1997 0.0969383
   vertex 0.699369 1.20122 0.0962033
   vertex 0.698619 1.20059 0.0962795
  endloop
 endfacet
 facet normal -0.564728 0.663132 0.491263
  outer loop
   vertex 0.698147 1.1997 0.0969383
   vertex 0.698619 1.20059 0.0962795
   vertex 0.697895 1.19993 0.0963382
  endloop
 endfacet
 facet normal -0.603548 0.696534 0.388034
  outer loop
   vertex 0.697895 1.19993 0.0963382
   vertex 0.698619 1.20059 0.0962795
   vertex 0.698203 1.20093 0.0950222
  endloop
 endfacet
 facet normal -0.577855 0.709282 0.403736
  outer loop
   vertex 0.697895 1.19993 0.0963382
   vertex 0.698203 1.20093 0.0950222
   vertex 0.697465 1.20029 0.0950903
  endloop
 endfacet
 facet normal -0.614445 0.738154 0.278542
  outer loop
   vertex 0.697465 1.20029 0.0950903
   vertex 0.698203 1.20093 0.0950222
   vertex 0.697881 1.20116 0.0937024
  endloop
 endfacet
 facet normal -0.590518 0.751529 0.294097
  outer loop
   vertex 0.697465 1.20029 0.0950903
   vertex 0.697881 1.20116 0.0937024
   vertex 0.69713 1.20054 0.0937789
  endloop
 endfacet
 facet normal -0.617677 0.768653 0.166279
  outer loop
   vertex 0.69713 1.20054 0.0937789
   vertex 0.697881 1.20116 0.0937024
   vertex 0.696896 1.20065 0.092401
  endloop
 endfacet
 facet normal -0.655066 0.73619 0.170036
  outer loop
   vertex 0.69713 1.20054 0.0937789
   vertex 0.696896 1.20065 0.092401
   vertex 0.696404 1.19988 0.0938391
  endloop
 endfacet
 facet normal -0.63476 0.750344 0.184562
  outer loop
   vertex 0.696404 1.19988 0.0938391
   vertex 0.696896 1.20065 0.092401
   vertex 0.696159 1.20001 0.0924683
  endloop
 endfacet
 facet normal -0.684028 0.704539 0.189025
  outer loop
   vertex 0.696404 1.19988 0.0938391
   vertex 0.696159 1.20001 0.0924683
   vertex 0.695705 1.19919 0.0938814
  endloop
 endfacet
 facet normal -0.6705 0.714655 0.199242
  outer loop
   vertex 0.695705 1.19919 0.0938814
   vertex 0.696159 1.20001 0.0924683
   vertex 0.695449 1.19933 0.0925179
  endloop
 endfacet
 facet normal -0.718184 0.665537 0.203153
  outer loop
   vertex 0.695705 1.19919 0.0938814
   vertex 0.695449 1.19933 0.0925179
   vertex 0.695035 1.19846 0.0939044
  endloop
 endfacet
 facet normal -0.699738 0.680341 0.21795
  outer loop
   vertex 0.695035 1.19846 0.0939044
   vertex 0.695449 1.19933 0.0925179
   vertex 0.694768 1.19862 0.0925479
  endloop
 endfacet
 facet normal -0.751222 0.621885 0.221189
  outer loop
   vertex 0.695035 1.19846 0.0939044
   vertex 0.694768 1.19862 0.0925479
   vertex 0.694398 1.19769 0.0939058
  endloop
 endfacet
 facet normal -0.740288 0.631459 0.230725
  outer loop
   vertex 0.694398 1.19769 0.0939058
   vertex 0.694768 1.19862 0.0925479
   vertex 0.694122 1.19786 0.0925551
  endloop
 endfacet
 facet normal -0.784145 0.575329 0.232621
  outer loop
   vertex 0.694398 1.19769 0.0939058
   vertex 0.694122 1.19786 0.0925551
   vertex 0.693797 1.19688 0.0938833
  endloop
 endfacet
 facet normal -0.77729 0.581914 0.239158
  outer loop
   vertex 0.693797 1.19688 0.0938833
   vertex 0.694122 1.19786 0.0925551
   vertex 0.693517 1.19706 0.0925354
  endloop
 endfacet
 facet normal -0.801316 0.548148 0.239639
  outer loop
   vertex 0.693797 1.19688 0.0938833
   vertex 0.693517 1.19706 0.0925354
   vertex 0.693131 1.1963 0.092983
  endloop
 endfacet
 facet normal -0.827991 0.529408 0.184818
  outer loop
   vertex 0.693131 1.1963 0.092983
   vertex 0.693517 1.19706 0.0925354
   vertex 0.693022 1.1963 0.0924946
  endloop
 endfacet
 facet normal -0.0250733 0.998222 0.0540812
  outer loop
   vertex 0.857589 1.21838 0.0912033
   vertex 0.817381 1.21737 0.0912033
   vertex 0.817324 1.21725 0.0933926
  endloop
 endfacet
 facet normal -0.0911581 0.987518 -0.128445
  outer loop
   vertex 0.761349 1.21396 0.0930639
   vertex 0.780436 1.21548 0.0912033
   vertex 0.732879 1.21109 0.0912033
  endloop
 endfacet
 facet normal 0.0591223 0.207673 0.97641
  outer loop
   vertex 0.921473 1.20218 0.111397
   vertex 0.920641 1.20024 0.11186
   vertex 0.975958 1.19965 0.108636
  endloop
 endfacet
 facet normal -0.0520892 0.107187 0.992873
  outer loop
   vertex 0.773118 1.1963 0.110563
   vertex 0.801862 1.1963 0.112071
   vertex 0.807763 1.19826 0.112169
  endloop
 endfacet
 facet normal -0.107558 0.189663 0.97594
  outer loop
   vertex 0.752711 1.19794 0.108882
   vertex 0.753589 1.19957 0.108662
   vertex 0.726451 1.19902 0.105778
  endloop
 endfacet
 facet normal -0.302703 0.217215 0.928003
  outer loop
   vertex 0.703319 1.19727 0.101752
   vertex 0.702764 1.1963 0.101798
   vertex 0.705284 1.1963 0.10262
  endloop
 endfacet
 facet normal -0.409267 0.391193 0.824299
  outer loop
   vertex 0.701069 1.1982 0.100357
   vertex 0.700973 1.19803 0.10039
   vertex 0.702414 1.19813 0.101058
  endloop
 endfacet
 facet normal -0.377848 0.449445 0.809463
  outer loop
   vertex 0.70156 1.19906 0.100137
   vertex 0.701441 1.19885 0.100198
   vertex 0.704414 1.19919 0.101397
  endloop
 endfacet
 facet normal 0.127286 0.991866 -0
  outer loop
   vertex 1.14632 1.19662 0.0912033
   vertex 1.11554 1.20057 0.0912033
   vertex 1.14632 1.19662 0.091246
  endloop
 endfacet
 facet normal 0.0870104 0.68583 0.722541
  outer loop
   vertex 1.14632 1.19662 0.091246
   vertex 1.11554 1.20057 0.0912033
   vertex 1.03585 1.20929 0.0925228
  endloop
 endfacet
 facet normal 0.113945 0.993487 -0
  outer loop
   vertex 1.14632 1.19662 0.091246
   vertex 1.03585 1.20929 0.0925228
   vertex 1.14632 1.19662 0.0912562
  endloop
 endfacet
 facet normal -0.359783 0.659545 0.659967
  outer loop
   vertex 0.702776 1.20118 0.0991773
   vertex 0.706441 1.20274 0.0996163
   vertex 0.703235 1.20198 0.098628
  endloop
 endfacet
 facet normal -0.355097 0.715256 0.601926
  outer loop
   vertex 0.703235 1.20198 0.098628
   vertex 0.706441 1.20274 0.0996163
   vertex 0.706889 1.20352 0.0989536
  endloop
 endfacet
 facet normal -0.351303 0.702708 0.618698
  outer loop
   vertex 0.703235 1.20198 0.098628
   vertex 0.706889 1.20352 0.0989536
   vertex 0.703486 1.20242 0.0982708
  endloop
 endfacet
 facet normal -0.353655 0.73459 0.579055
  outer loop
   vertex 0.703486 1.20242 0.0982708
   vertex 0.706889 1.20352 0.0989536
   vertex 0.703551 1.20253 0.0981709
  endloop
 endfacet
 facet normal -0.356165 0.620601 0.698571
  outer loop
   vertex 0.70259 1.20086 0.0993667
   vertex 0.705466 1.20103 0.100682
   vertex 0.702776 1.20118 0.0991773
  endloop
 endfacet
 facet normal -0.364166 0.601576 0.710978
  outer loop
   vertex 0.702776 1.20118 0.0991773
   vertex 0.705466 1.20103 0.100682
   vertex 0.705965 1.20191 0.100193
  endloop
 endfacet
 facet normal -0.360726 0.662834 0.656147
  outer loop
   vertex 0.702776 1.20118 0.0991773
   vertex 0.705965 1.20191 0.100193
   vertex 0.706441 1.20274 0.0996163
  endloop
 endfacet
 facet normal -0.36386 0.592048 0.719086
  outer loop
   vertex 0.70259 1.20086 0.0993667
   vertex 0.702424 1.20057 0.0995215
   vertex 0.705466 1.20103 0.100682
  endloop
 endfacet
 facet normal -0.369364 0.546598 0.751532
  outer loop
   vertex 0.705466 1.20103 0.100682
   vertex 0.702424 1.20057 0.0995215
   vertex 0.702371 1.20047 0.0995682
  endloop
 endfacet
 facet normal -0.369565 0.54364 0.753576
  outer loop
   vertex 0.705466 1.20103 0.100682
   vertex 0.702371 1.20047 0.0995682
   vertex 0.704947 1.20012 0.101084
  endloop
 endfacet
 facet normal -0.363115 0.558255 0.745989
  outer loop
   vertex 0.702371 1.20047 0.0995682
   vertex 0.702088 1.19998 0.0997971
   vertex 0.704947 1.20012 0.101084
  endloop
 endfacet
 facet normal -0.370679 0.524531 0.766462
  outer loop
   vertex 0.704947 1.20012 0.101084
   vertex 0.702088 1.19998 0.0997971
   vertex 0.701875 1.19961 0.0999473
  endloop
 endfacet
 facet normal -0.373364 0.480978 0.793259
  outer loop
   vertex 0.704947 1.20012 0.101084
   vertex 0.701875 1.19961 0.0999473
   vertex 0.704414 1.19919 0.101397
  endloop
 endfacet
 facet normal -0.373231 0.481307 0.793121
  outer loop
   vertex 0.704414 1.19919 0.101397
   vertex 0.701875 1.19961 0.0999473
   vertex 0.701582 1.19909 0.100125
  endloop
 endfacet
 facet normal -0.355922 0.559622 0.748426
  outer loop
   vertex 0.704414 1.19919 0.101397
   vertex 0.701582 1.19909 0.100125
   vertex 0.70156 1.19906 0.100137
  endloop
 endfacet
 facet normal -0.382724 0.400735 0.832427
  outer loop
   vertex 0.704143 1.19872 0.10152
   vertex 0.701201 1.19843 0.100307
   vertex 0.701069 1.1982 0.100357
  endloop
 endfacet
 facet normal -0.280555 0.391137 0.876527
  outer loop
   vertex 0.706882 1.19841 0.102535
   vertex 0.704414 1.19919 0.101397
   vertex 0.704143 1.19872 0.10152
  endloop
 endfacet
 facet normal -0.379316 0.432725 0.817844
  outer loop
   vertex 0.704143 1.19872 0.10152
   vertex 0.704414 1.19919 0.101397
   vertex 0.701441 1.19885 0.100198
  endloop
 endfacet
 facet normal -0.380083 0.429648 0.819109
  outer loop
   vertex 0.704143 1.19872 0.10152
   vertex 0.701441 1.19885 0.100198
   vertex 0.701201 1.19843 0.100307
  endloop
 endfacet
 facet normal -0.356058 0.246482 0.901371
  outer loop
   vertex 0.702764 1.1963 0.101798
   vertex 0.703319 1.19727 0.101752
   vertex 0.701883 1.1963 0.10145
  endloop
 endfacet
 facet normal -0.365109 0.26242 0.893214
  outer loop
   vertex 0.701883 1.1963 0.10145
   vertex 0.703319 1.19727 0.101752
   vertex 0.701891 1.19722 0.101183
  endloop
 endfacet
 facet normal -0.406343 0.257943 0.876556
  outer loop
   vertex 0.701883 1.1963 0.10145
   vertex 0.701891 1.19722 0.101183
   vertex 0.70025 1.1963 0.100693
  endloop
 endfacet
 facet normal -0.419561 0.290311 0.860051
  outer loop
   vertex 0.70025 1.1963 0.100693
   vertex 0.701891 1.19722 0.101183
   vertex 0.700472 1.19716 0.100511
  endloop
 endfacet
 facet normal -0.44371 0.293713 0.846672
  outer loop
   vertex 0.70025 1.1963 0.100693
   vertex 0.700472 1.19716 0.100511
   vertex 0.699981 1.1963 0.100552
  endloop
 endfacet
 facet normal -0.413381 0.35468 0.838641
  outer loop
   vertex 0.700973 1.19803 0.10039
   vertex 0.700472 1.19716 0.100511
   vertex 0.702414 1.19813 0.101058
  endloop
 endfacet
 facet normal -0.412653 0.352504 0.839916
  outer loop
   vertex 0.702414 1.19813 0.101058
   vertex 0.700472 1.19716 0.100511
   vertex 0.701891 1.19722 0.101183
  endloop
 endfacet
 facet normal -0.361659 0.327718 0.872813
  outer loop
   vertex 0.702414 1.19813 0.101058
   vertex 0.701891 1.19722 0.101183
   vertex 0.70387 1.19824 0.10162
  endloop
 endfacet
 facet normal -0.360011 0.323567 0.875041
  outer loop
   vertex 0.70387 1.19824 0.10162
   vertex 0.701891 1.19722 0.101183
   vertex 0.703319 1.19727 0.101752
  endloop
 endfacet
 facet normal -0.293637 0.290709 0.91064
  outer loop
   vertex 0.70387 1.19824 0.10162
   vertex 0.703319 1.19727 0.101752
   vertex 0.706283 1.19736 0.102679
  endloop
 endfacet
 facet normal -0.296927 0.22822 0.927227
  outer loop
   vertex 0.706283 1.19736 0.102679
   vertex 0.703319 1.19727 0.101752
   vertex 0.705284 1.1963 0.10262
  endloop
 endfacet
 facet normal -0.231658 0.164957 0.958709
  outer loop
   vertex 0.706283 1.19736 0.102679
   vertex 0.705284 1.1963 0.10262
   vertex 0.708781 1.1963 0.103465
  endloop
 endfacet
 facet normal -0.379026 0.502071 0.777344
  outer loop
   vertex 0.701069 1.1982 0.100357
   vertex 0.702414 1.19813 0.101058
   vertex 0.704143 1.19872 0.10152
  endloop
 endfacet
 facet normal -0.357838 0.381159 0.852449
  outer loop
   vertex 0.704143 1.19872 0.10152
   vertex 0.702414 1.19813 0.101058
   vertex 0.70387 1.19824 0.10162
  endloop
 endfacet
 facet normal -0.290276 0.350635 0.89039
  outer loop
   vertex 0.704143 1.19872 0.10152
   vertex 0.70387 1.19824 0.10162
   vertex 0.706882 1.19841 0.102535
  endloop
 endfacet
 facet normal -0.293049 0.292039 0.910404
  outer loop
   vertex 0.706882 1.19841 0.102535
   vertex 0.70387 1.19824 0.10162
   vertex 0.706283 1.19736 0.102679
  endloop
 endfacet
 facet normal -0.202366 0.245467 0.948047
  outer loop
   vertex 0.706882 1.19841 0.102535
   vertex 0.706283 1.19736 0.102679
   vertex 0.712767 1.19748 0.104032
  endloop
 endfacet
 facet normal -0.202929 0.227908 0.952301
  outer loop
   vertex 0.712767 1.19748 0.104032
   vertex 0.706283 1.19736 0.102679
   vertex 0.708781 1.1963 0.103465
  endloop
 endfacet
 facet normal -0.171839 0.110073 0.978956
  outer loop
   vertex 0.712767 1.19748 0.104032
   vertex 0.708781 1.1963 0.103465
   vertex 0.715868 1.1963 0.104709
  endloop
 endfacet
 facet normal -0.107035 0.282143 0.953383
  outer loop
   vertex 0.726451 1.19902 0.105778
   vertex 0.753589 1.19957 0.108662
   vertex 0.727195 1.20036 0.105465
  endloop
 endfacet
 facet normal -0.107014 0.28247 0.953288
  outer loop
   vertex 0.727195 1.20036 0.105465
   vertex 0.753589 1.19957 0.108662
   vertex 0.754454 1.20117 0.108285
  endloop
 endfacet
 facet normal -0.106444 0.372411 0.921943
  outer loop
   vertex 0.727195 1.20036 0.105465
   vertex 0.754454 1.20117 0.108285
   vertex 0.727924 1.20166 0.105024
  endloop
 endfacet
 facet normal -0.106587 0.370265 0.922791
  outer loop
   vertex 0.727924 1.20166 0.105024
   vertex 0.754454 1.20117 0.108285
   vertex 0.755302 1.20274 0.107753
  endloop
 endfacet
 facet normal -0.10614 0.449532 0.886936
  outer loop
   vertex 0.727924 1.20166 0.105024
   vertex 0.755302 1.20274 0.107753
   vertex 0.728632 1.20294 0.10446
  endloop
 endfacet
 facet normal -0.106076 0.450452 0.886476
  outer loop
   vertex 0.728632 1.20294 0.10446
   vertex 0.755302 1.20274 0.107753
   vertex 0.756125 1.20427 0.107074
  endloop
 endfacet
 facet normal -0.105614 0.532105 0.840065
  outer loop
   vertex 0.728632 1.20294 0.10446
   vertex 0.756125 1.20427 0.107074
   vertex 0.729314 1.20416 0.103773
  endloop
 endfacet
 facet normal -0.105749 0.530247 0.841223
  outer loop
   vertex 0.729314 1.20416 0.103773
   vertex 0.756125 1.20427 0.107074
   vertex 0.756917 1.20574 0.106247
  endloop
 endfacet
 facet normal -0.105368 0.604875 0.789319
  outer loop
   vertex 0.729314 1.20416 0.103773
   vertex 0.756917 1.20574 0.106247
   vertex 0.729963 1.20533 0.102963
  endloop
 endfacet
 facet normal -0.105318 0.605523 0.788828
  outer loop
   vertex 0.729963 1.20533 0.102963
   vertex 0.756917 1.20574 0.106247
   vertex 0.757671 1.20714 0.105273
  endloop
 endfacet
 facet normal -0.104974 0.67539 0.729951
  outer loop
   vertex 0.729963 1.20533 0.102963
   vertex 0.757671 1.20714 0.105273
   vertex 0.730573 1.20643 0.102033
  endloop
 endfacet
 facet normal 0.111668 0.382272 0.917278
  outer loop
   vertex 1.03294 1.20117 0.103317
   vertex 1.14627 1.19644 0.0914916
   vertex 1.03335 1.20231 0.102792
  endloop
 endfacet
 facet normal 0.111894 0.40901 0.905644
  outer loop
   vertex 1.03335 1.20231 0.102792
   vertex 1.14627 1.19644 0.0914916
   vertex 1.14628 1.19647 0.0914768
  endloop
 endfacet
 facet normal 0.112031 0.469345 0.875879
  outer loop
   vertex 1.03335 1.20231 0.102792
   vertex 1.14628 1.19647 0.0914768
   vertex 1.03374 1.2034 0.102158
  endloop
 endfacet
 facet normal 0.107728 0.758072 0.643212
  outer loop
   vertex 1.03374 1.2034 0.102158
   vertex 1.14628 1.19647 0.0914768
   vertex 1.14628 1.19648 0.091465
  endloop
 endfacet
 facet normal 0.112443 0.553378 0.825305
  outer loop
   vertex 1.03374 1.2034 0.102158
   vertex 1.14628 1.19648 0.091465
   vertex 1.03411 1.20443 0.101417
  endloop
 endfacet
 facet normal 0.112397 0.549384 0.827976
  outer loop
   vertex 1.03411 1.20443 0.101417
   vertex 1.14628 1.19648 0.091465
   vertex 1.14629 1.19651 0.0914438
  endloop
 endfacet
 facet normal 0.112782 0.632765 0.766086
  outer loop
   vertex 1.03411 1.20443 0.101417
   vertex 1.14629 1.19651 0.0914438
   vertex 1.03445 1.20539 0.100574
  endloop
 endfacet
 facet normal 0.0830363 0.105008 0.990999
  outer loop
   vertex 1.03194 1.19751 0.104172
   vertex 0.975958 1.19965 0.108636
   vertex 0.975301 1.19798 0.108868
  endloop
 endfacet
 facet normal 0.0590181 0.114549 0.991663
  outer loop
   vertex 0.975301 1.19798 0.108868
   vertex 0.975958 1.19965 0.108636
   vertex 0.920641 1.20024 0.11186
  endloop
 endfacet
 facet normal 0.058902 0.111233 0.992047
  outer loop
   vertex 0.975301 1.19798 0.108868
   vertex 0.920641 1.20024 0.11186
   vertex 0.919795 1.19828 0.11213
  endloop
 endfacet
 facet normal 0.11028 0.085057 0.990254
  outer loop
   vertex 1.14624 1.19633 0.0915211
   vertex 1.14625 1.19636 0.0915174
   vertex 1.03209 1.19878 0.104023
  endloop
 endfacet
 facet normal 0.0211931 0.999775 0
  outer loop
   vertex 1.03209 1.19878 0.104023
   vertex 1.14625 1.19636 0.0915174
   vertex 1.14625 1.19636 0.091517
  endloop
 endfacet
 facet normal 0.110888 0.197242 0.974063
  outer loop
   vertex 1.03209 1.19878 0.104023
   vertex 1.14625 1.19636 0.091517
   vertex 1.03252 1.19999 0.103729
  endloop
 endfacet
 facet normal 0.110594 0.171691 0.978924
  outer loop
   vertex 1.03252 1.19999 0.103729
   vertex 1.14625 1.19636 0.091517
   vertex 1.14626 1.19639 0.0915106
  endloop
 endfacet
 facet normal 0.111286 0.29207 0.9499
  outer loop
   vertex 1.03252 1.19999 0.103729
   vertex 1.14626 1.19639 0.0915106
   vertex 1.03294 1.20117 0.103317
  endloop
 endfacet
 facet normal 0.110837 0.255177 0.960521
  outer loop
   vertex 1.03294 1.20117 0.103317
   vertex 1.14626 1.19639 0.0915106
   vertex 1.14627 1.19642 0.0915015
  endloop
 endfacet
 facet normal 0.111341 0.440185 0.890977
  outer loop
   vertex 1.03294 1.20117 0.103317
   vertex 1.14627 1.19642 0.0915015
   vertex 1.14627 1.19644 0.0914916
  endloop
 endfacet
 facet normal 0.0609055 0.985496 0.15839
  outer loop
   vertex 0.981599 1.21396 0.0930085
   vertex 0.927947 1.21722 0.0933563
   vertex 0.981491 1.21368 0.0947923
  endloop
 endfacet
 facet normal 0.0609562 0.985711 0.157031
  outer loop
   vertex 0.981491 1.21368 0.0947923
   vertex 0.927947 1.21722 0.0933563
   vertex 0.927805 1.21689 0.0954827
  endloop
 endfacet
 facet normal 0.0609769 0.964857 0.255603
  outer loop
   vertex 0.981491 1.21368 0.0947923
   vertex 0.927805 1.21689 0.0954827
   vertex 0.981313 1.21323 0.0965335
  endloop
 endfacet
 facet normal 0.0608882 0.964236 0.257958
  outer loop
   vertex 0.981313 1.21323 0.0965335
   vertex 0.927805 1.21689 0.0954827
   vertex 0.927571 1.21635 0.0975565
  endloop
 endfacet
 facet normal 0.0609194 0.933429 0.353551
  outer loop
   vertex 0.981313 1.21323 0.0965335
   vertex 0.927571 1.21635 0.0975565
   vertex 0.981067 1.21261 0.0982128
  endloop
 endfacet
 facet normal 0.0606929 0.931213 0.359388
  outer loop
   vertex 0.981067 1.21261 0.0982128
   vertex 0.927571 1.21635 0.0975565
   vertex 0.92725 1.2156 0.0995539
  endloop
 endfacet
 facet normal 0.0607099 0.890208 0.45149
  outer loop
   vertex 0.981067 1.21261 0.0982128
   vertex 0.92725 1.2156 0.0995539
   vertex 0.980758 1.21182 0.099812
  endloop
 endfacet
 facet normal 0.0606453 0.889403 0.453083
  outer loop
   vertex 0.980758 1.21182 0.099812
   vertex 0.92725 1.2156 0.0995539
   vertex 0.926847 1.21466 0.101453
  endloop
 endfacet
 facet normal 0.0606741 0.842085 0.535921
  outer loop
   vertex 0.980758 1.21182 0.099812
   vertex 0.926847 1.21466 0.101453
   vertex 0.980389 1.21089 0.101315
  endloop
 endfacet
 facet normal 0.0605244 0.83983 0.539465
  outer loop
   vertex 0.980389 1.21089 0.101315
   vertex 0.926847 1.21466 0.101453
   vertex 0.926367 1.21355 0.103235
  endloop
 endfacet
 facet normal 0.0605538 0.782639 0.619524
  outer loop
   vertex 0.980389 1.21089 0.101315
   vertex 0.926367 1.21355 0.103235
   vertex 0.979967 1.20982 0.102708
  endloop
 endfacet
 facet normal 0.060327 0.778672 0.624524
  outer loop
   vertex 0.979967 1.20982 0.102708
   vertex 0.926367 1.21355 0.103235
   vertex 0.925817 1.21227 0.104884
  endloop
 endfacet
 facet normal 0.0603383 0.714797 0.696724
  outer loop
   vertex 0.979967 1.20982 0.102708
   vertex 0.925817 1.21227 0.104884
   vertex 0.979496 1.20862 0.10398
  endloop
 endfacet
 facet normal 0.0602348 0.712756 0.698821
  outer loop
   vertex 0.979496 1.20862 0.10398
   vertex 0.925817 1.21227 0.104884
   vertex 0.925206 1.21085 0.106385
  endloop
 endfacet
 facet normal 0.0602414 0.644899 0.76189
  outer loop
   vertex 0.979496 1.20862 0.10398
   vertex 0.925206 1.21085 0.106385
   vertex 0.978982 1.20732 0.105121
  endloop
 endfacet
 facet normal 0.0600022 0.639677 0.766298
  outer loop
   vertex 0.978982 1.20732 0.105121
   vertex 0.925206 1.21085 0.106385
   vertex 0.92454 1.2093 0.107731
  endloop
 endfacet
 facet normal 0.0599994 0.564815 0.823034
  outer loop
   vertex 0.978982 1.20732 0.105121
   vertex 0.92454 1.2093 0.107731
   vertex 0.97843 1.20592 0.106122
  endloop
 endfacet
 facet normal 0.0598292 0.560785 0.825797
  outer loop
   vertex 0.97843 1.20592 0.106122
   vertex 0.92454 1.2093 0.107731
   vertex 0.923826 1.20764 0.10891
  endloop
 endfacet
 facet normal 0.059815 0.481984 0.874136
  outer loop
   vertex 0.97843 1.20592 0.106122
   vertex 0.923826 1.20764 0.10891
   vertex 0.977846 1.20444 0.106978
  endloop
 endfacet
 facet normal 0.0596445 0.477672 0.876511
  outer loop
   vertex 0.977846 1.20444 0.106978
   vertex 0.923826 1.20764 0.10891
   vertex 0.923072 1.20589 0.109915
  endloop
 endfacet
 facet normal 0.0596124 0.394751 0.916852
  outer loop
   vertex 0.977846 1.20444 0.106978
   vertex 0.923072 1.20589 0.109915
   vertex 0.977236 1.20289 0.107685
  endloop
 endfacet
 facet normal 0.0594713 0.391004 0.918466
  outer loop
   vertex 0.977236 1.20289 0.107685
   vertex 0.923072 1.20589 0.109915
   vertex 0.922286 1.20406 0.110745
  endloop
 endfacet
 facet normal 0.0594277 0.306136 0.950131
  outer loop
   vertex 0.977236 1.20289 0.107685
   vertex 0.922286 1.20406 0.110745
   vertex 0.976605 1.20129 0.10824
  endloop
 endfacet
 facet normal 0.114232 0.959301 0.258248
  outer loop
   vertex 1.03566 1.20876 0.0951015
   vertex 1.14632 1.19661 0.0912858
   vertex 1.03577 1.20909 0.0938271
  endloop
 endfacet
 facet normal 0.112178 0.993688 0
  outer loop
   vertex 1.03577 1.20909 0.0938271
   vertex 1.14632 1.19661 0.0912858
   vertex 1.14632 1.19661 0.0912668
  endloop
 endfacet
 facet normal 0.114378 0.980881 0.157447
  outer loop
   vertex 1.03577 1.20909 0.0938271
   vertex 1.14632 1.19661 0.0912668
   vertex 1.03585 1.20929 0.0925228
  endloop
 endfacet
 facet normal 0.114034 0.993477 0
  outer loop
   vertex 1.03585 1.20929 0.0925228
   vertex 1.14632 1.19661 0.0912668
   vertex 1.14632 1.19661 0.0912643
  endloop
 endfacet
 facet normal 0.080774 0.626794 0.774987
  outer loop
   vertex 1.03585 1.20929 0.0925228
   vertex 1.14632 1.19661 0.0912643
   vertex 1.14632 1.19662 0.0912562
  endloop
 endfacet
 facet normal 0.0860999 0.983968 0.156186
  outer loop
   vertex 1.03585 1.20929 0.0925228
   vertex 0.981599 1.21396 0.0930085
   vertex 1.03577 1.20909 0.0938271
  endloop
 endfacet
 facet normal 0.0860003 0.983431 0.159585
  outer loop
   vertex 1.03577 1.20909 0.0938271
   vertex 0.981599 1.21396 0.0930085
   vertex 0.981491 1.21368 0.0947923
  endloop
 endfacet
 facet normal 0.0859709 0.962666 0.256679
  outer loop
   vertex 1.03577 1.20909 0.0938271
   vertex 0.981491 1.21368 0.0947923
   vertex 1.03566 1.20876 0.0951015
  endloop
 endfacet
 facet normal 0.0859455 0.96244 0.257532
  outer loop
   vertex 1.03566 1.20876 0.0951015
   vertex 0.981491 1.21368 0.0947923
   vertex 0.981313 1.21323 0.0965335
  endloop
 endfacet
 facet normal 0.0859316 0.931783 0.352698
  outer loop
   vertex 1.03566 1.20876 0.0951015
   vertex 0.981313 1.21323 0.0965335
   vertex 1.03549 1.20831 0.0963318
  endloop
 endfacet
 facet normal 0.0858271 0.930492 0.356115
  outer loop
   vertex 1.03549 1.20831 0.0963318
   vertex 0.981313 1.21323 0.0965335
   vertex 0.981067 1.21261 0.0982128
  endloop
 endfacet
 facet normal 0.0858006 0.890343 0.447132
  outer loop
   vertex 1.03549 1.20831 0.0963318
   vertex 0.981067 1.21261 0.0982128
   vertex 1.03529 1.20774 0.0975053
  endloop
 endfacet
 facet normal 0.0855625 0.886618 0.454519
  outer loop
   vertex 1.03529 1.20774 0.0975053
   vertex 0.981067 1.21261 0.0982128
   vertex 0.980758 1.21182 0.099812
  endloop
 endfacet
 facet normal 0.0854829 0.836625 0.541066
  outer loop
   vertex 1.03529 1.20774 0.0975053
   vertex 0.980758 1.21182 0.099812
   vertex 1.03505 1.20705 0.0986101
  endloop
 endfacet
 facet normal 0.0855422 0.837735 0.539335
  outer loop
   vertex 1.03505 1.20705 0.0986101
   vertex 0.980758 1.21182 0.099812
   vertex 0.980389 1.21089 0.101315
  endloop
 endfacet
 facet normal 0.0854867 0.781695 0.617774
  outer loop
   vertex 1.03505 1.20705 0.0986101
   vertex 0.980389 1.21089 0.101315
   vertex 1.03477 1.20627 0.0996358
  endloop
 endfacet
 facet normal 0.0852939 0.7775 0.623071
  outer loop
   vertex 1.03477 1.20627 0.0996358
   vertex 0.980389 1.21089 0.101315
   vertex 0.979967 1.20982 0.102708
  endloop
 endfacet
 facet normal 0.0851952 0.712052 0.696938
  outer loop
   vertex 1.03477 1.20627 0.0996358
   vertex 0.979967 1.20982 0.102708
   vertex 1.03445 1.20539 0.100574
  endloop
 endfacet
 facet normal 0.0850618 0.708821 0.70024
  outer loop
   vertex 1.03445 1.20539 0.100574
   vertex 0.979967 1.20982 0.102708
   vertex 0.979496 1.20862 0.10398
  endloop
 endfacet
 facet normal 0.0849497 0.640288 0.763423
  outer loop
   vertex 1.03445 1.20539 0.100574
   vertex 0.979496 1.20862 0.10398
   vertex 1.03411 1.20443 0.101417
  endloop
 endfacet
 facet normal 0.0848686 0.638112 0.765252
  outer loop
   vertex 1.03411 1.20443 0.101417
   vertex 0.979496 1.20862 0.10398
   vertex 0.978982 1.20732 0.105121
  endloop
 endfacet
 facet normal 0.084742 0.561674 0.823008
  outer loop
   vertex 1.03411 1.20443 0.101417
   vertex 0.978982 1.20732 0.105121
   vertex 1.03374 1.2034 0.102158
  endloop
 endfacet
 facet normal 0.0845888 0.557256 0.826021
  outer loop
   vertex 1.03374 1.2034 0.102158
   vertex 0.978982 1.20732 0.105121
   vertex 0.97843 1.20592 0.106122
  endloop
 endfacet
 facet normal 0.0844388 0.478224 0.874169
  outer loop
   vertex 1.03374 1.2034 0.102158
   vertex 0.97843 1.20592 0.106122
   vertex 1.03335 1.20231 0.102792
  endloop
 endfacet
 facet normal 0.0842933 0.473758 0.876612
  outer loop
   vertex 1.03335 1.20231 0.102792
   vertex 0.97843 1.20592 0.106122
   vertex 0.977846 1.20444 0.106978
  endloop
 endfacet
 facet normal 0.0841328 0.391696 0.91624
  outer loop
   vertex 1.03335 1.20231 0.102792
   vertex 0.977846 1.20444 0.106978
   vertex 1.03294 1.20117 0.103317
  endloop
 endfacet
 facet normal 0.0839562 0.385999 0.918671
  outer loop
   vertex 1.03294 1.20117 0.103317
   vertex 0.977846 1.20444 0.106978
   vertex 0.977236 1.20289 0.107685
  endloop
 endfacet
 facet normal 0.0837879 0.301784 0.949687
  outer loop
   vertex 1.03294 1.20117 0.103317
   vertex 0.977236 1.20289 0.107685
   vertex 1.03252 1.19999 0.103729
  endloop
 endfacet
 facet normal 0.0836446 0.296964 0.951218
  outer loop
   vertex 1.03252 1.19999 0.103729
   vertex 0.977236 1.20289 0.107685
   vertex 0.976605 1.20129 0.10824
  endloop
 endfacet
 facet normal 0.0834544 0.207157 0.974742
  outer loop
   vertex 1.03252 1.19999 0.103729
   vertex 0.976605 1.20129 0.10824
   vertex 1.03209 1.19878 0.104023
  endloop
 endfacet
 facet normal -0.30104 0.946876 0.11314
  outer loop
   vertex 0.705305 1.2056 0.0921919
   vertex 0.705268 1.20553 0.0926792
   vertex 0.712159 1.20768 0.0930215
  endloop
 endfacet
 facet normal -0.301239 0.942868 0.142319
  outer loop
   vertex 0.712159 1.20768 0.0930215
   vertex 0.705268 1.20553 0.0926792
   vertex 0.712096 1.20757 0.0936171
  endloop
 endfacet
 facet normal -0.300052 0.953804 0.0150499
  outer loop
   vertex 0.705335 1.20565 0.0912033
   vertex 0.705328 1.20564 0.0916977
   vertex 0.712232 1.20781 0.0918124
  endloop
 endfacet
 facet normal -0.300209 0.951679 0.0646648
  outer loop
   vertex 0.712232 1.20781 0.0918124
   vertex 0.705328 1.20564 0.0916977
   vertex 0.712204 1.20776 0.0924192
  endloop
 endfacet
 facet normal -0.18817 0.979484 0.0721316
  outer loop
   vertex 0.712232 1.20781 0.0918124
   vertex 0.712204 1.20776 0.0924192
   vertex 0.719338 1.20912 0.0925613
  endloop
 endfacet
 facet normal -0.188096 0.971714 0.142797
  outer loop
   vertex 0.719338 1.20912 0.0925613
   vertex 0.712204 1.20776 0.0924192
   vertex 0.719217 1.2089 0.0938994
  endloop
 endfacet
 facet normal -0.301877 0.929368 0.212476
  outer loop
   vertex 0.70507 1.20519 0.0941067
   vertex 0.711917 1.20726 0.0947801
   vertex 0.70516 1.20534 0.0935781
  endloop
 endfacet
 facet normal -0.302845 0.92683 0.221972
  outer loop
   vertex 0.70516 1.20534 0.0935781
   vertex 0.711917 1.20726 0.0947801
   vertex 0.712015 1.20743 0.094204
  endloop
 endfacet
 facet normal -0.302001 0.935284 0.1845
  outer loop
   vertex 0.70516 1.20534 0.0935781
   vertex 0.712015 1.20743 0.094204
   vertex 0.705216 1.20544 0.0931627
  endloop
 endfacet
 facet normal -0.300077 0.951836 0.0629459
  outer loop
   vertex 0.705328 1.20564 0.0916977
   vertex 0.705305 1.2056 0.0921919
   vertex 0.712204 1.20776 0.0924192
  endloop
 endfacet
 facet normal -0.30028 0.94822 0.103495
  outer loop
   vertex 0.712204 1.20776 0.0924192
   vertex 0.705305 1.2056 0.0921919
   vertex 0.712159 1.20768 0.0930215
  endloop
 endfacet
 facet normal -0.183165 0.976219 0.115963
  outer loop
   vertex 0.712204 1.20776 0.0924192
   vertex 0.712159 1.20768 0.0930215
   vertex 0.719217 1.2089 0.0938994
  endloop
 endfacet
 facet normal -0.187352 0.969298 0.159249
  outer loop
   vertex 0.719217 1.2089 0.0938994
   vertex 0.712159 1.20768 0.0930215
   vertex 0.712096 1.20757 0.0936171
  endloop
 endfacet
 facet normal -0.187485 0.955224 0.228905
  outer loop
   vertex 0.719217 1.2089 0.0938994
   vertex 0.712096 1.20757 0.0936171
   vertex 0.71902 1.20855 0.0951986
  endloop
 endfacet
 facet normal -0.264206 0.910266 0.318764
  outer loop
   vertex 0.711674 1.20683 0.0958935
   vertex 0.711803 1.20706 0.0953438
   vertex 0.70829 1.20598 0.0955162
  endloop
 endfacet
 facet normal -0.264557 0.911017 0.316319
  outer loop
   vertex 0.70829 1.20598 0.0955162
   vertex 0.711803 1.20706 0.0953438
   vertex 0.708409 1.20619 0.0950108
  endloop
 endfacet
 facet normal -0.341441 0.893714 0.29102
  outer loop
   vertex 0.70829 1.20598 0.0955162
   vertex 0.708409 1.20619 0.0950108
   vertex 0.704884 1.20486 0.0949595
  endloop
 endfacet
 facet normal -0.342261 0.896226 0.282199
  outer loop
   vertex 0.704884 1.20486 0.0949595
   vertex 0.708409 1.20619 0.0950108
   vertex 0.704977 1.20502 0.0945642
  endloop
 endfacet
 facet normal -0.301302 0.942735 0.143063
  outer loop
   vertex 0.705268 1.20553 0.0926792
   vertex 0.705216 1.20544 0.0931627
   vertex 0.712096 1.20757 0.0936171
  endloop
 endfacet
 facet normal -0.301741 0.935947 0.181538
  outer loop
   vertex 0.712096 1.20757 0.0936171
   vertex 0.705216 1.20544 0.0931627
   vertex 0.712015 1.20743 0.094204
  endloop
 endfacet
 facet normal -0.182744 0.961739 0.204112
  outer loop
   vertex 0.712096 1.20757 0.0936171
   vertex 0.712015 1.20743 0.094204
   vertex 0.71902 1.20855 0.0951986
  endloop
 endfacet
 facet normal -0.187235 0.950344 0.248575
  outer loop
   vertex 0.71902 1.20855 0.0951986
   vertex 0.712015 1.20743 0.094204
   vertex 0.711917 1.20726 0.0947801
  endloop
 endfacet
 facet normal -0.187516 0.929415 0.317844
  outer loop
   vertex 0.71902 1.20855 0.0951986
   vertex 0.711917 1.20726 0.0947801
   vertex 0.71875 1.20807 0.0964427
  endloop
 endfacet
 facet normal -0.265067 0.893323 0.362924
  outer loop
   vertex 0.711529 1.20657 0.0964276
   vertex 0.711674 1.20683 0.0958935
   vertex 0.708156 1.20574 0.0960072
  endloop
 endfacet
 facet normal -0.264897 0.892895 0.364099
  outer loop
   vertex 0.708156 1.20574 0.0960072
   vertex 0.711674 1.20683 0.0958935
   vertex 0.70829 1.20598 0.0955162
  endloop
 endfacet
 facet normal -0.341888 0.877742 0.335682
  outer loop
   vertex 0.708156 1.20574 0.0960072
   vertex 0.70829 1.20598 0.0955162
   vertex 0.704753 1.20463 0.0954436
  endloop
 endfacet
 facet normal -0.342955 0.881076 0.32571
  outer loop
   vertex 0.704753 1.20463 0.0954436
   vertex 0.70829 1.20598 0.0955162
   vertex 0.704884 1.20486 0.0949595
  endloop
 endfacet
 facet normal -0.186447 0.902326 0.388645
  outer loop
   vertex 0.711529 1.20657 0.0964276
   vertex 0.718413 1.20748 0.0976175
   vertex 0.711674 1.20683 0.0958935
  endloop
 endfacet
 facet normal -0.188234 0.898233 0.397173
  outer loop
   vertex 0.711674 1.20683 0.0958935
   vertex 0.718413 1.20748 0.0976175
   vertex 0.71875 1.20807 0.0964427
  endloop
 endfacet
 facet normal -0.187883 0.921029 0.341183
  outer loop
   vertex 0.711674 1.20683 0.0958935
   vertex 0.71875 1.20807 0.0964427
   vertex 0.711803 1.20706 0.0953438
  endloop
 endfacet
 facet normal -0.183093 0.937573 0.295691
  outer loop
   vertex 0.711803 1.20706 0.0953438
   vertex 0.71875 1.20807 0.0964427
   vertex 0.711917 1.20726 0.0947801
  endloop
 endfacet
 facet normal -0.263954 0.924581 0.274733
  outer loop
   vertex 0.711803 1.20706 0.0953438
   vertex 0.711917 1.20726 0.0947801
   vertex 0.708409 1.20619 0.0950108
  endloop
 endfacet
 facet normal -0.290775 0.956663 0.0156929
  outer loop
   vertex 0.708409 1.20619 0.0950108
   vertex 0.711917 1.20726 0.0947801
   vertex 0.70507 1.20519 0.0941067
  endloop
 endfacet
 facet normal -0.341871 0.901482 0.265433
  outer loop
   vertex 0.708409 1.20619 0.0950108
   vertex 0.70507 1.20519 0.0941067
   vertex 0.704977 1.20502 0.0945642
  endloop
 endfacet
 facet normal -0.349272 0.802803 0.483235
  outer loop
   vertex 0.707303 1.20425 0.0982078
   vertex 0.707678 1.20491 0.0973823
   vertex 0.70433 1.20389 0.0966571
  endloop
 endfacet
 facet normal -0.346242 0.841356 0.415015
  outer loop
   vertex 0.70433 1.20389 0.0966571
   vertex 0.707678 1.20491 0.0973823
   vertex 0.708009 1.20549 0.0964827
  endloop
 endfacet
 facet normal -0.340568 0.831012 0.439809
  outer loop
   vertex 0.70433 1.20389 0.0966571
   vertex 0.708009 1.20549 0.0964827
   vertex 0.70452 1.20423 0.0961618
  endloop
 endfacet
 facet normal -0.345351 0.809938 0.474061
  outer loop
   vertex 0.70433 1.20389 0.0966571
   vertex 0.70404 1.20339 0.0973
   vertex 0.707303 1.20425 0.0982078
  endloop
 endfacet
 facet normal -0.351718 0.764982 0.539534
  outer loop
   vertex 0.707303 1.20425 0.0982078
   vertex 0.70404 1.20339 0.0973
   vertex 0.703997 1.20331 0.0973854
  endloop
 endfacet
 facet normal -0.352043 0.759125 0.547535
  outer loop
   vertex 0.707303 1.20425 0.0982078
   vertex 0.703997 1.20331 0.0973854
   vertex 0.706889 1.20352 0.0989536
  endloop
 endfacet
 facet normal -0.352081 0.75905 0.547615
  outer loop
   vertex 0.706889 1.20352 0.0989536
   vertex 0.703997 1.20331 0.0973854
   vertex 0.703578 1.20258 0.0981279
  endloop
 endfacet
 facet normal -0.353459 0.712677 0.605935
  outer loop
   vertex 0.706889 1.20352 0.0989536
   vertex 0.703578 1.20258 0.0981279
   vertex 0.703551 1.20253 0.0981709
  endloop
 endfacet
 facet normal -0.289774 0.37059 0.882436
  outer loop
   vertex 0.706882 1.19841 0.102535
   vertex 0.707472 1.19945 0.102292
   vertex 0.704414 1.19919 0.101397
  endloop
 endfacet
 facet normal -0.285911 0.449388 0.846348
  outer loop
   vertex 0.704414 1.19919 0.101397
   vertex 0.707472 1.19945 0.102292
   vertex 0.70805 1.20046 0.101951
  endloop
 endfacet
 facet normal -0.285752 0.448763 0.846734
  outer loop
   vertex 0.704414 1.19919 0.101397
   vertex 0.70805 1.20046 0.101951
   vertex 0.704947 1.20012 0.101084
  endloop
 endfacet
 facet normal -0.28242 0.517001 0.808053
  outer loop
   vertex 0.704947 1.20012 0.101084
   vertex 0.70805 1.20046 0.101951
   vertex 0.708612 1.20145 0.101514
  endloop
 endfacet
 facet normal -0.282659 0.517863 0.807417
  outer loop
   vertex 0.704947 1.20012 0.101084
   vertex 0.708612 1.20145 0.101514
   vertex 0.705466 1.20103 0.100682
  endloop
 endfacet
 facet normal -0.279409 0.585551 0.76096
  outer loop
   vertex 0.705466 1.20103 0.100682
   vertex 0.708612 1.20145 0.101514
   vertex 0.709154 1.2024 0.100982
  endloop
 endfacet
 facet normal -0.278436 0.582312 0.763797
  outer loop
   vertex 0.705466 1.20103 0.100682
   vertex 0.709154 1.2024 0.100982
   vertex 0.705965 1.20191 0.100193
  endloop
 endfacet
 facet normal -0.275332 0.646871 0.711161
  outer loop
   vertex 0.705965 1.20191 0.100193
   vertex 0.709154 1.2024 0.100982
   vertex 0.70967 1.20331 0.100354
  endloop
 endfacet
 facet normal -0.276462 0.650269 0.707615
  outer loop
   vertex 0.705965 1.20191 0.100193
   vertex 0.70967 1.20331 0.100354
   vertex 0.706441 1.20274 0.0996163
  endloop
 endfacet
 facet normal -0.273705 0.70826 0.650733
  outer loop
   vertex 0.706441 1.20274 0.0996163
   vertex 0.70967 1.20331 0.100354
   vertex 0.710155 1.20416 0.0996329
  endloop
 endfacet
 facet normal -0.274055 0.709191 0.649571
  outer loop
   vertex 0.706441 1.20274 0.0996163
   vertex 0.710155 1.20416 0.0996329
   vertex 0.706889 1.20352 0.0989536
  endloop
 endfacet
 facet normal -0.271679 0.760383 0.589922
  outer loop
   vertex 0.706889 1.20352 0.0989536
   vertex 0.710155 1.20416 0.0996329
   vertex 0.710604 1.20495 0.0988214
  endloop
 endfacet
 facet normal -0.270998 0.758828 0.592234
  outer loop
   vertex 0.706889 1.20352 0.0989536
   vertex 0.710604 1.20495 0.0988214
   vertex 0.707303 1.20425 0.0982078
  endloop
 endfacet
 facet normal -0.26858 0.811108 0.519584
  outer loop
   vertex 0.707303 1.20425 0.0982078
   vertex 0.710604 1.20495 0.0988214
   vertex 0.711011 1.20566 0.0979234
  endloop
 endfacet
 facet normal -0.267063 0.808188 0.524889
  outer loop
   vertex 0.707303 1.20425 0.0982078
   vertex 0.711011 1.20566 0.0979234
   vertex 0.707678 1.20491 0.0973823
  endloop
 endfacet
 facet normal -0.265001 0.852105 0.451322
  outer loop
   vertex 0.707678 1.20491 0.0973823
   vertex 0.711011 1.20566 0.0979234
   vertex 0.71137 1.20629 0.0969447
  endloop
 endfacet
 facet normal -0.264878 0.851913 0.451756
  outer loop
   vertex 0.707678 1.20491 0.0973823
   vertex 0.71137 1.20629 0.0969447
   vertex 0.708009 1.20549 0.0964827
  endloop
 endfacet
 facet normal -0.342899 0.863529 0.36978
  outer loop
   vertex 0.704753 1.20463 0.0954436
   vertex 0.70452 1.20423 0.0961618
   vertex 0.708156 1.20574 0.0960072
  endloop
 endfacet
 facet normal -0.346483 0.87017 0.350363
  outer loop
   vertex 0.708156 1.20574 0.0960072
   vertex 0.70452 1.20423 0.0961618
   vertex 0.708009 1.20549 0.0964827
  endloop
 endfacet
 facet normal -0.265469 0.88475 0.383071
  outer loop
   vertex 0.708156 1.20574 0.0960072
   vertex 0.708009 1.20549 0.0964827
   vertex 0.711529 1.20657 0.0964276
  endloop
 endfacet
 facet normal -0.263772 0.879847 0.39534
  outer loop
   vertex 0.711529 1.20657 0.0964276
   vertex 0.708009 1.20549 0.0964827
   vertex 0.71137 1.20629 0.0969447
  endloop
 endfacet
 facet normal -0.190077 0.886606 0.421664
  outer loop
   vertex 0.711529 1.20657 0.0964276
   vertex 0.71137 1.20629 0.0969447
   vertex 0.718413 1.20748 0.0976175
  endloop
 endfacet
 facet normal -0.190534 0.855769 0.480996
  outer loop
   vertex 0.718413 1.20748 0.0976175
   vertex 0.71137 1.20629 0.0969447
   vertex 0.711011 1.20566 0.0979234
  endloop
 endfacet
 facet normal -0.189861 0.853692 0.484936
  outer loop
   vertex 0.718413 1.20748 0.0976175
   vertex 0.711011 1.20566 0.0979234
   vertex 0.718015 1.20677 0.0987116
  endloop
 endfacet
 facet normal -0.190768 0.810249 0.55417
  outer loop
   vertex 0.718015 1.20677 0.0987116
   vertex 0.711011 1.20566 0.0979234
   vertex 0.710604 1.20495 0.0988214
  endloop
 endfacet
 facet normal -0.19009 0.807726 0.558072
  outer loop
   vertex 0.718015 1.20677 0.0987116
   vertex 0.710604 1.20495 0.0988214
   vertex 0.717564 1.20597 0.0997157
  endloop
 endfacet
 facet normal -0.191254 0.754096 0.6283
  outer loop
   vertex 0.717564 1.20597 0.0997157
   vertex 0.710604 1.20495 0.0988214
   vertex 0.710155 1.20416 0.0996329
  endloop
 endfacet
 facet normal -0.191457 0.754977 0.62718
  outer loop
   vertex 0.717564 1.20597 0.0997157
   vertex 0.710155 1.20416 0.0996329
   vertex 0.717066 1.20509 0.100623
  endloop
 endfacet
 facet normal -0.192757 0.696439 0.691244
  outer loop
   vertex 0.717066 1.20509 0.100623
   vertex 0.710155 1.20416 0.0996329
   vertex 0.70967 1.20331 0.100354
  endloop
 endfacet
 facet normal -0.192762 0.696466 0.691214
  outer loop
   vertex 0.717066 1.20509 0.100623
   vertex 0.70967 1.20331 0.100354
   vertex 0.716527 1.20414 0.10143
  endloop
 endfacet
 facet normal -0.194248 0.629376 0.752431
  outer loop
   vertex 0.716527 1.20414 0.10143
   vertex 0.70967 1.20331 0.100354
   vertex 0.709154 1.2024 0.100982
  endloop
 endfacet
 facet normal -0.194049 0.628285 0.753394
  outer loop
   vertex 0.716527 1.20414 0.10143
   vertex 0.709154 1.2024 0.100982
   vertex 0.715954 1.20312 0.102133
  endloop
 endfacet
 facet normal -0.195547 0.561738 0.803873
  outer loop
   vertex 0.715954 1.20312 0.102133
   vertex 0.709154 1.2024 0.100982
   vertex 0.708612 1.20145 0.101514
  endloop
 endfacet
 facet normal -0.195687 0.562583 0.803248
  outer loop
   vertex 0.715954 1.20312 0.102133
   vertex 0.708612 1.20145 0.101514
   vertex 0.715353 1.20206 0.102729
  endloop
 endfacet
 facet normal -0.197412 0.487489 0.850519
  outer loop
   vertex 0.715353 1.20206 0.102729
   vertex 0.708612 1.20145 0.101514
   vertex 0.70805 1.20046 0.101951
  endloop
 endfacet
 facet normal -0.197752 0.489697 0.849171
  outer loop
   vertex 0.715353 1.20206 0.102729
   vertex 0.70805 1.20046 0.101951
   vertex 0.714729 1.20096 0.103218
  endloop
 endfacet
 facet normal -0.199478 0.414032 0.888136
  outer loop
   vertex 0.714729 1.20096 0.103218
   vertex 0.70805 1.20046 0.101951
   vertex 0.707472 1.19945 0.102292
  endloop
 endfacet
 facet normal -0.198933 0.410266 0.890004
  outer loop
   vertex 0.714729 1.20096 0.103218
   vertex 0.707472 1.19945 0.102292
   vertex 0.714087 1.19982 0.1036
  endloop
 endfacet
 facet normal -0.200849 0.32951 0.922541
  outer loop
   vertex 0.714087 1.19982 0.1036
   vertex 0.707472 1.19945 0.102292
   vertex 0.706882 1.19841 0.102535
  endloop
 endfacet
 facet normal -0.200902 0.329892 0.922394
  outer loop
   vertex 0.714087 1.19982 0.1036
   vertex 0.706882 1.19841 0.102535
   vertex 0.713431 1.19866 0.103872
  endloop
 endfacet
 facet normal -0.20293 0.242806 0.948612
  outer loop
   vertex 0.713431 1.19866 0.103872
   vertex 0.706882 1.19841 0.102535
   vertex 0.712767 1.19748 0.104032
  endloop
 endfacet
 facet normal -0.147201 0.213769 0.96573
  outer loop
   vertex 0.713431 1.19866 0.103872
   vertex 0.712767 1.19748 0.104032
   vertex 0.725697 1.19766 0.105963
  endloop
 endfacet
 facet normal -0.147865 0.170365 0.974224
  outer loop
   vertex 0.725697 1.19766 0.105963
   vertex 0.712767 1.19748 0.104032
   vertex 0.715868 1.1963 0.104709
  endloop
 endfacet
 facet normal -0.123953 -0.0189525 0.992107
  outer loop
   vertex 0.725697 1.19766 0.105963
   vertex 0.715868 1.1963 0.104709
   vertex 0.744426 1.1963 0.108277
  endloop
 endfacet
 facet normal -0.107495 0.182518 0.977309
  outer loop
   vertex 0.744426 1.1963 0.108277
   vertex 0.752711 1.19794 0.108882
   vertex 0.725697 1.19766 0.105963
  endloop
 endfacet
 facet normal -0.107396 0.192222 0.975457
  outer loop
   vertex 0.725697 1.19766 0.105963
   vertex 0.752711 1.19794 0.108882
   vertex 0.726451 1.19902 0.105778
  endloop
 endfacet
 facet normal -0.147286 0.213034 0.965879
  outer loop
   vertex 0.725697 1.19766 0.105963
   vertex 0.726451 1.19902 0.105778
   vertex 0.713431 1.19866 0.103872
  endloop
 endfacet
 facet normal -0.146266 0.301324 0.942237
  outer loop
   vertex 0.713431 1.19866 0.103872
   vertex 0.726451 1.19902 0.105778
   vertex 0.727195 1.20036 0.105465
  endloop
 endfacet
 facet normal -0.146457 0.303579 0.941483
  outer loop
   vertex 0.713431 1.19866 0.103872
   vertex 0.727195 1.20036 0.105465
   vertex 0.714087 1.19982 0.1036
  endloop
 endfacet
 facet normal -0.145433 0.389973 0.909269
  outer loop
   vertex 0.714087 1.19982 0.1036
   vertex 0.727195 1.20036 0.105465
   vertex 0.727924 1.20166 0.105024
  endloop
 endfacet
 facet normal -0.145163 0.386895 0.910626
  outer loop
   vertex 0.714087 1.19982 0.1036
   vertex 0.727924 1.20166 0.105024
   vertex 0.714729 1.20096 0.103218
  endloop
 endfacet
 facet normal -0.144228 0.464734 0.873625
  outer loop
   vertex 0.714729 1.20096 0.103218
   vertex 0.727924 1.20166 0.105024
   vertex 0.728632 1.20294 0.10446
  endloop
 endfacet
 facet normal -0.144656 0.469323 0.871097
  outer loop
   vertex 0.714729 1.20096 0.103218
   vertex 0.728632 1.20294 0.10446
   vertex 0.715353 1.20206 0.102729
  endloop
 endfacet
 facet normal -0.143786 0.545389 0.825758
  outer loop
   vertex 0.715353 1.20206 0.102729
   vertex 0.728632 1.20294 0.10446
   vertex 0.729314 1.20416 0.103773
  endloop
 endfacet
 facet normal -0.143818 0.54571 0.82554
  outer loop
   vertex 0.715353 1.20206 0.102729
   vertex 0.729314 1.20416 0.103773
   vertex 0.715954 1.20312 0.102133
  endloop
 endfacet
 facet normal -0.143047 0.615754 0.774845
  outer loop
   vertex 0.715954 1.20312 0.102133
   vertex 0.729314 1.20416 0.103773
   vertex 0.729963 1.20533 0.102963
  endloop
 endfacet
 facet normal -0.14295 0.614863 0.77557
  outer loop
   vertex 0.715954 1.20312 0.102133
   vertex 0.729963 1.20533 0.102963
   vertex 0.716527 1.20414 0.10143
  endloop
 endfacet
 facet normal -0.14222 0.683897 0.715583
  outer loop
   vertex 0.716527 1.20414 0.10143
   vertex 0.729963 1.20533 0.102963
   vertex 0.730573 1.20643 0.102033
  endloop
 endfacet
 facet normal -0.142534 0.686497 0.713025
  outer loop
   vertex 0.716527 1.20414 0.10143
   vertex 0.730573 1.20643 0.102033
   vertex 0.717066 1.20509 0.100623
  endloop
 endfacet
 facet normal -0.141866 0.74891 0.647309
  outer loop
   vertex 0.717066 1.20509 0.100623
   vertex 0.730573 1.20643 0.102033
   vertex 0.731137 1.20744 0.100988
  endloop
 endfacet
 facet normal -0.141786 0.74833 0.647996
  outer loop
   vertex 0.717066 1.20509 0.100623
   vertex 0.731137 1.20744 0.100988
   vertex 0.717564 1.20597 0.0997157
  endloop
 endfacet
 facet normal -0.141216 0.804127 0.577441
  outer loop
   vertex 0.717564 1.20597 0.0997157
   vertex 0.731137 1.20744 0.100988
   vertex 0.731648 1.20836 0.0998319
  endloop
 endfacet
 facet normal -0.141236 0.804258 0.577253
  outer loop
   vertex 0.717564 1.20597 0.0997157
   vertex 0.731648 1.20836 0.0998319
   vertex 0.718015 1.20677 0.0987116
  endloop
 endfacet
 facet normal -0.140745 0.854681 0.49971
  outer loop
   vertex 0.718015 1.20677 0.0987116
   vertex 0.731648 1.20836 0.0998319
   vertex 0.732098 1.20917 0.0985732
  endloop
 endfacet
 facet normal -0.140445 0.853084 0.502516
  outer loop
   vertex 0.718015 1.20677 0.0987116
   vertex 0.732098 1.20917 0.0985732
   vertex 0.718413 1.20748 0.0976175
  endloop
 endfacet
 facet normal -0.139981 0.899751 0.413345
  outer loop
   vertex 0.718413 1.20748 0.0976175
   vertex 0.732098 1.20917 0.0985732
   vertex 0.732479 1.20985 0.0972221
  endloop
 endfacet
 facet normal -0.140116 0.900332 0.412031
  outer loop
   vertex 0.718413 1.20748 0.0976175
   vertex 0.732479 1.20985 0.0972221
   vertex 0.71875 1.20807 0.0964427
  endloop
 endfacet
 facet normal -0.139762 0.933794 0.329386
  outer loop
   vertex 0.71875 1.20807 0.0964427
   vertex 0.732479 1.20985 0.0972221
   vertex 0.732784 1.2104 0.0957922
  endloop
 endfacet
 facet normal -0.139715 0.933638 0.329848
  outer loop
   vertex 0.71875 1.20807 0.0964427
   vertex 0.732784 1.2104 0.0957922
   vertex 0.71902 1.20855 0.0951986
  endloop
 endfacet
 facet normal -0.139447 0.961507 0.236769
  outer loop
   vertex 0.71902 1.20855 0.0951986
   vertex 0.732784 1.2104 0.0957922
   vertex 0.733008 1.2108 0.0942995
  endloop
 endfacet
 facet normal -0.139339 0.96126 0.237831
  outer loop
   vertex 0.71902 1.20855 0.0951986
   vertex 0.733008 1.2108 0.0942995
   vertex 0.719217 1.2089 0.0938994
  endloop
 endfacet
 facet normal -0.139135 0.980219 0.140759
  outer loop
   vertex 0.719217 1.2089 0.0938994
   vertex 0.733008 1.2108 0.0942995
   vertex 0.733144 1.21104 0.0927628
  endloop
 endfacet
 facet normal -0.138342 0.979184 0.148524
  outer loop
   vertex 0.719217 1.2089 0.0938994
   vertex 0.733144 1.21104 0.0927628
   vertex 0.719338 1.20912 0.0925613
  endloop
 endfacet
 facet normal -0.104806 0.677405 0.728106
  outer loop
   vertex 0.757671 1.20714 0.105273
   vertex 0.758378 1.20845 0.104156
   vertex 0.730573 1.20643 0.102033
  endloop
 endfacet
 facet normal -0.10446 0.742575 0.661567
  outer loop
   vertex 0.730573 1.20643 0.102033
   vertex 0.758378 1.20845 0.104156
   vertex 0.759032 1.20966 0.102901
  endloop
 endfacet
 facet normal -0.104467 0.742669 0.66146
  outer loop
   vertex 0.730573 1.20643 0.102033
   vertex 0.759032 1.20966 0.102901
   vertex 0.731137 1.20744 0.100988
  endloop
 endfacet
 facet normal -0.104188 0.800195 0.590621
  outer loop
   vertex 0.731137 1.20744 0.100988
   vertex 0.759032 1.20966 0.102901
   vertex 0.759623 1.21076 0.101515
  endloop
 endfacet
 facet normal -0.104185 0.800167 0.590659
  outer loop
   vertex 0.731137 1.20744 0.100988
   vertex 0.759623 1.21076 0.101515
   vertex 0.731648 1.20836 0.0998319
  endloop
 endfacet
 facet normal -0.103961 0.852401 0.512449
  outer loop
   vertex 0.731648 1.20836 0.0998319
   vertex 0.759623 1.21076 0.101515
   vertex 0.760143 1.21173 0.100007
  endloop
 endfacet
 facet normal -0.104011 0.852862 0.511671
  outer loop
   vertex 0.731648 1.20836 0.0998319
   vertex 0.760143 1.21173 0.100007
   vertex 0.732098 1.20917 0.0985732
  endloop
 endfacet
 facet normal -0.103794 0.900243 0.422834
  outer loop
   vertex 0.732098 1.20917 0.0985732
   vertex 0.760143 1.21173 0.100007
   vertex 0.760583 1.21254 0.0983904
  endloop
 endfacet
 facet normal -0.103745 0.899877 0.423626
  outer loop
   vertex 0.732098 1.20917 0.0985732
   vertex 0.760583 1.21254 0.0983904
   vertex 0.732479 1.20985 0.0972221
  endloop
 endfacet
 facet normal -0.103566 0.936591 0.334772
  outer loop
   vertex 0.732479 1.20985 0.0972221
   vertex 0.760583 1.21254 0.0983904
   vertex 0.760935 1.21319 0.096681
  endloop
 endfacet
 facet normal -0.103382 0.93552 0.33781
  outer loop
   vertex 0.732479 1.20985 0.0972221
   vertex 0.760935 1.21319 0.096681
   vertex 0.732784 1.2104 0.0957922
  endloop
 endfacet
 facet normal -0.103274 0.964084 0.244697
  outer loop
   vertex 0.732784 1.2104 0.0957922
   vertex 0.760935 1.21319 0.096681
   vertex 0.761192 1.21367 0.0948981
  endloop
 endfacet
 facet normal -0.103376 0.964506 0.242986
  outer loop
   vertex 0.732784 1.2104 0.0957922
   vertex 0.761192 1.21367 0.0948981
   vertex 0.733008 1.2108 0.0942995
  endloop
 endfacet
 facet normal -0.103293 0.98377 0.146719
  outer loop
   vertex 0.733008 1.2108 0.0942995
   vertex 0.761192 1.21367 0.0948981
   vertex 0.761349 1.21396 0.0930639
  endloop
 endfacet
 facet normal -0.103424 0.984082 0.144522
  outer loop
   vertex 0.733008 1.2108 0.0942995
   vertex 0.761349 1.21396 0.0930639
   vertex 0.733144 1.21104 0.0927628
  endloop
 endfacet
 facet normal -0.103374 0.993416 0.0493841
  outer loop
   vertex 0.733144 1.21104 0.0927628
   vertex 0.761349 1.21396 0.0930639
   vertex 0.732879 1.21109 0.0912033
  endloop
 endfacet
 facet normal -0.138324 0.988849 0.0551767
  outer loop
   vertex 0.733144 1.21104 0.0927628
   vertex 0.732879 1.21109 0.0912033
   vertex 0.719338 1.20912 0.0925613
  endloop
 endfacet
 facet normal -0.139201 0.989154 0.0468703
  outer loop
   vertex 0.719338 1.20912 0.0925613
   vertex 0.732879 1.21109 0.0912033
   vertex 0.719378 1.20919 0.0912033
  endloop
 endfacet
 facet normal -0.185706 0.981569 0.0451098
  outer loop
   vertex 0.719338 1.20912 0.0925613
   vertex 0.719378 1.20919 0.0912033
   vertex 0.712232 1.20781 0.0918124
  endloop
 endfacet
 facet normal -0.190513 0.981621 -0.0111724
  outer loop
   vertex 0.712232 1.20781 0.0918124
   vertex 0.719378 1.20919 0.0912033
   vertex 0.711804 1.20772 0.0912033
  endloop
 endfacet
 facet normal -0.303958 0.949866 0.0732384
  outer loop
   vertex 0.712232 1.20781 0.0918124
   vertex 0.711804 1.20772 0.0912033
   vertex 0.705335 1.20565 0.0912033
  endloop
 endfacet
 facet normal -0.0227184 0.0184217 0.999572
  outer loop
   vertex 0.801862 1.1963 0.112071
   vertex 0.859412 1.1963 0.113379
   vertex 0.807763 1.19826 0.112169
  endloop
 endfacet
 facet normal -0.0199285 0.0896007 0.995778
  outer loop
   vertex 0.807763 1.19826 0.112169
   vertex 0.859412 1.1963 0.113379
   vertex 0.863672 1.19837 0.113278
  endloop
 endfacet
 facet normal -0.0199084 0.144168 0.989353
  outer loop
   vertex 0.807763 1.19826 0.112169
   vertex 0.863672 1.19837 0.113278
   vertex 0.808742 1.2002 0.111906
  endloop
 endfacet
 facet normal -0.0199056 0.144245 0.989342
  outer loop
   vertex 0.808742 1.2002 0.111906
   vertex 0.863672 1.19837 0.113278
   vertex 0.864634 1.20043 0.112997
  endloop
 endfacet
 facet normal -0.0199339 0.23906 0.9708
  outer loop
   vertex 0.808742 1.2002 0.111906
   vertex 0.864634 1.20043 0.112997
   vertex 0.809706 1.20212 0.111453
  endloop
 endfacet
 facet normal -0.0199079 0.23975 0.97063
  outer loop
   vertex 0.809706 1.20212 0.111453
   vertex 0.864634 1.20043 0.112997
   vertex 0.865581 1.20246 0.112515
  endloop
 endfacet
 facet normal -0.0199457 0.331822 0.943131
  outer loop
   vertex 0.809706 1.20212 0.111453
   vertex 0.865581 1.20246 0.112515
   vertex 0.810649 1.20399 0.110815
  endloop
 endfacet
 facet normal -0.0198811 0.333488 0.942545
  outer loop
   vertex 0.810649 1.20399 0.110815
   vertex 0.865581 1.20246 0.112515
   vertex 0.866507 1.20444 0.111834
  endloop
 endfacet
 facet normal -0.0199363 0.416955 0.908709
  outer loop
   vertex 0.810649 1.20399 0.110815
   vertex 0.866507 1.20444 0.111834
   vertex 0.811564 1.20581 0.11
  endloop
 endfacet
 facet normal -0.0199346 0.416996 0.908689
  outer loop
   vertex 0.811564 1.20581 0.11
   vertex 0.866507 1.20444 0.111834
   vertex 0.867404 1.20637 0.110968
  endloop
 endfacet
 facet normal -0.0200235 0.50166 0.864833
  outer loop
   vertex 0.811564 1.20581 0.11
   vertex 0.867404 1.20637 0.110968
   vertex 0.812444 1.20755 0.109011
  endloop
 endfacet
 facet normal -0.0199559 0.503265 0.863901
  outer loop
   vertex 0.812444 1.20755 0.109011
   vertex 0.867404 1.20637 0.110968
   vertex 0.868265 1.20821 0.109916
  endloop
 endfacet
 facet normal -0.0200602 0.580757 0.813829
  outer loop
   vertex 0.812444 1.20755 0.109011
   vertex 0.868265 1.20821 0.109916
   vertex 0.813279 1.20921 0.107847
  endloop
 endfacet
 facet normal -0.019987 0.582383 0.812669
  outer loop
   vertex 0.813279 1.20921 0.107847
   vertex 0.868265 1.20821 0.109916
   vertex 0.869082 1.20996 0.108682
  endloop
 endfacet
 facet normal -0.0201057 0.655585 0.754854
  outer loop
   vertex 0.813279 1.20921 0.107847
   vertex 0.869082 1.20996 0.108682
   vertex 0.814061 1.21077 0.106513
  endloop
 endfacet
 facet normal -0.0198932 0.659912 0.75108
  outer loop
   vertex 0.814061 1.21077 0.106513
   vertex 0.869082 1.20996 0.108682
   vertex 0.869845 1.21159 0.10727
  endloop
 endfacet
 facet normal -0.020001 0.727068 0.686274
  outer loop
   vertex 0.814061 1.21077 0.106513
   vertex 0.869845 1.21159 0.10727
   vertex 0.814783 1.2122 0.105019
  endloop
 endfacet
 facet normal -0.0200033 0.727026 0.686318
  outer loop
   vertex 0.814783 1.2122 0.105019
   vertex 0.869845 1.21159 0.10727
   vertex 0.870547 1.2131 0.105691
  endloop
 endfacet
 facet normal -0.0201323 0.78846 0.614757
  outer loop
   vertex 0.814783 1.2122 0.105019
   vertex 0.870547 1.2131 0.105691
   vertex 0.815433 1.2135 0.103373
  endloop
 endfacet
 facet normal -0.0198698 0.792728 0.609252
  outer loop
   vertex 0.815433 1.2135 0.103373
   vertex 0.870547 1.2131 0.105691
   vertex 0.871179 1.21445 0.103955
  endloop
 endfacet
 facet normal -0.0199803 0.84804 0.529556
  outer loop
   vertex 0.815433 1.2135 0.103373
   vertex 0.871179 1.21445 0.103955
   vertex 0.816005 1.21463 0.101585
  endloop
 endfacet
 facet normal -0.0200135 0.847578 0.530294
  outer loop
   vertex 0.816005 1.21463 0.101585
   vertex 0.871179 1.21445 0.103955
   vertex 0.871733 1.21564 0.102074
  endloop
 endfacet
 facet normal -0.0201302 0.895561 0.444483
  outer loop
   vertex 0.816005 1.21463 0.101585
   vertex 0.871733 1.21564 0.102074
   vertex 0.816487 1.21559 0.0996726
  endloop
 endfacet
 facet normal -0.0198617 0.898638 0.438242
  outer loop
   vertex 0.816487 1.21559 0.0996726
   vertex 0.871733 1.21564 0.102074
   vertex 0.872199 1.21663 0.100065
  endloop
 endfacet
 facet normal -0.0199475 0.936925 0.348962
  outer loop
   vertex 0.816487 1.21559 0.0996726
   vertex 0.872199 1.21663 0.100065
   vertex 0.816872 1.21635 0.0976542
  endloop
 endfacet
 facet normal -0.0200121 0.936345 0.35051
  outer loop
   vertex 0.816872 1.21635 0.0976542
   vertex 0.872199 1.21663 0.100065
   vertex 0.872571 1.21743 0.0979491
  endloop
 endfacet
 facet normal -0.0200956 0.966758 0.254904
  outer loop
   vertex 0.816872 1.21635 0.0976542
   vertex 0.872571 1.21743 0.0979491
   vertex 0.817153 1.21691 0.0955523
  endloop
 endfacet
 facet normal -0.0199992 0.96738 0.25254
  outer loop
   vertex 0.817153 1.21691 0.0955523
   vertex 0.872571 1.21743 0.0979491
   vertex 0.872842 1.21801 0.095749
  endloop
 endfacet
 facet normal -0.0200558 0.987879 0.153926
  outer loop
   vertex 0.817153 1.21691 0.0955523
   vertex 0.872842 1.21801 0.095749
   vertex 0.817324 1.21725 0.0933926
  endloop
 endfacet
 facet normal -0.0199669 0.988222 0.151721
  outer loop
   vertex 0.817324 1.21725 0.0933926
   vertex 0.872842 1.21801 0.095749
   vertex 0.873006 1.21836 0.0934909
  endloop
 endfacet
 facet normal -0.0199771 0.989478 0.143296
  outer loop
   vertex 0.817324 1.21725 0.0933926
   vertex 0.873006 1.21836 0.0934909
   vertex 0.857589 1.21838 0.0912033
  endloop
 endfacet
 facet normal 0.0175264 0.993842 -0.109416
  outer loop
   vertex 0.857589 1.21838 0.0912033
   vertex 0.873006 1.21836 0.0934909
   vertex 0.934705 1.21702 0.0912033
  endloop
 endfacet
 facet normal -0.0793776 0.0334701 0.996283
  outer loop
   vertex 0.744426 1.1963 0.108277
   vertex 0.773118 1.1963 0.110563
   vertex 0.752711 1.19794 0.108882
  endloop
 endfacet
 facet normal -0.0591179 0.253933 0.965414
  outer loop
   vertex 0.752711 1.19794 0.108882
   vertex 0.773118 1.1963 0.110563
   vertex 0.807763 1.19826 0.112169
  endloop
 endfacet
 facet normal -0.0597393 0.165057 0.984473
  outer loop
   vertex 0.752711 1.19794 0.108882
   vertex 0.807763 1.19826 0.112169
   vertex 0.753589 1.19957 0.108662
  endloop
 endfacet
 facet normal -0.0597879 0.163663 0.984703
  outer loop
   vertex 0.753589 1.19957 0.108662
   vertex 0.807763 1.19826 0.112169
   vertex 0.808742 1.2002 0.111906
  endloop
 endfacet
 facet normal -0.0596596 0.259377 0.963932
  outer loop
   vertex 0.753589 1.19957 0.108662
   vertex 0.808742 1.2002 0.111906
   vertex 0.754454 1.20117 0.108285
  endloop
 endfacet
 facet normal -0.0597252 0.257533 0.964422
  outer loop
   vertex 0.754454 1.20117 0.108285
   vertex 0.808742 1.2002 0.111906
   vertex 0.809706 1.20212 0.111453
  endloop
 endfacet
 facet normal -0.0596233 0.349099 0.935187
  outer loop
   vertex 0.754454 1.20117 0.108285
   vertex 0.809706 1.20212 0.111453
   vertex 0.755302 1.20274 0.107753
  endloop
 endfacet
 facet normal -0.0596226 0.349118 0.93518
  outer loop
   vertex 0.755302 1.20274 0.107753
   vertex 0.809706 1.20212 0.111453
   vertex 0.810649 1.20399 0.110815
  endloop
 endfacet
 facet normal -0.059545 0.431493 0.900149
  outer loop
   vertex 0.755302 1.20274 0.107753
   vertex 0.810649 1.20399 0.110815
   vertex 0.756125 1.20427 0.107074
  endloop
 endfacet
 facet normal -0.0594976 0.432744 0.899551
  outer loop
   vertex 0.756125 1.20427 0.107074
   vertex 0.810649 1.20399 0.110815
   vertex 0.811564 1.20581 0.11
  endloop
 endfacet
 facet normal -0.0594433 0.513595 0.855971
  outer loop
   vertex 0.756125 1.20427 0.107074
   vertex 0.811564 1.20581 0.11
   vertex 0.756917 1.20574 0.106247
  endloop
 endfacet
 facet normal -0.0593565 0.515772 0.854667
  outer loop
   vertex 0.756917 1.20574 0.106247
   vertex 0.811564 1.20581 0.11
   vertex 0.812444 1.20755 0.109011
  endloop
 endfacet
 facet normal -0.0593093 0.591422 0.804178
  outer loop
   vertex 0.756917 1.20574 0.106247
   vertex 0.812444 1.20755 0.109011
   vertex 0.757671 1.20714 0.105273
  endloop
 endfacet
 facet normal -0.0592453 0.592926 0.803074
  outer loop
   vertex 0.757671 1.20714 0.105273
   vertex 0.812444 1.20755 0.109011
   vertex 0.813279 1.20921 0.107847
  endloop
 endfacet
 facet normal -0.0592124 0.666004 0.743595
  outer loop
   vertex 0.757671 1.20714 0.105273
   vertex 0.813279 1.20921 0.107847
   vertex 0.758378 1.20845 0.104156
  endloop
 endfacet
 facet normal -0.0592239 0.665756 0.743815
  outer loop
   vertex 0.758378 1.20845 0.104156
   vertex 0.813279 1.20921 0.107847
   vertex 0.814061 1.21077 0.106513
  endloop
 endfacet
 facet normal -0.0592212 0.733849 0.676727
  outer loop
   vertex 0.758378 1.20845 0.104156
   vertex 0.814061 1.21077 0.106513
   vertex 0.759032 1.20966 0.102901
  endloop
 endfacet
 facet normal -0.0591493 0.735261 0.675198
  outer loop
   vertex 0.759032 1.20966 0.102901
   vertex 0.814061 1.21077 0.106513
   vertex 0.814783 1.2122 0.105019
  endloop
 endfacet
 facet normal -0.0591595 0.794061 0.604952
  outer loop
   vertex 0.759032 1.20966 0.102901
   vertex 0.814783 1.2122 0.105019
   vertex 0.759623 1.21076 0.101515
  endloop
 endfacet
 facet normal -0.0591277 0.79462 0.604222
  outer loop
   vertex 0.759623 1.21076 0.101515
   vertex 0.814783 1.2122 0.105019
   vertex 0.815433 1.2135 0.103373
  endloop
 endfacet
 facet normal -0.0591638 0.848718 0.525526
  outer loop
   vertex 0.759623 1.21076 0.101515
   vertex 0.815433 1.2135 0.103373
   vertex 0.760143 1.21173 0.100007
  endloop
 endfacet
 facet normal -0.0589272 0.852271 0.519771
  outer loop
   vertex 0.760143 1.21173 0.100007
   vertex 0.815433 1.2135 0.103373
   vertex 0.816005 1.21463 0.101585
  endloop
 endfacet
 facet normal -0.0589304 0.898823 0.434333
  outer loop
   vertex 0.760143 1.21173 0.100007
   vertex 0.816005 1.21463 0.101585
   vertex 0.760583 1.21254 0.0983904
  endloop
 endfacet
 facet normal -0.0589932 0.898043 0.435933
  outer loop
   vertex 0.760583 1.21254 0.0983904
   vertex 0.816005 1.21463 0.101585
   vertex 0.816487 1.21559 0.0996726
  endloop
 endfacet
 facet normal -0.0590166 0.937066 0.344127
  outer loop
   vertex 0.760583 1.21254 0.0983904
   vertex 0.816487 1.21559 0.0996726
   vertex 0.760935 1.21319 0.096681
  endloop
 endfacet
 facet normal -0.0589317 0.93789 0.34189
  outer loop
   vertex 0.760935 1.21319 0.096681
   vertex 0.816487 1.21559 0.0996726
   vertex 0.816872 1.21635 0.0976542
  endloop
 endfacet
 facet normal -0.0589507 0.966031 0.251611
  outer loop
   vertex 0.760935 1.21319 0.096681
   vertex 0.816872 1.21635 0.0976542
   vertex 0.761192 1.21367 0.0948981
  endloop
 endfacet
 facet normal -0.0588788 0.966541 0.249662
  outer loop
   vertex 0.761192 1.21367 0.0948981
   vertex 0.816872 1.21635 0.0976542
   vertex 0.817153 1.21691 0.0955523
  endloop
 endfacet
 facet normal -0.058897 0.986778 0.150995
  outer loop
   vertex 0.761192 1.21367 0.0948981
   vertex 0.817153 1.21691 0.0955523
   vertex 0.761349 1.21396 0.0930639
  endloop
 endfacet
 facet normal -0.0588858 0.986826 0.150686
  outer loop
   vertex 0.761349 1.21396 0.0930639
   vertex 0.817153 1.21691 0.0955523
   vertex 0.817324 1.21725 0.0933926
  endloop
 endfacet
 facet normal -0.0586742 0.978552 0.197468
  outer loop
   vertex 0.761349 1.21396 0.0930639
   vertex 0.817324 1.21725 0.0933926
   vertex 0.780436 1.21548 0.0912033
  endloop
 endfacet
 facet normal -0.0510192 0.997272 0.0533531
  outer loop
   vertex 0.780436 1.21548 0.0912033
   vertex 0.817324 1.21725 0.0933926
   vertex 0.817381 1.21737 0.0912033
  endloop
 endfacet
 facet normal 0.0593538 0.304089 0.950793
  outer loop
   vertex 0.922286 1.20406 0.110745
   vertex 0.921473 1.20218 0.111397
   vertex 0.976605 1.20129 0.10824
  endloop
 endfacet
 facet normal 0.0592808 0.212149 0.975438
  outer loop
   vertex 0.976605 1.20129 0.10824
   vertex 0.921473 1.20218 0.111397
   vertex 0.975958 1.19965 0.108636
  endloop
 endfacet
 facet normal 0.0833255 0.202722 0.975685
  outer loop
   vertex 0.976605 1.20129 0.10824
   vertex 0.975958 1.19965 0.108636
   vertex 1.03209 1.19878 0.104023
  endloop
 endfacet
 facet normal 0.0830787 0.106441 0.990842
  outer loop
   vertex 1.03209 1.19878 0.104023
   vertex 0.975958 1.19965 0.108636
   vertex 1.03194 1.19751 0.104172
  endloop
 endfacet
 facet normal 0.110475 0.102935 0.988534
  outer loop
   vertex 1.03209 1.19878 0.104023
   vertex 1.03194 1.19751 0.104172
   vertex 1.14624 1.19633 0.0915211
  endloop
 endfacet
 facet normal 0.0103236 0.999947 -0
  outer loop
   vertex 1.14624 1.19633 0.0915211
   vertex 1.03194 1.19751 0.104172
   vertex 1.14624 1.19633 0.0915216
  endloop
 endfacet
 facet normal 0.120211 0.00302937 0.992744
  outer loop
   vertex 1.14623 1.1963 0.0915229
   vertex 1.14624 1.19633 0.0915216
   vertex 1.08908 1.1963 0.0984432
  endloop
 endfacet
 facet normal 0.0866609 0.689955 0.718646
  outer loop
   vertex 1.08908 1.1963 0.0984432
   vertex 1.14624 1.19633 0.0915216
   vertex 1.03194 1.19751 0.104172
  endloop
 endfacet
 facet normal 0.100073 0.015557 0.994858
  outer loop
   vertex 1.08908 1.1963 0.0984432
   vertex 1.03194 1.19751 0.104172
   vertex 1.0318 1.1963 0.104205
  endloop
 endfacet
 facet normal 0.08276 0.0176019 0.996414
  outer loop
   vertex 1.0318 1.1963 0.104205
   vertex 1.03194 1.19751 0.104172
   vertex 0.975301 1.19798 0.108868
  endloop
 endfacet
 facet normal 0.0827499 0.0172454 0.996421
  outer loop
   vertex 1.0318 1.1963 0.104205
   vertex 0.975301 1.19798 0.108868
   vertex 0.974435 1.1963 0.108969
  endloop
 endfacet
 facet normal 0.0588011 0.0296758 0.997829
  outer loop
   vertex 0.974435 1.1963 0.108969
   vertex 0.975301 1.19798 0.108868
   vertex 0.919795 1.19828 0.11213
  endloop
 endfacet
 facet normal 0.05807 0.00878997 0.998274
  outer loop
   vertex 0.974435 1.1963 0.108969
   vertex 0.919795 1.19828 0.11213
   vertex 0.916966 1.1963 0.112312
  endloop
 endfacet
 facet normal 0.11304 0.72351 0.680996
  outer loop
   vertex 1.14629 1.19651 0.0914438
   vertex 1.1463 1.19652 0.0914315
   vertex 1.03445 1.20539 0.100574
  endloop
 endfacet
 facet normal 0.112058 0.585461 0.802918
  outer loop
   vertex 1.03445 1.20539 0.100574
   vertex 1.1463 1.19652 0.0914315
   vertex 1.1463 1.19653 0.0914242
  endloop
 endfacet
 facet normal 0.113118 0.705145 0.699982
  outer loop
   vertex 1.03445 1.20539 0.100574
   vertex 1.1463 1.19653 0.0914242
   vertex 1.03477 1.20627 0.0996358
  endloop
 endfacet
 facet normal 0.11244 0.665176 0.738173
  outer loop
   vertex 1.03477 1.20627 0.0996358
   vertex 1.1463 1.19653 0.0914242
   vertex 1.14631 1.19656 0.0913956
  endloop
 endfacet
 facet normal 0.113392 0.775699 0.620832
  outer loop
   vertex 1.03477 1.20627 0.0996358
   vertex 1.14631 1.19656 0.0913956
   vertex 1.03505 1.20705 0.0986101
  endloop
 endfacet
 facet normal 0.113233 0.865941 0.48716
  outer loop
   vertex 1.03505 1.20705 0.0986101
   vertex 1.14631 1.19656 0.0913956
   vertex 1.14631 1.19657 0.0913778
  endloop
 endfacet
 facet normal 0.113669 0.8314 0.543925
  outer loop
   vertex 1.03505 1.20705 0.0986101
   vertex 1.14631 1.19657 0.0913778
   vertex 1.03529 1.20774 0.0975053
  endloop
 endfacet
 facet normal 0.113054 0.925818 0.360666
  outer loop
   vertex 1.03529 1.20774 0.0975053
   vertex 1.14631 1.19657 0.0913778
   vertex 1.14631 1.19658 0.0913521
  endloop
 endfacet
 facet normal 0.113974 0.885851 0.449752
  outer loop
   vertex 1.03529 1.20774 0.0975053
   vertex 1.14631 1.19658 0.0913521
   vertex 1.03549 1.20831 0.0963318
  endloop
 endfacet
 facet normal 0.114199 0.904077 0.41183
  outer loop
   vertex 1.03549 1.20831 0.0963318
   vertex 1.14631 1.19658 0.0913521
   vertex 1.14632 1.19659 0.0913276
  endloop
 endfacet
 facet normal 0.11415 0.927815 0.355146
  outer loop
   vertex 1.03549 1.20831 0.0963318
   vertex 1.14632 1.19659 0.0913276
   vertex 1.03566 1.20876 0.0951015
  endloop
 endfacet
 facet normal 0.113557 0.906345 0.406992
  outer loop
   vertex 1.03566 1.20876 0.0951015
   vertex 1.14632 1.19659 0.0913276
   vertex 1.14632 1.1966 0.0913053
  endloop
 endfacet
 facet normal 0.112699 0.883881 0.453931
  outer loop
   vertex 1.03566 1.20876 0.0951015
   vertex 1.14632 1.1966 0.0913053
   vertex 1.14632 1.19661 0.0912858
  endloop
 endfacet
 facet normal 0.018535 0.010637 0.999772
  outer loop
   vertex 0.859412 1.1963 0.113379
   vertex 0.916966 1.1963 0.112312
   vertex 0.863672 1.19837 0.113278
  endloop
 endfacet
 facet normal 0.020511 0.0624145 0.99784
  outer loop
   vertex 0.863672 1.19837 0.113278
   vertex 0.916966 1.1963 0.112312
   vertex 0.919795 1.19828 0.11213
  endloop
 endfacet
 facet normal 0.0204901 0.125724 0.991854
  outer loop
   vertex 0.863672 1.19837 0.113278
   vertex 0.919795 1.19828 0.11213
   vertex 0.864634 1.20043 0.112997
  endloop
 endfacet
 facet normal 0.0205638 0.12772 0.991597
  outer loop
   vertex 0.864634 1.20043 0.112997
   vertex 0.919795 1.19828 0.11213
   vertex 0.920641 1.20024 0.11186
  endloop
 endfacet
 facet normal 0.0205434 0.221883 0.974857
  outer loop
   vertex 0.864634 1.20043 0.112997
   vertex 0.920641 1.20024 0.11186
   vertex 0.865581 1.20246 0.112515
  endloop
 endfacet
 facet normal 0.0206124 0.223718 0.974436
  outer loop
   vertex 0.865581 1.20246 0.112515
   vertex 0.920641 1.20024 0.11186
   vertex 0.921473 1.20218 0.111397
  endloop
 endfacet
 facet normal 0.0205557 0.316571 0.948346
  outer loop
   vertex 0.865581 1.20246 0.112515
   vertex 0.921473 1.20218 0.111397
   vertex 0.866507 1.20444 0.111834
  endloop
 endfacet
 facet normal 0.0206726 0.319612 0.947323
  outer loop
   vertex 0.866507 1.20444 0.111834
   vertex 0.921473 1.20218 0.111397
   vertex 0.922286 1.20406 0.110745
  endloop
 endfacet
 facet normal 0.0206121 0.401303 0.915713
  outer loop
   vertex 0.866507 1.20444 0.111834
   vertex 0.922286 1.20406 0.110745
   vertex 0.867404 1.20637 0.110968
  endloop
 endfacet
 facet normal 0.0207822 0.405526 0.913847
  outer loop
   vertex 0.867404 1.20637 0.110968
   vertex 0.922286 1.20406 0.110745
   vertex 0.923072 1.20589 0.109915
  endloop
 endfacet
 facet normal 0.0207112 0.488915 0.872085
  outer loop
   vertex 0.867404 1.20637 0.110968
   vertex 0.923072 1.20589 0.109915
   vertex 0.868265 1.20821 0.109916
  endloop
 endfacet
 facet normal 0.0208055 0.491144 0.87083
  outer loop
   vertex 0.868265 1.20821 0.109916
   vertex 0.923072 1.20589 0.109915
   vertex 0.923826 1.20764 0.10891
  endloop
 endfacet
 facet normal 0.0207199 0.56968 0.821606
  outer loop
   vertex 0.868265 1.20821 0.109916
   vertex 0.923826 1.20764 0.10891
   vertex 0.869082 1.20996 0.108682
  endloop
 endfacet
 facet normal 0.0208679 0.572948 0.819326
  outer loop
   vertex 0.869082 1.20996 0.108682
   vertex 0.923826 1.20764 0.10891
   vertex 0.92454 1.2093 0.107731
  endloop
 endfacet
 facet normal 0.0207642 0.649026 0.760483
  outer loop
   vertex 0.869082 1.20996 0.108682
   vertex 0.92454 1.2093 0.107731
   vertex 0.869845 1.21159 0.10727
  endloop
 endfacet
 facet normal 0.0208326 0.650421 0.759288
  outer loop
   vertex 0.869845 1.21159 0.10727
   vertex 0.92454 1.2093 0.107731
   vertex 0.925206 1.21085 0.106385
  endloop
 endfacet
 facet normal 0.0207201 0.717971 0.695765
  outer loop
   vertex 0.869845 1.21159 0.10727
   vertex 0.925206 1.21085 0.106385
   vertex 0.870547 1.2131 0.105691
  endloop
 endfacet
 facet normal 0.0209393 0.722003 0.691574
  outer loop
   vertex 0.870547 1.2131 0.105691
   vertex 0.925206 1.21085 0.106385
   vertex 0.925817 1.21227 0.104884
  endloop
 endfacet
 facet normal 0.0208259 0.785532 0.618471
  outer loop
   vertex 0.870547 1.2131 0.105691
   vertex 0.925817 1.21227 0.104884
   vertex 0.871179 1.21445 0.103955
  endloop
 endfacet
 facet normal 0.0208793 0.786399 0.617365
  outer loop
   vertex 0.871179 1.21445 0.103955
   vertex 0.925817 1.21227 0.104884
   vertex 0.926367 1.21355 0.103235
  endloop
 endfacet
 facet normal 0.0207641 0.842138 0.538863
  outer loop
   vertex 0.871179 1.21445 0.103955
   vertex 0.926367 1.21355 0.103235
   vertex 0.871733 1.21564 0.102074
  endloop
 endfacet
 facet normal 0.0210444 0.846042 0.532701
  outer loop
   vertex 0.871733 1.21564 0.102074
   vertex 0.926367 1.21355 0.103235
   vertex 0.926847 1.21466 0.101453
  endloop
 endfacet
 facet normal 0.0209339 0.894865 0.445845
  outer loop
   vertex 0.871733 1.21564 0.102074
   vertex 0.926847 1.21466 0.101453
   vertex 0.872199 1.21663 0.100065
  endloop
 endfacet
 facet normal 0.0208816 0.894265 0.447051
  outer loop
   vertex 0.872199 1.21663 0.100065
   vertex 0.926847 1.21466 0.101453
   vertex 0.92725 1.2156 0.0995539
  endloop
 endfacet
 facet normal 0.0207861 0.933957 0.35678
  outer loop
   vertex 0.872199 1.21663 0.100065
   vertex 0.92725 1.2156 0.0995539
   vertex 0.872571 1.21743 0.0979491
  endloop
 endfacet
 facet normal 0.0208877 0.934874 0.354366
  outer loop
   vertex 0.872571 1.21743 0.0979491
   vertex 0.92725 1.2156 0.0995539
   vertex 0.927571 1.21635 0.0975565
  endloop
 endfacet
 facet normal 0.020808 0.966125 0.257236
  outer loop
   vertex 0.872571 1.21743 0.0979491
   vertex 0.927571 1.21635 0.0975565
   vertex 0.872842 1.21801 0.095749
  endloop
 endfacet
 facet normal 0.0209345 0.966937 0.254153
  outer loop
   vertex 0.872842 1.21801 0.095749
   vertex 0.927571 1.21635 0.0975565
   vertex 0.927805 1.21689 0.0954827
  endloop
 endfacet
 facet normal 0.0208764 0.987754 0.154615
  outer loop
   vertex 0.872842 1.21801 0.095749
   vertex 0.927805 1.21689 0.0954827
   vertex 0.873006 1.21836 0.0934909
  endloop
 endfacet
 facet normal 0.0208742 0.987746 0.15467
  outer loop
   vertex 0.873006 1.21836 0.0934909
   vertex 0.927805 1.21689 0.0954827
   vertex 0.927947 1.21722 0.0933563
  endloop
 endfacet
 facet normal 0.0206686 0.999396 -0.0279213
  outer loop
   vertex 0.873006 1.21836 0.0934909
   vertex 0.927947 1.21722 0.0933563
   vertex 0.934705 1.21702 0.0912033
  endloop
 endfacet
 facet normal 0.0609897 0.993195 0.0992187
  outer loop
   vertex 0.934705 1.21702 0.0912033
   vertex 0.927947 1.21722 0.0933563
   vertex 0.981599 1.21396 0.0930085
  endloop
 endfacet
 facet normal 0.0698499 0.987632 -0.140372
  outer loop
   vertex 0.934705 1.21702 0.0912033
   vertex 0.981599 1.21396 0.0930085
   vertex 1.0112 1.21161 0.0912033
  endloop
 endfacet
 facet normal 0.0861986 0.988145 0.127038
  outer loop
   vertex 1.0112 1.21161 0.0912033
   vertex 0.981599 1.21396 0.0930085
   vertex 1.03585 1.20929 0.0925228
  endloop
 endfacet
 facet normal 0.0906921 0.994408 0.054104
  outer loop
   vertex 1.0112 1.21161 0.0912033
   vertex 1.03585 1.20929 0.0925228
   vertex 1.03587 1.20936 0.0912033
  endloop
 endfacet
 facet normal 0.109503 0.992503 0.0542867
  outer loop
   vertex 1.03587 1.20936 0.0912033
   vertex 1.03585 1.20929 0.0925228
   vertex 1.11554 1.20057 0.0912033
  endloop
 endfacet
 facet normal 0.123108 -0.0345851 0.99179
  outer loop
   vertex 1.14652 1.1963 0.0914869
   vertex 1.14623 1.1963 0.0915229
   vertex 0.808145 2.66613e-11 0.0917716
  endloop
 endfacet
 facet normal 0.961917 -0.273342 0
  outer loop
   vertex 1.14809 1.1963 0.0912928
   vertex 1.14809 1.1963 0.0912931
   vertex 0.808145 2.66613e-11 0.0917716
  endloop
 endfacet
 facet normal 0.127681 -0.0358858 0.991166
  outer loop
   vertex 0.808145 2.66613e-11 0.0917716
   vertex 1.14809 1.1963 0.0912931
   vertex 1.14801 1.1963 0.0913034
  endloop
 endfacet
 facet normal 0.125231 -0.0351896 0.991503
  outer loop
   vertex 1.14801 1.1963 0.0913034
   vertex 1.14793 1.1963 0.0913135
   vertex 0.808145 2.66613e-11 0.0917716
  endloop
 endfacet
 facet normal 0.0594106 -0.0164922 0.998097
  outer loop
   vertex 0.808145 2.66613e-11 0.0917716
   vertex 1.14793 1.1963 0.0913135
   vertex 1.14792 1.1963 0.0913141
  endloop
 endfacet
 facet normal 0.11914 -0.033459 0.992313
  outer loop
   vertex 0.808145 2.66613e-11 0.0917716
   vertex 1.14792 1.1963 0.0913141
   vertex 1.14784 1.1963 0.0913237
  endloop
 endfacet
 facet normal 0.131306 -0.0369201 0.990654
  outer loop
   vertex 1.14869 1.1963 0.0912183
   vertex 1.14861 1.1963 0.0912289
   vertex 0.808145 2.66613e-11 0.0917716
  endloop
 endfacet
 facet normal 0.117978 -0.0331262 0.992463
  outer loop
   vertex 0.808145 2.66613e-11 0.0917716
   vertex 1.14861 1.1963 0.0912289
   vertex 1.14852 1.1963 0.0912396
  endloop
 endfacet
 facet normal 0.123597 -0.0347251 0.991725
  outer loop
   vertex 0.808145 2.66613e-11 0.0917716
   vertex 1.14852 1.1963 0.0912396
   vertex 1.1485 1.1963 0.0912421
  endloop
 endfacet
 facet normal 0.106668 -0.0299302 0.993844
  outer loop
   vertex 1.14685 1.1963 0.0914461
   vertex 0.808145 2.66613e-11 0.0917716
   vertex 1.14689 1.1963 0.0914418
  endloop
 endfacet
 facet normal 0.122897 -0.0345261 0.991819
  outer loop
   vertex 1.14689 1.1963 0.0914418
   vertex 0.808145 2.66613e-11 0.0917716
   vertex 1.14702 1.1963 0.0914257
  endloop
 endfacet
 facet normal 0.126411 -0.0355206 0.991342
  outer loop
   vertex 1.14685 1.1963 0.0914461
   vertex 1.14669 1.1963 0.0914665
   vertex 0.808145 2.66613e-11 0.0917716
  endloop
 endfacet
 facet normal 0.11843 -0.0332618 0.992405
  outer loop
   vertex 0.808145 2.66613e-11 0.0917716
   vertex 1.14669 1.1963 0.0914665
   vertex 1.14654 1.1963 0.0914844
  endloop
 endfacet
 facet normal 0.123959 -0.0348261 0.991676
  outer loop
   vertex 0.808145 2.66613e-11 0.0917716
   vertex 1.14654 1.1963 0.0914844
   vertex 1.14652 1.1963 0.0914869
  endloop
 endfacet
 facet normal 0.133875 -0.03765 0.990283
  outer loop
   vertex 1.1485 1.1963 0.0912421
   vertex 1.14844 1.1963 0.0912502
   vertex 0.808145 2.66613e-11 0.0917716
  endloop
 endfacet
 facet normal 0.117978 -0.0331271 0.992463
  outer loop
   vertex 0.808145 2.66613e-11 0.0917716
   vertex 1.14844 1.1963 0.0912502
   vertex 1.14835 1.1963 0.0912609
  endloop
 endfacet
 facet normal 0.116845 -0.0328048 0.992608
  outer loop
   vertex 0.808145 2.66613e-11 0.0917716
   vertex 1.14835 1.1963 0.0912609
   vertex 1.14826 1.1963 0.0912715
  endloop
 endfacet
 facet normal 0.126411 -0.0355238 0.991342
  outer loop
   vertex 1.14784 1.1963 0.0913237
   vertex 1.14776 1.1963 0.0913339
   vertex 0.808145 2.66613e-11 0.0917716
  endloop
 endfacet
 facet normal 0.147781 -0.0415916 0.988145
  outer loop
   vertex 0.808145 2.66613e-11 0.0917716
   vertex 1.14776 1.1963 0.0913339
   vertex 1.14775 1.1963 0.0913354
  endloop
 endfacet
 facet normal 0.123336 -0.0346511 0.99176
  outer loop
   vertex 0.808145 2.66613e-11 0.0917716
   vertex 1.14775 1.1963 0.0913354
   vertex 1.14768 1.1963 0.0913441
  endloop
 endfacet
 facet normal 0.138427 -0.0389305 0.989607
  outer loop
   vertex 0.808145 2.66613e-11 0.0917716
   vertex 1.1474 1.1963 0.0913779
   vertex 1.14735 1.1963 0.0913849
  endloop
 endfacet
 facet normal 0.117978 -0.0331253 0.992464
  outer loop
   vertex 1.14869 1.1963 0.0912183
   vertex 0.808145 2.66613e-11 0.0917716
   vertex 1.14878 1.1963 0.0912076
  endloop
 endfacet
 facet normal 0.122749 -0.0344839 0.991839
  outer loop
   vertex 1.14878 1.1963 0.0912076
   vertex 0.808145 2.66613e-11 0.0917716
   vertex 0.812737 1.8163e-11 0.0912033
  endloop
 endfacet
 facet normal 0.106668 -0.0299668 0.993843
  outer loop
   vertex 1.14878 1.1963 0.0912076
   vertex 0.812737 1.8163e-11 0.0912033
   vertex 1.14882 1.1963 0.0912033
  endloop
 endfacet
 facet normal 0.132483 -0.0372516 0.990485
  outer loop
   vertex 1.14826 1.1963 0.0912715
   vertex 1.14818 1.1963 0.0912822
   vertex 0.808145 2.66613e-11 0.0917716
  endloop
 endfacet
 facet normal 0.0697569 -0.0194196 0.997375
  outer loop
   vertex 0.808145 2.66613e-11 0.0917716
   vertex 1.14818 1.1963 0.0912822
   vertex 1.14817 1.1963 0.0912829
  endloop
 endfacet
 facet normal 0.122778 -0.0344922 0.991835
  outer loop
   vertex 0.808145 2.66613e-11 0.0917716
   vertex 1.14817 1.1963 0.0912829
   vertex 1.14809 1.1963 0.0912928
  endloop
 endfacet
 facet normal 0.118318 -0.0332278 0.99242
  outer loop
   vertex 1.14735 1.1963 0.0913849
   vertex 1.14723 1.1963 0.0913992
   vertex 0.808145 2.66613e-11 0.0917716
  endloop
 endfacet
 facet normal 0.12091 -0.0339625 0.992082
  outer loop
   vertex 0.808145 2.66613e-11 0.0917716
   vertex 1.14723 1.1963 0.0913992
   vertex 1.14718 1.1963 0.0914053
  endloop
 endfacet
 facet normal 0.126411 -0.0355217 0.991342
  outer loop
   vertex 0.808145 2.66613e-11 0.0917716
   vertex 1.14718 1.1963 0.0914053
   vertex 1.14702 1.1963 0.0914257
  endloop
 endfacet
 facet normal 0.124904 -0.035096 0.991548
  outer loop
   vertex 1.14768 1.1963 0.0913441
   vertex 1.14758 1.1963 0.0913567
   vertex 0.808145 2.66613e-11 0.0917716
  endloop
 endfacet
 facet normal 0.110738 -0.031076 0.993364
  outer loop
   vertex 0.808145 2.66613e-11 0.0917716
   vertex 1.14758 1.1963 0.0913567
   vertex 1.14751 1.1963 0.0913645
  endloop
 endfacet
 facet normal 0.120788 -0.0339273 0.992098
  outer loop
   vertex 0.808145 2.66613e-11 0.0917716
   vertex 1.14751 1.1963 0.0913645
   vertex 1.1474 1.1963 0.0913779
  endloop
 endfacet
 facet normal 0 -1 0
  outer loop
   vertex 0.0430743 2.66613e-11 0.0671943
   vertex 0.0938429 2.66613e-11 0.0608504
   vertex 0.0938429 2.66613e-11 0.121556
  endloop
 endfacet
 facet normal 0 -1 0
  outer loop
   vertex 0.0938429 2.66613e-11 0.121556
   vertex 0.0938429 2.66613e-11 0.0608504
   vertex 0.144849 2.66613e-11 0.12562
  endloop
 endfacet
 facet normal 0 -1 -0
  outer loop
   vertex 0.144849 2.66613e-11 0.12562
   vertex 0.0938429 2.66613e-11 0.0608504
   vertex 0.144849 2.66613e-11 0.0567861
  endloop
 endfacet
 facet normal 0 -1 0
  outer loop
   vertex 0.144849 2.66613e-11 0.12562
   vertex 0.144849 2.66613e-11 0.0567861
   vertex 0.195949 2.66613e-11 0.1283
  endloop
 endfacet
 facet normal 0 -1 -0
  outer loop
   vertex 0.195949 2.66613e-11 0.1283
   vertex 0.144849 2.66613e-11 0.0567861
   vertex 0.195949 2.66613e-11 0.0541067
  endloop
 endfacet
 facet normal 0 -1 0
  outer loop
   vertex 0.195949 2.66613e-11 0.1283
   vertex 0.195949 2.66613e-11 0.0541067
   vertex 0.298256 2.66613e-11 0.130625
  endloop
 endfacet
 facet normal 0 -1 -0
  outer loop
   vertex 0.298256 2.66613e-11 0.130625
   vertex 0.195949 2.66613e-11 0.0541067
   vertex 0.298256 2.66613e-11 0.0517817
  endloop
 endfacet
 facet normal 0 -1 0
  outer loop
   vertex 0.298256 2.66613e-11 0.130625
   vertex 0.298256 2.66613e-11 0.0517817
   vertex 0.400572 2.66613e-11 0.128728
  endloop
 endfacet
 facet normal 0 -1 -0
  outer loop
   vertex 0.400572 2.66613e-11 0.128728
   vertex 0.298256 2.66613e-11 0.0517817
   vertex 0.400572 2.66613e-11 0.0536782
  endloop
 endfacet
 facet normal 0 -1 0
  outer loop
   vertex 0.400572 2.66613e-11 0.128728
   vertex 0.400572 2.66613e-11 0.0536782
   vertex 0.502735 2.66613e-11 0.122785
  endloop
 endfacet
 facet normal 0 -1 -0
  outer loop
   vertex 0.502735 2.66613e-11 0.122785
   vertex 0.400572 2.66613e-11 0.0536782
   vertex 0.502735 2.66613e-11 0.0596211
  endloop
 endfacet
 facet normal 0 -1 0
  outer loop
   vertex 0.502735 2.66613e-11 0.122785
   vertex 0.502735 2.66613e-11 0.0596211
   vertex 0.604723 2.66613e-11 0.114317
  endloop
 endfacet
 facet normal 0 -1 -0
  outer loop
   vertex 0.604723 2.66613e-11 0.114317
   vertex 0.502735 2.66613e-11 0.0596211
   vertex 0.604723 2.66613e-11 0.0680899
  endloop
 endfacet
 facet normal 0 -1 0
  outer loop
   vertex 0.604723 2.66613e-11 0.114317
   vertex 0.604723 2.66613e-11 0.0680899
   vertex 0.706548 2.66613e-11 0.104074
  endloop
 endfacet
 facet normal 0 -1 -0
  outer loop
   vertex 0.706548 2.66613e-11 0.104074
   vertex 0.604723 2.66613e-11 0.0680899
   vertex 0.706548 2.66613e-11 0.0783326
  endloop
 endfacet
 facet normal 0 -1 0
  outer loop
   vertex 0.706548 2.66613e-11 0.104074
   vertex 0.706548 2.66613e-11 0.0783326
   vertex 0.808145 2.66613e-11 0.0917716
  endloop
 endfacet
 facet normal -3.46807e-09 -1 2.62181e-08
  outer loop
   vertex 0.808145 2.66613e-11 0.0917716
   vertex 0.706548 2.66613e-11 0.0783326
   vertex 0.808145 -3.14099e-12 0.0906349
  endloop
 endfacet
 facet normal 1.39405e-09 -1 2.62181e-08
  outer loop
   vertex 0.808145 2.66613e-11 0.0917716
   vertex 0.808145 -3.14099e-12 0.0906349
   vertex 0.812737 1.8163e-11 0.0912033
  endloop
 endfacet
 facet normal 0 -1 0
  outer loop
   vertex 0.0938429 2.66613e-11 0.121556
   vertex 0.0430743 2.66613e-11 0.115212
   vertex 0.0430743 2.66613e-11 0.0671943
  endloop
 endfacet
 facet normal 0 -1 0
  outer loop
   vertex 0.0430743 2.66613e-11 0.0671943
   vertex 0.0430743 2.66613e-11 0.115212
   vertex 0.0304752 2.66613e-11 0.113001
  endloop
 endfacet
 facet normal 0 -1 0
  outer loop
   vertex 0.0430743 2.66613e-11 0.0671943
   vertex 0.0304752 2.66613e-11 0.113001
   vertex 0.0304752 2.66613e-11 0.0694058
  endloop
 endfacet
 facet normal 0 -1 0
  outer loop
   vertex 0.0304752 2.66613e-11 0.0694058
   vertex 0.0304752 2.66613e-11 0.113001
   vertex 0.0242582 2.66613e-11 0.111499
  endloop
 endfacet
 facet normal 0 -1 0
  outer loop
   vertex 0.0304752 2.66613e-11 0.0694058
   vertex 0.0242582 2.66613e-11 0.111499
   vertex 0.0182119 2.66613e-11 0.109419
  endloop
 endfacet
 facet normal 0 -1 -0
  outer loop
   vertex 0.0182119 2.66613e-11 0.109419
   vertex 0.0153102 2.66613e-11 0.108074
   vertex 0.0304752 2.66613e-11 0.0694058
  endloop
 endfacet
 facet normal 0 -1 0
  outer loop
   vertex 0.0304752 2.66613e-11 0.0694058
   vertex 0.0153102 2.66613e-11 0.108074
   vertex 0.0125356 2.66613e-11 0.106483
  endloop
 endfacet
 facet normal 0 -1 0
  outer loop
   vertex 0.0304752 2.66613e-11 0.0694058
   vertex 0.0125356 2.66613e-11 0.106483
   vertex 0.00993119 2.66613e-11 0.104628
  endloop
 endfacet
 facet normal 0 -1 0
  outer loop
   vertex 0.0153102 2.66613e-11 0.074333
   vertex 0.0182119 2.66613e-11 0.0729879
   vertex 0.00456888 2.66613e-11 0.0987464
  endloop
 endfacet
 facet normal 0 -1 0
  outer loop
   vertex 0.00456888 2.66613e-11 0.0987464
   vertex 0.0182119 2.66613e-11 0.0729879
   vertex 0.0242582 2.66613e-11 0.0709077
  endloop
 endfacet
 facet normal 0 -1 0
  outer loop
   vertex 0.00456888 2.66613e-11 0.0987464
   vertex 0.0242582 2.66613e-11 0.0709077
   vertex 0.0304752 2.66613e-11 0.0694058
  endloop
 endfacet
 facet normal 0 -1 -0
  outer loop
   vertex 0.00993119 2.66613e-11 0.104628
   vertex 0.0075523 2.66613e-11 0.102492
   vertex 0.0304752 2.66613e-11 0.0694058
  endloop
 endfacet
 facet normal 0 -1 0
  outer loop
   vertex 0.0304752 2.66613e-11 0.0694058
   vertex 0.0075523 2.66613e-11 0.102492
   vertex 0.00546866 2.66613e-11 0.100068
  endloop
 endfacet
 facet normal 0 -1 0
  outer loop
   vertex 0.0304752 2.66613e-11 0.0694058
   vertex 0.00546866 2.66613e-11 0.100068
   vertex 0.00456888 2.66613e-11 0.0987464
  endloop
 endfacet
 facet normal 0 -1 0
  outer loop
   vertex 0.0075523 2.66613e-11 0.0799143
   vertex 0.00993119 2.66613e-11 0.0777784
   vertex 0.00456888 2.66613e-11 0.0987464
  endloop
 endfacet
 facet normal 0 -1 0
  outer loop
   vertex 0.00456888 2.66613e-11 0.0987464
   vertex 0.00993119 2.66613e-11 0.0777784
   vertex 0.0125356 2.66613e-11 0.0759232
  endloop
 endfacet
 facet normal 0 -1 0
  outer loop
   vertex 0.00456888 2.66613e-11 0.0987464
   vertex 0.0125356 2.66613e-11 0.0759232
   vertex 0.0153102 2.66613e-11 0.074333
  endloop
 endfacet
 facet normal 0 -1 0
  outer loop
   vertex 0.00224529 2.66613e-11 0.0912033
   vertex 0.00234942 2.66613e-11 0.0896082
   vertex 0.00234942 2.66613e-11 0.0927983
  endloop
 endfacet
 facet normal 0 -1 0
  outer loop
   vertex 0.00234942 2.66613e-11 0.0927983
   vertex 0.00234942 2.66613e-11 0.0896082
   vertex 0.00265405 2.66613e-11 0.0880393
  endloop
 endfacet
 facet normal 0 -1 0
  outer loop
   vertex 0.00234942 2.66613e-11 0.0927983
   vertex 0.00265405 2.66613e-11 0.0880393
   vertex 0.00265405 2.66613e-11 0.0943672
  endloop
 endfacet
 facet normal 0 -1 0
  outer loop
   vertex 0.00265405 2.66613e-11 0.0943672
   vertex 0.00265405 2.66613e-11 0.0880393
   vertex 0.00314052 2.66613e-11 0.0865167
  endloop
 endfacet
 facet normal 0 -1 0
  outer loop
   vertex 0.00265405 2.66613e-11 0.0943672
   vertex 0.00314052 2.66613e-11 0.0865167
   vertex 0.00314052 2.66613e-11 0.0958898
  endloop
 endfacet
 facet normal 0 -1 0
  outer loop
   vertex 0.00314052 2.66613e-11 0.0958898
   vertex 0.00314052 2.66613e-11 0.0865167
   vertex 0.00378604 2.66613e-11 0.0850541
  endloop
 endfacet
 facet normal 0 -1 0
  outer loop
   vertex 0.00314052 2.66613e-11 0.0958898
   vertex 0.00378604 2.66613e-11 0.0850541
   vertex 0.00378604 2.66613e-11 0.0973524
  endloop
 endfacet
 facet normal 0 -1 0
  outer loop
   vertex 0.00378604 2.66613e-11 0.0973524
   vertex 0.00378604 2.66613e-11 0.0850541
   vertex 0.00456888 2.66613e-11 0.0836601
  endloop
 endfacet
 facet normal 0 -1 0
  outer loop
   vertex 0.00378604 2.66613e-11 0.0973524
   vertex 0.00456888 2.66613e-11 0.0836601
   vertex 0.00456888 2.66613e-11 0.0987464
  endloop
 endfacet
 facet normal 0 -1 0
  outer loop
   vertex 0.00456888 2.66613e-11 0.0987464
   vertex 0.00456888 2.66613e-11 0.0836601
   vertex 0.00546866 2.66613e-11 0.0823383
  endloop
 endfacet
 facet normal 0 -1 0
  outer loop
   vertex 0.00456888 2.66613e-11 0.0987464
   vertex 0.00546866 2.66613e-11 0.0823383
   vertex 0.0075523 2.66613e-11 0.0799143
  endloop
 endfacet
 facet normal -0.232527 0.139516 -0.962531
  outer loop
   vertex 0.0242582 2.66613e-11 0.0709077
   vertex 0.705284 1.1963 0.0797867
   vertex 0.0304752 2.66613e-11 0.0694058
  endloop
 endfacet
 facet normal -0.232553 0.139531 -0.962523
  outer loop
   vertex 0.0304752 2.66613e-11 0.0694058
   vertex 0.705284 1.1963 0.0797867
   vertex 0.708781 1.1963 0.0789418
  endloop
 endfacet
 facet normal -0.171925 0.105289 -0.979467
  outer loop
   vertex 0.0304752 2.66613e-11 0.0694058
   vertex 0.708781 1.1963 0.0789418
   vertex 0.0430743 2.66613e-11 0.0671943
  endloop
 endfacet
 facet normal -0.171929 0.105292 -0.979466
  outer loop
   vertex 0.0430743 2.66613e-11 0.0671943
   vertex 0.708781 1.1963 0.0789418
   vertex 0.715868 1.1963 0.0776978
  endloop
 endfacet
 facet normal -0.123613 0.078205 -0.989244
  outer loop
   vertex 0.0430743 2.66613e-11 0.0671943
   vertex 0.715868 1.1963 0.0776978
   vertex 0.0938429 2.66613e-11 0.0608504
  endloop
 endfacet
 facet normal -0.123612 0.0782045 -0.989244
  outer loop
   vertex 0.0938429 2.66613e-11 0.0608504
   vertex 0.715868 1.1963 0.0776978
   vertex 0.744426 1.1963 0.0741293
  endloop
 endfacet
 facet normal -0.0793142 0.054182 -0.995376
  outer loop
   vertex 0.0938429 2.66613e-11 0.0608504
   vertex 0.744426 1.1963 0.0741293
   vertex 0.144849 2.66613e-11 0.0567861
  endloop
 endfacet
 facet normal -0.0793157 0.0541828 -0.995376
  outer loop
   vertex 0.144849 2.66613e-11 0.0567861
   vertex 0.744426 1.1963 0.0741293
   vertex 0.773118 1.1963 0.071843
  endloop
 endfacet
 facet normal -0.0523205 0.0400364 -0.997827
  outer loop
   vertex 0.144849 2.66613e-11 0.0567861
   vertex 0.773118 1.1963 0.071843
   vertex 0.195949 2.66613e-11 0.0541067
  endloop
 endfacet
 facet normal -0.0523178 0.0400351 -0.997828
  outer loop
   vertex 0.195949 2.66613e-11 0.0541067
   vertex 0.773118 1.1963 0.071843
   vertex 0.801862 1.1963 0.0703359
  endloop
 endfacet
 facet normal -0.0227127 0.0250622 -0.999428
  outer loop
   vertex 0.195949 2.66613e-11 0.0541067
   vertex 0.801862 1.1963 0.0703359
   vertex 0.298256 2.66613e-11 0.0517817
  endloop
 endfacet
 facet normal -0.0227134 0.0250624 -0.999428
  outer loop
   vertex 0.298256 2.66613e-11 0.0517817
   vertex 0.801862 1.1963 0.0703359
   vertex 0.859412 1.1963 0.069028
  endloop
 endfacet
 facet normal 0.0185322 0.00572062 -0.999812
  outer loop
   vertex 0.298256 2.66613e-11 0.0517817
   vertex 0.859412 1.1963 0.069028
   vertex 0.400572 2.66613e-11 0.0536782
  endloop
 endfacet
 facet normal 0.0185322 0.00572063 -0.999812
  outer loop
   vertex 0.400572 2.66613e-11 0.0536782
   vertex 0.859412 1.1963 0.069028
   vertex 0.916966 1.1963 0.0700948
  endloop
 endfacet
 facet normal 0.0580688 -0.0113672 -0.998248
  outer loop
   vertex 0.400572 2.66613e-11 0.0536782
   vertex 0.916966 1.1963 0.0700948
   vertex 0.502735 2.66613e-11 0.0596211
  endloop
 endfacet
 facet normal 0.0580686 -0.0113671 -0.998248
  outer loop
   vertex 0.502735 2.66613e-11 0.0596211
   vertex 0.916966 1.1963 0.0700948
   vertex 0.974435 1.1963 0.0734378
  endloop
 endfacet
 facet normal 0.082734 -0.0211146 -0.996348
  outer loop
   vertex 0.502735 2.66613e-11 0.0596211
   vertex 0.974435 1.1963 0.0734378
   vertex 0.604723 2.66613e-11 0.0680899
  endloop
 endfacet
 facet normal 0.0827402 -0.0211165 -0.996347
  outer loop
   vertex 0.604723 2.66613e-11 0.0680899
   vertex 0.974435 1.1963 0.0734378
   vertex 1.0318 1.1963 0.0782016
  endloop
 endfacet
 facet normal 0.100049 -0.0273104 -0.994608
  outer loop
   vertex 0.604723 2.66613e-11 0.0680899
   vertex 1.0318 1.1963 0.0782016
   vertex 0.706548 2.66613e-11 0.0783326
  endloop
 endfacet
 facet normal 0.100046 -0.0273096 -0.994608
  outer loop
   vertex 0.706548 2.66613e-11 0.0783326
   vertex 1.0318 1.1963 0.0782016
   vertex 1.08908 1.1963 0.0839633
  endloop
 endfacet
 facet normal 0.120143 -0.0337471 -0.992183
  outer loop
   vertex 0.706548 2.66613e-11 0.0783326
   vertex 1.08908 1.1963 0.0839633
   vertex 0.808145 -3.14099e-12 0.0906349
  endloop
 endfacet
 facet normal 0.120144 -0.0337474 -0.992183
  outer loop
   vertex 0.808145 -3.14099e-12 0.0906349
   vertex 1.08908 1.1963 0.0839633
   vertex 1.14623 1.1963 0.0908836
  endloop
 endfacet
 facet normal -0.477566 0.278571 -0.833264
  outer loop
   vertex 0.0125356 2.66613e-11 0.0759232
   vertex 0.69869 1.1963 0.082608
   vertex 0.0153102 2.66613e-11 0.074333
  endloop
 endfacet
 facet normal -0.500313 0.291441 -0.815322
  outer loop
   vertex 0.0153102 2.66613e-11 0.074333
   vertex 0.69869 1.1963 0.082608
   vertex 0.699231 1.1963 0.082276
  endloop
 endfacet
 facet normal -0.471008 0.274839 -0.838221
  outer loop
   vertex 0.699231 1.1963 0.082276
   vertex 0.699981 1.1963 0.0818546
   vertex 0.0153102 2.66613e-11 0.074333
  endloop
 endfacet
 facet normal -0.448448 0.26203 -0.854538
  outer loop
   vertex 0.0153102 2.66613e-11 0.074333
   vertex 0.699981 1.1963 0.0818546
   vertex 0.70025 1.1963 0.0817134
  endloop
 endfacet
 facet normal -0.408353 0.239237 -0.880916
  outer loop
   vertex 0.0153102 2.66613e-11 0.074333
   vertex 0.70025 1.1963 0.0817134
   vertex 0.0182119 2.66613e-11 0.0729879
  endloop
 endfacet
 facet normal -0.408193 0.239146 -0.881015
  outer loop
   vertex 0.0182119 2.66613e-11 0.0729879
   vertex 0.70025 1.1963 0.0817134
   vertex 0.701883 1.1963 0.0809568
  endloop
 endfacet
 facet normal -0.319481 0.188765 -0.928601
  outer loop
   vertex 0.0182119 2.66613e-11 0.0729879
   vertex 0.701883 1.1963 0.0809568
   vertex 0.0242582 2.66613e-11 0.0709077
  endloop
 endfacet
 facet normal -0.359722 0.211393 -0.908798
  outer loop
   vertex 0.0242582 2.66613e-11 0.0709077
   vertex 0.701883 1.1963 0.0809568
   vertex 0.702764 1.1963 0.0806081
  endloop
 endfacet
 facet normal -0.304813 0.180464 -0.935159
  outer loop
   vertex 0.0242582 2.66613e-11 0.0709077
   vertex 0.702764 1.1963 0.0806081
   vertex 0.705284 1.1963 0.0797867
  endloop
 endfacet
 facet normal -0.612264 0.355217 -0.706367
  outer loop
   vertex 0.696431 1.1963 0.0843292
   vertex 0.697049 1.1963 0.0837935
   vertex 0.00993119 2.66613e-11 0.0777784
  endloop
 endfacet
 facet normal -0.590028 0.34257 -0.731104
  outer loop
   vertex 0.00993119 2.66613e-11 0.0777784
   vertex 0.697049 1.1963 0.0837935
   vertex 0.697225 1.1963 0.0836515
  endloop
 endfacet
 facet normal -0.549749 0.319628 -0.77176
  outer loop
   vertex 0.00993119 2.66613e-11 0.0777784
   vertex 0.697225 1.1963 0.0836515
   vertex 0.0125356 2.66613e-11 0.0759232
  endloop
 endfacet
 facet normal -0.555441 0.322851 -0.766324
  outer loop
   vertex 0.0125356 2.66613e-11 0.0759232
   vertex 0.697225 1.1963 0.0836515
   vertex 0.698449 1.1963 0.0827643
  endloop
 endfacet
 facet normal -0.518748 0.302004 -0.799809
  outer loop
   vertex 0.0125356 2.66613e-11 0.0759232
   vertex 0.698449 1.1963 0.0827643
   vertex 0.69869 1.1963 0.082608
  endloop
 endfacet
 facet normal -0.834598 0.482019 -0.266654
  outer loop
   vertex 0.00265405 2.66613e-11 0.0880393
   vertex 0.693131 1.1963 0.0894235
   vertex 0.00314052 2.66613e-11 0.0865167
  endloop
 endfacet
 facet normal -0.834534 0.481983 -0.266918
  outer loop
   vertex 0.00314052 2.66613e-11 0.0865167
   vertex 0.693131 1.1963 0.0894235
   vertex 0.693405 1.1963 0.088567
  endloop
 endfacet
 facet normal -0.808824 0.467303 -0.356975
  outer loop
   vertex 0.00314052 2.66613e-11 0.0865167
   vertex 0.693405 1.1963 0.088567
   vertex 0.00378604 2.66613e-11 0.0850541
  endloop
 endfacet
 facet normal -0.808838 0.467311 -0.356934
  outer loop
   vertex 0.00378604 2.66613e-11 0.0850541
   vertex 0.693405 1.1963 0.088567
   vertex 0.693768 1.1963 0.0877443
  endloop
 endfacet
 facet normal -0.77862 0.450063 -0.437257
  outer loop
   vertex 0.00378604 2.66613e-11 0.0850541
   vertex 0.693768 1.1963 0.0877443
   vertex 0.00456888 2.66613e-11 0.0836601
  endloop
 endfacet
 facet normal -0.778753 0.450138 -0.436943
  outer loop
   vertex 0.00456888 2.66613e-11 0.0836601
   vertex 0.693768 1.1963 0.0877443
   vertex 0.694208 1.1963 0.0869601
  endloop
 endfacet
 facet normal -0.745796 0.431334 -0.50768
  outer loop
   vertex 0.00456888 2.66613e-11 0.0836601
   vertex 0.694208 1.1963 0.0869601
   vertex 0.00546866 2.66613e-11 0.0823383
  endloop
 endfacet
 facet normal -0.745872 0.431378 -0.507531
  outer loop
   vertex 0.00546866 2.66613e-11 0.0823383
   vertex 0.694208 1.1963 0.0869601
   vertex 0.694714 1.1963 0.0862165
  endloop
 endfacet
 facet normal -0.694368 0.401994 -0.59687
  outer loop
   vertex 0.00546866 2.66613e-11 0.0823383
   vertex 0.694714 1.1963 0.0862165
   vertex 0.0075523 2.66613e-11 0.0799143
  endloop
 endfacet
 facet normal -0.694145 0.401867 -0.597215
  outer loop
   vertex 0.0075523 2.66613e-11 0.0799143
   vertex 0.694714 1.1963 0.0862165
   vertex 0.695887 1.1963 0.0848531
  endloop
 endfacet
 facet normal -0.622953 0.361303 -0.693822
  outer loop
   vertex 0.0075523 2.66613e-11 0.0799143
   vertex 0.695887 1.1963 0.0848531
   vertex 0.00993119 2.66613e-11 0.0777784
  endloop
 endfacet
 facet normal -0.661174 0.382931 -0.645146
  outer loop
   vertex 0.00993119 2.66613e-11 0.0777784
   vertex 0.695887 1.1963 0.0848531
   vertex 0.695944 1.1963 0.0847947
  endloop
 endfacet
 facet normal -0.641461 0.371779 -0.67105
  outer loop
   vertex 0.00993119 2.66613e-11 0.0777784
   vertex 0.695944 1.1963 0.0847947
   vertex 0.696431 1.1963 0.0843292
  endloop
 endfacet
 facet normal -0.864654 0.499187 -0.0564455
  outer loop
   vertex 0.00224529 2.66613e-11 0.0912033
   vertex 0.692901 1.1963 0.0912033
   vertex 0.00234942 2.66613e-11 0.0896082
  endloop
 endfacet
 facet normal -0.864633 0.499176 -0.0568601
  outer loop
   vertex 0.00234942 2.66613e-11 0.0896082
   vertex 0.692901 1.1963 0.0912033
   vertex 0.69296 1.1963 0.090306
  endloop
 endfacet
 facet normal -0.854017 0.493111 -0.165823
  outer loop
   vertex 0.00234942 2.66613e-11 0.0896082
   vertex 0.69296 1.1963 0.090306
   vertex 0.00265405 2.66613e-11 0.0880393
  endloop
 endfacet
 facet normal -0.858107 0.495413 -0.134974
  outer loop
   vertex 0.00265405 2.66613e-11 0.0880393
   vertex 0.69296 1.1963 0.090306
   vertex 0.693022 1.1963 0.0899119
  endloop
 endfacet
 facet normal -0.850254 0.490967 -0.189787
  outer loop
   vertex 0.00265405 2.66613e-11 0.0880393
   vertex 0.693022 1.1963 0.0899119
   vertex 0.693131 1.1963 0.0894235
  endloop
 endfacet
 facet normal 0.120144 -0.0337474 0.992183
  outer loop
   vertex 0.808145 2.66613e-11 0.0917716
   vertex 1.14623 1.1963 0.0915229
   vertex 0.706548 2.66613e-11 0.104074
  endloop
 endfacet
 facet normal 0.120144 -0.0337474 0.992183
  outer loop
   vertex 0.706548 2.66613e-11 0.104074
   vertex 1.14623 1.1963 0.0915229
   vertex 1.08908 1.1963 0.0984432
  endloop
 endfacet
 facet normal 0.100052 -0.0273113 0.994607
  outer loop
   vertex 0.706548 2.66613e-11 0.104074
   vertex 1.08908 1.1963 0.0984432
   vertex 0.604723 2.66613e-11 0.114317
  endloop
 endfacet
 facet normal 0.100048 -0.0273097 0.994608
  outer loop
   vertex 0.604723 2.66613e-11 0.114317
   vertex 1.08908 1.1963 0.0984432
   vertex 1.0318 1.1963 0.104205
  endloop
 endfacet
 facet normal 0.0827263 -0.0211113 0.996349
  outer loop
   vertex 0.604723 2.66613e-11 0.114317
   vertex 1.0318 1.1963 0.104205
   vertex 0.502735 2.66613e-11 0.122785
  endloop
 endfacet
 facet normal 0.0827438 -0.021119 0.996347
  outer loop
   vertex 0.502735 2.66613e-11 0.122785
   vertex 1.0318 1.1963 0.104205
   vertex 0.974435 1.1963 0.108969
  endloop
 endfacet
 facet normal 0.0580698 -0.0113682 0.998248
  outer loop
   vertex 0.502735 2.66613e-11 0.122785
   vertex 0.974435 1.1963 0.108969
   vertex 0.400572 2.66613e-11 0.128728
  endloop
 endfacet
 facet normal 0.0580685 -0.0113675 0.998248
  outer loop
   vertex 0.400572 2.66613e-11 0.128728
   vertex 0.974435 1.1963 0.108969
   vertex 0.916966 1.1963 0.112312
  endloop
 endfacet
 facet normal 0.018537 0.00571805 0.999812
  outer loop
   vertex 0.400572 2.66613e-11 0.128728
   vertex 0.916966 1.1963 0.112312
   vertex 0.298256 2.66613e-11 0.130625
  endloop
 endfacet
 facet normal 0.0185357 0.00571874 0.999812
  outer loop
   vertex 0.298256 2.66613e-11 0.130625
   vertex 0.916966 1.1963 0.112312
   vertex 0.859412 1.1963 0.113379
  endloop
 endfacet
 facet normal -0.0227127 0.0250619 0.999428
  outer loop
   vertex 0.298256 2.66613e-11 0.130625
   vertex 0.859412 1.1963 0.113379
   vertex 0.195949 2.66613e-11 0.1283
  endloop
 endfacet
 facet normal -0.0227151 0.0250632 0.999428
  outer loop
   vertex 0.195949 2.66613e-11 0.1283
   vertex 0.859412 1.1963 0.113379
   vertex 0.801862 1.1963 0.112071
  endloop
 endfacet
 facet normal -0.0523323 0.0400422 0.997827
  outer loop
   vertex 0.195949 2.66613e-11 0.1283
   vertex 0.801862 1.1963 0.112071
   vertex 0.144849 2.66613e-11 0.12562
  endloop
 endfacet
 facet normal -0.052349 0.0400514 0.997825
  outer loop
   vertex 0.144849 2.66613e-11 0.12562
   vertex 0.801862 1.1963 0.112071
   vertex 0.773118 1.1963 0.110563
  endloop
 endfacet
 facet normal -0.0793083 0.054179 0.995377
  outer loop
   vertex 0.144849 2.66613e-11 0.12562
   vertex 0.773118 1.1963 0.110563
   vertex 0.0938429 2.66613e-11 0.121556
  endloop
 endfacet
 facet normal -0.0793055 0.0541774 0.995377
  outer loop
   vertex 0.0938429 2.66613e-11 0.121556
   vertex 0.773118 1.1963 0.110563
   vertex 0.744426 1.1963 0.108277
  endloop
 endfacet
 facet normal -0.123615 0.0782061 0.989244
  outer loop
   vertex 0.0938429 2.66613e-11 0.121556
   vertex 0.744426 1.1963 0.108277
   vertex 0.0430743 2.66613e-11 0.115212
  endloop
 endfacet
 facet normal -0.123595 0.0781946 0.989247
  outer loop
   vertex 0.0430743 2.66613e-11 0.115212
   vertex 0.744426 1.1963 0.108277
   vertex 0.715868 1.1963 0.104709
  endloop
 endfacet
 facet normal -0.171887 0.105268 0.979476
  outer loop
   vertex 0.0430743 2.66613e-11 0.115212
   vertex 0.715868 1.1963 0.104709
   vertex 0.0304752 2.66613e-11 0.113001
  endloop
 endfacet
 facet normal -0.171929 0.105292 0.979466
  outer loop
   vertex 0.0304752 2.66613e-11 0.113001
   vertex 0.715868 1.1963 0.104709
   vertex 0.708781 1.1963 0.103465
  endloop
 endfacet
 facet normal -0.232542 0.139525 0.962526
  outer loop
   vertex 0.0304752 2.66613e-11 0.113001
   vertex 0.708781 1.1963 0.103465
   vertex 0.0242582 2.66613e-11 0.111499
  endloop
 endfacet
 facet normal -0.232578 0.139545 0.962515
  outer loop
   vertex 0.0242582 2.66613e-11 0.111499
   vertex 0.708781 1.1963 0.103465
   vertex 0.705284 1.1963 0.10262
  endloop
 endfacet
 facet normal -0.319453 0.18875 0.928614
  outer loop
   vertex 0.0242582 2.66613e-11 0.111499
   vertex 0.705284 1.1963 0.10262
   vertex 0.0182119 2.66613e-11 0.109419
  endloop
 endfacet
 facet normal -0.305014 0.180493 0.935088
  outer loop
   vertex 0.705284 1.1963 0.10262
   vertex 0.702764 1.1963 0.101798
   vertex 0.0182119 2.66613e-11 0.109419
  endloop
 endfacet
 facet normal -0.3591 0.211277 0.909071
  outer loop
   vertex 0.0182119 2.66613e-11 0.109419
   vertex 0.702764 1.1963 0.101798
   vertex 0.701883 1.1963 0.10145
  endloop
 endfacet
 facet normal -0.40833 0.239224 0.88093
  outer loop
   vertex 0.0182119 2.66613e-11 0.109419
   vertex 0.701883 1.1963 0.10145
   vertex 0.0153102 2.66613e-11 0.108074
  endloop
 endfacet
 facet normal -0.408362 0.239242 0.880911
  outer loop
   vertex 0.0153102 2.66613e-11 0.108074
   vertex 0.701883 1.1963 0.10145
   vertex 0.70025 1.1963 0.100693
  endloop
 endfacet
 facet normal -0.477735 0.278667 0.833135
  outer loop
   vertex 0.0153102 2.66613e-11 0.108074
   vertex 0.70025 1.1963 0.100693
   vertex 0.0125356 2.66613e-11 0.106483
  endloop
 endfacet
 facet normal -0.448009 0.261683 0.854874
  outer loop
   vertex 0.0125356 2.66613e-11 0.106483
   vertex 0.70025 1.1963 0.100693
   vertex 0.699981 1.1963 0.100552
  endloop
 endfacet
 facet normal -0.470694 0.274638 0.838463
  outer loop
   vertex 0.699981 1.1963 0.100552
   vertex 0.699231 1.1963 0.100131
   vertex 0.0125356 2.66613e-11 0.106483
  endloop
 endfacet
 facet normal -0.500705 0.29174 0.814973
  outer loop
   vertex 0.0125356 2.66613e-11 0.106483
   vertex 0.699231 1.1963 0.100131
   vertex 0.69869 1.1963 0.0997986
  endloop
 endfacet
 facet normal -0.549713 0.319608 0.771794
  outer loop
   vertex 0.0125356 2.66613e-11 0.106483
   vertex 0.69869 1.1963 0.0997986
   vertex 0.00993119 2.66613e-11 0.104628
  endloop
 endfacet
 facet normal -0.518971 0.302021 0.799657
  outer loop
   vertex 0.69869 1.1963 0.0997986
   vertex 0.698449 1.1963 0.0996422
   vertex 0.00993119 2.66613e-11 0.104628
  endloop
 endfacet
 facet normal -0.555437 0.32287 0.766319
  outer loop
   vertex 0.00993119 2.66613e-11 0.104628
   vertex 0.698449 1.1963 0.0996422
   vertex 0.697225 1.1963 0.098755
  endloop
 endfacet
 facet normal -0.622967 0.361311 0.693806
  outer loop
   vertex 0.00993119 2.66613e-11 0.104628
   vertex 0.697225 1.1963 0.098755
   vertex 0.0075523 2.66613e-11 0.102492
  endloop
 endfacet
 facet normal -0.590055 0.342453 0.731137
  outer loop
   vertex 0.0075523 2.66613e-11 0.102492
   vertex 0.697225 1.1963 0.098755
   vertex 0.697049 1.1963 0.098613
  endloop
 endfacet
 facet normal -0.612213 0.355145 0.706447
  outer loop
   vertex 0.0075523 2.66613e-11 0.102492
   vertex 0.697049 1.1963 0.098613
   vertex 0.696431 1.1963 0.0980774
  endloop
 endfacet
 facet normal -0.641447 0.371848 0.671025
  outer loop
   vertex 0.696431 1.1963 0.0980774
   vertex 0.695944 1.1963 0.0976119
   vertex 0.0075523 2.66613e-11 0.102492
  endloop
 endfacet
 facet normal -0.661132 0.38307 0.645106
  outer loop
   vertex 0.0075523 2.66613e-11 0.102492
   vertex 0.695944 1.1963 0.0976119
   vertex 0.695887 1.1963 0.0975535
  endloop
 endfacet
 facet normal -0.694367 0.401994 0.596871
  outer loop
   vertex 0.0075523 2.66613e-11 0.102492
   vertex 0.695887 1.1963 0.0975535
   vertex 0.00546866 2.66613e-11 0.100068
  endloop
 endfacet
 facet normal -0.694163 0.401876 0.597188
  outer loop
   vertex 0.00546866 2.66613e-11 0.100068
   vertex 0.695887 1.1963 0.0975535
   vertex 0.694714 1.1963 0.09619
  endloop
 endfacet
 facet normal -0.745768 0.431318 0.507736
  outer loop
   vertex 0.00546866 2.66613e-11 0.100068
   vertex 0.694714 1.1963 0.09619
   vertex 0.00456888 2.66613e-11 0.0987464
  endloop
 endfacet
 facet normal -0.745872 0.431378 0.507531
  outer loop
   vertex 0.00456888 2.66613e-11 0.0987464
   vertex 0.694714 1.1963 0.09619
   vertex 0.694208 1.1963 0.0954464
  endloop
 endfacet
 facet normal -0.77862 0.450063 0.437257
  outer loop
   vertex 0.00456888 2.66613e-11 0.0987464
   vertex 0.694208 1.1963 0.0954464
   vertex 0.00378604 2.66613e-11 0.0973524
  endloop
 endfacet
 facet normal -0.778733 0.450127 0.43699
  outer loop
   vertex 0.00378604 2.66613e-11 0.0973524
   vertex 0.694208 1.1963 0.0954464
   vertex 0.693768 1.1963 0.0946623
  endloop
 endfacet
 facet normal -0.808824 0.467303 0.356975
  outer loop
   vertex 0.00378604 2.66613e-11 0.0973524
   vertex 0.693768 1.1963 0.0946623
   vertex 0.00314052 2.66613e-11 0.0958898
  endloop
 endfacet
 facet normal -0.808851 0.467318 0.356895
  outer loop
   vertex 0.00314052 2.66613e-11 0.0958898
   vertex 0.693768 1.1963 0.0946623
   vertex 0.693405 1.1963 0.0938395
  endloop
 endfacet
 facet normal -0.834598 0.482019 0.266653
  outer loop
   vertex 0.00314052 2.66613e-11 0.0958898
   vertex 0.693405 1.1963 0.0938395
   vertex 0.00265405 2.66613e-11 0.0943672
  endloop
 endfacet
 facet normal -0.834534 0.481983 0.266918
  outer loop
   vertex 0.00265405 2.66613e-11 0.0943672
   vertex 0.693405 1.1963 0.0938395
   vertex 0.693131 1.1963 0.092983
  endloop
 endfacet
 facet normal -0.854017 0.493111 0.165823
  outer loop
   vertex 0.00265405 2.66613e-11 0.0943672
   vertex 0.693131 1.1963 0.092983
   vertex 0.00234942 2.66613e-11 0.0927983
  endloop
 endfacet
 facet normal -0.864633 0.499175 0.0568667
  outer loop
   vertex 0.692901 1.1963 0.0912033
   vertex 0.00224529 2.66613e-11 0.0912033
   vertex 0.69296 1.1963 0.0921005
  endloop
 endfacet
 facet normal -0.864653 0.499188 0.0564492
  outer loop
   vertex 0.69296 1.1963 0.0921005
   vertex 0.00224529 2.66613e-11 0.0912033
   vertex 0.00234942 2.66613e-11 0.0927983
  endloop
 endfacet
 facet normal -0.85809 0.495444 0.134971
  outer loop
   vertex 0.69296 1.1963 0.0921005
   vertex 0.00234942 2.66613e-11 0.0927983
   vertex 0.693022 1.1963 0.0924946
  endloop
 endfacet
 facet normal -0.850268 0.490942 0.18979
  outer loop
   vertex 0.693022 1.1963 0.0924946
   vertex 0.00234942 2.66613e-11 0.0927983
   vertex 0.693131 1.1963 0.092983
  endloop
 endfacet
endsolid zone0
