Time,Cd,Cd(f),Cd(r),Cl,Cl(f),Cl(r),CmPitch,CmRoll,CmYaw,Cs,Cs(f),Cs(r)
1.0,2.058482,-2.202857,4.261339,-4.95096,0.3831827,-5.334143,2.858663,-3.232098,-1.534379,-0.8631801,-1.965969,1.102789
2.0,2.458709,-3.060324,5.519033,-6.612875,0.4285145,-7.04139,3.734952,-4.289679,-1.830236,-0.9889426,-2.324708,1.335765
3.0,2.121629,-2.865141,4.986769,-6.076241,0.2960405,-6.372281,3.334161,-3.925955,-1.567595,-0.813073,-1.974132,1.161059
4.0,1.420479,-2.103608,3.524087,-4.366676,0.07597886,-4.442655,2.259317,-2.813848,-1.029162,-0.4919818,-1.275153,0.7831715
5.0,0.6561221,-1.191195,1.847317,-2.361152,-0.156812,-2.20434,1.023764,-1.519256,-0.4431858,-0.1528679,-0.5196197,0.3667518
6.0,0.02982384,-0.4255894,0.4554132,-0.683558,-0.3394908,-0.3440672,0.002288222,-0.4405013,0.03685198,0.1190124,0.0963582,0.02265423
7.0,-0.3631736,0.03856507,-0.4017386,0.3477256,-0.4362869,0.7840126,-0.6101498,0.2201519,0.3373449,0.2840697,0.4793798,-0.1953101
8.0,-0.5135922,0.1724776,-0.6860699,0.67747,-0.4421502,1.11962,-0.7808852,0.4292737,0.4505113,0.3403754,0.620699,-0.2803236
9.0,-0.4709236,0.03863191,-0.5095555,0.4396963,-0.3775457,0.8172419,-0.5973938,0.2740937,0.4143572,0.3119068,0.5703105,-0.2584038
10.0,-0.3115064,-0.2521046,-0.05940175,-0.1335103,-0.275641,0.1421307,-0.2088859,-0.09635145,0.2881835,0.2342641,0.4053155,-0.1710514
11.0,-0.1108998,-0.5821786,0.4712788,-0.7999165,-0.172001,-0.6279155,0.2279572,-0.5267287,0.1309522,0.1417228,0.2018137,-0.06009082
12.0,0.0727178,-0.8590788,0.9317966,-1.370051,-0.09496433,-1.275087,0.5900612,-0.8954377,-0.01190741,0.05987403,0.01802961,0.04184442
13.0,0.2062743,-1.034538,1.240812,-1.7431,-0.05863982,-1.68446,0.8129103,-1.137675,-0.1146676,0.002708562,-0.1133133,0.1160218
14.0,0.2803879,-1.104963,1.385351,-1.906143,-0.06157802,-1.844565,0.8914935,-1.245157,-0.170324,-0.02639474,-0.1835214,0.1571267
15.0,0.3021875,-1.095975,1.398162,-1.904862,-0.0922041,-1.812658,0.860227,-1.247069,-0.1848487,-0.03143084,-0.2005641,0.1691332
16.0,0.2865416,-1.042719,1.329261,-1.805887,-0.1355872,-1.6703,0.7673564,-1.18599,-0.1702748,-0.01988009,-0.1802148,0.1603347
17.0,0.2498481,-0.9778883,1.227736,-1.673346,-0.1780987,-1.495247,0.6585742,-1.102812,-0.1397585,0.0002290545,-0.139644,0.139873
18.0,0.2063071,-0.9244607,1.130768,-1.554384,-0.2105155,-1.343869,0.5666765,-1.027614,-0.1045696,0.02215267,-0.09349327,0.1156459
19.0,0.1660046,-0.8935532,1.059558,-1.474039,-0.2289204,-1.245119,0.5080993,-0.9765555,-0.07260327,0.04130503,-0.05195076,0.09325578
20.0,0.1348228,-0.886425,1.021248,-1.438473,-0.2339406,-1.204532,0.4852957,-0.9538364,-0.04832428,0.05529626,-0.02067615,0.07597241
21.0,0.1149041,-0.8976393,1.012543,-1.440337,-0.2291829,-1.211154,0.4909858,-0.9550914,-0.03320206,0.0635791,-0.001412509,0.06499161
22.0,0.1057079,-0.9189382,1.024646,-1.46589,-0.2193836,-1.246506,0.5135612,-0.9717921,-0.02659737,0.0668464,0.006825833,0.06002057
23.0,0.1050782,-0.9424261,1.047504,-1.500934,-0.2089029,-1.292031,0.541564,-0.9949652,-0.02664248,0.06643733,0.006576179,0.05986115
24.0,0.1101317,-0.9623695,1.072501,-1.534322,-0.2008408,-1.333481,0.5663201,-1.017435,-0.03096227,0.06386386,0.0009696557,0.06289421
25.0,0.1179692,-0.9759621,1.093931,-1.559678,-0.1967174,-1.362961,0.5831215,-1.034947,-0.03723325,0.06048181,-0.006992349,0.06747416
26.0,0.1261088,-0.9829095,1.109018,-1.574949,-0.1966766,-1.378272,0.5907978,-1.045964,-0.04351558,0.05731734,-0.01485691,0.07217425
27.0,0.1327882,-0.9846242,1.117412,-1.581315,-0.1999147,-1.3814,0.5907427,-1.051018,-0.0484644,0.05501113,-0.02095883,0.07596996
28.0,0.1370247,-0.9831645,1.120189,-1.581458,-0.2052083,-1.37625,0.5855208,-1.051677,-0.05136412,0.0538371,-0.02444557,0.07828267
29.0,0.1385419,-0.980504,1.119046,-1.578314,-0.211309,-1.367005,0.5778481,-1.049775,-0.05205853,0.05378233,-0.02516737,0.0789497
30.0,0.1376292,-0.9780313,1.115661,-1.574194,-0.2172361,-1.356958,0.5698609,-1.046846,-0.050829,0.05464034,-0.02350884,0.07814917
31.0,0.1349378,-0.9764609,1.111399,-1.570534,-0.2223756,-1.348158,0.5628912,-1.04393,-0.04822968,0.05610771,-0.02017582,0.07628353
32.0,0.1312605,-0.9758869,1.107147,-1.567868,-0.2264858,-1.341382,0.5574481,-1.041517,-0.0449123,0.05786659,-0.015979,0.07384559
33.0,0.1273427,-0.976003,1.103346,-1.566087,-0.2296109,-1.336476,0.5534327,-1.039674,-0.04147802,0.05964314,-0.01165645,0.07129959
34.0,0.1237553,-0.9763499,1.100105,-1.564769,-0.2319651,-1.332804,0.5504194,-1.038228,-0.03837833,0.06124058,-0.007758039,0.06899862
35.0,0.1208354,-0.9765155,1.097351,-1.563461,-0.2338223,-1.329639,0.5479084,-1.036933,-0.03587102,0.06254924,-0.004596398,0.06714564
36.0,0.1186909,-0.9762479,1.094939,-1.561858,-0.2354348,-1.326423,0.545494,-1.035593,-0.03402613,0.06353834,-0.002256959,0.0657953
37.0,0.1172497,-0.9754773,1.092727,-1.559849,-0.2369885,-1.32286,0.5429358,-1.034102,-0.03276889,0.06423674,-0.0006505156,0.06488726
38.0,0.1163327,-0.9742975,1.09063,-1.55752,-0.2385865,-1.318933,0.5401735,-1.032464,-0.0319397,0.06470895,0.0004147795,0.06429417
39.0,0.1157222,-0.9728909,1.088613,-1.555063,-0.2402594,-1.314803,0.537272,-1.030752,-0.0313516,0.06503216,0.001164479,0.06386768
40.0,0.1152192,-0.9714501,1.086669,-1.552679,-0.2419886,-1.31069,0.5343509,-1.02906,-0.03083741,0.06527858,0.001801874,0.0634767
41.0,0.1146788,-0.9701253,1.084804,-1.550518,-0.2437304,-1.306788,0.5315286,-1.027465,-0.03027848,0.06550428,0.002473663,0.06303062
42.0,0.114023,-0.9690011,1.083024,-1.548654,-0.2454349,-1.303219,0.5288919,-1.026013,-0.02961444,0.06574473,0.003257926,0.0624868
43.0,0.1132355,-0.9680993,1.081335,-1.54709,-0.2470586,-1.300031,0.5264863,-1.024717,-0.02883742,0.06601563,0.004170397,0.06184524
44.0,0.1123439,-0.9673954,1.079739,-1.545783,-0.2485699,-1.297213,0.5243214,-1.023567,-0.02797647,0.06631735,0.005182207,0.06113514
45.0,0.1113991,-0.9668439,1.078243,-1.54467,-0.2499498,-1.294721,0.5223854,-1.022543,-0.02707897,0.06664054,0.006241294,0.06039924
46.0,0.1104556,-0.9664022,1.076858,-1.543701,-0.2511887,-1.292512,0.5206617,-1.02163,-0.02619414,0.0669717,0.00729171,0.05967999
47.0,0.1095588,-0.9660452,1.075604,-1.542849,-0.2522837,-1.290566,0.519141,-1.020825,-0.0253617,0.06729749,0.008287042,0.05901045
48.0,0.1087386,-0.9657713,1.07451,-1.542122,-0.2532351,-1.288887,0.5178258,-1.020141,-0.02460648,0.0676074,0.009197226,0.05841018
49.0,0.1080085,-0.9655999,1.073608,-1.541551,-0.2540457,-1.287506,0.5167299,-1.019604,-0.02393799,0.06789492,0.01000947,0.05788545
50.0,0.1073688,-0.9655628,1.072932,-1.541186,-0.2547192,-1.286466,0.5158736,-1.019247,-0.02335353,0.06815746,0.0107252,0.05743226
51.0,0.1068114,-0.965695,1.072506,-1.541075,-0.2552612,-1.285814,0.5152764,-1.019101,-0.02284281,0.06839557,0.01135498,0.05704059
52.0,0.1063246,-0.9660259,1.072351,-1.541263,-0.255679,-1.285584,0.5149526,-1.019188,-0.02239258,0.0686118,0.01191332,0.05669848
53.0,0.1058973,-0.9665743,1.072472,-1.541777,-0.2559817,-1.285795,0.5149069,-1.019523,-0.02199034,0.06880961,0.01241446,0.05639515
54.0,0.1055208,-0.9673457,1.072866,-1.542628,-0.2561803,-1.286448,0.5151337,-1.020106,-0.0216264,0.06899258,0.01286989,0.05612269
55.0,0.1051894,-0.9683332,1.073523,-1.543809,-0.256287,-1.287522,0.5156177,-1.020928,-0.02129456,0.06916384,0.01328735,0.05587648
56.0,0.1048999,-0.96952,1.07442,-1.545303,-0.2563148,-1.288988,0.5163365,-1.02197,-0.02099171,0.06932587,0.01367122,0.05565465
57.0,0.1046509,-0.970883,1.075534,-1.547078,-0.2562767,-1.290802,0.5172625,-1.023208,-0.02071676,0.0694805,0.01402349,0.05545701
58.0,0.1044411,-0.9723961,1.076837,-1.549103,-0.2561851,-1.292918,0.5183664,-1.024617,-0.02046948,0.06962901,0.01434502,0.05528398
59.0,0.1042688,-0.9740333,1.078302,-1.55134,-0.2560513,-1.295289,0.5196188,-1.026168,-0.02024956,0.06977232,0.0146366,0.05513572
60.0,0.1041313,-0.9757703,1.079902,-1.553755,-0.2558854,-1.29787,0.5209922,-1.027836,-0.020056,0.06991111,0.01489955,0.05501156
61.0,0.1040249,-0.9775823,1.081607,-1.556308,-0.2556963,-1.300612,0.5224578,-1.029595,-0.01988682,0.07004584,0.0151361,0.05490974
62.0,0.1039459,-0.9794563,1.083402,-1.558978,-0.2554908,-1.303488,0.5239984,-1.031429,-0.01973964,0.07017713,0.01534892,0.0548282
63.0,0.10389,-0.9813761,1.085266,-1.561739,-0.2552755,-1.306463,0.5255938,-1.033321,-0.01961163,0.0703053,0.01554102,0.05476428
64.0,0.1038534,-0.9833272,1.087181,-1.564563,-0.2550556,-1.309508,0.5272261,-1.035254,-0.01949999,0.07043058,0.0157153,0.05471528
65.0,0.103833,-0.9852971,1.08913,-1.567431,-0.2548354,-1.312595,0.52888,-1.037214,-0.01940219,0.07055307,0.01587435,0.05467872
66.0,0.103826,-0.9872749,1.091101,-1.570323,-0.2546184,-1.315704,0.5305429,-1.039188,-0.01931618,0.07067286,0.01602025,0.05465261
67.0,0.1038309,-0.9892517,1.093083,-1.573224,-0.2544071,-1.318817,0.5322047,-1.041167,-0.01924046,0.07078994,0.01615451,0.05463543
68.0,0.1038462,-0.9912203,1.095066,-1.576122,-0.2542033,-1.321919,0.5338579,-1.043143,-0.01917399,0.07090431,0.01627816,0.05462615
69.0,0.1038711,-0.9931749,1.097046,-1.579009,-0.2540078,-1.325001,0.5354968,-1.04511,-0.01911609,0.071016,0.01639191,0.05462408
70.0,0.103905,-0.9951114,1.099016,-1.581878,-0.2538211,-1.328056,0.5371176,-1.047064,-0.01906623,0.07112502,0.01649628,0.05462875
71.0,0.1039471,-0.9970269,1.100974,-1.584722,-0.2536432,-1.331079,0.5387179,-1.049,-0.01902396,0.07123149,0.01659178,0.05463971
72.0,0.1039965,-0.9989194,1.102916,-1.587539,-0.2534734,-1.334066,0.5402961,-1.050918,-0.01898873,0.07133554,0.01667904,0.0546565
73.0,0.1040523,-1.000788,1.10484,-1.590325,-0.2533111,-1.337014,0.5418515,-1.052814,-0.01895987,0.07143736,0.01675881,0.05467855
74.0,0.1041134,-1.002633,1.106746,-1.593079,-0.2531556,-1.339923,0.5433839,-1.054689,-0.01893659,0.07153716,0.01683199,0.05470518
75.0,0.1041785,-1.004453,1.108632,-1.595798,-0.253006,-1.342792,0.5448932,-1.056543,-0.01891803,0.07163518,0.01689956,0.05473562
76.0,0.1042468,-1.006253,1.1105,-1.598487,-0.2528612,-1.345626,0.5463825,-1.058377,-0.01890336,0.07173168,0.01696248,0.0547692
77.0,0.1043168,-1.008028,1.112345,-1.601136,-0.252721,-1.348415,0.5478471,-1.060187,-0.0188916,0.07182671,0.01702176,0.05480496
78.0,0.1043877,-1.009778,1.114165,-1.603744,-0.2525846,-1.351159,0.5492873,-1.061972,-0.018882,0.07192038,0.01707819,0.0548422
79.0,0.1044589,-1.011502,1.115961,-1.606311,-0.2524518,-1.353859,0.5507035,-1.063732,-0.018874,0.07201275,0.01713237,0.05488038
80.0,0.1045314,-1.013205,1.117737,-1.608854,-0.2523246,-1.35653,0.5521026,-1.065471,-0.01886773,0.0721038,0.01718417,0.05491963
81.0,0.104604,-1.014883,1.119487,-1.611363,-0.2522019,-1.359161,0.5534794,-1.067185,-0.0188627,0.07219322,0.01723391,0.05495931
82.0,0.1046829,-1.016534,1.121217,-1.613837,-0.2520682,-1.361769,0.5548505,-1.068876,-0.0188651,0.0722789,0.01727435,0.05500455
83.0,0.1047624,-1.018142,1.122904,-1.616245,-0.2519328,-1.364312,0.5561898,-1.070523,-0.01887018,0.07236161,0.01731062,0.05505098
84.0,0.1048384,-1.019701,1.124539,-1.618573,-0.2518027,-1.36677,0.5574837,-1.07212,-0.01887444,0.07244222,0.01734667,0.05509556
85.0,0.1049091,-1.021213,1.126122,-1.620823,-0.251682,-1.369141,0.5587295,-1.073668,-0.01887607,0.07252146,0.01738466,0.0551368
86.0,0.1049747,-1.022687,1.127662,-1.623008,-0.2515716,-1.371436,0.5599324,-1.075174,-0.01887477,0.07259975,0.0174251,0.05517465
87.0,0.105036,-1.024126,1.129162,-1.625137,-0.2514708,-1.373666,0.5610975,-1.076644,-0.01887112,0.07267716,0.01746745,0.0552097
88.0,0.1050948,-1.025542,1.130637,-1.627229,-0.2513775,-1.375851,0.5622368,-1.078089,-0.01886631,0.07275371,0.01751055,0.05524316
89.0,0.1051523,-1.026936,1.132088,-1.62929,-0.25129,-1.378,0.5633548,-1.079512,-0.01886124,0.07282927,0.0175534,0.05527587
90.0,0.1052091,-1.028305,1.133514,-1.631318,-0.2512072,-1.380111,0.564452,-1.08091,-0.01885644,0.07290364,0.01759538,0.05530826
91.0,0.1052652,-1.029647,1.134912,-1.63331,-0.2511286,-1.382181,0.5655263,-1.08228,-0.01885201,0.07297667,0.01763632,0.05534035
92.0,0.10532,-1.030957,1.136277,-1.635257,-0.2510548,-1.384202,0.5665737,-1.083617,-0.01884767,0.07304835,0.0176765,0.05537185
93.0,0.1053731,-1.032231,1.137604,-1.637153,-0.2509862,-1.386167,0.5675904,-1.084917,-0.01884305,0.07311866,0.01771628,0.05540239
94.0,0.105424,-1.033466,1.13889,-1.638994,-0.2509235,-1.38807,0.5685733,-1.086178,-0.01883776,0.07318762,0.01775605,0.05543158
95.0,0.1054654,-1.034622,1.140087,-1.640704,-0.2508752,-1.389829,0.5694768,-1.087354,-0.01882718,0.073255,0.01780033,0.05545468
96.0,0.105501,-1.035717,1.141219,-1.642319,-0.2508365,-1.391483,0.570323,-1.088468,-0.01881371,0.07332082,0.0178467,0.05547412
97.0,0.1055344,-1.036773,1.142308,-1.643876,-0.2508032,-1.393073,0.5711347,-1.089541,-0.01879951,0.07338517,0.01789307,0.0554921
98.0,0.1055674,-1.037799,1.143366,-1.645391,-0.2507726,-1.394618,0.5719229,-1.090583,-0.01878595,0.073448,0.01793805,0.05550995
99.0,0.1056008,-1.038798,1.144399,-1.646872,-0.250744,-1.396128,0.572692,-1.091598,-0.01877349,0.07350931,0.01798116,0.05552815
100.0,0.1056346,-1.039774,1.145408,-1.648324,-0.2507176,-1.397606,0.5734442,-1.092591,-0.01876208,0.07356923,0.01802253,0.05554669
101.0,0.1056681,-1.040723,1.146391,-1.64974,-0.2506944,-1.399045,0.5741755,-1.093557,-0.01875114,0.07362781,0.01806277,0.05556504
102.0,0.1057001,-1.041641,1.147341,-1.651112,-0.2506755,-1.400436,0.5748803,-1.094491,-0.01873998,0.07368509,0.01810257,0.05558252
103.0,0.10573,-1.042524,1.148254,-1.652431,-0.2506616,-1.401769,0.5755539,-1.095389,-0.01872803,0.07374107,0.01814251,0.05559856
104.0,0.1057571,-1.043368,1.149125,-1.653694,-0.2506531,-1.403041,0.5761938,-1.096246,-0.01871495,0.07379575,0.01818293,0.05561282
105.0,0.1057813,-1.044173,1.149955,-1.654899,-0.2506497,-1.404249,0.5767996,-1.097064,-0.01870065,0.0738491,0.0182239,0.0556252
106.0,0.1058028,-1.044941,1.150744,-1.656048,-0.250651,-1.405397,0.5773729,-1.097843,-0.01868524,0.07390111,0.01826531,0.0556358
107.0,0.105822,-1.045674,1.151496,-1.657145,-0.2506562,-1.406489,0.5779163,-1.098585,-0.01866896,0.07395176,0.01830692,0.05564484
108.0,0.1058392,-1.046374,1.152213,-1.658195,-0.2506644,-1.40753,0.5784329,-1.099294,-0.01865209,0.07400106,0.01834844,0.05565262
109.0,0.105855,-1.047044,1.152899,-1.659201,-0.2506751,-1.408526,0.5789256,-1.099972,-0.01863487,0.07404899,0.01838962,0.05565937
110.0,0.1058695,-1.047686,1.153556,-1.660169,-0.2506876,-1.409481,0.5793969,-1.100621,-0.01861753,0.07409558,0.01843026,0.05566531
111.0,0.105883,-1.048303,1.154186,-1.6611,-0.2507015,-1.410399,0.5798486,-1.101244,-0.01860018,0.07414083,0.01847023,0.0556706
112.0,0.1058956,-1.048894,1.15479,-1.661997,-0.2507167,-1.411281,0.5802819,-1.101842,-0.01858293,0.07418476,0.01850945,0.05567531
113.0,0.1059075,-1.049462,1.15537,-1.662861,-0.250733,-1.412128,0.5806977,-1.102416,-0.01856581,0.0742274,0.01854789,0.0556795
114.0,0.1059185,-1.050007,1.155926,-1.663694,-0.2507502,-1.412943,0.5810966,-1.102967,-0.01854882,0.07426876,0.01858556,0.0556832
115.0,0.1059289,-1.05053,1.156459,-1.664495,-0.2507683,-1.413727,0.5814791,-1.103495,-0.01853199,0.07430889,0.01862246,0.05568643
116.0,0.1059384,-1.051029,1.156968,-1.665262,-0.2507873,-1.414475,0.5818439,-1.103999,-0.01851526,0.07434772,0.01865861,0.05568912
117.0,0.1059474,-1.051509,1.157457,-1.666003,-0.2508068,-1.415196,0.5821947,-1.104483,-0.01849874,0.07438539,0.01869395,0.05569144
118.0,0.1059519,-1.05194,1.157892,-1.666659,-0.2508307,-1.415828,0.5824986,-1.104916,-0.01848054,0.07442136,0.01873014,0.05569122
119.0,0.1059544,-1.052338,1.158292,-1.66726,-0.250856,-1.416404,0.5827739,-1.105315,-0.01846188,0.07445579,0.01876602,0.05568978
120.0,0.1059565,-1.052712,1.158669,-1.667828,-0.2508807,-1.416947,0.5830331,-1.105691,-0.01844369,0.07448883,0.01880073,0.0556881
121.0,0.1059598,-1.053078,1.159038,-1.668389,-0.2509034,-1.417486,0.5832913,-1.106058,-0.01842671,0.07452074,0.01883366,0.05568708
122.0,0.1059647,-1.053441,1.159406,-1.668954,-0.2509235,-1.41803,0.5835534,-1.106424,-0.0184112,0.07455166,0.01886463,0.05568703
123.0,0.1059712,-1.053801,1.159772,-1.66952,-0.2509416,-1.418579,0.5838186,-1.106787,-0.01839706,0.07458167,0.01889378,0.0556879
124.0,0.1059785,-1.054155,1.160134,-1.670083,-0.2509583,-1.419124,0.584083,-1.107144,-0.01838397,0.0746108,0.01892143,0.05568937
125.0,0.1059862,-1.054499,1.160485,-1.670632,-0.2509744,-1.419658,0.5843416,-1.107492,-0.01837154,0.07463905,0.01894798,0.05569106
126.0,0.1059936,-1.054829,1.160823,-1.671162,-0.2509906,-1.420171,0.5845902,-1.107826,-0.01835945,0.07466641,0.01897376,0.05569265
127.0,0.1059999,-1.055146,1.161146,-1.671669,-0.2510097,-1.42066,0.584825,-1.108146,-0.01834707,0.07469319,0.01899953,0.05569366
128.0,0.1060054,-1.055452,1.161458,-1.672157,-0.2510303,-1.421127,0.5850483,-1.108455,-0.01833457,0.07471936,0.01902511,0.05569424
129.0,0.1060104,-1.055747,1.161757,-1.672628,-0.2510514,-1.421576,0.5852624,-1.108752,-0.01832212,0.07474483,0.0190503,0.05569454
130.0,0.1060152,-1.05603,1.162046,-1.673081,-0.2510718,-1.422009,0.5854687,-1.109038,-0.01830997,0.07476953,0.0190748,0.05569474
131.0,0.1060198,-1.056303,1.162323,-1.673518,-0.2510911,-1.422427,0.5856681,-1.109313,-0.01829824,0.0747934,0.01909846,0.05569494
132.0,0.1060245,-1.056565,1.162589,-1.673941,-0.2511091,-1.422832,0.5858613,-1.109577,-0.018287,0.07481642,0.01912121,0.05569521
133.0,0.1060292,-1.056816,1.162846,-1.674349,-0.2511259,-1.423223,0.5860485,-1.109831,-0.01827625,0.0748386,0.01914305,0.05569554
134.0,0.1060339,-1.057059,1.163093,-1.674744,-0.2511416,-1.423602,0.5862301,-1.110076,-0.01826598,0.07485999,0.01916401,0.05569597
135.0,0.1060387,-1.057294,1.163332,-1.675126,-0.2511567,-1.42397,0.5864065,-1.110313,-0.01825618,0.07488063,0.01918414,0.0556965
136.0,0.1060435,-1.057521,1.163565,-1.675498,-0.2511713,-1.424327,0.5865779,-1.110543,-0.01824682,0.07490059,0.01920348,0.05569711
137.0,0.1060482,-1.057743,1.163791,-1.675861,-0.2511857,-1.424675,0.5867447,-1.110767,-0.01823778,0.07491991,0.01922218,0.05569773
138.0,0.1060529,-1.057958,1.164011,-1.676213,-0.2511998,-1.425013,0.5869066,-1.110984,-0.0182291,0.07493861,0.0192402,0.05569841
139.0,0.1060576,-1.058168,1.164226,-1.676557,-0.2512137,-1.425343,0.5870647,-1.111197,-0.0182208,0.07495675,0.01925757,0.05569918
140.0,0.1060623,-1.058374,1.164436,-1.676893,-0.2512274,-1.425665,0.587219,-1.111405,-0.01821286,0.07497433,0.01927431,0.05570002
141.0,0.1060672,-1.058573,1.164641,-1.677221,-0.2512391,-1.425982,0.5873712,-1.111607,-0.01820552,0.0749912,0.01929008,0.05570111
142.0,0.1060722,-1.058766,1.164838,-1.677538,-0.2512497,-1.426288,0.5875192,-1.111802,-0.0181986,0.07500738,0.01930509,0.05570229
143.0,0.1060771,-1.058952,1.165029,-1.677844,-0.2512599,-1.426584,0.5876621,-1.11199,-0.01819196,0.07502296,0.01931952,0.05570344
144.0,0.1060817,-1.059131,1.165213,-1.67814,-0.2512702,-1.42687,0.5877997,-1.112172,-0.01818553,0.07503802,0.01933349,0.05570454
145.0,0.1060831,-1.059282,1.165365,-1.678378,-0.251284,-1.427094,0.5879049,-1.112324,-0.01817777,0.07505232,0.01934839,0.05570393
146.0,0.1060831,-1.059416,1.165499,-1.678584,-0.2512994,-1.427284,0.5879925,-1.112457,-0.01816957,0.07506596,0.01936341,0.05570254
147.0,0.106083,-1.059544,1.165627,-1.67878,-0.2513143,-1.427465,0.5880755,-1.112585,-0.01816166,0.07507905,0.01937787,0.05570118
148.0,0.1060839,-1.059673,1.165757,-1.678981,-0.2513274,-1.427654,0.5881633,-1.112715,-0.01815455,0.0750917,0.01939131,0.0557004
149.0,0.106086,-1.059809,1.165895,-1.679197,-0.2513382,-1.427859,0.5882602,-1.112852,-0.01814827,0.075104,0.01940373,0.05570027
150.0,0.1060894,-1.059951,1.16604,-1.679426,-0.2513467,-1.428079,0.5883663,-1.112996,-0.01814294,0.075116,0.01941506,0.05570095
151.0,0.1060938,-1.060097,1.166191,-1.679665,-0.2513536,-1.428312,0.5884791,-1.113144,-0.01813836,0.07512774,0.01942551,0.05570223
152.0,0.1060985,-1.060241,1.16634,-1.679902,-0.2513595,-1.428543,0.5885915,-1.11329,-0.01813411,0.07513914,0.01943546,0.05570368
153.0,0.1061035,-1.060384,1.166487,-1.680137,-0.251365,-1.428772,0.5887036,-1.113436,-0.01813025,0.07515031,0.0194449,0.0557054
154.0,0.106108,-1.060522,1.16663,-1.680365,-0.2513704,-1.428995,0.5888123,-1.113576,-0.01812625,0.07516123,0.01945436,0.05570686
155.0,0.1061123,-1.060655,1.166767,-1.680584,-0.2513762,-1.429208,0.5889157,-1.113711,-0.01812233,0.07517187,0.0194636,0.05570827
156.0,0.1061162,-1.060783,1.166899,-1.680793,-0.2513823,-1.429411,0.5890142,-1.113841,-0.01811834,0.07518225,0.01947278,0.05570947
157.0,0.1061196,-1.060904,1.167024,-1.680991,-0.2513886,-1.429603,0.589107,-1.113964,-0.01811428,0.07519231,0.01948187,0.05571044
158.0,0.1061226,-1.06102,1.167143,-1.681181,-0.251395,-1.429786,0.5891955,-1.114082,-0.01811023,0.07520205,0.0194908,0.05571125
159.0,0.1061254,-1.061133,1.167258,-1.681364,-0.2514013,-1.429963,0.5892808,-1.114195,-0.01810612,0.07521149,0.01949963,0.05571186
160.0,0.1061281,-1.061242,1.167371,-1.681543,-0.2514072,-1.430136,0.5893642,-1.114306,-0.01810216,0.07522063,0.01950815,0.05571248
161.0,0.1061308,-1.06135,1.167481,-1.681718,-0.2514128,-1.430306,0.5894464,-1.114416,-0.01809841,0.0752295,0.01951634,0.05571316
162.0,0.1061337,-1.061457,1.16759,-1.681892,-0.251418,-1.430474,0.589528,-1.114523,-0.01809487,0.0752381,0.01952418,0.05571393
163.0,0.1061366,-1.061562,1.167698,-1.682064,-0.2514227,-1.430641,0.5896091,-1.11463,-0.01809155,0.07524647,0.01953169,0.05571479
164.0,0.1061393,-1.061662,1.167801,-1.682226,-0.2514273,-1.430799,0.589686,-1.114731,-0.0180883,0.07525451,0.01953896,0.05571555
165.0,0.1061425,-1.061763,1.167906,-1.682395,-0.2514319,-1.430963,0.5897654,-1.114834,-0.0180854,0.07526235,0.01954577,0.05571657
166.0,0.1061459,-1.061865,1.168011,-1.682564,-0.2514364,-1.431128,0.5898456,-1.114938,-0.01808276,0.07526996,0.01955222,0.05571774
167.0,0.1061493,-1.061965,1.168114,-1.682732,-0.2514408,-1.431291,0.589925,-1.11504,-0.0180803,0.07527735,0.01955838,0.05571897
168.0,0.1061526,-1.062063,1.168216,-1.682895,-0.2514451,-1.43145,0.5900025,-1.115139,-0.01807793,0.07528452,0.01956433,0.05572019
169.0,0.1061557,-1.062158,1.168314,-1.683053,-0.2514492,-1.431604,0.5900774,-1.115236,-0.01807562,0.07529148,0.01957012,0.05572136
170.0,0.1061586,-1.062251,1.16841,-1.683206,-0.2514532,-1.431753,0.5901497,-1.11533,-0.01807334,0.07529826,0.01957579,0.05572247
171.0,0.1061616,-1.062341,1.168503,-1.683353,-0.251457,-1.431897,0.5902198,-1.115422,-0.01807126,0.07530486,0.01958117,0.05572369
172.0,0.1061643,-1.062429,1.168594,-1.683497,-0.2514606,-1.432037,0.590288,-1.115511,-0.01806906,0.0753113,0.01958659,0.05572471
173.0,0.1061668,-1.062516,1.168683,-1.683638,-0.2514641,-1.432174,0.590355,-1.115599,-0.01806692,0.0753176,0.01959188,0.05572572
174.0,0.1061694,-1.062601,1.16877,-1.683776,-0.2514674,-1.432309,0.5904208,-1.115685,-0.01806486,0.07532375,0.01959702,0.05572673
175.0,0.1061719,-1.062684,1.168856,-1.683912,-0.2514706,-1.432442,0.5904857,-1.11577,-0.01806287,0.07532976,0.01960201,0.05572775
176.0,0.1061744,-1.062767,1.168941,-1.684047,-0.2514736,-1.432573,0.5905497,-1.115854,-0.01806095,0.07533563,0.01960686,0.05572877
177.0,0.1061769,-1.062847,1.169024,-1.684178,-0.2514765,-1.432702,0.5906127,-1.115936,-0.01805911,0.07534136,0.01961157,0.05572979
178.0,0.1061765,-1.062905,1.169081,-1.684263,-0.2514829,-1.43278,0.5906485,-1.115993,-0.01805578,0.07534677,0.01961761,0.05572916
179.0,0.1061744,-1.062948,1.169122,-1.684319,-0.2514908,-1.432828,0.5906685,-1.116035,-0.01805171,0.07535184,0.0196242,0.05572763
180.0,0.106172,-1.062984,1.169156,-1.684362,-0.2514984,-1.432864,0.5906827,-1.11607,-0.01804761,0.07535658,0.01963068,0.0557259
181.0,0.1061701,-1.06302,1.16919,-1.684408,-0.2515047,-1.432903,0.5906992,-1.116105,-0.01804396,0.07536104,0.01963656,0.05572448
182.0,0.1061692,-1.063056,1.169225,-1.684456,-0.2515091,-1.432947,0.5907189,-1.11614,-0.01804097,0.07536515,0.01964161,0.05572354
183.0,0.1061695,-1.0631,1.16927,-1.684522,-0.251511,-1.433011,0.5907498,-1.116185,-0.01803879,0.07536915,0.01964578,0.05572337
184.0,0.1061708,-1.063148,1.169319,-1.684597,-0.251511,-1.433086,0.5907876,-1.116234,-0.01803729,0.07537295,0.01964918,0.05572377
185.0,0.1061729,-1.0632,1.169373,-1.68468,-0.2515099,-1.43317,0.5908302,-1.116286,-0.01803629,0.07537659,0.019652,0.05572459
186.0,0.1061753,-1.063252,1.169427,-1.684766,-0.2515084,-1.433257,0.5908744,-1.116339,-0.01803555,0.07538012,0.01965451,0.0557256
187.0,0.1061775,-1.063299,1.169477,-1.684846,-0.2515075,-1.433338,0.5909154,-1.116388,-0.01803481,0.07538343,0.01965691,0.05572652
188.0,0.1061801,-1.063349,1.169529,-1.684931,-0.2515071,-1.433424,0.5909584,-1.116439,-0.01803423,0.07538674,0.01965914,0.0557276
189.0,0.1061821,-1.063394,1.169576,-1.685007,-0.2515074,-1.4335,0.5909964,-1.116485,-0.01803346,0.07538989,0.01966148,0.05572841
190.0,0.1061838,-1.063436,1.16962,-1.685079,-0.2515082,-1.43357,0.5910311,-1.116528,-0.01803256,0.07539298,0.01966393,0.05572905
191.0,0.1061849,-1.063472,1.169657,-1.685137,-0.2515095,-1.433628,0.5910591,-1.116565,-0.0180314,0.07539586,0.01966653,0.05572933
192.0,0.1061857,-1.063507,1.169692,-1.685193,-0.251511,-1.433682,0.5910854,-1.116599,-0.0180302,0.07539869,0.01966915,0.05572954
193.0,0.1061866,-1.063541,1.169727,-1.685247,-0.2515124,-1.433735,0.5911112,-1.116634,-0.01802901,0.07540148,0.01967173,0.05572975
194.0,0.1061875,-1.063575,1.169763,-1.685302,-0.2515137,-1.433789,0.5911375,-1.116669,-0.01802789,0.07540424,0.01967423,0.05573001
195.0,0.1061884,-1.06361,1.169799,-1.685358,-0.2515148,-1.433844,0.5911644,-1.116705,-0.01802684,0.07540697,0.01967664,0.05573033
196.0,0.1061894,-1.063646,1.169835,-1.685415,-0.2515157,-1.433899,0.5911916,-1.11674,-0.01802587,0.07540964,0.01967895,0.05573069
197.0,0.1061905,-1.063681,1.169871,-1.68547,-0.2515164,-1.433954,0.5912188,-1.116776,-0.01802496,0.07541225,0.01968116,0.05573109
198.0,0.1061916,-1.063715,1.169906,-1.685526,-0.251517,-1.434009,0.5912458,-1.116811,-0.01802412,0.07541479,0.01968328,0.05573151
199.0,0.1061927,-1.063748,1.169941,-1.68558,-0.2515175,-1.434063,0.5912726,-1.116845,-0.01802332,0.07541726,0.01968532,0.05573195
200.0,0.1061938,-1.063782,1.169975,-1.685634,-0.251518,-1.434116,0.591299,-1.116879,-0.01802256,0.07541968,0.01968728,0.0557324
201.0,0.1061949,-1.063814,1.170009,-1.685687,-0.2515185,-1.434169,0.591325,-1.116912,-0.01802183,0.07542203,0.01968918,0.05573285
202.0,0.106196,-1.063846,1.170042,-1.685739,-0.251519,-1.43422,0.5913506,-1.116944,-0.01802113,0.07542434,0.01969104,0.0557333
203.0,0.1061971,-1.063878,1.170075,-1.685791,-0.2515196,-1.434271,0.5913757,-1.116976,-0.01802044,0.0754266,0.01969287,0.05573374
204.0,0.1061981,-1.063909,1.170107,-1.685841,-0.2515203,-1.434321,0.5914003,-1.117008,-0.01801976,0.07542882,0.01969465,0.05573417
205.0,0.1061991,-1.063939,1.170138,-1.685891,-0.2515209,-1.43437,0.5914243,-1.117039,-0.01801909,0.075431,0.01969641,0.05573459
206.0,0.1062001,-1.063969,1.170169,-1.685939,-0.2515216,-1.434418,0.591448,-1.117069,-0.01801844,0.07543314,0.01969813,0.05573501
207.0,0.1062011,-1.063999,1.1702,-1.685987,-0.2515223,-1.434465,0.5914714,-1.117099,-0.01801781,0.07543523,0.01969981,0.05573543
208.0,0.1062025,-1.064029,1.170231,-1.686037,-0.2515223,-1.434514,0.591496,-1.11713,-0.01801756,0.07543721,0.01970104,0.05573616
209.0,0.1062038,-1.064058,1.170262,-1.686085,-0.2515217,-1.434564,0.591521,-1.11716,-0.01801725,0.07543909,0.01970229,0.0557368
210.0,0.1062051,-1.064087,1.170292,-1.686133,-0.251521,-1.434612,0.5915453,-1.117189,-0.018017,0.07544087,0.01970344,0.05573743
211.0,0.1062063,-1.064114,1.17032,-1.686178,-0.2515204,-1.434657,0.5915685,-1.117217,-0.01801673,0.07544258,0.01970456,0.05573802
212.0,0.1062096,-1.064158,1.170368,-1.686257,-0.2515175,-1.43474,0.591611,-1.117263,-0.01801762,0.07544446,0.0197046,0.05573985
213.0,0.1062118,-1.064194,1.170406,-1.68632,-0.2515162,-1.434804,0.5916437,-1.1173,-0.01801791,0.07544626,0.01970523,0.05574104
214.0,0.1062131,-1.064222,1.170435,-1.686368,-0.2515163,-1.434851,0.5916675,-1.117329,-0.01801767,0.075448,0.01970633,0.05574167
215.0,0.1062137,-1.064245,1.170459,-1.686405,-0.2515173,-1.434888,0.5916851,-1.117352,-0.01801707,0.07544969,0.01970778,0.05574191
216.0,0.1062139,-1.064266,1.17048,-1.686436,-0.2515189,-1.434918,0.5916993,-1.117373,-0.01801626,0.07545135,0.01970941,0.05574194
217.0,0.1062139,-1.064285,1.170499,-1.686466,-0.2515208,-1.434945,0.5917121,-1.117392,-0.01801537,0.075453,0.01971113,0.05574187
218.0,0.1062139,-1.064304,1.170518,-1.686495,-0.2515227,-1.434972,0.5917246,-1.117411,-0.01801448,0.07545463,0.01971284,0.05574179
219.0,0.106214,-1.064324,1.170538,-1.686525,-0.2515245,-1.435,0.5917379,-1.117431,-0.01801365,0.07545623,0.01971447,0.05574177
220.0,0.1062143,-1.064345,1.170559,-1.686557,-0.2515261,-1.435031,0.5917525,-1.117452,-0.01801294,0.07545781,0.01971596,0.05574184
221.0,0.1062147,-1.064367,1.170582,-1.686592,-0.2515273,-1.435065,0.5917688,-1.117474,-0.01801236,0.07545935,0.01971732,0.05574204
222.0,0.1062154,-1.064391,1.170606,-1.68663,-0.2515282,-1.435102,0.5917869,-1.117499,-0.01801193,0.07546088,0.01971851,0.05574237
223.0,0.1062184,-1.064433,1.170651,-1.686704,-0.2515268,-1.435178,0.5918254,-1.117542,-0.01801272,0.07546258,0.01971857,0.05574401
224.0,0.1062205,-1.064469,1.17069,-1.686767,-0.2515262,-1.43524,0.5918571,-1.117579,-0.0180131,0.07546423,0.01971901,0.05574522
225.0,0.106222,-1.064499,1.170721,-1.686817,-0.2515265,-1.435291,0.591882,-1.11761,-0.01801311,0.07546581,0.0197198,0.05574601
226.0,0.1062228,-1.064525,1.170747,-1.686858,-0.2515273,-1.43533,0.5919014,-1.117636,-0.01801281,0.07546734,0.01972086,0.05574648
227.0,0.1062233,-1.064546,1.17077,-1.686892,-0.2515286,-1.435363,0.5919173,-1.117658,-0.01801231,0.07546883,0.01972211,0.05574672
228.0,0.1062239,-1.064568,1.170792,-1.686927,-0.2515304,-1.435397,0.5919331,-1.11768,-0.01801182,0.07547029,0.01972332,0.05574697
229.0,0.1062242,-1.064588,1.170812,-1.686958,-0.2515322,-1.435426,0.591947,-1.1177,-0.01801125,0.07547171,0.0197246,0.05574711
230.0,0.1062244,-1.064607,1.170832,-1.686988,-0.2515337,-1.435454,0.5919603,-1.117719,-0.01801066,0.07547309,0.01972588,0.05574721
231.0,0.1062247,-1.064627,1.170852,-1.687018,-0.2515351,-1.435483,0.591974,-1.117739,-0.0180101,0.07547447,0.01972713,0.05574734
232.0,0.1062268,-1.064662,1.170889,-1.687079,-0.2515343,-1.435544,0.592005,-1.117775,-0.01801057,0.07547599,0.01972743,0.05574856
233.0,0.1062283,-1.064692,1.17092,-1.687129,-0.2515342,-1.435595,0.5920301,-1.117806,-0.01801067,0.07547748,0.01972807,0.05574941
234.0,0.1062296,-1.06472,1.170949,-1.687176,-0.251535,-1.43564,0.5920527,-1.117835,-0.01801064,0.07547893,0.01972882,0.05575011
235.0,0.1062303,-1.064743,1.170974,-1.687213,-0.2515361,-1.435677,0.5920705,-1.117858,-0.01801036,0.07548032,0.01972981,0.05575052
236.0,0.1062307,-1.064764,1.170994,-1.687245,-0.2515375,-1.435707,0.592085,-1.117879,-0.0180099,0.07548168,0.01973094,0.05575074
237.0,0.1062312,-1.064784,1.171015,-1.687277,-0.2515391,-1.435738,0.5920995,-1.1179,-0.01800946,0.075483,0.01973204,0.05575096
238.0,0.1062314,-1.064802,1.171034,-1.687306,-0.2515406,-1.435765,0.5921122,-1.117918,-0.01800894,0.07548428,0.0197332,0.05575108
239.0,0.1062316,-1.06482,1.171052,-1.687332,-0.2515419,-1.435791,0.5921243,-1.117936,-0.01800839,0.07548554,0.01973438,0.05575115
240.0,0.1062334,-1.064852,1.171085,-1.687387,-0.2515412,-1.435846,0.5921523,-1.117969,-0.01800875,0.07548694,0.01973473,0.05575222
241.0,0.1062349,-1.064881,1.171116,-1.687436,-0.2515414,-1.435895,0.5921768,-1.117999,-0.01800891,0.07548831,0.01973524,0.05575307
242.0,0.1062358,-1.064905,1.17114,-1.687475,-0.2515421,-1.435932,0.5921951,-1.118023,-0.01800874,0.07548962,0.01973607,0.05575355
243.0,0.1062362,-1.064924,1.17116,-1.687505,-0.2515432,-1.435962,0.5922094,-1.118042,-0.01800835,0.07549088,0.01973709,0.05575379
244.0,0.1062366,-1.064944,1.17118,-1.687536,-0.2515446,-1.435991,0.5922233,-1.118062,-0.01800796,0.07549212,0.0197381,0.05575402
245.0,0.1062368,-1.064961,1.171198,-1.687562,-0.251546,-1.436016,0.5922352,-1.11808,-0.01800747,0.07549332,0.01973919,0.05575413
246.0,0.1062372,-1.064979,1.171216,-1.687591,-0.2515475,-1.436043,0.5922479,-1.118098,-0.01800705,0.07549451,0.0197402,0.05575431
247.0,0.1062389,-1.065009,1.171248,-1.687642,-0.251547,-1.436095,0.5922739,-1.118128,-0.01800739,0.07549579,0.01974051,0.05575528
248.0,0.1062399,-1.065033,1.171273,-1.687682,-0.2515471,-1.436135,0.5922937,-1.118153,-0.01800735,0.07549703,0.01974116,0.05575587
249.0,0.1062407,-1.065055,1.171296,-1.687718,-0.251548,-1.43617,0.5923111,-1.118176,-0.0180072,0.07549824,0.01974192,0.05575633
250.0,0.1062411,-1.065074,1.171315,-1.687747,-0.251549,-1.436198,0.5923245,-1.118194,-0.01800684,0.07549941,0.01974287,0.05575654
251.0,0.1062415,-1.065092,1.171333,-1.687776,-0.2515504,-1.436225,0.5923374,-1.118213,-0.01800646,0.07550056,0.01974381,0.05575674
252.0,0.1062416,-1.065108,1.171349,-1.6878,-0.2515517,-1.436248,0.5923483,-1.118229,-0.01800599,0.07550167,0.01974484,0.05575683
253.0,0.1062417,-1.065123,1.171365,-1.687823,-0.2515528,-1.43627,0.5923587,-1.118244,-0.01800549,0.07550278,0.0197459,0.05575688
254.0,0.1062433,-1.065151,1.171394,-1.687871,-0.2515524,-1.436318,0.5923829,-1.118273,-0.01800582,0.07550397,0.01974616,0.0557578
255.0,0.1062443,-1.065174,1.171418,-1.687908,-0.2515525,-1.436355,0.5924015,-1.118296,-0.01800581,0.07550511,0.01974675,0.05575837
256.0,0.1062451,-1.065195,1.17144,-1.687942,-0.2515532,-1.436389,0.5924179,-1.118317,-0.0180057,0.07550623,0.01974742,0.05575881
257.0,0.1062455,-1.065211,1.171457,-1.687969,-0.2515541,-1.436415,0.5924302,-1.118334,-0.01800536,0.07550731,0.0197483,0.05575901
258.0,0.1062458,-1.065228,1.171474,-1.687995,-0.2515554,-1.43644,0.5924422,-1.118351,-0.01800502,0.07550838,0.01974917,0.0557592
259.0,0.1062458,-1.06524,1.171486,-1.688013,-0.2515566,-1.436457,0.5924501,-1.118363,-0.01800452,0.07550933,0.01975015,0.05575918
260.0,0.1062471,-1.065266,1.171513,-1.688056,-0.2515562,-1.4365,0.5924717,-1.118389,-0.01800469,0.07551048,0.01975055,0.05575993
261.0,0.1062481,-1.065288,1.171537,-1.688094,-0.2515565,-1.436537,0.5924903,-1.118412,-0.01800471,0.0755116,0.01975109,0.05576051
262.0,0.1062486,-1.065306,1.171555,-1.688122,-0.2515573,-1.436565,0.5925038,-1.118431,-0.01800444,0.07551268,0.0197519,0.05576077
263.0,0.106249,-1.065323,1.171572,-1.688149,-0.2515585,-1.43659,0.5925159,-1.118448,-0.01800412,0.07551371,0.01975273,0.05576098
264.0,0.1062489,-1.065335,1.171584,-1.688166,-0.2515596,-1.436607,0.5925235,-1.118459,-0.01800363,0.07551463,0.01975368,0.05576095
265.0,0.1062492,-1.06535,1.171599,-1.68819,-0.2515609,-1.436629,0.5925341,-1.118475,-0.01800326,0.07551564,0.01975456,0.05576108
266.0,0.1062492,-1.065361,1.171611,-1.688207,-0.251562,-1.436645,0.5925414,-1.118486,-0.01800278,0.07551653,0.01975548,0.05576105
267.0,0.1062507,-1.065387,1.171638,-1.688252,-0.2515618,-1.43669,0.592564,-1.118513,-0.0180031,0.07551762,0.01975571,0.05576191
268.0,0.1062515,-1.065408,1.171659,-1.688285,-0.251562,-1.436724,0.5925808,-1.118534,-0.01800309,0.07551865,0.01975624,0.05576241
269.0,0.1062522,-1.065426,1.171678,-1.688316,-0.2515627,-1.436753,0.5925951,-1.118552,-0.01800296,0.07551964,0.01975686,0.05576278
270.0,0.1062525,-1.065441,1.171693,-1.688338,-0.2515636,-1.436774,0.5926055,-1.118567,-0.01800264,0.07552058,0.01975766,0.05576293
271.0,0.1062526,-1.065452,1.171705,-1.688356,-0.2515646,-1.436791,0.5926133,-1.118578,-0.01800224,0.07552143,0.01975847,0.05576296
272.0,0.1062526,-1.065463,1.171716,-1.688372,-0.2515657,-1.436806,0.5926203,-1.118589,-0.0180018,0.07552227,0.01975934,0.05576293
273.0,0.1062536,-1.065484,1.171738,-1.688408,-0.2515653,-1.436842,0.5926384,-1.118611,-0.01800193,0.07552328,0.01975971,0.05576357
274.0,0.1062543,-1.065501,1.171755,-1.688435,-0.2515657,-1.436869,0.5926517,-1.118628,-0.01800183,0.07552419,0.01976027,0.05576393
275.0,0.1062547,-1.065518,1.171772,-1.688461,-0.2515663,-1.436895,0.5926641,-1.118645,-0.01800163,0.07552516,0.01976095,0.05576421
276.0,0.1062551,-1.065533,1.171788,-1.688485,-0.2515673,-1.436918,0.5926752,-1.11866,-0.01800139,0.07552608,0.01976165,0.05576443
277.0,0.1062552,-1.065543,1.171798,-1.6885,-0.2515682,-1.436932,0.5926821,-1.118671,-0.01800099,0.0755269,0.01976246,0.05576443
278.0,0.1062553,-1.065555,1.17181,-1.688518,-0.2515692,-1.436949,0.5926898,-1.118682,-0.01800063,0.07552772,0.01976323,0.05576449
279.0,0.1062564,-1.065576,1.171833,-1.688554,-0.2515689,-1.436986,0.5927083,-1.118704,-0.01800079,0.07552869,0.01976355,0.05576514
280.0,0.1062573,-1.065595,1.171852,-1.688586,-0.2515692,-1.437017,0.5927239,-1.118724,-0.01800082,0.07552961,0.01976399,0.05576562
281.0,0.1062575,-1.065607,1.171864,-1.688605,-0.2515698,-1.437035,0.5927326,-1.118736,-0.01800052,0.07553041,0.01976469,0.05576572
282.0,0.1062577,-1.065619,1.171876,-1.688623,-0.2515706,-1.437052,0.5927409,-1.118747,-0.01800022,0.07553119,0.01976538,0.05576582
283.0,0.1062577,-1.065629,1.171887,-1.688638,-0.2515714,-1.437067,0.5927478,-1.118758,-0.01799985,0.07553197,0.01976614,0.05576583
284.0,0.1062587,-1.065649,1.171907,-1.688671,-0.2515711,-1.4371,0.5927645,-1.118778,-0.01799996,0.07553289,0.01976648,0.05576641
285.0,0.1062594,-1.065666,1.171926,-1.6887,-0.2515713,-1.437129,0.5927787,-1.118796,-0.01799996,0.07553378,0.01976693,0.05576685
286.0,0.1062597,-1.06568,1.17194,-1.688721,-0.2515718,-1.437149,0.5927886,-1.11881,-0.01799973,0.07553462,0.01976758,0.05576703
287.0,0.1062598,-1.06569,1.171949,-1.688736,-0.2515726,-1.437163,0.5927952,-1.118819,-0.0179994,0.07553534,0.01976827,0.05576707
288.0,0.1062602,-1.065701,1.171962,-1.688754,-0.2515726,-1.437181,0.5928044,-1.118832,-0.01799922,0.07553606,0.01976881,0.05576725
289.0,0.1062602,-1.06571,1.17197,-1.688767,-0.251573,-1.437194,0.5928106,-1.11884,-0.01799894,0.07553669,0.0197694,0.05576729
290.0,0.1062612,-1.065727,1.171989,-1.688796,-0.2515725,-1.437224,0.5928257,-1.118858,-0.01799911,0.07553747,0.01976963,0.05576784
291.0,0.1062619,-1.065742,1.172004,-1.688822,-0.2515726,-1.437249,0.5928382,-1.118873,-0.01799911,0.07553824,0.01977001,0.05576823
292.0,0.1062619,-1.065751,1.172013,-1.688835,-0.2515732,-1.437262,0.5928445,-1.118882,-0.01799881,0.0755389,0.01977065,0.05576826
293.0,0.1062622,-1.065764,1.172026,-1.688854,-0.251574,-1.43728,0.5928532,-1.118895,-0.01799858,0.07553967,0.01977125,0.05576842
294.0,0.1062622,-1.065772,1.172034,-1.688866,-0.2515749,-1.437292,0.5928583,-1.118903,-0.01799822,0.07554035,0.01977196,0.05576839
295.0,0.1062634,-1.065791,1.172054,-1.688899,-0.251574,-1.437325,0.5928754,-1.118922,-0.01799852,0.07554109,0.01977203,0.05576906
296.0,0.106264,-1.065805,1.172069,-1.688922,-0.2515739,-1.437348,0.592887,-1.118937,-0.01799851,0.0755418,0.01977239,0.05576941
297.0,0.1062643,-1.065817,1.172082,-1.688942,-0.2515743,-1.437367,0.5928965,-1.118949,-0.01799838,0.0755425,0.01977287,0.05576963
298.0,0.1062643,-1.065825,1.172089,-1.688953,-0.2515749,-1.437378,0.5929014,-1.118957,-0.01799804,0.07554312,0.01977352,0.0557696
299.0,0.1062644,-1.065835,1.172099,-1.688967,-0.2515758,-1.437391,0.5929078,-1.118967,-0.01799774,0.07554381,0.01977417,0.05576964
300.0,0.1062651,-1.06585,1.172115,-1.688992,-0.2515758,-1.437416,0.5929203,-1.118982,-0.01799776,0.07554456,0.01977452,0.05577004
301.0,0.1062656,-1.065864,1.172129,-1.689015,-0.2515761,-1.437439,0.5929312,-1.118997,-0.0179977,0.07554529,0.01977494,0.05577035
302.0,0.106266,-1.065875,1.172141,-1.689033,-0.251576,-1.437457,0.5929405,-1.119008,-0.01799763,0.07554593,0.01977534,0.05577059
303.0,0.1062662,-1.065883,1.172149,-1.689045,-0.2515764,-1.437469,0.5929464,-1.119016,-0.01799741,0.07554649,0.01977583,0.05577066
304.0,0.1062662,-1.065891,1.172157,-1.689057,-0.2515768,-1.43748,0.5929515,-1.119024,-0.01799714,0.07554707,0.01977639,0.05577068
305.0,0.1062671,-1.065907,1.172174,-1.689084,-0.2515767,-1.437507,0.5929653,-1.11904,-0.01799727,0.07554778,0.01977662,0.05577116
306.0,0.1062675,-1.065919,1.172187,-1.689103,-0.2515769,-1.437527,0.5929749,-1.119053,-0.01799716,0.07554847,0.01977707,0.0557714
307.0,0.1062678,-1.06593,1.172198,-1.689122,-0.2515775,-1.437544,0.5929833,-1.119064,-0.017997,0.07554914,0.01977757,0.05577157
308.0,0.1062681,-1.065941,1.172209,-1.689137,-0.2515775,-1.43756,0.5929912,-1.119075,-0.01799687,0.07554975,0.01977801,0.05577174
309.0,0.1062682,-1.065947,1.172216,-1.689148,-0.2515779,-1.43757,0.592996,-1.119082,-0.01799662,0.07555027,0.01977852,0.05577175
310.0,0.1062688,-1.065961,1.172229,-1.68917,-0.2515777,-1.437592,0.5930072,-1.119095,-0.01799666,0.07555092,0.0197788,0.05577212
311.0,0.1062691,-1.065971,1.17224,-1.689187,-0.2515779,-1.437609,0.5930154,-1.119106,-0.01799652,0.07555156,0.01977926,0.0557723
312.0,0.1062694,-1.065981,1.172251,-1.689202,-0.2515785,-1.437624,0.5930227,-1.119116,-0.01799633,0.0755522,0.01977977,0.05577243
313.0,0.1062694,-1.065988,1.172257,-1.689212,-0.2515792,-1.437633,0.5930268,-1.119123,-0.01799602,0.07555277,0.01978037,0.0557724
314.0,0.1062695,-1.065995,1.172265,-1.689223,-0.2515795,-1.437644,0.5930321,-1.11913,-0.01799582,0.07555328,0.01978082,0.05577246
315.0,0.1062703,-1.066009,1.17228,-1.689247,-0.2515792,-1.437668,0.5930444,-1.119144,-0.01799593,0.07555393,0.01978103,0.05577289
316.0,0.1062708,-1.066022,1.172293,-1.689268,-0.2515794,-1.437689,0.5930546,-1.119157,-0.01799592,0.07555455,0.01978135,0.0557732
317.0,0.106271,-1.066031,1.172302,-1.689282,-0.2515799,-1.437702,0.593061,-1.119166,-0.01799573,0.07555514,0.01978184,0.0557733
318.0,0.1062712,-1.066039,1.17231,-1.689295,-0.2515805,-1.437715,0.5930671,-1.119175,-0.01799551,0.07555572,0.01978235,0.05577337
319.0,0.1062711,-1.066045,1.172316,-1.689304,-0.2515812,-1.437723,0.5930707,-1.119181,-0.0179952,0.07555624,0.01978292,0.05577332
320.0,0.1062716,-1.066056,1.172327,-1.689322,-0.251581,-1.437741,0.5930799,-1.119191,-0.01799522,0.07555676,0.01978316,0.0557736
321.0,0.1062721,-1.066067,1.172339,-1.68934,-0.251581,-1.437759,0.593089,-1.119203,-0.01799521,0.07555733,0.01978346,0.05577387
322.0,0.1062725,-1.066076,1.172349,-1.689356,-0.2515814,-1.437775,0.5930967,-1.119213,-0.01799512,0.07555789,0.01978383,0.05577406
323.0,0.1062725,-1.066083,1.172355,-1.689365,-0.2515819,-1.437784,0.5931008,-1.119219,-0.01799487,0.07555839,0.01978433,0.05577406
324.0,0.106273,-1.066094,1.172367,-1.689385,-0.251582,-1.437803,0.5931105,-1.119231,-0.01799484,0.07555901,0.01978466,0.05577435
325.0,0.1062733,-1.066103,1.172376,-1.689399,-0.2515825,-1.437816,0.5931168,-1.119239,-0.01799468,0.07555955,0.01978509,0.05577446
326.0,0.1062736,-1.066112,1.172386,-1.689414,-0.2515826,-1.437831,0.5931244,-1.119249,-0.0179946,0.0755601,0.01978545,0.05577465
327.0,0.1062737,-1.066119,1.172392,-1.689423,-0.2515829,-1.43784,0.5931287,-1.119255,-0.0179944,0.07556056,0.01978588,0.05577468
328.0,0.1062737,-1.066124,1.172398,-1.689431,-0.2515834,-1.437848,0.5931322,-1.119261,-0.01799414,0.07556103,0.01978638,0.05577465
329.0,0.1062743,-1.066136,1.17241,-1.689451,-0.2515836,-1.437867,0.593142,-1.119273,-0.01799417,0.0755616,0.01978663,0.05577497
330.0,0.1062747,-1.066143,1.172417,-1.689462,-0.251584,-1.437878,0.5931472,-1.11928,-0.01799418,0.0755621,0.01978687,0.05577522
331.0,0.1062749,-1.06615,1.172425,-1.689474,-0.2515842,-1.43789,0.5931528,-1.119287,-0.01799406,0.07556254,0.01978721,0.05577533
332.0,0.1062751,-1.066157,1.172432,-1.689486,-0.2515845,-1.437901,0.5931583,-1.119295,-0.01799391,0.07556303,0.0197876,0.05577543
333.0,0.1062752,-1.066164,1.172439,-1.689497,-0.2515851,-1.437912,0.5931632,-1.119302,-0.01799375,0.0755635,0.019788,0.0557755
334.0,0.1062755,-1.066173,1.172448,-1.68951,-0.2515853,-1.437925,0.5931699,-1.11931,-0.01799368,0.07556398,0.01978831,0.05577567
335.0,0.1062759,-1.066182,1.172458,-1.689526,-0.2515857,-1.437941,0.5931776,-1.11932,-0.01799363,0.0755645,0.01978862,0.05577588
336.0,0.1062762,-1.06619,1.172466,-1.689539,-0.2515858,-1.437953,0.5931837,-1.119328,-0.01799355,0.07556495,0.01978892,0.05577603
337.0,0.1062762,-1.066195,1.172471,-1.689547,-0.2515861,-1.437961,0.5931874,-1.119333,-0.01799338,0.07556534,0.01978929,0.05577605
338.0,0.1062762,-1.0662,1.172476,-1.689554,-0.2515865,-1.437968,0.5931906,-1.119338,-0.01799316,0.07556575,0.01978971,0.05577603
339.0,0.1062766,-1.066208,1.172485,-1.689568,-0.2515867,-1.437981,0.5931973,-1.119346,-0.0179931,0.0755662,0.01979,0.0557762
340.0,0.1062767,-1.066215,1.172492,-1.689579,-0.251587,-1.437992,0.5932025,-1.119353,-0.01799295,0.07556665,0.01979037,0.05577628
341.0,0.106277,-1.066222,1.172499,-1.68959,-0.2515872,-1.438003,0.593208,-1.11936,-0.01799287,0.07556706,0.01979066,0.0557764
342.0,0.1062772,-1.066229,1.172507,-1.689602,-0.2515875,-1.438015,0.5932136,-1.119368,-0.01799275,0.07556752,0.01979101,0.05577651
343.0,0.1062773,-1.066235,1.172512,-1.68961,-0.251588,-1.438022,0.5932172,-1.119373,-0.01799257,0.07556791,0.01979139,0.05577653
344.0,0.1062776,-1.066242,1.17252,-1.689623,-0.2515882,-1.438035,0.5932233,-1.119381,-0.0179925,0.07556836,0.01979168,0.05577668
345.0,0.1062778,-1.066249,1.172527,-1.689635,-0.2515886,-1.438046,0.5932288,-1.119388,-0.0179924,0.0755688,0.019792,0.0557768
346.0,0.1062781,-1.066257,1.172535,-1.689648,-0.2515887,-1.438059,0.5932351,-1.119396,-0.01799234,0.07556923,0.01979227,0.05577696
347.0,0.1062782,-1.066262,1.17254,-1.689656,-0.2515891,-1.438066,0.5932387,-1.119401,-0.01799219,0.0755696,0.01979261,0.05577699
348.0,0.1062782,-1.066267,1.172545,-1.689662,-0.2515894,-1.438073,0.5932417,-1.119406,-0.017992,0.07556998,0.01979299,0.05577699
349.0,0.1062785,-1.066274,1.172552,-1.689674,-0.2515896,-1.438085,0.5932476,-1.119413,-0.01799194,0.07557038,0.01979326,0.05577713
350.0,0.1062786,-1.06628,1.172559,-1.689684,-0.2515899,-1.438094,0.5932522,-1.119419,-0.0179918,0.07557079,0.0197936,0.05577719
351.0,0.1062789,-1.066287,1.172566,-1.689696,-0.25159,-1.438106,0.5932578,-1.119426,-0.01799172,0.0755712,0.01979388,0.05577732
352.0,0.106279,-1.066292,1.172571,-1.689703,-0.2515903,-1.438113,0.5932612,-1.119431,-0.01799157,0.07557156,0.01979421,0.05577735
353.0,0.106279,-1.066296,1.172575,-1.68971,-0.2515907,-1.438119,0.5932643,-1.119436,-0.01799139,0.07557192,0.01979457,0.05577735
354.0,0.1062793,-1.066303,1.172582,-1.689721,-0.251591,-1.43813,0.5932696,-1.119443,-0.01799133,0.07557231,0.01979483,0.05577748
355.0,0.1062794,-1.066309,1.172588,-1.689731,-0.2515913,-1.438139,0.593274,-1.119448,-0.01799121,0.0755727,0.01979514,0.05577756
356.0,0.1062796,-1.066316,1.172595,-1.689742,-0.2515918,-1.43815,0.5932791,-1.119455,-0.01799111,0.07557312,0.01979545,0.05577767
357.0,0.1062797,-1.06632,1.1726,-1.689749,-0.251592,-1.438157,0.5932827,-1.11946,-0.01799099,0.07557346,0.01979574,0.05577772
358.0,0.1062801,-1.066327,1.172607,-1.689761,-0.2515919,-1.438169,0.5932887,-1.119467,-0.01799099,0.07557382,0.01979592,0.0557779
359.0,0.1062803,-1.066333,1.172613,-1.689771,-0.2515921,-1.438179,0.5932933,-1.119473,-0.0179909,0.07557417,0.01979618,0.05577799
360.0,0.1062805,-1.066339,1.17262,-1.689781,-0.2515924,-1.438189,0.5932982,-1.11948,-0.01799082,0.07557454,0.01979645,0.05577809
361.0,0.1062807,-1.066345,1.172626,-1.68979,-0.2515925,-1.438198,0.5933026,-1.119485,-0.01799074,0.07557488,0.0197967,0.05577818
362.0,0.1062807,-1.066349,1.172629,-1.689796,-0.2515928,-1.438203,0.5933052,-1.119489,-0.0179906,0.07557517,0.01979698,0.05577819
363.0,0.1062809,-1.066354,1.172635,-1.689805,-0.251593,-1.438212,0.5933093,-1.119494,-0.01799052,0.0755755,0.01979723,0.05577827
364.0,0.1062809,-1.066358,1.172639,-1.689811,-0.2515933,-1.438218,0.5933123,-1.119498,-0.01799038,0.07557583,0.01979754,0.05577829
365.0,0.106281,-1.066362,1.172643,-1.689818,-0.2515938,-1.438224,0.593315,-1.119503,-0.01799023,0.07557616,0.01979785,0.05577831
366.0,0.1062811,-1.066366,1.172647,-1.689824,-0.251594,-1.43823,0.5933179,-1.119507,-0.0179901,0.07557647,0.01979813,0.05577834
367.0,0.1062811,-1.06637,1.172651,-1.68983,-0.2515943,-1.438235,0.5933206,-1.11951,-0.01798997,0.07557677,0.01979842,0.05577835
368.0,0.1062813,-1.066376,1.172657,-1.689839,-0.2515944,-1.438245,0.5933251,-1.119516,-0.0179899,0.0755771,0.01979865,0.05577845
369.0,0.1062815,-1.066381,1.172662,-1.689848,-0.2515946,-1.438253,0.5933293,-1.119522,-0.01798982,0.07557743,0.0197989,0.05577854
370.0,0.1062816,-1.066385,1.172667,-1.689855,-0.2515949,-1.43826,0.5933326,-1.119526,-0.01798969,0.07557775,0.01979918,0.05577857
371.0,0.1062817,-1.06639,1.172672,-1.689862,-0.2515951,-1.438267,0.5933361,-1.119531,-0.01798961,0.07557804,0.01979941,0.05577863
372.0,0.1062818,-1.066394,1.172676,-1.689869,-0.2515953,-1.438274,0.5933391,-1.119535,-0.0179895,0.07557832,0.01979966,0.05577866
373.0,0.1062821,-1.0664,1.172682,-1.689879,-0.2515954,-1.438284,0.5933441,-1.119541,-0.01798949,0.07557864,0.01979983,0.05577881
374.0,0.1062822,-1.066405,1.172687,-1.689887,-0.2515957,-1.438291,0.5933478,-1.119546,-0.01798941,0.07557894,0.01980006,0.05577888
375.0,0.1062824,-1.066409,1.172692,-1.689895,-0.2515958,-1.438299,0.5933515,-1.119551,-0.01798937,0.07557922,0.01980024,0.05577898
376.0,0.1062825,-1.066413,1.172696,-1.689901,-0.251596,-1.438305,0.5933545,-1.119555,-0.01798928,0.07557949,0.01980046,0.05577903
377.0,0.1062826,-1.066417,1.1727,-1.689907,-0.2515963,-1.438311,0.5933572,-1.119558,-0.01798918,0.07557976,0.0198007,0.05577906
378.0,0.1062827,-1.066422,1.172705,-1.689915,-0.2515964,-1.438319,0.5933613,-1.119563,-0.01798912,0.07558005,0.01980091,0.05577914
379.0,0.1062829,-1.066427,1.17271,-1.689923,-0.2515966,-1.438326,0.5933649,-1.119568,-0.01798904,0.07558034,0.01980113,0.05577921
380.0,0.106283,-1.066431,1.172714,-1.68993,-0.2515967,-1.438333,0.5933681,-1.119572,-0.01798896,0.0755806,0.01980133,0.05577926
381.0,0.1062831,-1.066435,1.172718,-1.689936,-0.2515969,-1.438339,0.593371,-1.119576,-0.01798888,0.07558085,0.01980155,0.0557793
382.0,0.1062832,-1.066438,1.172721,-1.689941,-0.2515972,-1.438344,0.5933732,-1.119579,-0.01798876,0.07558111,0.01980179,0.05577931
383.0,0.1062834,-1.066442,1.172726,-1.689948,-0.2515974,-1.438351,0.5933768,-1.119584,-0.01798871,0.07558138,0.01980198,0.0557794
384.0,0.1062835,-1.066447,1.17273,-1.689955,-0.2515975,-1.438358,0.5933803,-1.119588,-0.01798867,0.07558164,0.01980215,0.05577949
385.0,0.1062836,-1.06645,1.172734,-1.689961,-0.2515977,-1.438364,0.593383,-1.119592,-0.01798859,0.07558189,0.01980235,0.05577954
386.0,0.1062837,-1.066453,1.172737,-1.689966,-0.251598,-1.438368,0.5933852,-1.119595,-0.01798848,0.07558214,0.01980258,0.05577955
387.0,0.1062837,-1.066457,1.17274,-1.689971,-0.2515983,-1.438373,0.5933873,-1.119598,-0.01798837,0.07558238,0.01980282,0.05577956
388.0,0.1062839,-1.066461,1.172745,-1.689978,-0.2515983,-1.43838,0.5933908,-1.119603,-0.01798833,0.07558262,0.01980298,0.05577964
389.0,0.106284,-1.066465,1.172749,-1.689985,-0.2515984,-1.438386,0.593394,-1.119607,-0.01798827,0.07558286,0.01980316,0.0557797
390.0,0.1062841,-1.066468,1.172752,-1.68999,-0.2515986,-1.438392,0.5933965,-1.11961,-0.01798818,0.07558309,0.01980337,0.05577973
391.0,0.1062842,-1.066472,1.172756,-1.689997,-0.2515989,-1.438398,0.5933994,-1.119614,-0.0179881,0.07558336,0.01980358,0.05577978
392.0,0.1062842,-1.066475,1.172759,-1.690001,-0.2515993,-1.438402,0.5934013,-1.119617,-0.01798798,0.07558359,0.01980381,0.05577978
393.0,0.1062844,-1.066479,1.172763,-1.690008,-0.2515993,-1.438408,0.5934046,-1.119621,-0.01798796,0.07558382,0.01980395,0.05577987
394.0,0.1062845,-1.066482,1.172767,-1.690013,-0.2515994,-1.438414,0.5934073,-1.119624,-0.0179879,0.07558404,0.01980412,0.05577992
395.0,0.1062846,-1.066486,1.172771,-1.690019,-0.2515996,-1.43842,0.5934101,-1.119628,-0.01798783,0.0755843,0.01980432,0.05577998
396.0,0.1062846,-1.066489,1.172773,-1.690024,-0.2515999,-1.438424,0.5934121,-1.119631,-0.01798773,0.07558452,0.01980453,0.05577999
397.0,0.1062846,-1.066491,1.172776,-1.690028,-0.2516002,-1.438428,0.5934138,-1.119634,-0.01798761,0.07558475,0.01980477,0.05577998
398.0,0.1062848,-1.066495,1.17278,-1.690034,-0.2516002,-1.438434,0.5934171,-1.119638,-0.01798758,0.07558496,0.0198049,0.05578006
399.0,0.1062849,-1.066499,1.172783,-1.69004,-0.2516003,-1.43844,0.5934197,-1.119641,-0.01798752,0.07558516,0.01980506,0.0557801
400.0,0.106285,-1.066502,1.172787,-1.690045,-0.2516004,-1.438445,0.5934221,-1.119644,-0.01798745,0.07558537,0.01980523,0.05578014
401.0,0.106285,-1.066504,1.17279,-1.69005,-0.2516006,-1.438449,0.5934242,-1.119647,-0.01798737,0.07558558,0.01980542,0.05578015
402.0,0.1062852,-1.066508,1.172794,-1.690056,-0.2516008,-1.438456,0.5934274,-1.119651,-0.01798734,0.0755858,0.01980556,0.05578024
403.0,0.1062853,-1.066512,1.172797,-1.690062,-0.2516009,-1.438461,0.59343,-1.119655,-0.01798728,0.07558603,0.01980574,0.05578029
404.0,0.1062854,-1.066515,1.172801,-1.690067,-0.2516011,-1.438466,0.5934327,-1.119658,-0.01798724,0.07558623,0.01980588,0.05578035
405.0,0.1062855,-1.066518,1.172803,-1.690072,-0.2516012,-1.43847,0.5934346,-1.119661,-0.01798716,0.07558643,0.01980605,0.05578038
406.0,0.1062855,-1.06652,1.172806,-1.690076,-0.2516015,-1.438474,0.5934364,-1.119663,-0.01798708,0.07558662,0.01980623,0.05578039
407.0,0.1062857,-1.066524,1.17281,-1.690082,-0.2516016,-1.43848,0.5934392,-1.119667,-0.01798703,0.07558683,0.01980638,0.05578045
408.0,0.1062857,-1.066527,1.172813,-1.690087,-0.2516018,-1.438485,0.5934415,-1.11967,-0.01798696,0.07558703,0.01980656,0.05578048
409.0,0.1062858,-1.06653,1.172816,-1.690091,-0.2516019,-1.438489,0.5934438,-1.119673,-0.01798691,0.07558722,0.0198067,0.05578052
410.0,0.1062859,-1.066532,1.172818,-1.690095,-0.251602,-1.438493,0.5934456,-1.119675,-0.01798684,0.0755874,0.01980686,0.05578053
411.0,0.1062859,-1.066535,1.17282,-1.690099,-0.2516022,-1.438497,0.5934472,-1.119678,-0.01798676,0.07558757,0.01980702,0.05578055
412.0,0.106286,-1.066538,1.172824,-1.690104,-0.2516023,-1.438501,0.5934496,-1.119681,-0.01798672,0.07558776,0.01980716,0.0557806
413.0,0.1062861,-1.06654,1.172826,-1.690108,-0.2516025,-1.438506,0.5934517,-1.119683,-0.01798666,0.07558796,0.01980731,0.05578064
414.0,0.1062862,-1.066543,1.172829,-1.690112,-0.2516026,-1.43851,0.5934535,-1.119686,-0.01798661,0.07558813,0.01980746,0.05578067
415.0,0.1062862,-1.066545,1.172831,-1.690116,-0.2516027,-1.438513,0.5934552,-1.119688,-0.01798655,0.0755883,0.0198076,0.0557807
416.0,0.1062862,-1.066547,1.172833,-1.690119,-0.2516029,-1.438517,0.5934568,-1.11969,-0.01798647,0.07558848,0.01980777,0.0557807
417.0,0.1062864,-1.06655,1.172837,-1.690125,-0.2516031,-1.438522,0.5934593,-1.119693,-0.01798643,0.07558866,0.0198079,0.05578076
418.0,0.1062864,-1.066553,1.172839,-1.690129,-0.2516032,-1.438526,0.5934613,-1.119696,-0.01798637,0.07558883,0.01980805,0.05578078
419.0,0.1062865,-1.066556,1.172842,-1.690133,-0.2516033,-1.43853,0.5934634,-1.119699,-0.01798633,0.07558899,0.01980817,0.05578082
420.0,0.1062866,-1.066558,1.172844,-1.690137,-0.2516034,-1.438534,0.5934652,-1.119701,-0.01798627,0.07558915,0.0198083,0.05578085
421.0,0.1062866,-1.06656,1.172847,-1.690141,-0.2516036,-1.438537,0.5934667,-1.119703,-0.01798621,0.07558931,0.01980844,0.05578087
422.0,0.106287,-1.066563,1.17285,-1.690145,-0.2516036,-1.438541,0.5934689,-1.119706,-0.01798638,0.07558947,0.01980836,0.05578111
423.0,0.106287,-1.066565,1.172852,-1.690149,-0.2516038,-1.438545,0.5934707,-1.119709,-0.01798633,0.07558964,0.01980849,0.05578115
424.0,0.1062871,-1.066567,1.172855,-1.690153,-0.2516038,-1.438549,0.5934726,-1.119711,-0.01798629,0.07558979,0.0198086,0.05578119
425.0,0.1062872,-1.06657,1.172857,-1.690156,-0.2516039,-1.438552,0.5934742,-1.119713,-0.01798625,0.07558994,0.01980872,0.05578122
426.0,0.1062873,-1.066572,1.17286,-1.690161,-0.251604,-1.438557,0.5934766,-1.119716,-0.01798624,0.07559009,0.0198088,0.05578129
427.0,0.1062874,-1.066575,1.172862,-1.690165,-0.2516041,-1.438561,0.5934785,-1.119719,-0.0179862,0.07559024,0.01980891,0.05578132
428.0,0.1062874,-1.066577,1.172865,-1.690169,-0.2516043,-1.438565,0.5934802,-1.119721,-0.01798616,0.07559038,0.01980903,0.05578135
429.0,0.1062875,-1.066579,1.172867,-1.690172,-0.2516044,-1.438568,0.5934818,-1.119723,-0.01798612,0.07559051,0.01980913,0.05578138
430.0,0.1062875,-1.066581,1.172869,-1.690175,-0.2516045,-1.438571,0.5934832,-1.119725,-0.01798608,0.07559063,0.01980924,0.0557814
431.0,0.1062876,-1.066583,1.172871,-1.690179,-0.2516045,-1.438575,0.5934851,-1.119727,-0.01798606,0.07559077,0.01980933,0.05578144
432.0,0.1062877,-1.066586,1.172873,-1.690182,-0.2516047,-1.438578,0.5934866,-1.119729,-0.01798601,0.07559092,0.01980945,0.05578147
433.0,0.1062878,-1.066588,1.172875,-1.690186,-0.2516047,-1.438581,0.5934882,-1.119731,-0.01798597,0.07559105,0.01980955,0.0557815
434.0,0.1062878,-1.066589,1.172877,-1.690189,-0.2516048,-1.438584,0.5934894,-1.119733,-0.01798592,0.07559118,0.01980967,0.05578151
435.0,0.1062878,-1.066591,1.172879,-1.690191,-0.251605,-1.438586,0.5934906,-1.119735,-0.01798585,0.07559131,0.0198098,0.05578151
436.0,0.1062879,-1.066593,1.172881,-1.690195,-0.2516051,-1.43859,0.5934924,-1.119737,-0.01798581,0.07559146,0.01980991,0.05578154
437.0,0.1062879,-1.066595,1.172883,-1.690199,-0.2516053,-1.438593,0.5934941,-1.119739,-0.01798577,0.0755916,0.01981003,0.05578157
438.0,0.106288,-1.066597,1.172885,-1.690202,-0.2516054,-1.438597,0.5934956,-1.119741,-0.01798573,0.07559172,0.01981013,0.05578159
439.0,0.106288,-1.066599,1.172887,-1.690205,-0.2516055,-1.438599,0.593497,-1.119743,-0.01798569,0.07559184,0.01981023,0.05578161
440.0,0.1062881,-1.066601,1.172889,-1.690208,-0.2516056,-1.438602,0.5934982,-1.119745,-0.01798565,0.07559197,0.01981034,0.05578163
441.0,0.1062882,-1.066603,1.172891,-1.690211,-0.2516057,-1.438606,0.5935,-1.119747,-0.01798563,0.0755921,0.01981042,0.05578168
442.0,0.1062882,-1.066605,1.172893,-1.690215,-0.2516057,-1.438609,0.5935016,-1.119749,-0.01798561,0.07559221,0.0198105,0.05578171
443.0,0.1062883,-1.066607,1.172895,-1.690217,-0.2516058,-1.438612,0.5935029,-1.119751,-0.01798557,0.07559233,0.01981059,0.05578174
444.0,0.1062883,-1.066608,1.172897,-1.69022,-0.2516059,-1.438614,0.5935041,-1.119753,-0.01798552,0.07559245,0.0198107,0.05578175
445.0,0.1062883,-1.06661,1.172898,-1.690223,-0.2516061,-1.438616,0.5935052,-1.119754,-0.01798546,0.07559257,0.01981082,0.05578175
446.0,0.1062884,-1.066612,1.172901,-1.690226,-0.2516061,-1.43862,0.593507,-1.119756,-0.01798545,0.07559269,0.01981089,0.0557818
447.0,0.1062885,-1.066614,1.172902,-1.690229,-0.2516061,-1.438623,0.5935085,-1.119758,-0.01798542,0.07559281,0.01981098,0.05578183
448.0,0.1062885,-1.066616,1.172904,-1.690232,-0.2516062,-1.438626,0.5935098,-1.11976,-0.01798539,0.07559292,0.01981107,0.05578185
449.0,0.1062885,-1.066617,1.172906,-1.690234,-0.2516063,-1.438628,0.5935109,-1.119762,-0.01798534,0.07559303,0.01981117,0.05578186
450.0,0.1062886,-1.066619,1.172907,-1.690237,-0.2516065,-1.43863,0.5935119,-1.119763,-0.0179853,0.07559315,0.01981127,0.05578187
451.0,0.1062887,-1.066621,1.172909,-1.69024,-0.2516065,-1.438633,0.5935134,-1.119765,-0.01798529,0.07559325,0.01981134,0.05578191
452.0,0.1062887,-1.066622,1.172911,-1.690243,-0.2516066,-1.438636,0.5935147,-1.119767,-0.01798526,0.07559336,0.01981142,0.05578194
453.0,0.1062888,-1.066624,1.172913,-1.690245,-0.2516067,-1.438638,0.5935158,-1.119768,-0.01798522,0.07559346,0.01981151,0.05578195
454.0,0.1062888,-1.066625,1.172914,-1.690247,-0.2516069,-1.438641,0.5935168,-1.11977,-0.01798516,0.07559358,0.01981162,0.05578195
455.0,0.1062889,-1.066627,1.172916,-1.690251,-0.2516069,-1.438644,0.5935185,-1.119772,-0.01798515,0.07559368,0.01981169,0.055782
456.0,0.1062889,-1.066629,1.172918,-1.690253,-0.2516069,-1.438647,0.5935198,-1.119773,-0.01798513,0.07559379,0.01981177,0.05578202
457.0,0.1062889,-1.06663,1.172919,-1.690256,-0.251607,-1.438649,0.593521,-1.119775,-0.01798509,0.0755939,0.01981185,0.05578204
458.0,0.106289,-1.066632,1.172921,-1.690258,-0.2516071,-1.438651,0.593522,-1.119776,-0.01798505,0.075594,0.01981194,0.05578205
459.0,0.106289,-1.066633,1.172922,-1.690261,-0.2516072,-1.438653,0.5935231,-1.119778,-0.01798503,0.07559409,0.01981201,0.05578207
460.0,0.1062891,-1.066635,1.172924,-1.690263,-0.2516072,-1.438656,0.5935244,-1.119779,-0.01798502,0.07559418,0.01981207,0.05578211
461.0,0.1062891,-1.066636,1.172926,-1.690266,-0.2516073,-1.438658,0.5935256,-1.119781,-0.01798499,0.07559427,0.01981214,0.05578213
462.0,0.1062892,-1.066638,1.172927,-1.690268,-0.2516075,-1.438661,0.5935265,-1.119782,-0.01798496,0.07559437,0.01981223,0.05578214
463.0,0.1062892,-1.066639,1.172928,-1.69027,-0.2516076,-1.438663,0.5935275,-1.119784,-0.01798493,0.07559445,0.0198123,0.05578215
464.0,0.1062892,-1.06664,1.172929,-1.690272,-0.2516076,-1.438664,0.5935284,-1.119785,-0.01798488,0.07559454,0.01981239,0.05578216
465.0,0.1062893,-1.066642,1.172931,-1.690275,-0.2516077,-1.438667,0.5935296,-1.119786,-0.01798486,0.07559464,0.01981246,0.05578219
466.0,0.1062893,-1.066643,1.172933,-1.690277,-0.2516077,-1.438669,0.5935308,-1.119788,-0.01798483,0.07559475,0.01981254,0.0557822
467.0,0.1062893,-1.066645,1.172934,-1.690279,-0.2516077,-1.438672,0.5935319,-1.119789,-0.01798481,0.07559484,0.01981261,0.05578223
468.0,0.1062894,-1.066646,1.172935,-1.690281,-0.2516078,-1.438673,0.5935328,-1.119791,-0.01798478,0.07559493,0.01981268,0.05578225
469.0,0.1062894,-1.066647,1.172936,-1.690283,-0.2516079,-1.438675,0.5935336,-1.119792,-0.01798475,0.07559501,0.01981276,0.05578226
470.0,0.1062894,-1.066648,1.172938,-1.690285,-0.251608,-1.438677,0.5935347,-1.119793,-0.01798473,0.0755951,0.01981282,0.05578228
471.0,0.1062895,-1.06665,1.172939,-1.690288,-0.2516082,-1.438679,0.5935356,-1.119794,-0.0179847,0.07559519,0.0198129,0.05578229
472.0,0.1062896,-1.066651,1.172941,-1.69029,-0.2516083,-1.438681,0.5935366,-1.119796,-0.01798468,0.07559527,0.01981296,0.05578231
473.0,0.1062896,-1.066652,1.172942,-1.690292,-0.2516083,-1.438683,0.5935374,-1.119797,-0.01798464,0.07559534,0.01981303,0.05578231
474.0,0.1062896,-1.066653,1.172943,-1.690293,-0.2516084,-1.438685,0.5935382,-1.119798,-0.01798461,0.07559543,0.01981311,0.05578232
475.0,0.1062896,-1.066655,1.172944,-1.690296,-0.2516084,-1.438687,0.5935394,-1.119799,-0.01798458,0.07559552,0.01981318,0.05578234
476.0,0.1062896,-1.066656,1.172946,-1.690298,-0.2516084,-1.438689,0.5935404,-1.119801,-0.01798456,0.07559561,0.01981325,0.05578236
477.0,0.1062897,-1.066657,1.172947,-1.6903,-0.2516084,-1.438691,0.5935414,-1.119802,-0.01798454,0.0755957,0.01981331,0.05578239
478.0,0.1062897,-1.066658,1.172948,-1.690301,-0.2516084,-1.438693,0.5935423,-1.119803,-0.01798451,0.07559578,0.01981338,0.0557824
479.0,0.1062897,-1.06666,1.17295,-1.690304,-0.2516085,-1.438695,0.5935434,-1.119805,-0.0179845,0.07559586,0.01981343,0.05578243
480.0,0.1062898,-1.066661,1.172951,-1.690306,-0.2516086,-1.438697,0.5935443,-1.119806,-0.01798448,0.07559593,0.01981349,0.05578244
481.0,0.1062899,-1.066662,1.172952,-1.690308,-0.2516087,-1.438699,0.5935452,-1.119807,-0.01798446,0.075596,0.01981354,0.05578246
482.0,0.1062899,-1.066663,1.172953,-1.69031,-0.2516088,-1.438701,0.593546,-1.119808,-0.01798443,0.07559606,0.0198136,0.05578247
483.0,0.1062899,-1.066664,1.172954,-1.690311,-0.2516089,-1.438702,0.5935467,-1.119809,-0.0179844,0.07559613,0.01981366,0.05578247
484.0,0.1062899,-1.066665,1.172955,-1.690313,-0.251609,-1.438704,0.5935476,-1.11981,-0.01798438,0.07559621,0.01981372,0.05578248
485.0,0.10629,-1.066666,1.172956,-1.690315,-0.2516089,-1.438706,0.5935486,-1.119811,-0.01798436,0.07559628,0.01981377,0.0557825
486.0,0.10629,-1.066668,1.172957,-1.690317,-0.2516089,-1.438708,0.5935494,-1.119813,-0.01798434,0.07559635,0.01981384,0.05578251
487.0,0.10629,-1.066668,1.172958,-1.690318,-0.251609,-1.438709,0.59355,-1.119813,-0.01798431,0.07559642,0.0198139,0.05578252
488.0,0.10629,-1.066669,1.172959,-1.690319,-0.251609,-1.43871,0.5935507,-1.119814,-0.01798429,0.07559649,0.01981396,0.05578254
489.0,0.10629,-1.06667,1.172961,-1.690321,-0.2516091,-1.438712,0.5935516,-1.119815,-0.01798428,0.07559656,0.019814,0.05578256
490.0,0.1062901,-1.066671,1.172962,-1.690323,-0.2516092,-1.438714,0.5935523,-1.119816,-0.01798426,0.07559662,0.01981405,0.05578257
491.0,0.1062901,-1.066672,1.172962,-1.690325,-0.2516093,-1.438715,0.593553,-1.119817,-0.01798424,0.07559668,0.0198141,0.05578258
492.0,0.1062902,-1.066673,1.172963,-1.690326,-0.2516094,-1.438717,0.5935536,-1.119818,-0.01798421,0.07559673,0.01981415,0.05578258
493.0,0.1062902,-1.066674,1.172964,-1.690327,-0.2516095,-1.438718,0.5935542,-1.119819,-0.01798419,0.07559679,0.01981421,0.05578258
494.0,0.1062902,-1.066675,1.172965,-1.690329,-0.2516095,-1.43872,0.5935551,-1.11982,-0.01798417,0.07559686,0.01981426,0.0557826
495.0,0.1062902,-1.066676,1.172966,-1.690331,-0.2516096,-1.438721,0.5935558,-1.119821,-0.01798415,0.07559694,0.01981432,0.05578262
496.0,0.1062902,-1.066677,1.172967,-1.690332,-0.2516096,-1.438723,0.5935566,-1.119822,-0.01798413,0.07559701,0.01981437,0.05578263
497.0,0.1062902,-1.066678,1.172968,-1.690334,-0.2516096,-1.438724,0.5935572,-1.119823,-0.01798411,0.07559707,0.01981443,0.05578265
498.0,0.1062903,-1.066679,1.172969,-1.690335,-0.2516096,-1.438725,0.5935578,-1.119824,-0.01798409,0.07559714,0.01981448,0.05578266
499.0,0.1062903,-1.06668,1.17297,-1.690337,-0.2516096,-1.438727,0.5935587,-1.119825,-0.01798408,0.0755972,0.01981452,0.05578268
500.0,0.1062903,-1.066681,1.172971,-1.690338,-0.2516097,-1.438729,0.5935594,-1.119826,-0.01798407,0.07559725,0.01981456,0.0557827
501.0,0.1062904,-1.066682,1.172972,-1.69034,-0.2516098,-1.43873,0.59356,-1.119827,-0.01798405,0.0755973,0.0198146,0.0557827
502.0,0.1062904,-1.066682,1.172973,-1.690341,-0.2516099,-1.438731,0.5935606,-1.119828,-0.01798402,0.07559736,0.01981465,0.0557827
503.0,0.1062904,-1.066683,1.172974,-1.690342,-0.2516099,-1.438732,0.5935612,-1.119828,-0.017984,0.0755974,0.0198147,0.0557827
504.0,0.1062905,-1.066684,1.172975,-1.690344,-0.2516099,-1.438734,0.593562,-1.119829,-0.01798399,0.07559747,0.01981474,0.05578272
505.0,0.1062905,-1.066685,1.172976,-1.690345,-0.25161,-1.438735,0.5935628,-1.11983,-0.01798397,0.07559753,0.01981479,0.05578274
506.0,0.1062905,-1.066686,1.172976,-1.690347,-0.25161,-1.438737,0.5935634,-1.119831,-0.01798395,0.0755976,0.01981485,0.05578275
507.0,0.1062905,-1.066687,1.172977,-1.690348,-0.25161,-1.438738,0.593564,-1.119832,-0.01798393,0.07559766,0.0198149,0.05578276
508.0,0.1062905,-1.066688,1.172978,-1.69035,-0.25161,-1.43874,0.5935648,-1.119833,-0.01798392,0.07559772,0.01981494,0.05578278
509.0,0.1062905,-1.066688,1.172979,-1.690351,-0.2516101,-1.438741,0.5935655,-1.119834,-0.01798391,0.07559778,0.01981498,0.0557828
510.0,0.1062906,-1.066689,1.17298,-1.690352,-0.2516101,-1.438742,0.593566,-1.119835,-0.01798389,0.07559783,0.01981502,0.0557828
511.0,0.1062906,-1.06669,1.172981,-1.690353,-0.2516102,-1.438743,0.5935665,-1.119835,-0.01798387,0.07559787,0.01981506,0.0557828
512.0,0.1062906,-1.066691,1.172981,-1.690355,-0.2516103,-1.438744,0.593567,-1.119836,-0.01798385,0.07559791,0.01981511,0.0557828
513.0,0.1062907,-1.066691,1.172982,-1.690356,-0.2516103,-1.438746,0.5935677,-1.119837,-0.01798384,0.07559796,0.01981514,0.05578282
514.0,0.1062907,-1.066692,1.172983,-1.690357,-0.2516104,-1.438747,0.5935683,-1.119838,-0.01798382,0.07559801,0.01981519,0.05578282
515.0,0.1062907,-1.066693,1.172984,-1.690359,-0.2516104,-1.438748,0.5935689,-1.119838,-0.0179838,0.07559806,0.01981522,0.05578283
516.0,0.1062907,-1.066694,1.172984,-1.69036,-0.2516105,-1.438749,0.5935695,-1.119839,-0.01798379,0.07559811,0.01981527,0.05578284
517.0,0.1062907,-1.066694,1.172985,-1.690361,-0.2516105,-1.43875,0.5935699,-1.11984,-0.01798377,0.07559816,0.01981531,0.05578285
518.0,0.1062907,-1.066695,1.172986,-1.690362,-0.2516105,-1.438752,0.5935706,-1.119841,-0.01798377,0.07559821,0.01981534,0.05578287
519.0,0.1062908,-1.066696,1.172987,-1.690363,-0.2516105,-1.438753,0.5935712,-1.119841,-0.01798376,0.07559826,0.01981537,0.05578289
520.0,0.1062908,-1.066697,1.172987,-1.690364,-0.2516105,-1.438754,0.5935717,-1.119842,-0.01798374,0.0755983,0.01981541,0.05578289
521.0,0.1062908,-1.066697,1.172988,-1.690365,-0.2516106,-1.438755,0.5935721,-1.119843,-0.01798372,0.07559834,0.01981545,0.05578289
522.0,0.1062909,-1.066698,1.172989,-1.690366,-0.2516106,-1.438756,0.5935725,-1.119843,-0.01798371,0.07559837,0.01981548,0.05578289
523.0,0.1062909,-1.066699,1.172989,-1.690368,-0.2516107,-1.438757,0.5935732,-1.119844,-0.0179837,0.07559842,0.01981551,0.05578291
524.0,0.1062909,-1.066699,1.17299,-1.690369,-0.2516107,-1.438758,0.5935738,-1.119845,-0.01798369,0.07559847,0.01981555,0.05578292
525.0,0.1062909,-1.0667,1.172991,-1.69037,-0.2516108,-1.438759,0.5935743,-1.119845,-0.01798367,0.07559852,0.01981559,0.05578293
526.0,0.1062909,-1.0667,1.172991,-1.690371,-0.2516108,-1.43876,0.5935748,-1.119846,-0.01798366,0.07559857,0.01981563,0.05578294
527.0,0.106291,-1.066701,1.172992,-1.690372,-0.2516108,-1.438762,0.5935754,-1.119847,-0.01798365,0.07559862,0.01981566,0.05578296
528.0,0.106291,-1.066702,1.172993,-1.690374,-0.2516108,-1.438763,0.593576,-1.119847,-0.01798364,0.07559867,0.0198157,0.05578298
529.0,0.106291,-1.066703,1.172994,-1.690375,-0.2516108,-1.438764,0.5935765,-1.119848,-0.01798363,0.07559872,0.01981573,0.05578299
530.0,0.106291,-1.066703,1.172994,-1.690375,-0.2516108,-1.438765,0.5935769,-1.119849,-0.01798361,0.07559876,0.01981576,0.05578299
531.0,0.106291,-1.066704,1.172995,-1.690376,-0.2516109,-1.438765,0.5935772,-1.119849,-0.0179836,0.07559879,0.0198158,0.05578299
532.0,0.106291,-1.066704,1.172995,-1.690377,-0.2516109,-1.438766,0.5935777,-1.11985,-0.01798359,0.07559882,0.01981583,0.055783
533.0,0.1062911,-1.066705,1.172996,-1.690378,-0.251611,-1.438767,0.5935782,-1.119851,-0.01798357,0.07559886,0.01981586,0.055783
534.0,0.1062911,-1.066706,1.172997,-1.690379,-0.2516111,-1.438768,0.5935787,-1.119851,-0.01798356,0.0755989,0.01981589,0.05578301
535.0,0.1062911,-1.066706,1.172997,-1.69038,-0.2516111,-1.438769,0.5935791,-1.119852,-0.01798355,0.07559893,0.01981592,0.05578301
536.0,0.1062911,-1.066707,1.172998,-1.690381,-0.2516111,-1.43877,0.5935795,-1.119852,-0.01798353,0.07559897,0.01981596,0.05578302
537.0,0.1062911,-1.066707,1.172998,-1.690382,-0.2516111,-1.438771,0.5935801,-1.119853,-0.01798353,0.07559902,0.01981598,0.05578303
538.0,0.1062912,-1.066708,1.172999,-1.690383,-0.2516111,-1.438772,0.5935806,-1.119853,-0.01798352,0.07559906,0.01981601,0.05578305
539.0,0.1062912,-1.066708,1.173,-1.690384,-0.2516111,-1.438773,0.593581,-1.119854,-0.01798351,0.07559909,0.01981604,0.05578305
540.0,0.1062912,-1.066709,1.173,-1.690385,-0.2516112,-1.438774,0.5935813,-1.119855,-0.01798349,0.07559913,0.01981607,0.05578305
541.0,0.1062912,-1.06671,1.173001,-1.690386,-0.2516112,-1.438775,0.5935818,-1.119855,-0.01798349,0.07559916,0.01981609,0.05578306
542.0,0.1062912,-1.06671,1.173001,-1.690387,-0.2516113,-1.438776,0.5935822,-1.119856,-0.01798348,0.07559919,0.01981612,0.05578307
543.0,0.1062913,-1.066711,1.173002,-1.690388,-0.2516113,-1.438777,0.5935826,-1.119856,-0.01798346,0.07559922,0.01981615,0.05578307
544.0,0.1062913,-1.066711,1.173002,-1.690389,-0.2516114,-1.438777,0.593583,-1.119857,-0.01798345,0.07559925,0.01981618,0.05578307
545.0,0.1062913,-1.066712,1.173003,-1.690389,-0.2516114,-1.438778,0.5935833,-1.119857,-0.01798344,0.07559928,0.0198162,0.05578308
546.0,0.1062913,-1.066712,1.173003,-1.69039,-0.2516114,-1.438779,0.5935838,-1.119858,-0.01798343,0.07559933,0.01981623,0.05578309
547.0,0.1062913,-1.066713,1.173004,-1.690391,-0.2516114,-1.43878,0.5935843,-1.119858,-0.01798342,0.07559937,0.01981626,0.05578311
548.0,0.1062913,-1.066713,1.173005,-1.690392,-0.2516114,-1.438781,0.5935847,-1.119859,-0.01798341,0.07559941,0.01981629,0.05578312
549.0,0.1062913,-1.066714,1.173005,-1.690393,-0.2516114,-1.438781,0.593585,-1.119859,-0.0179834,0.07559944,0.01981632,0.05578312
550.0,0.1062913,-1.066714,1.173005,-1.690393,-0.2516114,-1.438782,0.5935852,-1.11986,-0.01798339,0.07559947,0.01981635,0.05578312
551.0,0.1062913,-1.066715,1.173006,-1.690394,-0.2516115,-1.438783,0.5935856,-1.11986,-0.01798338,0.0755995,0.01981637,0.05578313
552.0,0.1062914,-1.066715,1.173006,-1.690395,-0.2516116,-1.438783,0.5935859,-1.119861,-0.01798338,0.07559952,0.01981639,0.05578314
553.0,0.1062914,-1.066715,1.173007,-1.690396,-0.2516116,-1.438784,0.5935862,-1.119861,-0.01798336,0.07559955,0.01981641,0.05578314
554.0,0.1062914,-1.066716,1.173007,-1.690396,-0.2516117,-1.438785,0.5935865,-1.119862,-0.01798335,0.07559958,0.01981643,0.05578314
555.0,0.1062914,-1.066716,1.173008,-1.690397,-0.2516117,-1.438785,0.5935868,-1.119862,-0.01798334,0.07559961,0.01981646,0.05578315
556.0,0.1062914,-1.066717,1.173008,-1.690398,-0.2516117,-1.438786,0.5935873,-1.119863,-0.01798334,0.07559964,0.01981648,0.05578316
557.0,0.1062914,-1.066717,1.173009,-1.690399,-0.2516116,-1.438787,0.5935877,-1.119863,-0.01798333,0.07559968,0.01981651,0.05578317
558.0,0.1062914,-1.066718,1.173009,-1.690399,-0.2516116,-1.438788,0.593588,-1.119863,-0.01798332,0.07559972,0.01981654,0.05578318
559.0,0.1062914,-1.066718,1.17301,-1.6904,-0.2516116,-1.438788,0.5935883,-1.119864,-0.01798331,0.07559975,0.01981657,0.05578318
560.0,0.1062914,-1.066719,1.17301,-1.690401,-0.2516117,-1.438789,0.5935887,-1.119864,-0.0179833,0.07559977,0.01981659,0.05578319
561.0,0.1062915,-1.066719,1.173011,-1.690402,-0.2516118,-1.43879,0.5935889,-1.119865,-0.01798329,0.0755998,0.01981661,0.05578319
562.0,0.1062915,-1.066719,1.173011,-1.690402,-0.2516119,-1.43879,0.5935892,-1.119865,-0.01798328,0.07559982,0.01981663,0.05578319
563.0,0.1062915,-1.06672,1.173011,-1.690403,-0.251612,-1.438791,0.5935895,-1.119866,-0.01798327,0.07559984,0.01981665,0.05578319
564.0,0.1062915,-1.06672,1.173012,-1.690403,-0.251612,-1.438791,0.5935897,-1.119866,-0.01798326,0.07559987,0.01981668,0.05578319
565.0,0.1062915,-1.066721,1.173012,-1.690404,-0.251612,-1.438792,0.5935902,-1.119866,-0.01798325,0.07559989,0.01981669,0.0557832
566.0,0.1062915,-1.066721,1.173013,-1.690405,-0.2516119,-1.438793,0.5935905,-1.119867,-0.01798325,0.07559993,0.01981672,0.05578321
567.0,0.1062915,-1.066722,1.173013,-1.690405,-0.2516119,-1.438794,0.5935908,-1.119867,-0.01798324,0.07559996,0.01981674,0.05578321
568.0,0.1062915,-1.066722,1.173013,-1.690406,-0.2516118,-1.438794,0.5935911,-1.119868,-0.01798323,0.07559999,0.01981677,0.05578322
569.0,0.1062915,-1.066722,1.173014,-1.690406,-0.2516119,-1.438794,0.5935913,-1.119868,-0.01798321,0.07560001,0.01981679,0.05578322
570.0,0.1062915,-1.066723,1.173014,-1.690407,-0.2516119,-1.438795,0.5935916,-1.119868,-0.01798321,0.07560003,0.01981681,0.05578323
571.0,0.1062916,-1.066723,1.173014,-1.690408,-0.251612,-1.438796,0.5935918,-1.119869,-0.0179832,0.07560005,0.01981683,0.05578323
572.0,0.1062916,-1.066723,1.173015,-1.690408,-0.2516121,-1.438796,0.593592,-1.119869,-0.01798319,0.07560007,0.01981684,0.05578323
573.0,0.1062916,-1.066724,1.173015,-1.690409,-0.2516121,-1.438797,0.5935923,-1.119869,-0.01798319,0.07560009,0.01981686,0.05578323
574.0,0.1062916,-1.066724,1.173016,-1.69041,-0.2516121,-1.438797,0.5935926,-1.11987,-0.01798318,0.07560012,0.01981687,0.05578324
575.0,0.1062916,-1.066724,1.173016,-1.69041,-0.2516121,-1.438798,0.593593,-1.11987,-0.01798318,0.07560015,0.0198169,0.05578325
576.0,0.1062916,-1.066725,1.173016,-1.690411,-0.2516121,-1.438799,0.5935933,-1.119871,-0.01798317,0.07560017,0.01981692,0.05578326
577.0,0.1062916,-1.066725,1.173017,-1.690411,-0.2516121,-1.438799,0.5935935,-1.119871,-0.01798316,0.0756002,0.01981694,0.05578326
578.0,0.1062916,-1.066725,1.173017,-1.690412,-0.2516121,-1.4388,0.5935937,-1.119871,-0.01798315,0.07560023,0.01981696,0.05578327
579.0,0.1062916,-1.066726,1.173017,-1.690412,-0.2516121,-1.4388,0.593594,-1.119872,-0.01798315,0.07560025,0.01981698,0.05578328
580.0,0.1062916,-1.066726,1.173018,-1.690413,-0.2516121,-1.438801,0.5935943,-1.119872,-0.01798315,0.07560027,0.01981699,0.05578328
581.0,0.1062917,-1.066726,1.173018,-1.690413,-0.2516122,-1.438801,0.5935945,-1.119872,-0.01798314,0.07560029,0.01981701,0.05578328
582.0,0.1062917,-1.066727,1.173018,-1.690414,-0.2516122,-1.438802,0.5935947,-1.119873,-0.01798313,0.07560031,0.01981702,0.05578328
583.0,0.1062917,-1.066727,1.173019,-1.690415,-0.2516122,-1.438802,0.5935951,-1.119873,-0.01798313,0.07560032,0.01981703,0.05578329
584.0,0.1062917,-1.066727,1.173019,-1.690415,-0.2516123,-1.438803,0.5935954,-1.119873,-0.01798312,0.07560034,0.01981705,0.05578329
585.0,0.1062917,-1.066728,1.173019,-1.690416,-0.2516123,-1.438804,0.5935956,-1.119874,-0.01798311,0.07560037,0.01981707,0.0557833
586.0,0.1062917,-1.066728,1.17302,-1.690416,-0.2516123,-1.438804,0.5935959,-1.119874,-0.01798311,0.0756004,0.01981709,0.0557833
587.0,0.1062917,-1.066728,1.17302,-1.690417,-0.2516123,-1.438804,0.5935961,-1.119874,-0.0179831,0.07560042,0.01981711,0.05578331
588.0,0.1062917,-1.066729,1.17302,-1.690417,-0.2516123,-1.438805,0.5935963,-1.119875,-0.01798309,0.07560045,0.01981713,0.05578332
589.0,0.1062917,-1.066729,1.173021,-1.690418,-0.2516123,-1.438805,0.5935966,-1.119875,-0.01798308,0.07560047,0.01981715,0.05578332
590.0,0.1062917,-1.066729,1.173021,-1.690418,-0.2516123,-1.438806,0.5935968,-1.119875,-0.01798308,0.07560049,0.01981717,0.05578332
591.0,0.1062918,-1.066729,1.173021,-1.690419,-0.2516123,-1.438806,0.593597,-1.119875,-0.01798307,0.0756005,0.01981718,0.05578332
592.0,0.1062918,-1.06673,1.173021,-1.690419,-0.2516123,-1.438807,0.5935972,-1.119876,-0.01798306,0.07560052,0.0198172,0.05578332
593.0,0.1062918,-1.06673,1.173022,-1.69042,-0.2516124,-1.438807,0.5935975,-1.119876,-0.01798306,0.07560053,0.01981721,0.05578332
594.0,0.1062918,-1.06673,1.173022,-1.69042,-0.2516124,-1.438808,0.5935978,-1.119876,-0.01798305,0.07560055,0.01981723,0.05578333
595.0,0.1062918,-1.066731,1.173022,-1.690421,-0.2516124,-1.438808,0.593598,-1.119877,-0.01798304,0.07560057,0.01981725,0.05578333
596.0,0.1062918,-1.066731,1.173023,-1.690421,-0.2516124,-1.438809,0.5935982,-1.119877,-0.01798303,0.0756006,0.01981727,0.05578333
597.0,0.1062918,-1.066731,1.173023,-1.690422,-0.2516124,-1.438809,0.5935984,-1.119877,-0.01798303,0.07560062,0.01981728,0.05578334
598.0,0.1062918,-1.066732,1.173023,-1.690422,-0.2516124,-1.43881,0.5935987,-1.119877,-0.01798302,0.07560064,0.01981729,0.05578334
599.0,0.1062918,-1.066732,1.173024,-1.690422,-0.2516124,-1.43881,0.5935989,-1.119878,-0.01798302,0.07560065,0.01981731,0.05578334
600.0,0.1062918,-1.066732,1.173024,-1.690423,-0.2516124,-1.43881,0.5935991,-1.119878,-0.01798301,0.07560067,0.01981732,0.05578334
601.0,0.1062918,-1.066732,1.173024,-1.690423,-0.2516124,-1.438811,0.5935993,-1.119878,-0.01798301,0.07560068,0.01981733,0.05578335
602.0,0.1062919,-1.066733,1.173024,-1.690424,-0.2516124,-1.438812,0.5935996,-1.119879,-0.01798301,0.07560069,0.01981734,0.05578335
603.0,0.1062919,-1.066733,1.173025,-1.690425,-0.2516125,-1.438812,0.5935998,-1.119879,-0.01798301,0.07560071,0.01981735,0.05578336
604.0,0.1062919,-1.066733,1.173025,-1.690425,-0.2516126,-1.438812,0.5936,-1.119879,-0.017983,0.07560072,0.01981736,0.05578336
605.0,0.1062919,-1.066733,1.173025,-1.690425,-0.2516126,-1.438813,0.5936001,-1.119879,-0.017983,0.07560074,0.01981737,0.05578337
606.0,0.1062919,-1.066734,1.173026,-1.690426,-0.2516126,-1.438813,0.5936004,-1.11988,-0.017983,0.07560075,0.01981738,0.05578337
607.0,0.1062919,-1.066734,1.173026,-1.690426,-0.2516126,-1.438814,0.5936006,-1.11988,-0.01798299,0.07560077,0.01981739,0.05578338
608.0,0.1062919,-1.066734,1.173026,-1.690427,-0.2516125,-1.438814,0.5936007,-1.11988,-0.01798299,0.07560079,0.01981741,0.05578338
609.0,0.1062919,-1.066734,1.173026,-1.690427,-0.2516125,-1.438814,0.5936008,-1.11988,-0.01798298,0.07560081,0.01981743,0.05578338
610.0,0.1062919,-1.066734,1.173026,-1.690427,-0.2516125,-1.438814,0.593601,-1.11988,-0.01798297,0.07560082,0.01981744,0.05578338
611.0,0.1062919,-1.066735,1.173027,-1.690427,-0.2516125,-1.438815,0.5936012,-1.119881,-0.01798297,0.07560084,0.01981745,0.05578339
612.0,0.1062919,-1.066735,1.173027,-1.690428,-0.2516126,-1.438815,0.5936014,-1.119881,-0.01798297,0.07560085,0.01981746,0.05578339
613.0,0.106292,-1.066735,1.173027,-1.690428,-0.2516126,-1.438816,0.5936016,-1.119881,-0.01798296,0.07560086,0.01981747,0.05578339
614.0,0.106292,-1.066735,1.173027,-1.690429,-0.2516126,-1.438816,0.5936018,-1.119881,-0.01798296,0.07560088,0.01981748,0.0557834
615.0,0.106292,-1.066736,1.173028,-1.690429,-0.2516126,-1.438817,0.593602,-1.119882,-0.01798295,0.07560089,0.0198175,0.0557834
616.0,0.1062919,-1.066736,1.173028,-1.69043,-0.2516126,-1.438817,0.5936022,-1.119882,-0.01798294,0.07560091,0.01981751,0.0557834
617.0,0.1062919,-1.066736,1.173028,-1.69043,-0.2516126,-1.438817,0.5936024,-1.119882,-0.01798294,0.07560093,0.01981753,0.0557834
618.0,0.1062919,-1.066736,1.173028,-1.69043,-0.2516126,-1.438818,0.5936025,-1.119882,-0.01798293,0.07560095,0.01981754,0.0557834
619.0,0.1062919,-1.066736,1.173028,-1.69043,-0.2516126,-1.438818,0.5936026,-1.119882,-0.01798292,0.07560096,0.01981756,0.0557834
620.0,0.106292,-1.066737,1.173029,-1.690431,-0.2516126,-1.438818,0.5936028,-1.119883,-0.01798292,0.07560097,0.01981756,0.05578341
621.0,0.106292,-1.066737,1.173029,-1.690431,-0.2516127,-1.438819,0.593603,-1.119883,-0.01798292,0.07560098,0.01981757,0.05578341
622.0,0.106292,-1.066737,1.173029,-1.690432,-0.2516127,-1.438819,0.5936032,-1.119883,-0.01798292,0.07560099,0.01981758,0.05578342
623.0,0.106292,-1.066737,1.173029,-1.690432,-0.2516127,-1.43882,0.5936034,-1.119883,-0.01798292,0.075601,0.01981759,0.05578342
624.0,0.106292,-1.066738,1.17303,-1.690433,-0.2516127,-1.43882,0.5936036,-1.119884,-0.01798291,0.07560101,0.0198176,0.05578342
625.0,0.106292,-1.066738,1.17303,-1.690433,-0.2516127,-1.43882,0.5936038,-1.119884,-0.01798291,0.07560103,0.01981761,0.05578342
626.0,0.106292,-1.066738,1.17303,-1.690433,-0.2516127,-1.438821,0.593604,-1.119884,-0.0179829,0.07560104,0.01981762,0.05578342
627.0,0.106292,-1.066738,1.17303,-1.690434,-0.2516127,-1.438821,0.593604,-1.119884,-0.0179829,0.07560105,0.01981763,0.05578342
628.0,0.106292,-1.066738,1.17303,-1.690434,-0.2516128,-1.438821,0.5936041,-1.119884,-0.01798289,0.07560107,0.01981764,0.05578342
629.0,0.106292,-1.066739,1.173031,-1.690434,-0.2516128,-1.438821,0.5936042,-1.119885,-0.01798289,0.07560108,0.01981765,0.05578343
630.0,0.106292,-1.066739,1.173031,-1.690434,-0.2516128,-1.438822,0.5936044,-1.119885,-0.01798289,0.0756011,0.01981766,0.05578344
631.0,0.1062921,-1.066739,1.173031,-1.690435,-0.2516128,-1.438822,0.5936046,-1.119885,-0.01798289,0.07560111,0.01981766,0.05578344
632.0,0.1062921,-1.066739,1.173031,-1.690435,-0.2516128,-1.438822,0.5936047,-1.119885,-0.01798289,0.07560112,0.01981767,0.05578345
633.0,0.1062921,-1.066739,1.173031,-1.690435,-0.2516128,-1.438823,0.5936049,-1.119885,-0.01798288,0.07560113,0.01981768,0.05578345
634.0,0.1062921,-1.066739,1.173032,-1.690436,-0.2516128,-1.438823,0.5936051,-1.119886,-0.01798288,0.07560114,0.01981769,0.05578345
635.0,0.1062921,-1.06674,1.173032,-1.690436,-0.2516128,-1.438823,0.5936052,-1.119886,-0.01798287,0.07560115,0.0198177,0.05578345
636.0,0.1062921,-1.06674,1.173032,-1.690436,-0.2516128,-1.438824,0.5936053,-1.119886,-0.01798287,0.07560116,0.01981771,0.05578345
637.0,0.1062921,-1.06674,1.173032,-1.690437,-0.2516129,-1.438824,0.5936054,-1.119886,-0.01798287,0.07560117,0.01981772,0.05578345
638.0,0.1062921,-1.06674,1.173032,-1.690437,-0.2516129,-1.438824,0.5936055,-1.119886,-0.01798287,0.07560119,0.01981773,0.05578346
639.0,0.1062921,-1.06674,1.173032,-1.690437,-0.2516129,-1.438824,0.5936056,-1.119886,-0.01798287,0.0756012,0.01981773,0.05578347
640.0,0.1062921,-1.06674,1.173033,-1.690437,-0.2516128,-1.438824,0.5936057,-1.119886,-0.01798287,0.07560121,0.01981774,0.05578347
641.0,0.1062921,-1.066741,1.173033,-1.690437,-0.2516128,-1.438825,0.5936059,-1.119887,-0.01798286,0.07560122,0.01981775,0.05578347
642.0,0.1062921,-1.066741,1.173033,-1.690438,-0.2516128,-1.438825,0.5936061,-1.119887,-0.01798286,0.07560123,0.01981776,0.05578347
643.0,0.1062921,-1.066741,1.173033,-1.690438,-0.2516129,-1.438825,0.5936063,-1.119887,-0.01798285,0.07560124,0.01981776,0.05578347
644.0,0.1062921,-1.066741,1.173033,-1.690439,-0.2516129,-1.438826,0.5936065,-1.119887,-0.01798285,0.07560125,0.01981777,0.05578347
645.0,0.1062922,-1.066741,1.173034,-1.690439,-0.2516129,-1.438826,0.5936066,-1.119887,-0.01798285,0.07560125,0.01981778,0.05578347
646.0,0.1062922,-1.066742,1.173034,-1.690439,-0.251613,-1.438826,0.5936066,-1.119888,-0.01798284,0.07560126,0.01981779,0.05578347
647.0,0.1062922,-1.066742,1.173034,-1.690439,-0.251613,-1.438826,0.5936066,-1.119888,-0.01798284,0.07560127,0.0198178,0.05578347
648.0,0.1062922,-1.066742,1.173034,-1.690439,-0.251613,-1.438826,0.5936067,-1.119888,-0.01798284,0.07560129,0.0198178,0.05578348
649.0,0.1062922,-1.066742,1.173034,-1.690439,-0.251613,-1.438827,0.5936068,-1.119888,-0.01798284,0.0756013,0.01981781,0.05578349
650.0,0.1062922,-1.066742,1.173034,-1.69044,-0.2516129,-1.438827,0.5936069,-1.119888,-0.01798283,0.07560131,0.01981783,0.05578349
651.0,0.1062922,-1.066742,1.173034,-1.69044,-0.2516129,-1.438827,0.593607,-1.119888,-0.01798283,0.07560133,0.01981784,0.05578349
652.0,0.1062922,-1.066742,1.173034,-1.69044,-0.251613,-1.438827,0.5936072,-1.119888,-0.01798282,0.07560133,0.01981785,0.05578349
653.0,0.1062922,-1.066742,1.173035,-1.690441,-0.251613,-1.438828,0.5936074,-1.119889,-0.01798282,0.07560134,0.01981786,0.05578349
654.0,0.1062922,-1.066743,1.173035,-1.690441,-0.2516131,-1.438828,0.5936076,-1.119889,-0.01798281,0.07560135,0.01981786,0.05578349
655.0,0.1062922,-1.066743,1.173035,-1.690442,-0.2516131,-1.438828,0.5936077,-1.119889,-0.01798281,0.07560135,0.01981787,0.05578349
656.0,0.1062922,-1.066743,1.173035,-1.690442,-0.2516131,-1.438828,0.5936077,-1.119889,-0.01798281,0.07560136,0.01981787,0.05578349
657.0,0.1062922,-1.066743,1.173035,-1.690442,-0.2516131,-1.438829,0.5936077,-1.119889,-0.01798281,0.07560137,0.01981787,0.05578349
658.0,0.1062922,-1.066743,1.173035,-1.690442,-0.2516131,-1.438829,0.5936077,-1.119889,-0.01798281,0.07560138,0.01981788,0.0557835
659.0,0.1062922,-1.066743,1.173035,-1.690442,-0.251613,-1.438829,0.5936078,-1.119889,-0.0179828,0.07560139,0.01981789,0.0557835
660.0,0.1062922,-1.066743,1.173035,-1.690442,-0.251613,-1.438829,0.5936079,-1.119889,-0.0179828,0.0756014,0.0198179,0.0557835
661.0,0.1062922,-1.066743,1.173036,-1.690442,-0.251613,-1.438829,0.593608,-1.11989,-0.0179828,0.07560141,0.01981791,0.0557835
662.0,0.1062922,-1.066744,1.173036,-1.690442,-0.251613,-1.438829,0.5936082,-1.11989,-0.01798279,0.07560142,0.01981792,0.0557835
663.0,0.1062922,-1.066744,1.173036,-1.690443,-0.2516131,-1.43883,0.5936083,-1.11989,-0.01798279,0.07560142,0.01981792,0.0557835
664.0,0.1062922,-1.066744,1.173036,-1.690443,-0.2516132,-1.43883,0.5936084,-1.11989,-0.01798279,0.07560143,0.01981793,0.0557835
665.0,0.1062922,-1.066744,1.173036,-1.690443,-0.2516132,-1.43883,0.5936085,-1.11989,-0.01798279,0.07560143,0.01981793,0.0557835
666.0,0.1062922,-1.066744,1.173036,-1.690443,-0.2516132,-1.43883,0.5936084,-1.11989,-0.01798278,0.07560144,0.01981794,0.0557835
667.0,0.1062922,-1.066744,1.173036,-1.690443,-0.2516132,-1.43883,0.5936085,-1.11989,-0.01798278,0.07560144,0.01981794,0.05578351
668.0,0.1062922,-1.066744,1.173036,-1.690443,-0.2516132,-1.43883,0.5936084,-1.11989,-0.01798278,0.07560145,0.01981795,0.05578351
669.0,0.1062922,-1.066744,1.173036,-1.690443,-0.2516131,-1.43883,0.5936085,-1.11989,-0.01798277,0.07560147,0.01981796,0.05578351
670.0,0.1062922,-1.066744,1.173037,-1.690443,-0.2516131,-1.43883,0.5936085,-1.11989,-0.01798277,0.07560148,0.01981797,0.05578351
671.0,0.1062922,-1.066745,1.173037,-1.690444,-0.2516131,-1.438831,0.5936087,-1.119891,-0.01798276,0.07560149,0.01981798,0.05578351
672.0,0.1062922,-1.066745,1.173037,-1.690444,-0.2516132,-1.438831,0.5936089,-1.119891,-0.01798276,0.0756015,0.01981799,0.05578351
673.0,0.1062922,-1.066745,1.173037,-1.690444,-0.2516132,-1.438831,0.593609,-1.119891,-0.01798276,0.0756015,0.01981799,0.05578351
674.0,0.1062922,-1.066745,1.173037,-1.690445,-0.2516132,-1.438832,0.5936091,-1.119891,-0.01798276,0.07560151,0.01981799,0.05578351
675.0,0.1062922,-1.066745,1.173037,-1.690445,-0.2516133,-1.438832,0.5936092,-1.119891,-0.01798276,0.07560151,0.01981799,0.05578352
676.0,0.1062922,-1.066745,1.173037,-1.690445,-0.2516133,-1.438832,0.5936092,-1.119891,-0.01798276,0.07560151,0.01981799,0.05578352
677.0,0.1062922,-1.066745,1.173037,-1.690445,-0.2516132,-1.438832,0.5936092,-1.119891,-0.01798276,0.07560152,0.019818,0.05578352
678.0,0.1062922,-1.066745,1.173037,-1.690445,-0.2516132,-1.438832,0.5936091,-1.119891,-0.01798275,0.07560153,0.01981801,0.05578352
679.0,0.1062922,-1.066745,1.173037,-1.690445,-0.2516132,-1.438832,0.5936091,-1.119891,-0.01798275,0.07560154,0.01981802,0.05578352
680.0,0.1062922,-1.066745,1.173038,-1.690445,-0.2516132,-1.438832,0.5936092,-1.119891,-0.01798274,0.07560155,0.01981803,0.05578352
681.0,0.1062922,-1.066746,1.173038,-1.690445,-0.2516132,-1.438832,0.5936094,-1.119892,-0.01798274,0.07560156,0.01981804,0.05578352
682.0,0.1062922,-1.066746,1.173038,-1.690446,-0.2516132,-1.438832,0.5936096,-1.119892,-0.01798274,0.07560157,0.01981805,0.05578352
683.0,0.1062922,-1.066746,1.173038,-1.690446,-0.2516132,-1.438833,0.5936097,-1.119892,-0.01798274,0.07560157,0.01981805,0.05578352
684.0,0.1062922,-1.066746,1.173038,-1.690446,-0.2516132,-1.438833,0.5936098,-1.119892,-0.01798274,0.07560157,0.01981805,0.05578353
685.0,0.1062923,-1.066746,1.173038,-1.690446,-0.2516133,-1.438833,0.5936098,-1.119892,-0.01798274,0.07560158,0.01981805,0.05578353
686.0,0.1062923,-1.066746,1.173038,-1.690446,-0.2516133,-1.438833,0.5936098,-1.119892,-0.01798274,0.07560158,0.01981805,0.05578353
687.0,0.1062923,-1.066746,1.173038,-1.690446,-0.2516133,-1.438833,0.5936098,-1.119892,-0.01798274,0.07560158,0.01981805,0.05578353
688.0,0.1062922,-1.066746,1.173038,-1.690446,-0.2516133,-1.438833,0.5936098,-1.119892,-0.01798273,0.07560159,0.01981806,0.05578353
689.0,0.1062922,-1.066746,1.173038,-1.690446,-0.2516133,-1.438833,0.5936098,-1.119892,-0.01798273,0.0756016,0.01981808,0.05578353
690.0,0.1062922,-1.066746,1.173038,-1.690446,-0.2516133,-1.438833,0.5936099,-1.119892,-0.01798272,0.07560161,0.01981808,0.05578353
691.0,0.1062922,-1.066746,1.173039,-1.690447,-0.2516133,-1.438833,0.5936101,-1.119892,-0.01798272,0.07560162,0.01981809,0.05578353
692.0,0.1062923,-1.066747,1.173039,-1.690447,-0.2516132,-1.438834,0.5936102,-1.119893,-0.01798272,0.07560163,0.01981809,0.05578353
693.0,0.1062923,-1.066747,1.173039,-1.690447,-0.2516132,-1.438834,0.5936104,-1.119893,-0.01798272,0.07560163,0.01981809,0.05578354
694.0,0.1062923,-1.066747,1.173039,-1.690448,-0.2516132,-1.438834,0.5936105,-1.119893,-0.01798273,0.07560163,0.01981809,0.05578354
695.0,0.1062923,-1.066747,1.173039,-1.690448,-0.2516133,-1.438834,0.5936105,-1.119893,-0.01798273,0.07560163,0.01981809,0.05578354
696.0,0.1062923,-1.066747,1.173039,-1.690448,-0.2516133,-1.438834,0.5936105,-1.119893,-0.01798272,0.07560163,0.01981809,0.05578354
697.0,0.1062923,-1.066747,1.173039,-1.690448,-0.2516133,-1.438834,0.5936105,-1.119893,-0.01798272,0.07560164,0.0198181,0.05578354
698.0,0.1062923,-1.066747,1.173039,-1.690448,-0.2516133,-1.438834,0.5936104,-1.119893,-0.01798271,0.07560165,0.01981811,0.05578353
699.0,0.1062923,-1.066747,1.173039,-1.690448,-0.2516133,-1.438834,0.5936105,-1.119893,-0.0179827,0.07560165,0.01981812,0.05578353
700.0,0.1062923,-1.066747,1.173039,-1.690448,-0.2516133,-1.438835,0.5936106,-1.119893,-0.0179827,0.07560167,0.01981813,0.05578353
701.0,0.1062923,-1.066747,1.173039,-1.690448,-0.2516133,-1.438835,0.5936108,-1.119893,-0.0179827,0.07560167,0.01981814,0.05578353
702.0,0.1062923,-1.066747,1.17304,-1.690449,-0.2516133,-1.438835,0.593611,-1.119894,-0.0179827,0.07560168,0.01981814,0.05578354
703.0,0.1062923,-1.066747,1.17304,-1.690449,-0.2516133,-1.438835,0.5936111,-1.119894,-0.0179827,0.07560168,0.01981814,0.05578354
704.0,0.1062923,-1.066748,1.17304,-1.690449,-0.2516133,-1.438836,0.5936112,-1.119894,-0.01798271,0.07560168,0.01981814,0.05578355
705.0,0.1062923,-1.066748,1.17304,-1.690449,-0.2516133,-1.438836,0.5936112,-1.119894,-0.01798271,0.07560168,0.01981813,0.05578355
706.0,0.1062923,-1.066748,1.17304,-1.690449,-0.2516133,-1.438835,0.5936111,-1.119894,-0.01798271,0.07560169,0.01981814,0.05578355
707.0,0.1062923,-1.066748,1.17304,-1.690449,-0.2516133,-1.438835,0.593611,-1.119894,-0.0179827,0.07560169,0.01981814,0.05578355
708.0,0.1062923,-1.066748,1.17304,-1.690449,-0.2516133,-1.438835,0.593611,-1.119894,-0.0179827,0.07560169,0.01981815,0.05578354
709.0,0.1062923,-1.066748,1.17304,-1.690449,-0.2516133,-1.438836,0.5936111,-1.119894,-0.01798269,0.0756017,0.01981816,0.05578354
710.0,0.1062923,-1.066748,1.17304,-1.690449,-0.2516133,-1.438836,0.5936113,-1.119894,-0.01798269,0.07560171,0.01981816,0.05578355
711.0,0.1062923,-1.066748,1.17304,-1.690449,-0.2516133,-1.438836,0.5936114,-1.119894,-0.01798269,0.07560172,0.01981817,0.05578355
712.0,0.1062923,-1.066748,1.17304,-1.69045,-0.2516132,-1.438836,0.5936116,-1.119894,-0.0179827,0.07560172,0.01981816,0.05578356
713.0,0.1062923,-1.066748,1.17304,-1.69045,-0.2516132,-1.438837,0.5936117,-1.119894,-0.0179827,0.07560173,0.01981816,0.05578357
714.0,0.1062923,-1.066748,1.173041,-1.69045,-0.2516133,-1.438837,0.5936118,-1.119894,-0.01798271,0.07560173,0.01981816,0.05578357
715.0,0.1062924,-1.066748,1.173041,-1.69045,-0.2516133,-1.438837,0.5936118,-1.119894,-0.01798271,0.07560173,0.01981816,0.05578357
716.0,0.1062924,-1.066748,1.173041,-1.69045,-0.2516133,-1.438837,0.5936118,-1.119894,-0.0179827,0.07560173,0.01981816,0.05578357
717.0,0.1062924,-1.066748,1.173041,-1.69045,-0.2516134,-1.438837,0.5936117,-1.119894,-0.0179827,0.07560173,0.01981817,0.05578356
718.0,0.1062924,-1.066748,1.173041,-1.69045,-0.2516134,-1.438837,0.5936118,-1.119894,-0.01798269,0.07560173,0.01981818,0.05578356
719.0,0.1062924,-1.066748,1.173041,-1.69045,-0.2516133,-1.438837,0.5936119,-1.119895,-0.01798269,0.07560174,0.01981818,0.05578356
720.0,0.1062923,-1.066749,1.173041,-1.690451,-0.2516133,-1.438837,0.5936121,-1.119895,-0.01798268,0.07560175,0.01981819,0.05578356
721.0,0.1062923,-1.066749,1.173041,-1.690451,-0.2516132,-1.438838,0.5936122,-1.119895,-0.01798268,0.07560176,0.0198182,0.05578356
722.0,0.1062923,-1.066749,1.173041,-1.690451,-0.2516132,-1.438838,0.5936124,-1.119895,-0.01798269,0.07560177,0.0198182,0.05578357
723.0,0.1062924,-1.066749,1.173041,-1.690451,-0.2516132,-1.438838,0.5936124,-1.119895,-0.01798269,0.07560177,0.0198182,0.05578358
724.0,0.1062924,-1.066749,1.173041,-1.690451,-0.2516132,-1.438838,0.5936125,-1.119895,-0.01798269,0.07560177,0.01981819,0.05578358
725.0,0.1062924,-1.066749,1.173041,-1.690451,-0.2516133,-1.438838,0.5936124,-1.119895,-0.0179827,0.07560177,0.01981819,0.05578358
726.0,0.1062924,-1.066749,1.173041,-1.690451,-0.2516133,-1.438838,0.5936124,-1.119895,-0.01798269,0.07560177,0.01981819,0.05578358
727.0,0.1062924,-1.066749,1.173041,-1.690452,-0.2516134,-1.438838,0.5936124,-1.119895,-0.01798269,0.07560177,0.01981819,0.05578357
728.0,0.1062924,-1.066749,1.173041,-1.690452,-0.2516133,-1.438838,0.5936124,-1.119895,-0.01798269,0.07560177,0.0198182,0.05578357
729.0,0.1062924,-1.066749,1.173041,-1.690452,-0.2516133,-1.438838,0.5936126,-1.119895,-0.01798268,0.07560178,0.0198182,0.05578357
730.0,0.1062924,-1.066749,1.173042,-1.690452,-0.2516133,-1.438839,0.5936127,-1.119895,-0.01798268,0.07560179,0.01981821,0.05578358
731.0,0.1062924,-1.066749,1.173042,-1.690452,-0.2516132,-1.438839,0.5936129,-1.119896,-0.01798268,0.0756018,0.01981821,0.05578358
732.0,0.1062924,-1.066749,1.173042,-1.690452,-0.2516132,-1.438839,0.593613,-1.119896,-0.01798269,0.0756018,0.01981822,0.05578359
733.0,0.1062924,-1.066749,1.173042,-1.690453,-0.2516133,-1.438839,0.593613,-1.119896,-0.01798269,0.07560181,0.01981821,0.05578359
734.0,0.1062924,-1.066749,1.173042,-1.690453,-0.2516133,-1.438839,0.593613,-1.119896,-0.01798269,0.07560181,0.01981821,0.0557836
735.0,0.1062924,-1.066749,1.173042,-1.690453,-0.2516134,-1.438839,0.593613,-1.119896,-0.01798269,0.07560181,0.01981821,0.0557836
736.0,0.1062924,-1.066749,1.173042,-1.690453,-0.2516134,-1.438839,0.593613,-1.119896,-0.01798269,0.07560181,0.01981821,0.05578359
737.0,0.1062924,-1.06675,1.173042,-1.690453,-0.2516134,-1.438839,0.593613,-1.119896,-0.01798269,0.07560181,0.01981822,0.05578359
738.0,0.1062924,-1.06675,1.173042,-1.690453,-0.2516134,-1.438839,0.593613,-1.119896,-0.01798268,0.07560181,0.01981822,0.05578359
739.0,0.1062924,-1.06675,1.173042,-1.690453,-0.2516134,-1.43884,0.5936131,-1.119896,-0.01798268,0.07560181,0.01981823,0.05578358
740.0,0.1062924,-1.06675,1.173042,-1.690453,-0.2516133,-1.43884,0.5936132,-1.119896,-0.01798268,0.07560182,0.01981824,0.05578359
741.0,0.1062924,-1.06675,1.173042,-1.690453,-0.2516133,-1.43884,0.5936132,-1.119896,-0.01798267,0.07560183,0.01981824,0.05578359
742.0,0.1062924,-1.06675,1.173042,-1.690453,-0.2516133,-1.43884,0.5936133,-1.119896,-0.01798267,0.07560184,0.01981824,0.05578359
743.0,0.1062924,-1.06675,1.173042,-1.690453,-0.2516133,-1.43884,0.5936132,-1.119896,-0.01798268,0.07560184,0.01981824,0.0557836
744.0,0.1062924,-1.06675,1.173042,-1.690453,-0.2516134,-1.43884,0.5936132,-1.119896,-0.01798268,0.07560184,0.01981824,0.0557836
745.0,0.1062924,-1.06675,1.173042,-1.690453,-0.2516135,-1.43884,0.5936131,-1.119896,-0.01798268,0.07560184,0.01981824,0.0557836
746.0,0.1062924,-1.06675,1.173042,-1.690453,-0.2516135,-1.43884,0.5936131,-1.119896,-0.01798268,0.07560184,0.01981824,0.05578359
747.0,0.1062924,-1.06675,1.173042,-1.690453,-0.2516135,-1.43884,0.5936131,-1.119896,-0.01798267,0.07560184,0.01981825,0.05578359
748.0,0.1062924,-1.06675,1.173042,-1.690453,-0.2516135,-1.43884,0.5936131,-1.119896,-0.01798267,0.07560184,0.01981825,0.05578359
749.0,0.1062924,-1.06675,1.173043,-1.690453,-0.2516134,-1.43884,0.5936132,-1.119896,-0.01798266,0.07560184,0.01981826,0.05578359
750.0,0.1062924,-1.06675,1.173043,-1.690453,-0.2516134,-1.43884,0.5936133,-1.119896,-0.01798266,0.07560185,0.01981826,0.05578359
751.0,0.1062924,-1.06675,1.173043,-1.690453,-0.2516134,-1.43884,0.5936133,-1.119896,-0.01798266,0.07560186,0.01981827,0.05578359
752.0,0.1062924,-1.06675,1.173043,-1.690453,-0.2516134,-1.43884,0.5936133,-1.119897,-0.01798266,0.07560187,0.01981827,0.0557836
753.0,0.1062924,-1.06675,1.173043,-1.690454,-0.2516135,-1.43884,0.5936133,-1.119896,-0.01798267,0.07560187,0.01981827,0.0557836
754.0,0.1062924,-1.06675,1.173043,-1.690454,-0.2516135,-1.43884,0.5936133,-1.119896,-0.01798267,0.07560187,0.01981827,0.0557836
755.0,0.1062924,-1.06675,1.173043,-1.690454,-0.2516135,-1.43884,0.5936132,-1.119896,-0.01798267,0.07560187,0.01981827,0.0557836
756.0,0.1062924,-1.06675,1.173043,-1.690453,-0.2516135,-1.43884,0.5936132,-1.119896,-0.01798266,0.07560187,0.01981827,0.0557836
757.0,0.1062924,-1.06675,1.173043,-1.690454,-0.2516135,-1.43884,0.5936132,-1.119897,-0.01798266,0.07560187,0.01981828,0.0557836
758.0,0.1062924,-1.06675,1.173043,-1.690454,-0.2516135,-1.43884,0.5936133,-1.119897,-0.01798265,0.07560188,0.01981829,0.05578359
759.0,0.1062924,-1.066751,1.173043,-1.690454,-0.2516135,-1.43884,0.5936133,-1.119897,-0.01798265,0.07560188,0.01981829,0.05578359
760.0,0.1062924,-1.066751,1.173043,-1.690454,-0.2516134,-1.43884,0.5936134,-1.119897,-0.01798265,0.07560189,0.0198183,0.05578359
761.0,0.1062924,-1.066751,1.173043,-1.690454,-0.2516134,-1.43884,0.5936134,-1.119897,-0.01798264,0.07560189,0.0198183,0.05578359
762.0,0.1062924,-1.066751,1.173043,-1.690454,-0.2516134,-1.43884,0.5936134,-1.119897,-0.01798265,0.0756019,0.0198183,0.0557836
763.0,0.1062924,-1.066751,1.173043,-1.690454,-0.2516135,-1.43884,0.5936134,-1.119897,-0.01798265,0.0756019,0.0198183,0.0557836
764.0,0.1062924,-1.066751,1.173043,-1.690454,-0.2516135,-1.43884,0.5936134,-1.119897,-0.01798265,0.0756019,0.0198183,0.0557836
765.0,0.1062924,-1.066751,1.173043,-1.690454,-0.2516135,-1.43884,0.5936134,-1.119897,-0.01798265,0.0756019,0.0198183,0.0557836
766.0,0.1062924,-1.066751,1.173043,-1.690454,-0.2516135,-1.43884,0.5936135,-1.119897,-0.01798264,0.07560189,0.0198183,0.05578359
767.0,0.1062924,-1.066751,1.173043,-1.690454,-0.2516135,-1.438841,0.5936135,-1.119897,-0.01798264,0.07560189,0.01981831,0.05578359
768.0,0.1062924,-1.066751,1.173043,-1.690454,-0.2516135,-1.438841,0.5936136,-1.119897,-0.01798263,0.07560189,0.01981831,0.05578358
769.0,0.1062924,-1.066751,1.173043,-1.690454,-0.2516135,-1.438841,0.5936136,-1.119897,-0.01798263,0.07560189,0.01981832,0.05578358
770.0,0.1062924,-1.066751,1.173043,-1.690454,-0.2516135,-1.438841,0.5936137,-1.119897,-0.01798263,0.0756019,0.01981832,0.05578358
771.0,0.1062924,-1.066751,1.173043,-1.690454,-0.2516135,-1.438841,0.5936137,-1.119897,-0.01798263,0.07560191,0.01981832,0.05578359
772.0,0.1062924,-1.066751,1.173043,-1.690454,-0.2516135,-1.438841,0.5936137,-1.119897,-0.01798264,0.07560191,0.01981832,0.05578359
773.0,0.1062924,-1.066751,1.173043,-1.690454,-0.2516135,-1.438841,0.5936137,-1.119897,-0.01798264,0.07560191,0.01981832,0.05578359
774.0,0.1062924,-1.066751,1.173043,-1.690454,-0.2516135,-1.438841,0.5936137,-1.119897,-0.01798264,0.07560191,0.01981832,0.0557836
775.0,0.1062924,-1.066751,1.173043,-1.690454,-0.2516135,-1.438841,0.5936136,-1.119897,-0.01798264,0.07560192,0.01981832,0.0557836
776.0,0.1062924,-1.066751,1.173043,-1.690454,-0.2516135,-1.438841,0.5936137,-1.119897,-0.01798263,0.07560191,0.01981832,0.05578359
777.0,0.1062924,-1.066751,1.173043,-1.690454,-0.2516135,-1.438841,0.5936137,-1.119897,-0.01798263,0.07560192,0.01981833,0.05578359
778.0,0.1062924,-1.066751,1.173043,-1.690455,-0.2516135,-1.438841,0.5936138,-1.119897,-0.01798263,0.07560192,0.01981833,0.05578359
779.0,0.1062924,-1.066751,1.173043,-1.690455,-0.2516135,-1.438841,0.5936139,-1.119897,-0.01798263,0.07560192,0.01981833,0.05578359
780.0,0.1062924,-1.066751,1.173044,-1.690455,-0.2516135,-1.438841,0.5936139,-1.119897,-0.01798263,0.07560192,0.01981834,0.05578359
781.0,0.1062924,-1.066751,1.173044,-1.690455,-0.2516134,-1.438841,0.5936139,-1.119897,-0.01798263,0.07560193,0.01981833,0.0557836
782.0,0.1062924,-1.066751,1.173044,-1.690455,-0.2516134,-1.438841,0.593614,-1.119897,-0.01798263,0.07560194,0.01981833,0.0557836
783.0,0.1062924,-1.066751,1.173044,-1.690455,-0.2516134,-1.438841,0.593614,-1.119897,-0.01798264,0.07560194,0.01981833,0.05578361
784.0,0.1062924,-1.066751,1.173043,-1.690455,-0.2516134,-1.438841,0.593614,-1.119897,-0.01798264,0.07560194,0.01981833,0.05578361
785.0,0.1062924,-1.066751,1.173044,-1.690455,-0.2516134,-1.438841,0.593614,-1.119897,-0.01798264,0.07560194,0.01981833,0.05578361
786.0,0.1062924,-1.066751,1.173044,-1.690455,-0.2516135,-1.438842,0.5936141,-1.119897,-0.01798263,0.07560194,0.01981834,0.0557836
787.0,0.1062924,-1.066751,1.173044,-1.690455,-0.2516135,-1.438842,0.5936141,-1.119898,-0.01798263,0.07560194,0.01981834,0.0557836
788.0,0.1062924,-1.066751,1.173044,-1.690455,-0.2516136,-1.438842,0.5936142,-1.119898,-0.01798263,0.07560194,0.01981834,0.05578359
789.0,0.1062924,-1.066751,1.173044,-1.690456,-0.2516136,-1.438842,0.5936142,-1.119898,-0.01798262,0.07560194,0.01981835,0.05578359
790.0,0.1062924,-1.066751,1.173044,-1.690456,-0.2516135,-1.438842,0.5936142,-1.119898,-0.01798263,0.07560194,0.01981834,0.0557836
791.0,0.1062924,-1.066751,1.173044,-1.690455,-0.2516135,-1.438842,0.5936142,-1.119898,-0.01798263,0.07560195,0.01981834,0.0557836
792.0,0.1062924,-1.066751,1.173044,-1.690455,-0.2516134,-1.438842,0.5936142,-1.119898,-0.01798263,0.07560195,0.01981834,0.05578361
793.0,0.1062924,-1.066751,1.173044,-1.690455,-0.2516134,-1.438842,0.5936142,-1.119898,-0.01798263,0.07560195,0.01981834,0.05578361
794.0,0.1062924,-1.066751,1.173044,-1.690455,-0.2516134,-1.438842,0.5936142,-1.119898,-0.01798263,0.07560195,0.01981835,0.05578361
795.0,0.1062924,-1.066751,1.173044,-1.690455,-0.2516134,-1.438842,0.5936142,-1.119898,-0.01798263,0.07560195,0.01981835,0.0557836
796.0,0.1062924,-1.066751,1.173044,-1.690455,-0.2516135,-1.438842,0.5936143,-1.119898,-0.01798262,0.07560195,0.01981835,0.0557836
797.0,0.1062924,-1.066752,1.173044,-1.690456,-0.2516135,-1.438842,0.5936143,-1.119898,-0.01798262,0.07560195,0.01981836,0.0557836
798.0,0.1062924,-1.066752,1.173044,-1.690456,-0.2516136,-1.438842,0.5936144,-1.119898,-0.01798262,0.07560195,0.01981836,0.05578359
799.0,0.1062924,-1.066752,1.173044,-1.690456,-0.2516136,-1.438842,0.5936144,-1.119898,-0.01798262,0.07560195,0.01981836,0.05578359
800.0,0.1062924,-1.066752,1.173044,-1.690456,-0.2516135,-1.438842,0.5936144,-1.119898,-0.01798262,0.07560195,0.01981836,0.0557836
801.0,0.1062924,-1.066752,1.173044,-1.690456,-0.2516134,-1.438842,0.5936144,-1.119898,-0.01798262,0.07560196,0.01981836,0.0557836
802.0,0.1062924,-1.066752,1.173044,-1.690455,-0.2516134,-1.438842,0.5936143,-1.119898,-0.01798262,0.07560196,0.01981836,0.0557836
803.0,0.1062924,-1.066752,1.173044,-1.690455,-0.2516134,-1.438842,0.5936143,-1.119898,-0.01798262,0.07560197,0.01981836,0.05578361
804.0,0.1062924,-1.066752,1.173044,-1.690455,-0.2516134,-1.438842,0.5936143,-1.119898,-0.01798262,0.07560197,0.01981837,0.0557836
805.0,0.1062924,-1.066752,1.173044,-1.690456,-0.2516135,-1.438842,0.5936144,-1.119898,-0.01798262,0.07560197,0.01981837,0.0557836
806.0,0.1062924,-1.066752,1.173044,-1.690456,-0.2516136,-1.438842,0.5936144,-1.119898,-0.01798261,0.07560197,0.01981837,0.0557836
807.0,0.1062924,-1.066752,1.173044,-1.690456,-0.2516136,-1.438843,0.5936145,-1.119898,-0.01798261,0.07560197,0.01981837,0.0557836
808.0,0.1062924,-1.066752,1.173044,-1.690456,-0.2516136,-1.438843,0.5936145,-1.119898,-0.01798261,0.07560197,0.01981837,0.0557836
809.0,0.1062924,-1.066752,1.173044,-1.690456,-0.2516136,-1.438843,0.5936145,-1.119898,-0.01798262,0.07560197,0.01981837,0.0557836
810.0,0.1062924,-1.066752,1.173044,-1.690456,-0.2516135,-1.438842,0.5936144,-1.119898,-0.01798262,0.07560197,0.01981837,0.05578361
811.0,0.1062924,-1.066752,1.173044,-1.690456,-0.2516135,-1.438842,0.5936144,-1.119898,-0.01798262,0.07560197,0.01981837,0.05578361
812.0,0.1062924,-1.066752,1.173044,-1.690455,-0.2516134,-1.438842,0.5936143,-1.119898,-0.01798262,0.07560198,0.01981837,0.05578361
813.0,0.1062924,-1.066752,1.173044,-1.690455,-0.2516134,-1.438842,0.5936143,-1.119898,-0.01798262,0.07560198,0.01981837,0.05578361
814.0,0.1062924,-1.066752,1.173044,-1.690456,-0.2516134,-1.438842,0.5936143,-1.119898,-0.01798261,0.07560198,0.01981838,0.05578361
815.0,0.1062924,-1.066752,1.173044,-1.690456,-0.2516135,-1.438842,0.5936144,-1.119898,-0.01798261,0.07560198,0.01981838,0.0557836
816.0,0.1062924,-1.066752,1.173044,-1.690456,-0.2516136,-1.438843,0.5936145,-1.119898,-0.01798261,0.07560198,0.01981838,0.0557836
817.0,0.1062924,-1.066752,1.173044,-1.690456,-0.2516136,-1.438843,0.5936145,-1.119898,-0.01798261,0.07560198,0.01981838,0.0557836
818.0,0.1062924,-1.066752,1.173044,-1.690456,-0.2516137,-1.438843,0.5936146,-1.119898,-0.01798261,0.07560198,0.01981838,0.0557836
819.0,0.1062924,-1.066752,1.173044,-1.690456,-0.2516136,-1.438843,0.5936145,-1.119898,-0.01798261,0.07560198,0.01981838,0.0557836
820.0,0.1062924,-1.066752,1.173044,-1.690456,-0.2516136,-1.438842,0.5936144,-1.119898,-0.01798261,0.07560198,0.01981838,0.0557836
821.0,0.1062924,-1.066752,1.173044,-1.690456,-0.2516135,-1.438842,0.5936144,-1.119898,-0.01798261,0.07560198,0.01981838,0.05578361
822.0,0.1062924,-1.066752,1.173044,-1.690456,-0.2516135,-1.438842,0.5936143,-1.119898,-0.01798261,0.07560199,0.01981838,0.05578361
823.0,0.1062924,-1.066752,1.173044,-1.690456,-0.2516135,-1.438842,0.5936143,-1.119898,-0.01798261,0.07560199,0.01981839,0.05578361
824.0,0.1062924,-1.066752,1.173044,-1.690456,-0.2516135,-1.438842,0.5936144,-1.119898,-0.01798261,0.07560199,0.01981839,0.05578361
825.0,0.1062924,-1.066752,1.173044,-1.690456,-0.2516135,-1.438843,0.5936145,-1.119898,-0.01798261,0.075602,0.01981839,0.0557836
826.0,0.1062924,-1.066752,1.173044,-1.690456,-0.2516136,-1.438843,0.5936145,-1.119898,-0.01798261,0.075602,0.01981839,0.0557836
827.0,0.1062924,-1.066752,1.173045,-1.690456,-0.2516136,-1.438843,0.5936146,-1.119898,-0.0179826,0.075602,0.01981839,0.0557836
828.0,0.1062924,-1.066752,1.173045,-1.690456,-0.2516136,-1.438843,0.5936145,-1.119898,-0.01798261,0.075602,0.01981839,0.05578361
829.0,0.1062924,-1.066752,1.173044,-1.690456,-0.2516136,-1.438843,0.5936145,-1.119898,-0.01798261,0.07560199,0.01981839,0.05578361
830.0,0.1062924,-1.066752,1.173044,-1.690456,-0.2516135,-1.438842,0.5936144,-1.119898,-0.01798261,0.07560199,0.01981839,0.05578361
831.0,0.1062924,-1.066752,1.173044,-1.690456,-0.2516135,-1.438842,0.5936143,-1.119898,-0.01798261,0.07560199,0.01981839,0.05578361
832.0,0.1062924,-1.066752,1.173044,-1.690456,-0.2516135,-1.438842,0.5936143,-1.119898,-0.01798261,0.075602,0.01981839,0.0557836
833.0,0.1062924,-1.066752,1.173044,-1.690456,-0.2516135,-1.438842,0.5936144,-1.119898,-0.0179826,0.075602,0.0198184,0.0557836
834.0,0.1062924,-1.066752,1.173044,-1.690456,-0.2516135,-1.438842,0.5936145,-1.119898,-0.0179826,0.075602,0.0198184,0.0557836
835.0,0.1062924,-1.066752,1.173045,-1.690456,-0.2516135,-1.438843,0.5936145,-1.119898,-0.0179826,0.075602,0.0198184,0.0557836
836.0,0.1062924,-1.066752,1.173045,-1.690456,-0.2516135,-1.438843,0.5936146,-1.119898,-0.0179826,0.075602,0.0198184,0.05578359
837.0,0.1062924,-1.066752,1.173045,-1.690456,-0.2516136,-1.438843,0.5936147,-1.119898,-0.0179826,0.07560199,0.0198184,0.0557836
838.0,0.1062924,-1.066752,1.173045,-1.690456,-0.2516136,-1.438843,0.5936146,-1.119898,-0.0179826,0.07560199,0.0198184,0.0557836
839.0,0.1062924,-1.066752,1.173045,-1.690456,-0.2516136,-1.438843,0.5936145,-1.119898,-0.0179826,0.075602,0.0198184,0.0557836
840.0,0.1062924,-1.066752,1.173044,-1.690456,-0.2516136,-1.438842,0.5936144,-1.119898,-0.0179826,0.075602,0.0198184,0.0557836
841.0,0.1062924,-1.066752,1.173044,-1.690456,-0.2516135,-1.438842,0.5936144,-1.119898,-0.0179826,0.075602,0.0198184,0.0557836
842.0,0.1062924,-1.066752,1.173044,-1.690456,-0.2516135,-1.438842,0.5936144,-1.119898,-0.01798259,0.075602,0.01981841,0.0557836
843.0,0.1062924,-1.066752,1.173045,-1.690456,-0.2516135,-1.438842,0.5936145,-1.119898,-0.01798259,0.07560201,0.01981841,0.05578359
844.0,0.1062924,-1.066752,1.173045,-1.690456,-0.2516135,-1.438843,0.5936146,-1.119898,-0.01798259,0.07560201,0.01981841,0.05578359
845.0,0.1062924,-1.066752,1.173045,-1.690456,-0.2516135,-1.438843,0.5936146,-1.119898,-0.01798259,0.07560201,0.01981841,0.05578359
846.0,0.1062924,-1.066752,1.173045,-1.690456,-0.2516135,-1.438843,0.5936146,-1.119898,-0.01798259,0.07560201,0.01981841,0.0557836
847.0,0.1062924,-1.066752,1.173045,-1.690456,-0.2516135,-1.438843,0.5936146,-1.119898,-0.01798259,0.07560201,0.01981841,0.0557836
848.0,0.1062924,-1.066752,1.173045,-1.690456,-0.2516136,-1.438843,0.5936145,-1.119898,-0.0179826,0.07560201,0.01981841,0.0557836
849.0,0.1062924,-1.066752,1.173045,-1.690456,-0.2516136,-1.438843,0.5936145,-1.119898,-0.0179826,0.07560201,0.01981841,0.05578361
850.0,0.1062924,-1.066752,1.173044,-1.690456,-0.2516136,-1.438842,0.5936144,-1.119898,-0.0179826,0.07560201,0.01981841,0.05578361
851.0,0.1062924,-1.066752,1.173044,-1.690456,-0.2516136,-1.438842,0.5936144,-1.119898,-0.0179826,0.07560202,0.01981841,0.05578361
852.0,0.1062924,-1.066752,1.173045,-1.690456,-0.2516135,-1.438842,0.5936144,-1.119898,-0.0179826,0.07560202,0.01981841,0.05578361
853.0,0.1062924,-1.066752,1.173045,-1.690456,-0.2516135,-1.438842,0.5936145,-1.119898,-0.0179826,0.07560202,0.01981841,0.05578361
854.0,0.1062924,-1.066752,1.173045,-1.690456,-0.2516134,-1.438843,0.5936146,-1.119898,-0.0179826,0.07560202,0.01981841,0.0557836
855.0,0.1062924,-1.066752,1.173045,-1.690456,-0.2516135,-1.438843,0.5936146,-1.119898,-0.0179826,0.07560202,0.01981841,0.05578361
856.0,0.1062924,-1.066752,1.173045,-1.690456,-0.2516135,-1.438843,0.5936146,-1.119899,-0.0179826,0.07560202,0.01981841,0.05578361
857.0,0.1062924,-1.066752,1.173045,-1.690456,-0.2516136,-1.438843,0.5936146,-1.119898,-0.0179826,0.07560202,0.0198184,0.05578361
858.0,0.1062924,-1.066752,1.173045,-1.690456,-0.2516136,-1.438843,0.5936145,-1.119898,-0.0179826,0.07560202,0.01981841,0.05578361
859.0,0.1062924,-1.066752,1.173045,-1.690456,-0.2516136,-1.438842,0.5936144,-1.119898,-0.0179826,0.07560202,0.01981841,0.05578361
860.0,0.1062924,-1.066752,1.173045,-1.690456,-0.2516136,-1.438842,0.5936144,-1.119898,-0.0179826,0.07560202,0.01981841,0.05578361
861.0,0.1062924,-1.066752,1.173045,-1.690456,-0.2516136,-1.438842,0.5936144,-1.119898,-0.01798259,0.07560202,0.01981841,0.0557836
862.0,0.1062924,-1.066752,1.173045,-1.690456,-0.2516135,-1.438842,0.5936144,-1.119898,-0.01798259,0.07560202,0.01981842,0.0557836
863.0,0.1062924,-1.066752,1.173045,-1.690456,-0.2516135,-1.438842,0.5936145,-1.119898,-0.01798259,0.07560202,0.01981842,0.0557836
864.0,0.1062924,-1.066752,1.173045,-1.690456,-0.2516134,-1.438843,0.5936145,-1.119899,-0.01798258,0.07560202,0.01981843,0.05578359
865.0,0.1062924,-1.066752,1.173045,-1.690456,-0.2516135,-1.438843,0.5936146,-1.119899,-0.01798258,0.07560202,0.01981843,0.05578359
866.0,0.1062924,-1.066752,1.173045,-1.690456,-0.2516135,-1.438843,0.5936146,-1.119899,-0.01798258,0.07560202,0.01981843,0.05578359
867.0,0.1062924,-1.066752,1.173045,-1.690456,-0.2516136,-1.438843,0.5936145,-1.119898,-0.01798258,0.07560203,0.01981843,0.05578359
868.0,0.1062924,-1.066752,1.173045,-1.690456,-0.2516137,-1.438843,0.5936145,-1.119898,-0.01798258,0.07560202,0.01981843,0.05578359
869.0,0.1062924,-1.066752,1.173045,-1.690456,-0.2516137,-1.438843,0.5936144,-1.119898,-0.01798258,0.07560202,0.01981843,0.05578359
870.0,0.1062924,-1.066752,1.173045,-1.690456,-0.2516137,-1.438842,0.5936144,-1.119898,-0.01798258,0.07560202,0.01981843,0.05578359
871.0,0.1062924,-1.066752,1.173045,-1.690456,-0.2516136,-1.438842,0.5936144,-1.119898,-0.01798258,0.07560202,0.01981843,0.05578359
872.0,0.1062924,-1.066752,1.173045,-1.690456,-0.2516135,-1.438842,0.5936144,-1.119898,-0.01798258,0.07560202,0.01981843,0.05578359
873.0,0.1062924,-1.066752,1.173045,-1.690456,-0.2516134,-1.438842,0.5936145,-1.119898,-0.01798258,0.07560202,0.01981843,0.05578359
874.0,0.1062924,-1.066752,1.173045,-1.690456,-0.2516134,-1.438842,0.5936145,-1.119899,-0.01798258,0.07560202,0.01981843,0.05578359
875.0,0.1062924,-1.066752,1.173045,-1.690456,-0.2516135,-1.438843,0.5936145,-1.119899,-0.01798258,0.07560202,0.01981843,0.05578359
876.0,0.1062924,-1.066752,1.173045,-1.690456,-0.2516135,-1.438843,0.5936145,-1.119899,-0.01798259,0.07560202,0.01981842,0.0557836
877.0,0.1062924,-1.066752,1.173045,-1.690456,-0.2516136,-1.438843,0.5936145,-1.119898,-0.01798259,0.07560202,0.01981842,0.0557836
878.0,0.1062924,-1.066752,1.173045,-1.690456,-0.2516137,-1.438843,0.5936144,-1.119898,-0.01798259,0.07560202,0.01981842,0.05578361
879.0,0.1062924,-1.066752,1.173045,-1.690456,-0.2516137,-1.438842,0.5936144,-1.119898,-0.0179826,0.07560202,0.01981841,0.05578361
880.0,0.1062924,-1.066752,1.173045,-1.690456,-0.2516136,-1.438842,0.5936144,-1.119898,-0.0179826,0.07560202,0.01981841,0.05578361
881.0,0.1062924,-1.066752,1.173045,-1.690456,-0.2516136,-1.438842,0.5936144,-1.119898,-0.0179826,0.07560202,0.01981841,0.05578361
882.0,0.1062924,-1.066752,1.173045,-1.690456,-0.2516135,-1.438842,0.5936144,-1.119898,-0.01798259,0.07560202,0.01981842,0.0557836
883.0,0.1062924,-1.066752,1.173045,-1.690456,-0.2516134,-1.438842,0.5936144,-1.119899,-0.01798259,0.07560202,0.01981842,0.0557836
884.0,0.1062924,-1.066752,1.173045,-1.690456,-0.2516135,-1.438842,0.5936145,-1.119899,-0.01798259,0.07560202,0.01981842,0.0557836
885.0,0.1062924,-1.066752,1.173045,-1.690456,-0.2516135,-1.438843,0.5936146,-1.119899,-0.01798259,0.07560202,0.01981842,0.05578361
886.0,0.1062924,-1.066752,1.173045,-1.690456,-0.2516136,-1.438843,0.5936146,-1.119899,-0.0179826,0.07560203,0.01981842,0.05578361
887.0,0.1062924,-1.066752,1.173045,-1.690456,-0.2516136,-1.438843,0.5936146,-1.119899,-0.0179826,0.07560203,0.01981842,0.05578361
888.0,0.1062924,-1.066752,1.173045,-1.690456,-0.2516136,-1.438843,0.5936145,-1.119898,-0.0179826,0.07560203,0.01981842,0.05578361
889.0,0.1062924,-1.066752,1.173045,-1.690456,-0.2516136,-1.438843,0.5936145,-1.119898,-0.0179826,0.07560203,0.01981842,0.05578361
890.0,0.1062924,-1.066752,1.173045,-1.690456,-0.2516136,-1.438843,0.5936146,-1.119899,-0.01798259,0.07560203,0.01981842,0.05578361
891.0,0.1062924,-1.066752,1.173045,-1.690456,-0.2516136,-1.438843,0.5936146,-1.119899,-0.01798259,0.07560203,0.01981842,0.0557836
892.0,0.1062924,-1.066752,1.173045,-1.690456,-0.2516135,-1.438843,0.5936146,-1.119899,-0.01798258,0.07560203,0.01981843,0.0557836
893.0,0.1062924,-1.066752,1.173045,-1.690456,-0.2516135,-1.438843,0.5936146,-1.119899,-0.01798258,0.07560203,0.01981843,0.0557836
894.0,0.1062924,-1.066752,1.173045,-1.690456,-0.2516135,-1.438843,0.5936147,-1.119899,-0.01798258,0.07560203,0.01981843,0.0557836
895.0,0.1062924,-1.066752,1.173045,-1.690456,-0.2516135,-1.438843,0.5936147,-1.119899,-0.01798259,0.07560203,0.01981843,0.0557836
896.0,0.1062924,-1.066752,1.173045,-1.690457,-0.2516135,-1.438843,0.5936147,-1.119899,-0.01798259,0.07560203,0.01981843,0.0557836
897.0,0.1062924,-1.066752,1.173045,-1.690457,-0.2516136,-1.438843,0.5936147,-1.119899,-0.01798259,0.07560203,0.01981842,0.05578361
898.0,0.1062924,-1.066752,1.173045,-1.690457,-0.2516136,-1.438843,0.5936147,-1.119899,-0.01798259,0.07560203,0.01981842,0.05578361
899.0,0.1062924,-1.066752,1.173045,-1.690457,-0.2516136,-1.438843,0.5936147,-1.119899,-0.01798259,0.07560202,0.01981842,0.05578361
900.0,0.1062924,-1.066752,1.173045,-1.690456,-0.2516136,-1.438843,0.5936147,-1.119899,-0.01798259,0.07560202,0.01981842,0.0557836
901.0,0.1062924,-1.066752,1.173045,-1.690456,-0.2516135,-1.438843,0.5936147,-1.119899,-0.01798259,0.07560202,0.01981842,0.0557836
902.0,0.1062924,-1.066753,1.173045,-1.690456,-0.2516135,-1.438843,0.5936147,-1.119899,-0.01798259,0.07560202,0.01981843,0.0557836
903.0,0.1062924,-1.066753,1.173045,-1.690457,-0.2516135,-1.438843,0.5936148,-1.119899,-0.01798259,0.07560202,0.01981842,0.0557836
904.0,0.1062924,-1.066753,1.173045,-1.690457,-0.2516135,-1.438843,0.5936148,-1.119899,-0.01798259,0.07560202,0.01981842,0.0557836
905.0,0.1062924,-1.066752,1.173045,-1.690457,-0.2516135,-1.438843,0.5936149,-1.119899,-0.01798259,0.07560202,0.01981842,0.0557836
906.0,0.1062924,-1.066752,1.173045,-1.690457,-0.2516135,-1.438843,0.5936149,-1.119899,-0.0179826,0.07560202,0.01981841,0.05578361
907.0,0.1062925,-1.066752,1.173045,-1.690457,-0.2516135,-1.438843,0.5936149,-1.119899,-0.0179826,0.07560202,0.01981841,0.05578361
908.0,0.1062925,-1.066752,1.173045,-1.690457,-0.2516135,-1.438843,0.5936149,-1.119899,-0.0179826,0.07560202,0.01981841,0.05578361
909.0,0.1062925,-1.066752,1.173045,-1.690457,-0.2516135,-1.438843,0.5936149,-1.119899,-0.0179826,0.07560202,0.01981841,0.05578361
910.0,0.1062924,-1.066753,1.173045,-1.690457,-0.2516135,-1.438843,0.593615,-1.119899,-0.0179826,0.07560202,0.01981841,0.05578361
911.0,0.1062924,-1.066753,1.173045,-1.690457,-0.2516135,-1.438843,0.593615,-1.119899,-0.0179826,0.07560203,0.01981842,0.05578361
912.0,0.1062924,-1.066753,1.173045,-1.690457,-0.2516135,-1.438844,0.593615,-1.119899,-0.01798259,0.07560203,0.01981842,0.05578361
913.0,0.1062924,-1.066753,1.173045,-1.690457,-0.2516135,-1.438844,0.593615,-1.119899,-0.0179826,0.07560203,0.01981842,0.05578361
914.0,0.1062924,-1.066753,1.173045,-1.690457,-0.2516135,-1.438844,0.5936151,-1.119899,-0.0179826,0.07560203,0.01981842,0.05578362
915.0,0.1062925,-1.066753,1.173045,-1.690457,-0.2516134,-1.438844,0.5936151,-1.119899,-0.0179826,0.07560203,0.01981841,0.05578362
916.0,0.1062925,-1.066753,1.173045,-1.690457,-0.2516134,-1.438844,0.5936151,-1.119899,-0.01798261,0.07560203,0.01981841,0.05578362
917.0,0.1062925,-1.066753,1.173045,-1.690457,-0.2516135,-1.438844,0.5936151,-1.119899,-0.01798261,0.07560203,0.01981841,0.05578362
918.0,0.1062925,-1.066753,1.173045,-1.690457,-0.2516135,-1.438844,0.5936151,-1.119899,-0.01798261,0.07560203,0.01981841,0.05578362
919.0,0.1062925,-1.066753,1.173045,-1.690457,-0.2516135,-1.438844,0.5936151,-1.119899,-0.01798261,0.07560203,0.01981841,0.05578362
920.0,0.1062925,-1.066753,1.173045,-1.690457,-0.2516136,-1.438844,0.5936151,-1.119899,-0.0179826,0.07560203,0.01981841,0.05578362
921.0,0.1062925,-1.066753,1.173045,-1.690457,-0.2516136,-1.438844,0.5936151,-1.119899,-0.0179826,0.07560203,0.01981842,0.05578361
922.0,0.1062925,-1.066753,1.173045,-1.690457,-0.2516136,-1.438844,0.5936151,-1.119899,-0.0179826,0.07560203,0.01981842,0.05578362
923.0,0.1062925,-1.066753,1.173045,-1.690457,-0.2516135,-1.438844,0.5936151,-1.119899,-0.0179826,0.07560203,0.01981841,0.05578362
924.0,0.1062925,-1.066753,1.173045,-1.690457,-0.2516135,-1.438844,0.5936152,-1.119899,-0.0179826,0.07560203,0.01981841,0.05578362
925.0,0.1062925,-1.066753,1.173045,-1.690457,-0.2516134,-1.438844,0.5936152,-1.119899,-0.01798261,0.07560203,0.01981841,0.05578362
926.0,0.1062925,-1.066753,1.173045,-1.690457,-0.2516134,-1.438844,0.5936152,-1.119899,-0.01798261,0.07560203,0.01981841,0.05578363
927.0,0.1062925,-1.066753,1.173045,-1.690457,-0.2516135,-1.438844,0.5936152,-1.119899,-0.01798261,0.07560203,0.01981841,0.05578363
928.0,0.1062925,-1.066753,1.173045,-1.690458,-0.2516135,-1.438844,0.5936152,-1.119899,-0.01798261,0.07560204,0.01981841,0.05578363
929.0,0.1062925,-1.066753,1.173045,-1.690458,-0.2516136,-1.438844,0.5936152,-1.119899,-0.01798261,0.07560204,0.01981841,0.05578363
930.0,0.1062925,-1.066753,1.173045,-1.690458,-0.2516136,-1.438844,0.5936152,-1.119899,-0.0179826,0.07560204,0.01981841,0.05578362
931.0,0.1062925,-1.066753,1.173045,-1.690458,-0.2516136,-1.438844,0.5936152,-1.119899,-0.0179826,0.07560204,0.01981842,0.05578362
932.0,0.1062925,-1.066753,1.173045,-1.690458,-0.2516136,-1.438844,0.5936152,-1.119899,-0.0179826,0.07560204,0.01981842,0.05578362
933.0,0.1062925,-1.066753,1.173045,-1.690457,-0.2516135,-1.438844,0.5936152,-1.119899,-0.0179826,0.07560204,0.01981842,0.05578362
934.0,0.1062925,-1.066753,1.173045,-1.690457,-0.2516135,-1.438844,0.5936152,-1.119899,-0.0179826,0.07560204,0.01981841,0.05578362
935.0,0.1062925,-1.066753,1.173045,-1.690457,-0.2516135,-1.438844,0.5936152,-1.119899,-0.01798261,0.07560204,0.01981841,0.05578363
936.0,0.1062925,-1.066753,1.173045,-1.690458,-0.2516135,-1.438844,0.5936153,-1.119899,-0.01798261,0.07560204,0.01981841,0.05578363
937.0,0.1062925,-1.066753,1.173045,-1.690458,-0.2516135,-1.438844,0.5936153,-1.119899,-0.01798261,0.07560204,0.01981841,0.05578363
938.0,0.1062925,-1.066753,1.173045,-1.690458,-0.2516135,-1.438844,0.5936153,-1.119899,-0.01798261,0.07560204,0.01981841,0.05578363
939.0,0.1062925,-1.066753,1.173045,-1.690458,-0.2516136,-1.438844,0.5936153,-1.119899,-0.01798261,0.07560204,0.01981842,0.05578363
940.0,0.1062925,-1.066753,1.173045,-1.690458,-0.2516136,-1.438844,0.5936153,-1.119899,-0.0179826,0.07560204,0.01981842,0.05578362
941.0,0.1062925,-1.066753,1.173045,-1.690458,-0.2516136,-1.438844,0.5936152,-1.119899,-0.0179826,0.07560204,0.01981842,0.05578362
942.0,0.1062924,-1.066753,1.173045,-1.690457,-0.2516136,-1.438844,0.5936152,-1.119899,-0.0179826,0.07560204,0.01981842,0.05578362
943.0,0.1062924,-1.066753,1.173045,-1.690457,-0.2516135,-1.438844,0.5936152,-1.119899,-0.0179826,0.07560204,0.01981842,0.05578362
944.0,0.1062924,-1.066753,1.173045,-1.690457,-0.2516135,-1.438844,0.5936152,-1.119899,-0.0179826,0.07560204,0.01981842,0.05578362
945.0,0.1062925,-1.066753,1.173045,-1.690457,-0.2516135,-1.438844,0.5936152,-1.119899,-0.01798261,0.07560205,0.01981842,0.05578363
946.0,0.1062925,-1.066753,1.173045,-1.690458,-0.2516135,-1.438844,0.5936152,-1.119899,-0.01798261,0.07560205,0.01981842,0.05578363
947.0,0.1062925,-1.066753,1.173045,-1.690458,-0.2516136,-1.438844,0.5936153,-1.119899,-0.01798261,0.07560205,0.01981842,0.05578363
948.0,0.1062925,-1.066753,1.173045,-1.690458,-0.2516136,-1.438844,0.5936153,-1.119899,-0.0179826,0.07560205,0.01981842,0.05578363
949.0,0.1062925,-1.066753,1.173045,-1.690458,-0.2516136,-1.438844,0.5936153,-1.119899,-0.0179826,0.07560205,0.01981842,0.05578363
950.0,0.1062925,-1.066753,1.173045,-1.690458,-0.2516136,-1.438844,0.5936153,-1.119899,-0.0179826,0.07560204,0.01981842,0.05578362
951.0,0.1062925,-1.066753,1.173045,-1.690458,-0.2516136,-1.438844,0.5936153,-1.119899,-0.0179826,0.07560204,0.01981842,0.05578362
952.0,0.1062925,-1.066753,1.173045,-1.690458,-0.2516136,-1.438844,0.5936152,-1.119899,-0.0179826,0.07560204,0.01981842,0.05578362
953.0,0.1062925,-1.066753,1.173045,-1.690458,-0.2516136,-1.438844,0.5936152,-1.119899,-0.0179826,0.07560204,0.01981842,0.05578362
954.0,0.1062925,-1.066753,1.173045,-1.690458,-0.2516136,-1.438844,0.5936152,-1.119899,-0.0179826,0.07560205,0.01981842,0.05578362
955.0,0.1062925,-1.066753,1.173045,-1.690458,-0.2516136,-1.438844,0.5936153,-1.119899,-0.0179826,0.07560205,0.01981842,0.05578363
956.0,0.1062925,-1.066753,1.173045,-1.690458,-0.2516136,-1.438844,0.5936153,-1.119899,-0.0179826,0.07560205,0.01981842,0.05578363
957.0,0.1062925,-1.066753,1.173045,-1.690458,-0.2516136,-1.438844,0.5936154,-1.119899,-0.0179826,0.07560205,0.01981842,0.05578363
958.0,0.1062925,-1.066753,1.173045,-1.690458,-0.2516135,-1.438844,0.5936154,-1.119899,-0.0179826,0.07560205,0.01981842,0.05578363
959.0,0.1062925,-1.066753,1.173045,-1.690458,-0.2516135,-1.438844,0.5936153,-1.119899,-0.0179826,0.07560205,0.01981843,0.05578363
960.0,0.1062924,-1.066753,1.173045,-1.690458,-0.2516135,-1.438844,0.5936153,-1.119899,-0.0179826,0.07560205,0.01981843,0.05578362
961.0,0.1062924,-1.066753,1.173045,-1.690458,-0.2516136,-1.438844,0.5936152,-1.119899,-0.0179826,0.07560205,0.01981843,0.05578362
962.0,0.1062924,-1.066753,1.173045,-1.690457,-0.2516136,-1.438844,0.5936152,-1.119899,-0.0179826,0.07560205,0.01981843,0.05578362
963.0,0.1062924,-1.066753,1.173045,-1.690457,-0.2516136,-1.438844,0.5936151,-1.119899,-0.0179826,0.07560205,0.01981843,0.05578362
964.0,0.1062924,-1.066753,1.173045,-1.690457,-0.2516136,-1.438844,0.5936151,-1.119899,-0.0179826,0.07560205,0.01981843,0.05578363
965.0,0.1062924,-1.066753,1.173045,-1.690458,-0.2516136,-1.438844,0.5936152,-1.119899,-0.0179826,0.07560206,0.01981843,0.05578363
966.0,0.1062925,-1.066753,1.173045,-1.690458,-0.2516136,-1.438844,0.5936153,-1.119899,-0.0179826,0.07560206,0.01981843,0.05578363
967.0,0.1062925,-1.066753,1.173045,-1.690458,-0.2516136,-1.438844,0.5936153,-1.119899,-0.0179826,0.07560206,0.01981843,0.05578363
968.0,0.1062925,-1.066753,1.173045,-1.690458,-0.2516136,-1.438844,0.5936154,-1.119899,-0.0179826,0.07560206,0.01981843,0.05578363
969.0,0.1062925,-1.066753,1.173045,-1.690458,-0.2516135,-1.438844,0.5936153,-1.119899,-0.0179826,0.07560206,0.01981843,0.05578363
970.0,0.1062924,-1.066753,1.173045,-1.690458,-0.2516136,-1.438844,0.5936153,-1.119899,-0.0179826,0.07560205,0.01981843,0.05578362
971.0,0.1062924,-1.066753,1.173045,-1.690458,-0.2516136,-1.438844,0.5936152,-1.119899,-0.01798259,0.07560205,0.01981843,0.05578362
972.0,0.1062924,-1.066753,1.173045,-1.690458,-0.2516136,-1.438844,0.5936152,-1.119899,-0.01798259,0.07560205,0.01981843,0.05578362
973.0,0.1062924,-1.066753,1.173045,-1.690458,-0.2516136,-1.438844,0.5936152,-1.119899,-0.01798259,0.07560205,0.01981843,0.05578362
974.0,0.1062925,-1.066753,1.173045,-1.690458,-0.2516136,-1.438844,0.5936152,-1.119899,-0.0179826,0.07560206,0.01981843,0.05578362
975.0,0.1062925,-1.066753,1.173045,-1.690458,-0.2516136,-1.438844,0.5936153,-1.119899,-0.0179826,0.07560206,0.01981843,0.05578363
976.0,0.1062925,-1.066753,1.173045,-1.690458,-0.2516135,-1.438844,0.5936154,-1.119899,-0.0179826,0.07560206,0.01981843,0.05578363
977.0,0.1062925,-1.066753,1.173045,-1.690458,-0.2516135,-1.438844,0.5936154,-1.119899,-0.0179826,0.07560206,0.01981843,0.05578363
978.0,0.1062925,-1.066753,1.173045,-1.690458,-0.2516135,-1.438844,0.5936154,-1.119899,-0.0179826,0.07560206,0.01981843,0.05578363
979.0,0.1062925,-1.066753,1.173045,-1.690458,-0.2516135,-1.438844,0.5936153,-1.119899,-0.0179826,0.07560205,0.01981843,0.05578363
980.0,0.1062925,-1.066753,1.173045,-1.690458,-0.2516135,-1.438844,0.5936153,-1.119899,-0.0179826,0.07560205,0.01981843,0.05578362
981.0,0.1062925,-1.066753,1.173045,-1.690458,-0.2516135,-1.438844,0.5936153,-1.119899,-0.0179826,0.07560205,0.01981843,0.05578362
982.0,0.1062925,-1.066753,1.173045,-1.690458,-0.2516136,-1.438844,0.5936152,-1.119899,-0.0179826,0.07560205,0.01981843,0.05578362
983.0,0.1062925,-1.066753,1.173045,-1.690458,-0.2516136,-1.438844,0.5936152,-1.119899,-0.0179826,0.07560205,0.01981843,0.05578362
984.0,0.1062925,-1.066753,1.173045,-1.690458,-0.2516136,-1.438844,0.5936153,-1.119899,-0.0179826,0.07560206,0.01981843,0.05578363
985.0,0.1062925,-1.066753,1.173046,-1.690458,-0.2516136,-1.438844,0.5936154,-1.119899,-0.01798261,0.07560206,0.01981842,0.05578363
986.0,0.1062925,-1.066753,1.173046,-1.690458,-0.2516135,-1.438844,0.5936155,-1.119899,-0.01798261,0.07560206,0.01981842,0.05578364
987.0,0.1062925,-1.066753,1.173046,-1.690458,-0.2516135,-1.438845,0.5936155,-1.119899,-0.01798261,0.07560206,0.01981842,0.05578364
988.0,0.1062925,-1.066753,1.173046,-1.690458,-0.2516135,-1.438845,0.5936155,-1.119899,-0.01798261,0.07560206,0.01981842,0.05578364
989.0,0.1062925,-1.066753,1.173045,-1.690458,-0.2516135,-1.438844,0.5936155,-1.119899,-0.0179826,0.07560206,0.01981843,0.05578363
990.0,0.1062925,-1.066753,1.173045,-1.690458,-0.2516136,-1.438844,0.5936154,-1.119899,-0.0179826,0.07560205,0.01981843,0.05578363
991.0,0.1062925,-1.066753,1.173045,-1.690458,-0.2516136,-1.438844,0.5936153,-1.119899,-0.0179826,0.07560205,0.01981843,0.05578363
992.0,0.1062925,-1.066753,1.173045,-1.690458,-0.2516137,-1.438844,0.5936153,-1.119899,-0.0179826,0.07560205,0.01981843,0.05578363
993.0,0.1062925,-1.066753,1.173045,-1.690458,-0.2516137,-1.438844,0.5936153,-1.119899,-0.0179826,0.07560205,0.01981842,0.05578363
994.0,0.1062925,-1.066753,1.173046,-1.690458,-0.2516136,-1.438844,0.5936153,-1.119899,-0.0179826,0.07560205,0.01981842,0.05578363
995.0,0.1062925,-1.066753,1.173046,-1.690458,-0.2516135,-1.438844,0.5936154,-1.119899,-0.01798261,0.07560206,0.01981842,0.05578363
996.0,0.1062925,-1.066753,1.173046,-1.690458,-0.2516135,-1.438844,0.5936154,-1.119899,-0.0179826,0.07560206,0.01981842,0.05578363
997.0,0.1062925,-1.066753,1.173046,-1.690458,-0.2516135,-1.438844,0.5936154,-1.119899,-0.0179826,0.07560206,0.01981843,0.05578363
998.0,0.1062925,-1.066753,1.173045,-1.690458,-0.2516135,-1.438844,0.5936154,-1.119899,-0.0179826,0.07560206,0.01981843,0.05578363
999.0,0.1062925,-1.066753,1.173045,-1.690458,-0.2516135,-1.438844,0.5936154,-1.119899,-0.0179826,0.07560206,0.01981843,0.05578363
1000.0,0.1062925,-1.066753,1.173045,-1.690458,-0.2516136,-1.438844,0.5936153,-1.119899,-0.0179826,0.07560206,0.01981843,0.05578363
1001.0,0.1062925,-1.066753,1.173045,-1.690458,-0.2516136,-1.438844,0.5936153,-1.119899,-0.0179826,0.07560205,0.01981843,0.05578362
1002.0,0.1062925,-1.066753,1.173045,-1.690458,-0.2516136,-1.438844,0.5936153,-1.119899,-0.0179826,0.07560205,0.01981843,0.05578363
1003.0,0.1062925,-1.066753,1.173046,-1.690458,-0.2516136,-1.438844,0.5936153,-1.119899,-0.0179826,0.07560205,0.01981842,0.05578363
1004.0,0.1062925,-1.066753,1.173046,-1.690458,-0.2516136,-1.438844,0.5936154,-1.119899,-0.0179826,0.07560206,0.01981842,0.05578363
1005.0,0.1062925,-1.066753,1.173046,-1.690458,-0.2516135,-1.438844,0.5936154,-1.119899,-0.01798261,0.07560206,0.01981842,0.05578363
1006.0,0.1062925,-1.066753,1.173046,-1.690458,-0.2516135,-1.438844,0.5936154,-1.119899,-0.01798261,0.07560206,0.01981843,0.05578364
1007.0,0.1062925,-1.066753,1.173046,-1.690458,-0.2516135,-1.438844,0.5936154,-1.119899,-0.0179826,0.07560206,0.01981843,0.05578363
1008.0,0.1062925,-1.066753,1.173046,-1.690458,-0.2516135,-1.438844,0.5936154,-1.119899,-0.0179826,0.07560207,0.01981843,0.05578363
1009.0,0.1062925,-1.066753,1.173045,-1.690458,-0.2516136,-1.438844,0.5936154,-1.119899,-0.0179826,0.07560207,0.01981843,0.05578363
1010.0,0.1062925,-1.066753,1.173045,-1.690458,-0.2516136,-1.438844,0.5936153,-1.119899,-0.0179826,0.07560206,0.01981843,0.05578363
1011.0,0.1062925,-1.066753,1.173045,-1.690458,-0.2516136,-1.438844,0.5936153,-1.119899,-0.0179826,0.07560206,0.01981843,0.05578363
1012.0,0.1062925,-1.066753,1.173046,-1.690458,-0.2516136,-1.438844,0.5936152,-1.119899,-0.0179826,0.07560206,0.01981842,0.05578363
1013.0,0.1062925,-1.066753,1.173046,-1.690458,-0.2516136,-1.438844,0.5936152,-1.119899,-0.01798261,0.07560206,0.01981842,0.05578363
1014.0,0.1062925,-1.066753,1.173046,-1.690458,-0.2516136,-1.438844,0.5936153,-1.119899,-0.01798261,0.07560206,0.01981842,0.05578363
1015.0,0.1062925,-1.066753,1.173046,-1.690458,-0.2516136,-1.438844,0.5936153,-1.119899,-0.0179826,0.07560206,0.01981843,0.05578363
1016.0,0.1062925,-1.066753,1.173046,-1.690458,-0.2516136,-1.438844,0.5936153,-1.119899,-0.0179826,0.07560206,0.01981843,0.05578363
1017.0,0.1062925,-1.066753,1.173045,-1.690458,-0.2516136,-1.438844,0.5936153,-1.119899,-0.0179826,0.07560207,0.01981843,0.05578363
1018.0,0.1062925,-1.066753,1.173045,-1.690458,-0.2516136,-1.438844,0.5936152,-1.119899,-0.0179826,0.07560207,0.01981844,0.05578363
1019.0,0.1062925,-1.066753,1.173045,-1.690458,-0.2516136,-1.438844,0.5936152,-1.119899,-0.0179826,0.07560207,0.01981844,0.05578363
1020.0,0.1062925,-1.066753,1.173045,-1.690458,-0.2516136,-1.438844,0.5936152,-1.119899,-0.0179826,0.07560207,0.01981844,0.05578363
1021.0,0.1062925,-1.066753,1.173045,-1.690458,-0.2516136,-1.438844,0.5936153,-1.119899,-0.0179826,0.07560206,0.01981843,0.05578363
1022.0,0.1062925,-1.066753,1.173046,-1.690458,-0.2516136,-1.438844,0.5936153,-1.119899,-0.0179826,0.07560206,0.01981843,0.05578363
1023.0,0.1062925,-1.066753,1.173046,-1.690458,-0.2516136,-1.438844,0.5936153,-1.119899,-0.0179826,0.07560206,0.01981843,0.05578363
1024.0,0.1062925,-1.066753,1.173046,-1.690458,-0.2516136,-1.438844,0.5936153,-1.119899,-0.0179826,0.07560206,0.01981843,0.05578363
1025.0,0.1062924,-1.066753,1.173046,-1.690458,-0.2516136,-1.438844,0.5936153,-1.119899,-0.0179826,0.07560206,0.01981843,0.05578363
1026.0,0.1062924,-1.066753,1.173045,-1.690458,-0.2516136,-1.438844,0.5936152,-1.119899,-0.01798259,0.07560207,0.01981844,0.05578363
1027.0,0.1062924,-1.066753,1.173045,-1.690458,-0.2516136,-1.438844,0.5936152,-1.119899,-0.01798259,0.07560207,0.01981845,0.05578363
1028.0,0.1062924,-1.066753,1.173045,-1.690458,-0.2516136,-1.438844,0.5936152,-1.119899,-0.01798259,0.07560207,0.01981845,0.05578363
1029.0,0.1062924,-1.066753,1.173045,-1.690458,-0.2516136,-1.438844,0.5936152,-1.119899,-0.01798259,0.07560207,0.01981845,0.05578363
1030.0,0.1062924,-1.066753,1.173045,-1.690458,-0.2516136,-1.438844,0.5936152,-1.119899,-0.01798259,0.07560207,0.01981844,0.05578363
1031.0,0.1062924,-1.066753,1.173045,-1.690458,-0.2516136,-1.438844,0.5936152,-1.119899,-0.0179826,0.07560207,0.01981844,0.05578363
1032.0,0.1062924,-1.066753,1.173045,-1.690458,-0.2516136,-1.438844,0.5936152,-1.119899,-0.0179826,0.07560206,0.01981843,0.05578363
1033.0,0.1062924,-1.066753,1.173046,-1.690458,-0.2516136,-1.438844,0.5936152,-1.119899,-0.01798259,0.07560206,0.01981843,0.05578362
1034.0,0.1062924,-1.066753,1.173045,-1.690458,-0.2516136,-1.438844,0.5936152,-1.119899,-0.01798259,0.07560206,0.01981844,0.05578362
1035.0,0.1062924,-1.066753,1.173045,-1.690458,-0.2516136,-1.438844,0.5936152,-1.119899,-0.01798259,0.07560206,0.01981844,0.05578362
1036.0,0.1062924,-1.066753,1.173045,-1.690458,-0.2516136,-1.438844,0.5936152,-1.119899,-0.01798259,0.07560206,0.01981844,0.05578362
1037.0,0.1062924,-1.066753,1.173045,-1.690458,-0.2516136,-1.438844,0.5936152,-1.119899,-0.01798259,0.07560207,0.01981845,0.05578362
1038.0,0.1062924,-1.066753,1.173045,-1.690458,-0.2516136,-1.438844,0.5936152,-1.119899,-0.01798259,0.07560207,0.01981844,0.05578363
1039.0,0.1062924,-1.066753,1.173045,-1.690458,-0.2516136,-1.438844,0.5936153,-1.119899,-0.01798259,0.07560207,0.01981844,0.05578363
1040.0,0.1062925,-1.066753,1.173045,-1.690458,-0.2516135,-1.438844,0.5936153,-1.119899,-0.0179826,0.07560207,0.01981844,0.05578363
1041.0,0.1062925,-1.066753,1.173045,-1.690458,-0.2516135,-1.438844,0.5936153,-1.119899,-0.0179826,0.07560207,0.01981843,0.05578364
1042.0,0.1062925,-1.066753,1.173046,-1.690458,-0.2516135,-1.438844,0.5936154,-1.119899,-0.0179826,0.07560206,0.01981843,0.05578363
1043.0,0.1062925,-1.066753,1.173046,-1.690458,-0.2516135,-1.438844,0.5936154,-1.119899,-0.0179826,0.07560206,0.01981843,0.05578363
1044.0,0.1062925,-1.066753,1.173046,-1.690458,-0.2516135,-1.438844,0.5936153,-1.119899,-0.0179826,0.07560206,0.01981844,0.05578363
1045.0,0.1062925,-1.066753,1.173045,-1.690458,-0.2516135,-1.438844,0.5936153,-1.119899,-0.01798259,0.07560206,0.01981844,0.05578362
1046.0,0.1062925,-1.066753,1.173045,-1.690458,-0.2516135,-1.438844,0.5936153,-1.119899,-0.01798259,0.07560206,0.01981844,0.05578362
1047.0,0.1062925,-1.066753,1.173045,-1.690458,-0.2516135,-1.438844,0.5936153,-1.119899,-0.01798259,0.07560207,0.01981844,0.05578363
1048.0,0.1062925,-1.066753,1.173045,-1.690458,-0.2516135,-1.438844,0.5936153,-1.119899,-0.0179826,0.07560207,0.01981844,0.05578363
1049.0,0.1062925,-1.066753,1.173045,-1.690458,-0.2516135,-1.438844,0.5936154,-1.119899,-0.0179826,0.07560207,0.01981843,0.05578364
1050.0,0.1062925,-1.066753,1.173046,-1.690458,-0.2516135,-1.438844,0.5936154,-1.119899,-0.0179826,0.07560207,0.01981843,0.05578364
1051.0,0.1062925,-1.066753,1.173046,-1.690458,-0.2516135,-1.438844,0.5936155,-1.119899,-0.0179826,0.07560207,0.01981843,0.05578364
1052.0,0.1062925,-1.066753,1.173046,-1.690458,-0.2516136,-1.438845,0.5936155,-1.119899,-0.0179826,0.07560207,0.01981843,0.05578363
1053.0,0.1062925,-1.066753,1.173046,-1.690458,-0.2516136,-1.438844,0.5936154,-1.119899,-0.0179826,0.07560206,0.01981843,0.05578363
1054.0,0.1062925,-1.066753,1.173046,-1.690458,-0.2516136,-1.438844,0.5936154,-1.119899,-0.01798259,0.07560206,0.01981844,0.05578362
1055.0,0.1062925,-1.066753,1.173045,-1.690458,-0.2516135,-1.438844,0.5936154,-1.119899,-0.01798259,0.07560206,0.01981844,0.05578362
1056.0,0.1062925,-1.066753,1.173045,-1.690458,-0.2516135,-1.438844,0.5936154,-1.119899,-0.01798259,0.07560206,0.01981844,0.05578362
1057.0,0.1062925,-1.066753,1.173045,-1.690458,-0.2516135,-1.438844,0.5936154,-1.119899,-0.01798259,0.07560207,0.01981844,0.05578362
1058.0,0.1062925,-1.066753,1.173045,-1.690458,-0.2516135,-1.438844,0.5936154,-1.119899,-0.0179826,0.07560207,0.01981844,0.05578363
1059.0,0.1062925,-1.066753,1.173046,-1.690458,-0.2516135,-1.438844,0.5936155,-1.119899,-0.0179826,0.07560207,0.01981844,0.05578363
1060.0,0.1062925,-1.066753,1.173046,-1.690458,-0.2516135,-1.438845,0.5936155,-1.119899,-0.0179826,0.07560207,0.01981844,0.05578364
1061.0,0.1062925,-1.066753,1.173046,-1.690458,-0.2516136,-1.438845,0.5936156,-1.119899,-0.0179826,0.07560207,0.01981843,0.05578363
1062.0,0.1062925,-1.066753,1.173046,-1.690458,-0.2516136,-1.438845,0.5936155,-1.119899,-0.0179826,0.07560206,0.01981843,0.05578363
1063.0,0.1062925,-1.066753,1.173046,-1.690458,-0.2516136,-1.438844,0.5936154,-1.119899,-0.01798259,0.07560206,0.01981844,0.05578362
1064.0,0.1062925,-1.066753,1.173046,-1.690458,-0.2516136,-1.438844,0.5936154,-1.119899,-0.01798259,0.07560205,0.01981844,0.05578361
1065.0,0.1062925,-1.066753,1.173046,-1.690458,-0.2516135,-1.438844,0.5936153,-1.119899,-0.01798258,0.07560205,0.01981844,0.05578361
1066.0,0.1062925,-1.066753,1.173045,-1.690458,-0.2516135,-1.438844,0.5936154,-1.119899,-0.01798259,0.07560205,0.01981844,0.05578361
1067.0,0.1062925,-1.066753,1.173045,-1.690458,-0.2516135,-1.438844,0.5936154,-1.119899,-0.01798259,0.07560206,0.01981844,0.05578362
1068.0,0.1062925,-1.066753,1.173046,-1.690458,-0.2516135,-1.438845,0.5936155,-1.119899,-0.01798259,0.07560207,0.01981844,0.05578363
1069.0,0.1062925,-1.066753,1.173046,-1.690458,-0.2516135,-1.438845,0.5936156,-1.119899,-0.0179826,0.07560207,0.01981844,0.05578363
1070.0,0.1062925,-1.066753,1.173046,-1.690458,-0.2516136,-1.438845,0.5936156,-1.119899,-0.0179826,0.07560207,0.01981844,0.05578364
1071.0,0.1062925,-1.066753,1.173046,-1.690458,-0.2516136,-1.438845,0.5936156,-1.119899,-0.0179826,0.07560207,0.01981844,0.05578363
1072.0,0.1062925,-1.066753,1.173046,-1.690458,-0.2516136,-1.438845,0.5936155,-1.119899,-0.01798259,0.07560206,0.01981844,0.05578362
1073.0,0.1062925,-1.066753,1.173046,-1.690458,-0.2516136,-1.438844,0.5936155,-1.119899,-0.01798259,0.07560206,0.01981844,0.05578362
1074.0,0.1062925,-1.066753,1.173046,-1.690458,-0.2516136,-1.438844,0.5936154,-1.119899,-0.01798258,0.07560205,0.01981844,0.05578361
1075.0,0.1062925,-1.066753,1.173046,-1.690458,-0.2516135,-1.438844,0.5936154,-1.119899,-0.01798258,0.07560205,0.01981844,0.05578361
1076.0,0.1062925,-1.066753,1.173046,-1.690458,-0.2516135,-1.438844,0.5936154,-1.119899,-0.01798259,0.07560206,0.01981844,0.05578361
1077.0,0.1062925,-1.066753,1.173046,-1.690458,-0.2516135,-1.438844,0.5936154,-1.119899,-0.01798259,0.07560206,0.01981844,0.05578362
1078.0,0.1062924,-1.066753,1.173046,-1.690458,-0.2516135,-1.438845,0.5936155,-1.119899,-0.01798259,0.07560207,0.01981844,0.05578363
1079.0,0.1062924,-1.066753,1.173046,-1.690458,-0.2516135,-1.438845,0.5936155,-1.119899,-0.0179826,0.07560208,0.01981844,0.05578364
1080.0,0.1062924,-1.066753,1.173046,-1.690458,-0.2516135,-1.438844,0.5936155,-1.119899,-0.0179826,0.07560208,0.01981844,0.05578364
1081.0,0.1062924,-1.066753,1.173046,-1.690458,-0.2516136,-1.438844,0.5936154,-1.119899,-0.0179826,0.07560207,0.01981844,0.05578363
1082.0,0.1062924,-1.066753,1.173046,-1.690458,-0.2516136,-1.438844,0.5936153,-1.119899,-0.01798259,0.07560207,0.01981844,0.05578363
1083.0,0.1062924,-1.066753,1.173046,-1.690458,-0.2516136,-1.438844,0.5936152,-1.119899,-0.01798259,0.07560206,0.01981844,0.05578362
1084.0,0.1062924,-1.066753,1.173046,-1.690458,-0.2516136,-1.438844,0.5936152,-1.119899,-0.01798259,0.07560205,0.01981844,0.05578361
1085.0,0.1062924,-1.066753,1.173046,-1.690458,-0.2516136,-1.438844,0.5936152,-1.119899,-0.01798259,0.07560206,0.01981844,0.05578361
1086.0,0.1062924,-1.066753,1.173046,-1.690458,-0.2516136,-1.438844,0.5936152,-1.119899,-0.01798259,0.07560206,0.01981844,0.05578362
1087.0,0.1062924,-1.066753,1.173046,-1.690458,-0.2516136,-1.438844,0.5936152,-1.119899,-0.01798259,0.07560207,0.01981844,0.05578362
1088.0,0.1062924,-1.066753,1.173046,-1.690458,-0.2516135,-1.438844,0.5936153,-1.119899,-0.01798259,0.07560207,0.01981844,0.05578363
1089.0,0.1062924,-1.066753,1.173046,-1.690458,-0.2516135,-1.438844,0.5936153,-1.119899,-0.01798259,0.07560208,0.01981845,0.05578363
1090.0,0.1062924,-1.066753,1.173046,-1.690458,-0.2516135,-1.438844,0.5936152,-1.119899,-0.01798259,0.07560208,0.01981845,0.05578363
1091.0,0.1062924,-1.066753,1.173045,-1.690458,-0.2516136,-1.438844,0.5936152,-1.119899,-0.01798259,0.07560207,0.01981845,0.05578363
1092.0,0.1062924,-1.066753,1.173045,-1.690458,-0.2516136,-1.438844,0.5936151,-1.119899,-0.01798258,0.07560207,0.01981845,0.05578362
1093.0,0.1062924,-1.066753,1.173045,-1.690457,-0.2516137,-1.438844,0.5936151,-1.119899,-0.01798258,0.07560206,0.01981845,0.05578361
1094.0,0.1062924,-1.066753,1.173045,-1.690457,-0.2516137,-1.438844,0.593615,-1.119899,-0.01798258,0.07560206,0.01981845,0.05578361
1095.0,0.1062924,-1.066753,1.173045,-1.690457,-0.2516137,-1.438844,0.593615,-1.119899,-0.01798258,0.07560206,0.01981845,0.05578361
1096.0,0.1062924,-1.066753,1.173045,-1.690457,-0.2516136,-1.438844,0.5936151,-1.119899,-0.01798258,0.07560206,0.01981845,0.05578361
1097.0,0.1062924,-1.066753,1.173045,-1.690457,-0.2516136,-1.438844,0.5936151,-1.119899,-0.01798258,0.07560206,0.01981845,0.05578362
1098.0,0.1062924,-1.066753,1.173045,-1.690457,-0.2516135,-1.438844,0.5936151,-1.119899,-0.01798258,0.07560207,0.01981845,0.05578362
1099.0,0.1062924,-1.066753,1.173045,-1.690457,-0.2516135,-1.438844,0.5936151,-1.119899,-0.01798258,0.07560207,0.01981845,0.05578362
1100.0,0.1062924,-1.066753,1.173045,-1.690457,-0.2516135,-1.438844,0.5936151,-1.119899,-0.01798258,0.07560208,0.01981846,0.05578362
1101.0,0.1062924,-1.066753,1.173045,-1.690457,-0.2516136,-1.438844,0.5936151,-1.119899,-0.01798258,0.07560207,0.01981846,0.05578361
1102.0,0.1062924,-1.066753,1.173045,-1.690457,-0.2516137,-1.438844,0.593615,-1.119899,-0.01798257,0.07560207,0.01981846,0.05578361
1103.0,0.1062924,-1.066753,1.173045,-1.690457,-0.2516137,-1.438844,0.593615,-1.119899,-0.01798257,0.07560207,0.01981846,0.05578361
1104.0,0.1062924,-1.066753,1.173045,-1.690457,-0.2516137,-1.438844,0.593615,-1.119899,-0.01798258,0.07560206,0.01981846,0.05578361
1105.0,0.1062924,-1.066753,1.173045,-1.690457,-0.2516136,-1.438844,0.593615,-1.119899,-0.01798258,0.07560206,0.01981845,0.05578361
1106.0,0.1062924,-1.066753,1.173045,-1.690457,-0.2516136,-1.438844,0.593615,-1.119899,-0.01798258,0.07560206,0.01981845,0.05578361
1107.0,0.1062924,-1.066753,1.173045,-1.690457,-0.2516135,-1.438844,0.5936151,-1.119899,-0.01798258,0.07560207,0.01981845,0.05578361
1108.0,0.1062924,-1.066753,1.173045,-1.690457,-0.2516135,-1.438844,0.5936151,-1.119899,-0.01798258,0.07560207,0.01981846,0.05578361
1109.0,0.1062924,-1.066753,1.173045,-1.690457,-0.2516135,-1.438844,0.5936151,-1.119899,-0.01798258,0.07560208,0.01981846,0.05578361
1110.0,0.1062924,-1.066753,1.173045,-1.690457,-0.2516136,-1.438844,0.5936151,-1.119899,-0.01798257,0.07560208,0.01981846,0.05578361
1111.0,0.1062924,-1.066753,1.173045,-1.690457,-0.2516136,-1.438844,0.5936151,-1.119899,-0.01798257,0.07560208,0.01981847,0.05578361
1112.0,0.1062924,-1.066753,1.173045,-1.690457,-0.2516137,-1.438844,0.5936151,-1.119899,-0.01798257,0.07560207,0.01981846,0.05578361
1113.0,0.1062924,-1.066753,1.173045,-1.690457,-0.2516137,-1.438844,0.593615,-1.119899,-0.01798258,0.07560207,0.01981846,0.05578361
1114.0,0.1062924,-1.066753,1.173045,-1.690457,-0.2516137,-1.438844,0.593615,-1.119899,-0.01798258,0.07560206,0.01981845,0.05578361
1115.0,0.1062924,-1.066753,1.173045,-1.690457,-0.2516136,-1.438844,0.5936151,-1.119899,-0.01798258,0.07560206,0.01981844,0.05578361
1116.0,0.1062924,-1.066753,1.173045,-1.690457,-0.2516135,-1.438844,0.5936151,-1.119899,-0.01798258,0.07560205,0.01981844,0.05578361
1117.0,0.1062924,-1.066753,1.173045,-1.690457,-0.2516135,-1.438844,0.5936151,-1.119899,-0.01798259,0.07560205,0.01981844,0.05578361
1118.0,0.1062924,-1.066753,1.173045,-1.690457,-0.2516135,-1.438844,0.5936152,-1.119899,-0.01798258,0.07560206,0.01981845,0.05578361
1119.0,0.1062924,-1.066753,1.173045,-1.690458,-0.2516135,-1.438844,0.5936152,-1.119899,-0.01798258,0.07560206,0.01981845,0.05578361
1120.0,0.1062924,-1.066753,1.173045,-1.690458,-0.2516136,-1.438844,0.5936152,-1.119899,-0.01798258,0.07560207,0.01981845,0.05578361
1121.0,0.1062924,-1.066753,1.173045,-1.690458,-0.2516136,-1.438844,0.5936152,-1.119899,-0.01798258,0.07560207,0.01981845,0.05578361
1122.0,0.1062924,-1.066753,1.173045,-1.690458,-0.2516136,-1.438844,0.5936152,-1.119899,-0.01798258,0.07560206,0.01981845,0.05578361
1123.0,0.1062924,-1.066753,1.173045,-1.690458,-0.2516136,-1.438844,0.5936151,-1.119899,-0.01798258,0.07560205,0.01981844,0.05578361
1124.0,0.1062925,-1.066753,1.173045,-1.690457,-0.2516136,-1.438844,0.5936151,-1.119899,-0.01798259,0.07560205,0.01981844,0.05578361
1125.0,0.1062925,-1.066753,1.173045,-1.690457,-0.2516135,-1.438844,0.5936152,-1.119899,-0.01798259,0.07560205,0.01981843,0.05578361
1126.0,0.1062925,-1.066753,1.173045,-1.690457,-0.2516135,-1.438844,0.5936152,-1.119899,-0.01798259,0.07560205,0.01981843,0.05578362
1127.0,0.1062925,-1.066753,1.173045,-1.690458,-0.2516135,-1.438844,0.5936153,-1.119899,-0.01798259,0.07560205,0.01981843,0.05578362
1128.0,0.1062925,-1.066753,1.173045,-1.690458,-0.2516135,-1.438844,0.5936153,-1.119899,-0.01798259,0.07560205,0.01981844,0.05578362
1129.0,0.1062924,-1.066753,1.173045,-1.690458,-0.2516135,-1.438844,0.5936153,-1.119899,-0.01798259,0.07560206,0.01981844,0.05578362
1130.0,0.1062924,-1.066753,1.173045,-1.690458,-0.2516135,-1.438844,0.5936153,-1.119899,-0.01798259,0.07560206,0.01981844,0.05578362
1131.0,0.1062924,-1.066753,1.173045,-1.690458,-0.2516135,-1.438844,0.5936153,-1.119899,-0.01798259,0.07560206,0.01981845,0.05578362
1132.0,0.1062924,-1.066753,1.173045,-1.690458,-0.2516135,-1.438844,0.5936153,-1.119899,-0.01798259,0.07560206,0.01981844,0.05578362
1133.0,0.1062924,-1.066753,1.173045,-1.690458,-0.2516135,-1.438844,0.5936152,-1.119899,-0.01798259,0.07560206,0.01981844,0.05578362
1134.0,0.1062925,-1.066753,1.173045,-1.690458,-0.2516135,-1.438844,0.5936152,-1.119899,-0.0179826,0.07560205,0.01981843,0.05578362
1135.0,0.1062925,-1.066753,1.173045,-1.690458,-0.2516135,-1.438844,0.5936152,-1.119899,-0.0179826,0.07560205,0.01981843,0.05578362
1136.0,0.1062925,-1.066753,1.173045,-1.690458,-0.2516135,-1.438844,0.5936153,-1.119899,-0.0179826,0.07560205,0.01981843,0.05578362
1137.0,0.1062925,-1.066753,1.173046,-1.690458,-0.2516135,-1.438844,0.5936154,-1.119899,-0.0179826,0.07560206,0.01981843,0.05578362
1138.0,0.1062924,-1.066753,1.173045,-1.690458,-0.2516135,-1.438844,0.5936154,-1.119899,-0.01798259,0.07560206,0.01981844,0.05578362
1139.0,0.1062924,-1.066753,1.173045,-1.690458,-0.2516135,-1.438844,0.5936154,-1.119899,-0.01798259,0.07560206,0.01981845,0.05578362
1140.0,0.1062924,-1.066753,1.173045,-1.690458,-0.2516135,-1.438844,0.5936154,-1.119899,-0.01798258,0.07560206,0.01981845,0.05578362
1141.0,0.1062924,-1.066753,1.173045,-1.690458,-0.2516135,-1.438844,0.5936154,-1.119899,-0.01798259,0.07560206,0.01981845,0.05578362
1142.0,0.1062924,-1.066753,1.173045,-1.690458,-0.2516136,-1.438844,0.5936153,-1.119899,-0.01798259,0.07560206,0.01981844,0.05578362
1143.0,0.1062925,-1.066753,1.173045,-1.690458,-0.2516136,-1.438844,0.5936153,-1.119899,-0.01798259,0.07560206,0.01981843,0.05578362
1144.0,0.1062925,-1.066753,1.173046,-1.690458,-0.2516136,-1.438844,0.5936153,-1.119899,-0.0179826,0.07560206,0.01981843,0.05578363
1145.0,0.1062925,-1.066753,1.173046,-1.690458,-0.2516136,-1.438844,0.5936153,-1.119899,-0.0179826,0.07560205,0.01981843,0.05578363
1146.0,0.1062925,-1.066753,1.173046,-1.690458,-0.2516136,-1.438844,0.5936153,-1.119899,-0.0179826,0.07560205,0.01981843,0.05578363
1147.0,0.1062925,-1.066753,1.173046,-1.690458,-0.2516135,-1.438844,0.5936154,-1.119899,-0.0179826,0.07560205,0.01981843,0.05578362
1148.0,0.1062924,-1.066753,1.173046,-1.690458,-0.2516135,-1.438844,0.5936154,-1.119899,-0.01798259,0.07560205,0.01981844,0.05578362
1149.0,0.1062924,-1.066753,1.173045,-1.690458,-0.2516135,-1.438844,0.5936154,-1.119899,-0.01798258,0.07560206,0.01981844,0.05578361
1150.0,0.1062924,-1.066753,1.173045,-1.690458,-0.2516135,-1.438844,0.5936154,-1.119899,-0.01798258,0.07560206,0.01981844,0.05578361
1151.0,0.1062924,-1.066753,1.173045,-1.690458,-0.2516135,-1.438844,0.5936153,-1.119899,-0.01798259,0.07560206,0.01981844,0.05578362
1152.0,0.1062924,-1.066753,1.173045,-1.690458,-0.2516136,-1.438844,0.5936152,-1.119899,-0.01798259,0.07560206,0.01981844,0.05578362
1153.0,0.1062924,-1.066753,1.173045,-1.690458,-0.2516137,-1.438844,0.5936152,-1.119899,-0.0179826,0.07560206,0.01981843,0.05578363
1154.0,0.1062924,-1.066753,1.173046,-1.690458,-0.2516137,-1.438844,0.5936152,-1.119899,-0.0179826,0.07560207,0.01981843,0.05578364
1155.0,0.1062925,-1.066753,1.173046,-1.690458,-0.2516137,-1.438844,0.5936152,-1.119899,-0.01798261,0.07560206,0.01981843,0.05578364
1156.0,0.1062924,-1.066753,1.173046,-1.690458,-0.2516137,-1.438844,0.5936152,-1.119899,-0.0179826,0.07560206,0.01981843,0.05578364
1157.0,0.1062924,-1.066753,1.173046,-1.690458,-0.2516136,-1.438844,0.5936152,-1.119899,-0.0179826,0.07560206,0.01981843,0.05578363
1158.0,0.1062924,-1.066753,1.173045,-1.690457,-0.2516136,-1.438844,0.5936152,-1.119899,-0.01798259,0.07560206,0.01981844,0.05578362
1159.0,0.1062924,-1.066753,1.173045,-1.690457,-0.2516135,-1.438844,0.5936151,-1.119899,-0.01798259,0.07560206,0.01981844,0.05578362
1160.0,0.1062924,-1.066753,1.173045,-1.690457,-0.2516136,-1.438844,0.5936151,-1.119899,-0.01798258,0.07560206,0.01981845,0.05578362
1161.0,0.1062924,-1.066753,1.173045,-1.690457,-0.2516136,-1.438844,0.593615,-1.119899,-0.01798259,0.07560206,0.01981845,0.05578362
1162.0,0.1062924,-1.066753,1.173045,-1.690457,-0.2516136,-1.438844,0.593615,-1.119899,-0.01798259,0.07560207,0.01981844,0.05578362
1163.0,0.1062924,-1.066753,1.173045,-1.690457,-0.2516137,-1.438844,0.593615,-1.119899,-0.0179826,0.07560207,0.01981844,0.05578363
1164.0,0.1062924,-1.066753,1.173045,-1.690457,-0.2516137,-1.438844,0.593615,-1.119899,-0.0179826,0.07560207,0.01981844,0.05578363
1165.0,0.1062924,-1.066753,1.173045,-1.690457,-0.2516137,-1.438844,0.593615,-1.119899,-0.0179826,0.07560207,0.01981844,0.05578363
1166.0,0.1062924,-1.066753,1.173045,-1.690457,-0.2516137,-1.438844,0.593615,-1.119899,-0.01798259,0.07560207,0.01981844,0.05578362
1167.0,0.1062924,-1.066753,1.173045,-1.690457,-0.2516136,-1.438844,0.593615,-1.119899,-0.01798258,0.07560206,0.01981845,0.05578362
1168.0,0.1062924,-1.066753,1.173045,-1.690457,-0.2516136,-1.438844,0.593615,-1.119899,-0.01798258,0.07560206,0.01981845,0.05578361
1169.0,0.1062924,-1.066753,1.173045,-1.690457,-0.2516136,-1.438844,0.593615,-1.119899,-0.01798257,0.07560206,0.01981846,0.0557836
1170.0,0.1062924,-1.066753,1.173045,-1.690457,-0.2516136,-1.438843,0.5936149,-1.119899,-0.01798258,0.07560206,0.01981845,0.05578361
1171.0,0.1062924,-1.066753,1.173045,-1.690457,-0.2516136,-1.438843,0.5936149,-1.119899,-0.01798258,0.07560206,0.01981845,0.05578361
1172.0,0.1062924,-1.066753,1.173045,-1.690457,-0.2516136,-1.438844,0.593615,-1.119899,-0.01798259,0.07560207,0.01981845,0.05578362
1173.0,0.1062924,-1.066753,1.173045,-1.690457,-0.2516137,-1.438844,0.593615,-1.119899,-0.01798259,0.07560207,0.01981844,0.05578363
1174.0,0.1062924,-1.066753,1.173045,-1.690457,-0.2516137,-1.438844,0.593615,-1.119899,-0.01798259,0.07560207,0.01981844,0.05578363
1175.0,0.1062924,-1.066753,1.173045,-1.690457,-0.2516137,-1.438844,0.5936151,-1.119899,-0.01798259,0.07560207,0.01981844,0.05578362
1176.0,0.1062924,-1.066753,1.173045,-1.690458,-0.2516137,-1.438844,0.5936151,-1.119899,-0.01798259,0.07560206,0.01981845,0.05578362
1177.0,0.1062924,-1.066753,1.173045,-1.690457,-0.2516136,-1.438844,0.5936151,-1.119899,-0.01798258,0.07560206,0.01981845,0.05578361
1178.0,0.1062924,-1.066753,1.173045,-1.690457,-0.2516136,-1.438844,0.5936151,-1.119899,-0.01798258,0.07560206,0.01981845,0.0557836
1179.0,0.1062924,-1.066753,1.173045,-1.690457,-0.2516136,-1.438844,0.5936151,-1.119899,-0.01798258,0.07560205,0.01981845,0.0557836
1180.0,0.1062924,-1.066753,1.173045,-1.690457,-0.2516135,-1.438844,0.5936151,-1.119899,-0.01798258,0.07560205,0.01981845,0.05578361
1181.0,0.1062924,-1.066753,1.173045,-1.690457,-0.2516135,-1.438844,0.5936151,-1.119899,-0.01798259,0.07560205,0.01981844,0.05578361
1182.0,0.1062924,-1.066753,1.173045,-1.690457,-0.2516135,-1.438844,0.5936152,-1.119899,-0.01798259,0.07560206,0.01981844,0.05578362
1183.0,0.1062924,-1.066753,1.173045,-1.690457,-0.2516135,-1.438844,0.5936152,-1.119899,-0.0179826,0.07560206,0.01981843,0.05578363
1184.0,0.1062924,-1.066753,1.173045,-1.690458,-0.2516135,-1.438844,0.5936153,-1.119899,-0.01798259,0.07560206,0.01981844,0.05578363
1185.0,0.1062924,-1.066753,1.173045,-1.690458,-0.2516136,-1.438844,0.5936153,-1.119899,-0.01798259,0.07560206,0.01981844,0.05578362
1186.0,0.1062924,-1.066753,1.173045,-1.690458,-0.2516136,-1.438844,0.5936153,-1.119899,-0.01798259,0.07560206,0.01981845,0.05578362
1187.0,0.1062924,-1.066753,1.173045,-1.690458,-0.2516136,-1.438844,0.5936153,-1.119899,-0.01798258,0.07560206,0.01981845,0.05578361
1188.0,0.1062925,-1.066753,1.173045,-1.690458,-0.2516136,-1.438844,0.5936153,-1.119899,-0.01798258,0.07560205,0.01981844,0.05578361
1189.0,0.1062925,-1.066753,1.173045,-1.690458,-0.2516136,-1.438844,0.5936153,-1.119899,-0.01798259,0.07560205,0.01981844,0.05578361
1190.0,0.1062925,-1.066753,1.173045,-1.690458,-0.2516135,-1.438844,0.5936153,-1.119899,-0.01798259,0.07560205,0.01981843,0.05578362
1191.0,0.1062925,-1.066753,1.173045,-1.690458,-0.2516135,-1.438844,0.5936154,-1.119899,-0.0179826,0.07560205,0.01981842,0.05578363
1192.0,0.1062925,-1.066753,1.173046,-1.690458,-0.2516135,-1.438844,0.5936154,-1.119899,-0.01798261,0.07560205,0.01981841,0.05578364
1193.0,0.1062925,-1.066753,1.173046,-1.690458,-0.2516135,-1.438844,0.5936155,-1.119899,-0.01798261,0.07560206,0.01981841,0.05578364
1194.0,0.1062925,-1.066753,1.173046,-1.690458,-0.2516135,-1.438845,0.5936155,-1.119899,-0.01798261,0.07560206,0.01981842,0.05578364
1195.0,0.1062925,-1.066753,1.173046,-1.690458,-0.2516136,-1.438845,0.5936155,-1.119899,-0.01798261,0.07560206,0.01981842,0.05578364
1196.0,0.1062925,-1.066753,1.173046,-1.690458,-0.2516136,-1.438845,0.5936155,-1.119899,-0.0179826,0.07560206,0.01981843,0.05578363
1197.0,0.1062925,-1.066753,1.173046,-1.690458,-0.2516137,-1.438845,0.5936154,-1.119899,-0.0179826,0.07560206,0.01981843,0.05578363
1198.0,0.1062925,-1.066753,1.173046,-1.690458,-0.2516136,-1.438845,0.5936154,-1.119899,-0.0179826,0.07560205,0.01981843,0.05578362
1199.0,0.1062925,-1.066753,1.173046,-1.690458,-0.2516136,-1.438844,0.5936155,-1.119899,-0.0179826,0.07560205,0.01981843,0.05578362
1200.0,0.1062925,-1.066753,1.173046,-1.690458,-0.2516135,-1.438845,0.5936155,-1.119899,-0.0179826,0.07560205,0.01981842,0.05578363
1201.0,0.1062925,-1.066753,1.173046,-1.690458,-0.2516134,-1.438845,0.5936156,-1.119899,-0.01798261,0.07560205,0.01981842,0.05578364
1202.0,0.1062925,-1.066753,1.173046,-1.690458,-0.2516134,-1.438845,0.5936156,-1.119899,-0.01798261,0.07560206,0.01981842,0.05578364
1203.0,0.1062925,-1.066753,1.173046,-1.690458,-0.2516134,-1.438845,0.5936156,-1.119899,-0.01798261,0.07560206,0.01981842,0.05578364
1204.0,0.1062925,-1.066753,1.173046,-1.690458,-0.2516135,-1.438845,0.5936156,-1.119899,-0.01798261,0.07560207,0.01981843,0.05578364
1205.0,0.1062925,-1.066753,1.173046,-1.690458,-0.2516136,-1.438845,0.5936156,-1.119899,-0.0179826,0.07560207,0.01981844,0.05578364
1206.0,0.1062925,-1.066753,1.173046,-1.690458,-0.2516137,-1.438845,0.5936155,-1.119899,-0.01798259,0.07560207,0.01981844,0.05578363
1207.0,0.1062925,-1.066753,1.173046,-1.690458,-0.2516137,-1.438845,0.5936155,-1.119899,-0.01798259,0.07560207,0.01981844,0.05578363
1208.0,0.1062925,-1.066753,1.173046,-1.690458,-0.2516137,-1.438845,0.5936155,-1.119899,-0.0179826,0.07560206,0.01981843,0.05578363
1209.0,0.1062925,-1.066753,1.173046,-1.690458,-0.2516136,-1.438845,0.5936155,-1.119899,-0.0179826,0.07560205,0.01981843,0.05578363
1210.0,0.1062925,-1.066753,1.173046,-1.690458,-0.2516135,-1.438845,0.5936156,-1.119899,-0.01798261,0.07560205,0.01981842,0.05578363
1211.0,0.1062925,-1.066753,1.173046,-1.690458,-0.2516134,-1.438845,0.5936156,-1.119899,-0.01798262,0.07560205,0.01981841,0.05578364
1212.0,0.1062925,-1.066753,1.173046,-1.690458,-0.2516134,-1.438845,0.5936157,-1.119899,-0.01798262,0.07560206,0.01981841,0.05578365
1213.0,0.1062925,-1.066753,1.173046,-1.690458,-0.2516134,-1.438845,0.5936157,-1.119899,-0.01798262,0.07560206,0.01981841,0.05578365
1214.0,0.1062925,-1.066753,1.173046,-1.690458,-0.2516135,-1.438845,0.5936156,-1.119899,-0.01798261,0.07560207,0.01981842,0.05578365
1215.0,0.1062925,-1.066753,1.173046,-1.690458,-0.2516136,-1.438845,0.5936156,-1.119899,-0.01798261,0.07560207,0.01981843,0.05578364
1216.0,0.1062925,-1.066753,1.173046,-1.690458,-0.2516137,-1.438845,0.5936155,-1.119899,-0.01798261,0.07560207,0.01981843,0.05578364
1217.0,0.1062925,-1.066753,1.173046,-1.690458,-0.2516137,-1.438845,0.5936155,-1.119899,-0.01798261,0.07560206,0.01981843,0.05578364
1218.0,0.1062925,-1.066753,1.173046,-1.690458,-0.2516137,-1.438845,0.5936155,-1.119899,-0.01798261,0.07560206,0.01981842,0.05578364
1219.0,0.1062925,-1.066753,1.173046,-1.690458,-0.2516136,-1.438845,0.5936156,-1.119899,-0.01798261,0.07560206,0.01981841,0.05578364
1220.0,0.1062925,-1.066753,1.173046,-1.690458,-0.2516135,-1.438845,0.5936157,-1.119899,-0.01798262,0.07560205,0.01981841,0.05578365
1221.0,0.1062925,-1.066753,1.173046,-1.690458,-0.2516134,-1.438845,0.5936157,-1.1199,-0.01798262,0.07560206,0.01981841,0.05578365
1222.0,0.1062925,-1.066753,1.173046,-1.690458,-0.2516134,-1.438845,0.5936157,-1.1199,-0.01798262,0.07560206,0.01981841,0.05578365
1223.0,0.1062925,-1.066753,1.173046,-1.690458,-0.2516135,-1.438845,0.5936157,-1.1199,-0.01798262,0.07560207,0.01981842,0.05578365
1224.0,0.1062925,-1.066753,1.173046,-1.690458,-0.2516135,-1.438845,0.5936156,-1.119899,-0.01798261,0.07560207,0.01981843,0.05578364
1225.0,0.1062925,-1.066753,1.173046,-1.690458,-0.2516136,-1.438845,0.5936156,-1.119899,-0.0179826,0.07560208,0.01981844,0.05578364
1226.0,0.1062925,-1.066753,1.173046,-1.690459,-0.2516137,-1.438845,0.5936156,-1.119899,-0.0179826,0.07560208,0.01981844,0.05578364
1227.0,0.1062925,-1.066753,1.173046,-1.690459,-0.2516137,-1.438845,0.5936156,-1.119899,-0.0179826,0.07560207,0.01981844,0.05578363
1228.0,0.1062925,-1.066753,1.173046,-1.690459,-0.2516137,-1.438845,0.5936156,-1.119899,-0.0179826,0.07560207,0.01981843,0.05578363
1229.0,0.1062925,-1.066753,1.173046,-1.690459,-0.2516136,-1.438845,0.5936157,-1.119899,-0.01798261,0.07560207,0.01981843,0.05578364
1230.0,0.1062925,-1.066753,1.173046,-1.690459,-0.2516135,-1.438845,0.5936157,-1.1199,-0.01798261,0.07560206,0.01981842,0.05578364
1231.0,0.1062925,-1.066753,1.173046,-1.690458,-0.2516134,-1.438845,0.5936158,-1.1199,-0.01798261,0.07560207,0.01981842,0.05578364
1232.0,0.1062925,-1.066753,1.173046,-1.690458,-0.2516134,-1.438845,0.5936158,-1.1199,-0.01798261,0.07560207,0.01981843,0.05578364
1233.0,0.1062925,-1.066753,1.173046,-1.690458,-0.2516134,-1.438845,0.5936158,-1.1199,-0.0179826,0.07560207,0.01981843,0.05578364
1234.0,0.1062925,-1.066753,1.173046,-1.690458,-0.2516135,-1.438845,0.5936157,-1.1199,-0.0179826,0.07560207,0.01981844,0.05578363
1235.0,0.1062925,-1.066753,1.173046,-1.690458,-0.2516135,-1.438845,0.5936157,-1.119899,-0.01798259,0.07560207,0.01981845,0.05578363
1236.0,0.1062925,-1.066753,1.173046,-1.690459,-0.2516136,-1.438845,0.5936157,-1.119899,-0.01798259,0.07560207,0.01981845,0.05578363
1237.0,0.1062925,-1.066753,1.173046,-1.690459,-0.2516137,-1.438845,0.5936157,-1.119899,-0.0179826,0.07560207,0.01981844,0.05578363
1238.0,0.1062925,-1.066753,1.173046,-1.690459,-0.2516137,-1.438845,0.5936157,-1.1199,-0.0179826,0.07560207,0.01981843,0.05578364
1239.0,0.1062925,-1.066753,1.173046,-1.690459,-0.2516136,-1.438845,0.5936158,-1.1199,-0.01798261,0.07560207,0.01981842,0.05578364
1240.0,0.1062925,-1.066753,1.173046,-1.690459,-0.2516136,-1.438845,0.5936158,-1.1199,-0.01798261,0.07560206,0.01981842,0.05578365
1241.0,0.1062925,-1.066753,1.173046,-1.690459,-0.2516135,-1.438845,0.5936158,-1.1199,-0.01798261,0.07560206,0.01981842,0.05578365
1242.0,0.1062925,-1.066753,1.173046,-1.690459,-0.2516134,-1.438845,0.5936158,-1.1199,-0.01798261,0.07560206,0.01981842,0.05578364
1243.0,0.1062925,-1.066753,1.173046,-1.690458,-0.2516134,-1.438845,0.5936158,-1.1199,-0.01798261,0.07560206,0.01981843,0.05578364
1244.0,0.1062925,-1.066753,1.173046,-1.690459,-0.2516135,-1.438845,0.5936158,-1.1199,-0.0179826,0.07560207,0.01981843,0.05578364
1245.0,0.1062925,-1.066753,1.173046,-1.690459,-0.2516135,-1.438845,0.5936158,-1.1199,-0.0179826,0.07560207,0.01981843,0.05578363
1246.0,0.1062925,-1.066753,1.173046,-1.690459,-0.2516136,-1.438845,0.5936158,-1.1199,-0.0179826,0.07560207,0.01981843,0.05578363
1247.0,0.1062925,-1.066753,1.173046,-1.690459,-0.2516137,-1.438845,0.5936157,-1.1199,-0.0179826,0.07560207,0.01981843,0.05578364
1248.0,0.1062925,-1.066753,1.173046,-1.690459,-0.2516137,-1.438845,0.5936157,-1.1199,-0.01798261,0.07560207,0.01981843,0.05578364
1249.0,0.1062925,-1.066753,1.173046,-1.690459,-0.2516137,-1.438845,0.5936157,-1.1199,-0.01798261,0.07560207,0.01981842,0.05578364
1250.0,0.1062925,-1.066753,1.173046,-1.690459,-0.2516136,-1.438845,0.5936158,-1.1199,-0.01798261,0.07560207,0.01981842,0.05578364
1251.0,0.1062925,-1.066753,1.173046,-1.690459,-0.2516135,-1.438845,0.5936158,-1.1199,-0.01798261,0.07560207,0.01981842,0.05578364
1252.0,0.1062925,-1.066753,1.173046,-1.690458,-0.2516134,-1.438845,0.5936158,-1.1199,-0.0179826,0.07560207,0.01981843,0.05578364
1253.0,0.1062925,-1.066753,1.173046,-1.690458,-0.2516134,-1.438845,0.5936157,-1.1199,-0.0179826,0.07560207,0.01981843,0.05578363
1254.0,0.1062925,-1.066753,1.173046,-1.690458,-0.2516135,-1.438845,0.5936157,-1.1199,-0.0179826,0.07560207,0.01981844,0.05578363
1255.0,0.1062925,-1.066753,1.173046,-1.690458,-0.2516135,-1.438845,0.5936157,-1.1199,-0.01798259,0.07560207,0.01981844,0.05578363
1256.0,0.1062925,-1.066753,1.173046,-1.690459,-0.2516136,-1.438845,0.5936156,-1.1199,-0.01798259,0.07560207,0.01981844,0.05578363
1257.0,0.1062925,-1.066753,1.173046,-1.690459,-0.2516137,-1.438845,0.5936156,-1.1199,-0.0179826,0.07560207,0.01981844,0.05578363
1258.0,0.1062925,-1.066753,1.173046,-1.690459,-0.2516137,-1.438845,0.5936156,-1.1199,-0.0179826,0.07560207,0.01981843,0.05578364
1259.0,0.1062925,-1.066753,1.173046,-1.690459,-0.2516137,-1.438845,0.5936156,-1.1199,-0.0179826,0.07560207,0.01981843,0.05578364
1260.0,0.1062925,-1.066753,1.173046,-1.690459,-0.2516137,-1.438845,0.5936156,-1.1199,-0.0179826,0.07560207,0.01981843,0.05578364
1261.0,0.1062925,-1.066753,1.173046,-1.690458,-0.2516136,-1.438845,0.5936156,-1.1199,-0.0179826,0.07560208,0.01981843,0.05578364
1262.0,0.1062925,-1.066753,1.173046,-1.690458,-0.2516135,-1.438845,0.5936157,-1.1199,-0.0179826,0.07560208,0.01981844,0.05578364
1263.0,0.1062925,-1.066753,1.173046,-1.690458,-0.2516135,-1.438845,0.5936156,-1.1199,-0.0179826,0.07560208,0.01981844,0.05578363
1264.0,0.1062925,-1.066753,1.173046,-1.690458,-0.2516135,-1.438845,0.5936156,-1.1199,-0.01798259,0.07560207,0.01981845,0.05578363
1265.0,0.1062925,-1.066753,1.173046,-1.690458,-0.2516136,-1.438845,0.5936156,-1.1199,-0.01798259,0.07560207,0.01981845,0.05578362
1266.0,0.1062925,-1.066753,1.173046,-1.690458,-0.2516137,-1.438845,0.5936155,-1.1199,-0.01798259,0.07560207,0.01981845,0.05578362
1267.0,0.1062925,-1.066753,1.173046,-1.690458,-0.2516137,-1.438845,0.5936155,-1.1199,-0.01798259,0.07560207,0.01981844,0.05578363
1268.0,0.1062925,-1.066753,1.173046,-1.690458,-0.2516137,-1.438845,0.5936155,-1.1199,-0.0179826,0.07560207,0.01981844,0.05578363
1269.0,0.1062925,-1.066753,1.173046,-1.690458,-0.2516137,-1.438845,0.5936155,-1.1199,-0.0179826,0.07560207,0.01981844,0.05578363
1270.0,0.1062925,-1.066753,1.173046,-1.690458,-0.2516136,-1.438845,0.5936155,-1.1199,-0.0179826,0.07560207,0.01981844,0.05578363
1271.0,0.1062925,-1.066753,1.173046,-1.690458,-0.2516136,-1.438845,0.5936155,-1.1199,-0.01798259,0.07560208,0.01981845,0.05578363
1272.0,0.1062924,-1.066753,1.173046,-1.690458,-0.2516135,-1.438845,0.5936156,-1.1199,-0.01798259,0.07560208,0.01981845,0.05578362
1273.0,0.1062924,-1.066753,1.173046,-1.690458,-0.2516135,-1.438845,0.5936155,-1.1199,-0.01798258,0.07560208,0.01981846,0.05578362
1274.0,0.1062924,-1.066753,1.173046,-1.690458,-0.2516135,-1.438845,0.5936155,-1.1199,-0.01798257,0.07560208,0.01981846,0.05578361
1275.0,0.1062924,-1.066753,1.173046,-1.690458,-0.2516136,-1.438845,0.5936155,-1.119899,-0.01798257,0.07560207,0.01981846,0.05578361
1276.0,0.1062924,-1.066753,1.173046,-1.690458,-0.2516137,-1.438845,0.5936154,-1.119899,-0.01798258,0.07560207,0.01981846,0.05578361
1277.0,0.1062925,-1.066753,1.173046,-1.690458,-0.2516137,-1.438844,0.5936154,-1.119899,-0.01798258,0.07560207,0.01981845,0.05578362
1278.0,0.1062925,-1.066753,1.173046,-1.690458,-0.2516137,-1.438844,0.5936154,-1.119899,-0.01798259,0.07560207,0.01981845,0.05578362
1279.0,0.1062925,-1.066753,1.173046,-1.690458,-0.2516137,-1.438844,0.5936154,-1.119899,-0.01798259,0.07560207,0.01981845,0.05578362
1280.0,0.1062925,-1.066753,1.173046,-1.690458,-0.2516137,-1.438844,0.5936154,-1.1199,-0.01798259,0.07560208,0.01981845,0.05578363
1281.0,0.1062924,-1.066753,1.173046,-1.690458,-0.2516136,-1.438845,0.5936155,-1.119899,-0.01798259,0.07560208,0.01981845,0.05578363
1282.0,0.1062924,-1.066753,1.173046,-1.690458,-0.2516136,-1.438845,0.5936155,-1.119899,-0.01798258,0.07560208,0.01981846,0.05578362
1283.0,0.1062924,-1.066753,1.173046,-1.690458,-0.2516135,-1.438845,0.5936155,-1.119899,-0.01798258,0.07560208,0.01981846,0.05578362
1284.0,0.1062924,-1.066753,1.173046,-1.690458,-0.2516136,-1.438845,0.5936155,-1.119899,-0.01798258,0.07560208,0.01981846,0.05578362
1285.0,0.1062925,-1.066753,1.173046,-1.690458,-0.2516136,-1.438844,0.5936155,-1.119899,-0.01798259,0.07560207,0.01981845,0.05578362
1286.0,0.1062925,-1.066753,1.173046,-1.690458,-0.2516136,-1.438844,0.5936154,-1.119899,-0.01798259,0.07560206,0.01981844,0.05578362
1287.0,0.1062925,-1.066753,1.173046,-1.690458,-0.2516137,-1.438845,0.5936154,-1.119899,-0.0179826,0.07560206,0.01981843,0.05578363
1288.0,0.1062925,-1.066753,1.173046,-1.690458,-0.2516137,-1.438845,0.5936155,-1.119899,-0.0179826,0.07560206,0.01981843,0.05578363
1289.0,0.1062925,-1.066753,1.173046,-1.690458,-0.2516136,-1.438845,0.5936155,-1.119899,-0.0179826,0.07560207,0.01981843,0.05578364
1290.0,0.1062925,-1.066753,1.173046,-1.690458,-0.2516136,-1.438845,0.5936156,-1.119899,-0.0179826,0.07560207,0.01981844,0.05578364
1291.0,0.1062925,-1.066753,1.173046,-1.690458,-0.2516136,-1.438845,0.5936156,-1.119899,-0.01798259,0.07560208,0.01981845,0.05578363
1292.0,0.1062925,-1.066753,1.173046,-1.690458,-0.2516135,-1.438845,0.5936156,-1.119899,-0.01798259,0.07560208,0.01981845,0.05578363
1293.0,0.1062924,-1.066753,1.173046,-1.690458,-0.2516135,-1.438845,0.5936156,-1.119899,-0.01798259,0.07560208,0.01981846,0.05578363
1294.0,0.1062925,-1.066753,1.173046,-1.690458,-0.2516135,-1.438845,0.5936156,-1.119899,-0.01798259,0.07560208,0.01981845,0.05578363
1295.0,0.1062925,-1.066753,1.173046,-1.690458,-0.2516135,-1.438845,0.5936156,-1.119899,-0.01798259,0.07560207,0.01981844,0.05578363
1296.0,0.1062925,-1.066753,1.173046,-1.690458,-0.2516135,-1.438845,0.5936156,-1.119899,-0.01798259,0.07560206,0.01981844,0.05578363
1297.0,0.1062925,-1.066753,1.173046,-1.690458,-0.2516136,-1.438845,0.5936156,-1.119899,-0.0179826,0.07560206,0.01981843,0.05578363
1298.0,0.1062925,-1.066753,1.173046,-1.690458,-0.2516136,-1.438845,0.5936156,-1.1199,-0.0179826,0.07560206,0.01981843,0.05578363
1299.0,0.1062925,-1.066753,1.173046,-1.690458,-0.2516136,-1.438845,0.5936156,-1.1199,-0.01798259,0.07560207,0.01981844,0.05578362
1300.0,0.1062925,-1.066753,1.173046,-1.690458,-0.2516136,-1.438845,0.5936157,-1.1199,-0.01798259,0.07560207,0.01981845,0.05578362
1301.0,0.1062925,-1.066753,1.173046,-1.690458,-0.2516135,-1.438845,0.5936157,-1.1199,-0.01798258,0.07560208,0.01981846,0.05578362
1302.0,0.1062924,-1.066753,1.173046,-1.690458,-0.2516135,-1.438845,0.5936157,-1.119899,-0.01798258,0.07560208,0.01981846,0.05578362
1303.0,0.1062924,-1.066753,1.173046,-1.690458,-0.2516134,-1.438845,0.5936157,-1.119899,-0.01798258,0.07560208,0.01981846,0.05578362
1304.0,0.1062924,-1.066753,1.173046,-1.690458,-0.2516134,-1.438845,0.5936157,-1.1199,-0.01798258,0.07560208,0.01981845,0.05578362
1305.0,0.1062925,-1.066753,1.173046,-1.690458,-0.2516135,-1.438845,0.5936156,-1.1199,-0.01798259,0.07560207,0.01981844,0.05578362
1306.0,0.1062925,-1.066753,1.173046,-1.690458,-0.2516135,-1.438845,0.5936156,-1.1199,-0.01798259,0.07560206,0.01981844,0.05578362
1307.0,0.1062925,-1.066753,1.173046,-1.690458,-0.2516136,-1.438845,0.5936156,-1.1199,-0.01798259,0.07560206,0.01981843,0.05578362
1308.0,0.1062925,-1.066753,1.173046,-1.690458,-0.2516137,-1.438845,0.5936156,-1.1199,-0.01798259,0.07560206,0.01981844,0.05578362
1309.0,0.1062925,-1.066753,1.173046,-1.690459,-0.2516137,-1.438845,0.5936156,-1.1199,-0.01798259,0.07560207,0.01981845,0.05578362
1310.0,0.1062925,-1.066753,1.173046,-1.690459,-0.2516136,-1.438845,0.5936156,-1.1199,-0.01798258,0.07560208,0.01981845,0.05578362
1311.0,0.1062924,-1.066753,1.173046,-1.690458,-0.2516136,-1.438845,0.5936156,-1.1199,-0.01798258,0.07560208,0.01981846,0.05578362
1312.0,0.1062924,-1.066753,1.173046,-1.690458,-0.2516136,-1.438845,0.5936156,-1.119899,-0.01798258,0.07560209,0.01981846,0.05578363
1313.0,0.1062924,-1.066753,1.173046,-1.690458,-0.2516135,-1.438845,0.5936156,-1.119899,-0.01798259,0.07560208,0.01981845,0.05578363
1314.0,0.1062925,-1.066753,1.173046,-1.690458,-0.2516135,-1.438845,0.5936156,-1.1199,-0.01798259,0.07560208,0.01981844,0.05578363
1315.0,0.1062925,-1.066753,1.173046,-1.690458,-0.2516135,-1.438845,0.5936156,-1.1199,-0.0179826,0.07560207,0.01981844,0.05578363
1316.0,0.1062925,-1.066753,1.173046,-1.690458,-0.2516135,-1.438845,0.5936156,-1.1199,-0.0179826,0.07560206,0.01981843,0.05578363
1317.0,0.1062925,-1.066753,1.173046,-1.690458,-0.2516136,-1.438845,0.5936156,-1.1199,-0.0179826,0.07560206,0.01981843,0.05578363
1318.0,0.1062925,-1.066753,1.173046,-1.690458,-0.2516136,-1.438845,0.5936156,-1.1199,-0.01798259,0.07560206,0.01981844,0.05578362
1319.0,0.1062925,-1.066753,1.173046,-1.690458,-0.2516136,-1.438845,0.5936156,-1.1199,-0.01798259,0.07560206,0.01981844,0.05578362
1320.0,0.1062925,-1.066753,1.173046,-1.690458,-0.2516136,-1.438845,0.5936156,-1.1199,-0.01798258,0.07560207,0.01981845,0.05578362
1321.0,0.1062924,-1.066753,1.173046,-1.690458,-0.2516135,-1.438845,0.5936156,-1.119899,-0.01798258,0.07560208,0.01981846,0.05578362
1322.0,0.1062924,-1.066753,1.173046,-1.690458,-0.2516135,-1.438845,0.5936156,-1.119899,-0.01798259,0.07560209,0.01981846,0.05578363
1323.0,0.1062924,-1.066753,1.173046,-1.690458,-0.2516135,-1.438845,0.5936156,-1.1199,-0.01798259,0.07560209,0.01981845,0.05578363
1324.0,0.1062924,-1.066753,1.173046,-1.690458,-0.2516135,-1.438845,0.5936156,-1.1199,-0.01798259,0.07560208,0.01981845,0.05578363
1325.0,0.1062924,-1.066753,1.173046,-1.690458,-0.2516135,-1.438845,0.5936156,-1.1199,-0.01798259,0.07560207,0.01981845,0.05578363
1326.0,0.1062925,-1.066753,1.173046,-1.690458,-0.2516136,-1.438845,0.5936155,-1.1199,-0.01798259,0.07560207,0.01981844,0.05578362
1327.0,0.1062925,-1.066753,1.173046,-1.690458,-0.2516136,-1.438845,0.5936155,-1.1199,-0.01798259,0.07560206,0.01981845,0.05578362
1328.0,0.1062925,-1.066753,1.173046,-1.690458,-0.2516136,-1.438845,0.5936155,-1.1199,-0.01798258,0.07560206,0.01981845,0.05578361
1329.0,0.1062925,-1.066753,1.173046,-1.690458,-0.2516137,-1.438844,0.5936154,-1.119899,-0.01798258,0.07560206,0.01981846,0.05578361
1330.0,0.1062924,-1.066753,1.173046,-1.690458,-0.2516136,-1.438844,0.5936154,-1.119899,-0.01798257,0.07560207,0.01981846,0.05578361
1331.0,0.1062924,-1.066753,1.173046,-1.690458,-0.2516136,-1.438844,0.5936154,-1.119899,-0.01798257,0.07560208,0.01981847,0.05578361
1332.0,0.1062924,-1.066753,1.173046,-1.690458,-0.2516136,-1.438844,0.5936154,-1.119899,-0.01798258,0.07560208,0.01981846,0.05578362
1333.0,0.1062924,-1.066753,1.173046,-1.690458,-0.2516136,-1.438844,0.5936153,-1.119899,-0.01798258,0.07560209,0.01981846,0.05578363
1334.0,0.1062924,-1.066753,1.173046,-1.690458,-0.2516136,-1.438844,0.5936153,-1.119899,-0.01798259,0.07560208,0.01981845,0.05578363
1335.0,0.1062924,-1.066753,1.173046,-1.690458,-0.2516137,-1.438844,0.5936153,-1.119899,-0.01798259,0.07560207,0.01981845,0.05578362
1336.0,0.1062924,-1.066753,1.173046,-1.690458,-0.2516137,-1.438844,0.5936153,-1.119899,-0.01798259,0.07560207,0.01981845,0.05578362
1337.0,0.1062925,-1.066753,1.173046,-1.690458,-0.2516137,-1.438844,0.5936152,-1.119899,-0.01798258,0.07560206,0.01981845,0.05578361
1338.0,0.1062925,-1.066753,1.173046,-1.690458,-0.2516136,-1.438844,0.5936152,-1.119899,-0.01798258,0.07560206,0.01981845,0.05578361
1339.0,0.1062925,-1.066753,1.173046,-1.690458,-0.2516136,-1.438844,0.5936152,-1.119899,-0.01798258,0.07560206,0.01981845,0.0557836
1340.0,0.1062924,-1.066753,1.173046,-1.690458,-0.2516136,-1.438844,0.5936152,-1.119899,-0.01798258,0.07560206,0.01981846,0.05578361
1341.0,0.1062924,-1.066753,1.173046,-1.690458,-0.2516136,-1.438844,0.5936153,-1.119899,-0.01798258,0.07560207,0.01981846,0.05578362
1342.0,0.1062924,-1.066753,1.173046,-1.690458,-0.2516136,-1.438844,0.5936153,-1.119899,-0.01798258,0.07560208,0.01981846,0.05578363
1343.0,0.1062924,-1.066753,1.173046,-1.690458,-0.2516136,-1.438844,0.5936153,-1.119899,-0.01798259,0.07560209,0.01981846,0.05578363
1344.0,0.1062924,-1.066753,1.173046,-1.690458,-0.2516136,-1.438844,0.5936153,-1.119899,-0.01798259,0.07560209,0.01981845,0.05578363
1345.0,0.1062924,-1.066753,1.173046,-1.690458,-0.2516136,-1.438844,0.5936153,-1.119899,-0.01798259,0.07560208,0.01981845,0.05578363
1346.0,0.1062925,-1.066753,1.173046,-1.690458,-0.2516136,-1.438844,0.5936153,-1.119899,-0.01798259,0.07560207,0.01981845,0.05578362
1347.0,0.1062925,-1.066753,1.173046,-1.690458,-0.2516136,-1.438844,0.5936153,-1.119899,-0.01798258,0.07560206,0.01981845,0.05578361
1348.0,0.1062925,-1.066753,1.173046,-1.690458,-0.2516136,-1.438844,0.5936153,-1.119899,-0.01798258,0.07560206,0.01981845,0.05578361
1349.0,0.1062925,-1.066753,1.173046,-1.690458,-0.2516135,-1.438844,0.5936153,-1.119899,-0.01798257,0.07560206,0.01981846,0.0557836
1350.0,0.1062924,-1.066753,1.173046,-1.690458,-0.2516135,-1.438844,0.5936154,-1.119899,-0.01798258,0.07560206,0.01981846,0.05578361
1351.0,0.1062924,-1.066753,1.173046,-1.690458,-0.2516135,-1.438844,0.5936154,-1.119899,-0.01798258,0.07560207,0.01981846,0.05578361
1352.0,0.1062924,-1.066753,1.173046,-1.690458,-0.2516135,-1.438844,0.5936154,-1.119899,-0.01798258,0.07560208,0.01981846,0.05578362
1353.0,0.1062924,-1.066753,1.173046,-1.690458,-0.2516135,-1.438844,0.5936154,-1.119899,-0.01798259,0.07560208,0.01981846,0.05578363
1354.0,0.1062924,-1.066753,1.173046,-1.690458,-0.2516136,-1.438844,0.5936154,-1.119899,-0.01798259,0.07560208,0.01981845,0.05578363
1355.0,0.1062924,-1.066753,1.173046,-1.690458,-0.2516136,-1.438844,0.5936154,-1.119899,-0.01798259,0.07560207,0.01981845,0.05578362
1356.0,0.1062925,-1.066753,1.173046,-1.690458,-0.2516136,-1.438844,0.5936153,-1.119899,-0.01798258,0.07560206,0.01981845,0.05578361
1357.0,0.1062925,-1.066753,1.173046,-1.690458,-0.2516136,-1.438844,0.5936153,-1.119899,-0.01798258,0.07560205,0.01981844,0.0557836
1358.0,0.1062925,-1.066753,1.173046,-1.690458,-0.2516136,-1.438844,0.5936153,-1.119899,-0.01798258,0.07560204,0.01981845,0.0557836
1359.0,0.1062925,-1.066753,1.173046,-1.690458,-0.2516136,-1.438844,0.5936154,-1.119899,-0.01798258,0.07560204,0.01981845,0.0557836
1360.0,0.1062925,-1.066753,1.173046,-1.690458,-0.2516136,-1.438844,0.5936154,-1.119899,-0.01798258,0.07560205,0.01981845,0.0557836
1361.0,0.1062925,-1.066753,1.173046,-1.690458,-0.2516136,-1.438844,0.5936154,-1.119899,-0.01798258,0.07560206,0.01981845,0.05578361
1362.0,0.1062925,-1.066753,1.173046,-1.690458,-0.2516136,-1.438844,0.5936155,-1.119899,-0.01798259,0.07560207,0.01981845,0.05578362
1363.0,0.1062924,-1.066753,1.173046,-1.690458,-0.2516136,-1.438844,0.5936154,-1.119899,-0.01798259,0.07560208,0.01981845,0.05578363
1364.0,0.1062924,-1.066753,1.173046,-1.690458,-0.2516136,-1.438844,0.5936154,-1.119899,-0.01798259,0.07560208,0.01981844,0.05578363
1365.0,0.1062924,-1.066753,1.173046,-1.690458,-0.2516136,-1.438844,0.5936154,-1.119899,-0.01798259,0.07560207,0.01981844,0.05578363
1366.0,0.1062925,-1.066753,1.173046,-1.690458,-0.2516135,-1.438844,0.5936153,-1.119899,-0.01798259,0.07560206,0.01981844,0.05578362
1367.0,0.1062925,-1.066753,1.173046,-1.690458,-0.2516135,-1.438844,0.5936153,-1.119899,-0.01798258,0.07560205,0.01981844,0.05578361
1368.0,0.1062925,-1.066753,1.173046,-1.690458,-0.2516135,-1.438844,0.5936153,-1.119899,-0.01798258,0.07560205,0.01981844,0.05578361
1369.0,0.1062925,-1.066753,1.173046,-1.690458,-0.2516135,-1.438844,0.5936154,-1.119899,-0.01798258,0.07560205,0.01981844,0.05578361
1370.0,0.1062925,-1.066753,1.173046,-1.690458,-0.2516135,-1.438844,0.5936155,-1.119899,-0.01798259,0.07560206,0.01981844,0.05578362
1371.0,0.1062925,-1.066753,1.173046,-1.690458,-0.2516135,-1.438845,0.5936155,-1.119899,-0.01798259,0.07560207,0.01981844,0.05578362
1372.0,0.1062925,-1.066753,1.173046,-1.690458,-0.2516135,-1.438845,0.5936155,-1.119899,-0.01798259,0.07560208,0.01981845,0.05578363
1373.0,0.1062924,-1.066753,1.173046,-1.690458,-0.2516135,-1.438844,0.5936155,-1.119899,-0.01798259,0.07560208,0.01981845,0.05578363
1374.0,0.1062924,-1.066753,1.173046,-1.690458,-0.2516135,-1.438844,0.5936154,-1.119899,-0.01798259,0.07560208,0.01981845,0.05578363
1375.0,0.1062924,-1.066753,1.173046,-1.690458,-0.2516136,-1.438844,0.5936153,-1.119899,-0.01798259,0.07560208,0.01981845,0.05578363
1376.0,0.1062924,-1.066753,1.173046,-1.690458,-0.2516136,-1.438844,0.5936153,-1.119899,-0.01798258,0.07560207,0.01981845,0.05578362
1377.0,0.1062924,-1.066753,1.173046,-1.690458,-0.2516136,-1.438844,0.5936153,-1.119899,-0.01798258,0.07560206,0.01981845,0.05578361
1378.0,0.1062924,-1.066753,1.173046,-1.690458,-0.2516136,-1.438844,0.5936153,-1.119899,-0.01798258,0.07560205,0.01981845,0.05578361
1379.0,0.1062925,-1.066753,1.173046,-1.690458,-0.2516136,-1.438844,0.5936153,-1.119899,-0.01798258,0.07560205,0.01981844,0.05578361
1380.0,0.1062925,-1.066753,1.173046,-1.690458,-0.2516136,-1.438844,0.5936154,-1.119899,-0.01798259,0.07560206,0.01981844,0.05578361
1381.0,0.1062925,-1.066753,1.173046,-1.690458,-0.2516136,-1.438844,0.5936154,-1.119899,-0.01798259,0.07560206,0.01981844,0.05578362
1382.0,0.1062924,-1.066753,1.173046,-1.690458,-0.2516136,-1.438844,0.5936153,-1.119899,-0.01798259,0.07560207,0.01981844,0.05578362
1383.0,0.1062924,-1.066753,1.173046,-1.690458,-0.2516136,-1.438844,0.5936153,-1.119899,-0.01798259,0.07560207,0.01981845,0.05578363
1384.0,0.1062924,-1.066753,1.173045,-1.690458,-0.2516136,-1.438844,0.5936152,-1.119899,-0.01798259,0.07560208,0.01981845,0.05578363
1385.0,0.1062924,-1.066753,1.173045,-1.690457,-0.2516136,-1.438844,0.5936151,-1.119899,-0.01798258,0.07560208,0.01981845,0.05578362
1386.0,0.1062924,-1.066753,1.173045,-1.690457,-0.2516136,-1.438844,0.5936151,-1.119899,-0.01798258,0.07560207,0.01981846,0.05578361
1387.0,0.1062924,-1.066753,1.173045,-1.690457,-0.2516136,-1.438844,0.5936151,-1.119899,-0.01798258,0.07560206,0.01981845,0.05578361
1388.0,0.1062924,-1.066753,1.173046,-1.690458,-0.2516136,-1.438844,0.5936151,-1.119899,-0.01798258,0.07560206,0.01981845,0.05578361
1389.0,0.1062924,-1.066753,1.173046,-1.690458,-0.2516136,-1.438844,0.5936152,-1.119899,-0.01798258,0.07560206,0.01981845,0.05578361
1390.0,0.1062924,-1.066753,1.173046,-1.690458,-0.2516136,-1.438844,0.5936152,-1.119899,-0.01798258,0.07560206,0.01981844,0.05578361
1391.0,0.1062924,-1.066753,1.173046,-1.690458,-0.2516135,-1.438844,0.5936152,-1.119899,-0.01798259,0.07560206,0.01981844,0.05578361
1392.0,0.1062924,-1.066753,1.173045,-1.690458,-0.2516135,-1.438844,0.5936152,-1.119899,-0.01798259,0.07560206,0.01981844,0.05578362
1393.0,0.1062924,-1.066753,1.173045,-1.690457,-0.2516135,-1.438844,0.5936152,-1.119899,-0.01798259,0.07560207,0.01981845,0.05578362
1394.0,0.1062924,-1.066753,1.173045,-1.690457,-0.2516136,-1.438844,0.5936151,-1.119899,-0.01798258,0.07560207,0.01981845,0.05578362
1395.0,0.1062924,-1.066753,1.173045,-1.690457,-0.2516136,-1.438844,0.5936151,-1.119899,-0.01798258,0.07560208,0.01981846,0.05578362
1396.0,0.1062924,-1.066753,1.173045,-1.690457,-0.2516136,-1.438844,0.5936151,-1.119899,-0.01798258,0.07560208,0.01981846,0.05578362
1397.0,0.1062924,-1.066753,1.173045,-1.690458,-0.2516136,-1.438844,0.5936151,-1.119899,-0.01798258,0.07560207,0.01981846,0.05578362
1398.0,0.1062924,-1.066753,1.173045,-1.690458,-0.2516136,-1.438844,0.5936152,-1.119899,-0.01798258,0.07560207,0.01981845,0.05578362
1399.0,0.1062924,-1.066753,1.173046,-1.690458,-0.2516136,-1.438844,0.5936152,-1.119899,-0.01798259,0.07560206,0.01981845,0.05578362
1400.0,0.1062924,-1.066753,1.173046,-1.690458,-0.2516135,-1.438844,0.5936153,-1.119899,-0.01798259,0.07560206,0.01981844,0.05578362
1401.0,0.1062924,-1.066753,1.173045,-1.690458,-0.2516135,-1.438844,0.5936153,-1.119899,-0.01798259,0.07560206,0.01981844,0.05578362
1402.0,0.1062924,-1.066753,1.173045,-1.690457,-0.2516134,-1.438844,0.5936153,-1.119899,-0.01798259,0.07560206,0.01981844,0.05578362
1403.0,0.1062924,-1.066753,1.173045,-1.690457,-0.2516135,-1.438844,0.5936152,-1.119899,-0.01798259,0.07560206,0.01981844,0.05578362
1404.0,0.1062924,-1.066753,1.173045,-1.690457,-0.2516135,-1.438844,0.5936152,-1.119899,-0.01798259,0.07560207,0.01981845,0.05578362
1405.0,0.1062924,-1.066753,1.173045,-1.690457,-0.2516136,-1.438844,0.5936152,-1.119899,-0.01798259,0.07560208,0.01981845,0.05578362
1406.0,0.1062924,-1.066753,1.173045,-1.690458,-0.2516136,-1.438844,0.5936152,-1.119899,-0.01798259,0.07560208,0.01981845,0.05578362
1407.0,0.1062924,-1.066753,1.173045,-1.690458,-0.2516136,-1.438844,0.5936152,-1.119899,-0.01798259,0.07560207,0.01981845,0.05578362
1408.0,0.1062924,-1.066753,1.173045,-1.690458,-0.2516136,-1.438844,0.5936153,-1.119899,-0.01798259,0.07560207,0.01981845,0.05578362
1409.0,0.1062924,-1.066753,1.173045,-1.690458,-0.2516136,-1.438844,0.5936153,-1.119899,-0.01798259,0.07560206,0.01981844,0.05578362
1410.0,0.1062925,-1.066753,1.173045,-1.690458,-0.2516135,-1.438844,0.5936153,-1.119899,-0.01798259,0.07560206,0.01981844,0.05578362
1411.0,0.1062925,-1.066753,1.173045,-1.690458,-0.2516135,-1.438844,0.5936154,-1.119899,-0.01798259,0.07560205,0.01981844,0.05578361
1412.0,0.1062925,-1.066753,1.173045,-1.690458,-0.2516135,-1.438844,0.5936154,-1.119899,-0.01798259,0.07560205,0.01981844,0.05578361
1413.0,0.1062925,-1.066753,1.173045,-1.690458,-0.2516135,-1.438844,0.5936154,-1.119899,-0.01798258,0.07560206,0.01981844,0.05578361
1414.0,0.1062924,-1.066753,1.173045,-1.690458,-0.2516135,-1.438844,0.5936153,-1.119899,-0.01798258,0.07560206,0.01981845,0.05578361
1415.0,0.1062924,-1.066753,1.173045,-1.690458,-0.2516135,-1.438844,0.5936153,-1.119899,-0.01798258,0.07560207,0.01981845,0.05578362
1416.0,0.1062924,-1.066753,1.173046,-1.690458,-0.2516135,-1.438844,0.5936154,-1.119899,-0.01798259,0.07560207,0.01981845,0.05578362
1417.0,0.1062924,-1.066753,1.173046,-1.690458,-0.2516136,-1.438844,0.5936154,-1.119899,-0.01798259,0.07560207,0.01981845,0.05578363
1418.0,0.1062925,-1.066753,1.173046,-1.690458,-0.2516136,-1.438844,0.5936154,-1.119899,-0.01798259,0.07560207,0.01981844,0.05578363
1419.0,0.1062925,-1.066753,1.173046,-1.690458,-0.2516135,-1.438844,0.5936154,-1.119899,-0.01798259,0.07560206,0.01981844,0.05578362
1420.0,0.1062925,-1.066753,1.173046,-1.690458,-0.2516135,-1.438844,0.5936155,-1.119899,-0.01798259,0.07560205,0.01981843,0.05578362
1421.0,0.1062925,-1.066753,1.173046,-1.690458,-0.2516135,-1.438844,0.5936155,-1.119899,-0.01798259,0.07560205,0.01981843,0.05578361
1422.0,0.1062925,-1.066753,1.173046,-1.690458,-0.2516134,-1.438844,0.5936155,-1.119899,-0.01798259,0.07560205,0.01981843,0.05578362
1423.0,0.1062925,-1.066753,1.173046,-1.690458,-0.2516134,-1.438844,0.5936155,-1.119899,-0.01798259,0.07560205,0.01981844,0.05578362
1424.0,0.1062925,-1.066753,1.173046,-1.690458,-0.2516135,-1.438844,0.5936155,-1.119899,-0.01798259,0.07560206,0.01981844,0.05578362
1425.0,0.1062924,-1.066753,1.173046,-1.690458,-0.2516135,-1.438844,0.5936155,-1.119899,-0.0179826,0.07560207,0.01981844,0.05578363
1426.0,0.1062924,-1.066753,1.173046,-1.690458,-0.2516135,-1.438844,0.5936155,-1.119899,-0.0179826,0.07560208,0.01981844,0.05578364
1427.0,0.1062924,-1.066753,1.173046,-1.690458,-0.2516135,-1.438845,0.5936155,-1.119899,-0.0179826,0.07560208,0.01981844,0.05578364
1428.0,0.1062925,-1.066753,1.173046,-1.690458,-0.2516136,-1.438845,0.5936155,-1.119899,-0.0179826,0.07560207,0.01981843,0.05578364
1429.0,0.1062925,-1.066753,1.173046,-1.690458,-0.2516136,-1.438845,0.5936155,-1.119899,-0.0179826,0.07560206,0.01981843,0.05578363
1430.0,0.1062925,-1.066753,1.173046,-1.690458,-0.2516136,-1.438844,0.5936154,-1.119899,-0.0179826,0.07560206,0.01981843,0.05578363
1431.0,0.1062925,-1.066753,1.173046,-1.690458,-0.2516136,-1.438844,0.5936154,-1.119899,-0.0179826,0.07560205,0.01981843,0.05578362
1432.0,0.1062925,-1.066753,1.173046,-1.690458,-0.2516135,-1.438844,0.5936154,-1.119899,-0.01798259,0.07560205,0.01981843,0.05578362
1433.0,0.1062925,-1.066753,1.173046,-1.690458,-0.2516135,-1.438844,0.5936154,-1.119899,-0.01798259,0.07560205,0.01981843,0.05578362
1434.0,0.1062925,-1.066753,1.173046,-1.690458,-0.2516134,-1.438844,0.5936154,-1.119899,-0.01798259,0.07560206,0.01981843,0.05578362
1435.0,0.1062924,-1.066753,1.173046,-1.690458,-0.2516134,-1.438844,0.5936154,-1.119899,-0.0179826,0.07560207,0.01981844,0.05578363
1436.0,0.1062924,-1.066753,1.173046,-1.690458,-0.2516135,-1.438844,0.5936154,-1.119899,-0.0179826,0.07560207,0.01981844,0.05578364
1437.0,0.1062924,-1.066753,1.173046,-1.690458,-0.2516135,-1.438844,0.5936154,-1.119899,-0.0179826,0.07560207,0.01981843,0.05578364
1438.0,0.1062924,-1.066753,1.173046,-1.690458,-0.2516136,-1.438844,0.5936153,-1.119899,-0.0179826,0.07560207,0.01981843,0.05578364
1439.0,0.1062925,-1.066753,1.173046,-1.690458,-0.2516137,-1.438844,0.5936153,-1.119899,-0.0179826,0.07560207,0.01981843,0.05578363
1440.0,0.1062925,-1.066753,1.173046,-1.690458,-0.2516137,-1.438844,0.5936152,-1.119899,-0.01798259,0.07560206,0.01981844,0.05578362
1441.0,0.1062925,-1.066753,1.173046,-1.690458,-0.2516137,-1.438844,0.5936152,-1.119899,-0.01798259,0.07560205,0.01981844,0.05578362
1442.0,0.1062925,-1.066753,1.173046,-1.690458,-0.2516136,-1.438844,0.5936152,-1.119899,-0.01798259,0.07560205,0.01981844,0.05578361
1443.0,0.1062924,-1.066753,1.173046,-1.690457,-0.2516135,-1.438844,0.5936152,-1.119899,-0.01798259,0.07560205,0.01981844,0.05578361
1444.0,0.1062924,-1.066753,1.173046,-1.690457,-0.2516134,-1.438844,0.5936152,-1.119899,-0.01798259,0.07560206,0.01981844,0.05578362
1445.0,0.1062924,-1.066753,1.173046,-1.690457,-0.2516134,-1.438844,0.5936152,-1.119899,-0.01798259,0.07560207,0.01981844,0.05578362
1446.0,0.1062924,-1.066753,1.173046,-1.690457,-0.2516135,-1.438844,0.5936152,-1.119899,-0.01798259,0.07560207,0.01981844,0.05578363
1447.0,0.1062924,-1.066753,1.173046,-1.690457,-0.2516135,-1.438844,0.5936151,-1.119899,-0.01798259,0.07560207,0.01981844,0.05578363
1448.0,0.1062924,-1.066753,1.173045,-1.690457,-0.2516136,-1.438844,0.5936151,-1.119899,-0.01798259,0.07560207,0.01981844,0.05578363
1449.0,0.1062924,-1.066753,1.173045,-1.690457,-0.2516137,-1.438844,0.593615,-1.119899,-0.01798259,0.07560207,0.01981845,0.05578362
1450.0,0.1062924,-1.066753,1.173045,-1.690457,-0.2516138,-1.438844,0.593615,-1.119899,-0.01798259,0.07560206,0.01981845,0.05578362
1451.0,0.1062924,-1.066753,1.173045,-1.690457,-0.2516137,-1.438844,0.593615,-1.119899,-0.01798258,0.07560206,0.01981845,0.05578361
1452.0,0.1062924,-1.066753,1.173045,-1.690457,-0.2516137,-1.438844,0.593615,-1.119899,-0.01798258,0.07560205,0.01981844,0.05578361
1453.0,0.1062924,-1.066753,1.173045,-1.690457,-0.2516136,-1.438844,0.5936151,-1.119899,-0.01798259,0.07560205,0.01981844,0.05578361
1454.0,0.1062924,-1.066753,1.173045,-1.690457,-0.2516135,-1.438844,0.5936151,-1.119899,-0.01798259,0.07560206,0.01981844,0.05578362
1455.0,0.1062924,-1.066753,1.173045,-1.690457,-0.2516134,-1.438844,0.5936151,-1.119899,-0.0179826,0.07560206,0.01981843,0.05578363
1456.0,0.1062924,-1.066753,1.173045,-1.690457,-0.2516135,-1.438844,0.5936151,-1.119899,-0.0179826,0.07560207,0.01981843,0.05578363
1457.0,0.1062924,-1.066753,1.173045,-1.690457,-0.2516136,-1.438844,0.5936151,-1.119899,-0.0179826,0.07560207,0.01981844,0.05578363
1458.0,0.1062924,-1.066753,1.173045,-1.690457,-0.2516137,-1.438844,0.593615,-1.119899,-0.01798259,0.07560207,0.01981844,0.05578363
1459.0,0.1062924,-1.066753,1.173045,-1.690457,-0.2516138,-1.438844,0.593615,-1.119899,-0.01798259,0.07560207,0.01981845,0.05578362
1460.0,0.1062924,-1.066753,1.173045,-1.690458,-0.2516138,-1.438844,0.593615,-1.119899,-0.01798258,0.07560207,0.01981845,0.05578362
1461.0,0.1062924,-1.066753,1.173045,-1.690457,-0.2516137,-1.438844,0.593615,-1.119899,-0.01798258,0.07560206,0.01981845,0.05578361
1462.0,0.1062924,-1.066753,1.173045,-1.690457,-0.2516136,-1.438844,0.5936151,-1.119899,-0.01798258,0.07560205,0.01981845,0.05578361
1463.0,0.1062925,-1.066753,1.173045,-1.690457,-0.2516135,-1.438844,0.5936152,-1.119899,-0.01798258,0.07560205,0.01981844,0.05578361
1464.0,0.1062925,-1.066753,1.173045,-1.690457,-0.2516134,-1.438844,0.5936152,-1.119899,-0.01798259,0.07560205,0.01981844,0.05578361
1465.0,0.1062924,-1.066753,1.173045,-1.690457,-0.2516134,-1.438844,0.5936152,-1.119899,-0.01798259,0.07560206,0.01981844,0.05578362
1466.0,0.1062924,-1.066753,1.173045,-1.690457,-0.2516134,-1.438844,0.5936152,-1.119899,-0.01798259,0.07560206,0.01981844,0.05578362
1467.0,0.1062924,-1.066753,1.173045,-1.690457,-0.2516135,-1.438844,0.5936152,-1.119899,-0.01798259,0.07560207,0.01981845,0.05578362
1468.0,0.1062924,-1.066753,1.173045,-1.690457,-0.2516136,-1.438844,0.5936151,-1.119899,-0.01798258,0.07560207,0.01981845,0.05578362
1469.0,0.1062924,-1.066753,1.173045,-1.690458,-0.2516137,-1.438844,0.5936151,-1.119899,-0.01798258,0.07560207,0.01981846,0.05578361
1470.0,0.1062924,-1.066753,1.173045,-1.690458,-0.2516137,-1.438844,0.5936151,-1.119899,-0.01798258,0.07560206,0.01981846,0.05578361
1471.0,0.1062924,-1.066753,1.173045,-1.690458,-0.2516137,-1.438844,0.5936152,-1.119899,-0.01798258,0.07560206,0.01981845,0.0557836
1472.0,0.1062925,-1.066753,1.173045,-1.690458,-0.2516136,-1.438844,0.5936152,-1.119899,-0.01798258,0.07560205,0.01981844,0.0557836
1473.0,0.1062925,-1.066753,1.173046,-1.690458,-0.2516135,-1.438844,0.5936153,-1.119899,-0.01798259,0.07560205,0.01981844,0.05578361
1474.0,0.1062925,-1.066753,1.173046,-1.690458,-0.2516135,-1.438844,0.5936153,-1.119899,-0.01798259,0.07560205,0.01981843,0.05578361
1475.0,0.1062925,-1.066753,1.173046,-1.690458,-0.2516134,-1.438844,0.5936153,-1.119899,-0.01798259,0.07560205,0.01981843,0.05578362
1476.0,0.1062924,-1.066753,1.173045,-1.690457,-0.2516135,-1.438844,0.5936153,-1.119899,-0.01798259,0.07560206,0.01981844,0.05578362
1477.0,0.1062924,-1.066753,1.173045,-1.690457,-0.2516135,-1.438844,0.5936152,-1.119899,-0.01798259,0.07560206,0.01981844,0.05578362
1478.0,0.1062924,-1.066753,1.173045,-1.690457,-0.2516136,-1.438844,0.5936152,-1.119899,-0.01798259,0.07560207,0.01981844,0.05578362
1479.0,0.1062924,-1.066753,1.173045,-1.690458,-0.2516136,-1.438844,0.5936151,-1.119899,-0.01798259,0.07560207,0.01981845,0.05578362
1480.0,0.1062924,-1.066753,1.173045,-1.690458,-0.2516136,-1.438844,0.5936152,-1.119899,-0.01798259,0.07560206,0.01981845,0.05578362
1481.0,0.1062925,-1.066753,1.173045,-1.690458,-0.2516136,-1.438844,0.5936152,-1.119899,-0.01798259,0.07560206,0.01981844,0.05578362
1482.0,0.1062925,-1.066753,1.173046,-1.690458,-0.2516136,-1.438844,0.5936153,-1.119899,-0.01798259,0.07560205,0.01981843,0.05578362
1483.0,0.1062925,-1.066753,1.173046,-1.690458,-0.2516135,-1.438844,0.5936154,-1.119899,-0.0179826,0.07560205,0.01981843,0.05578363
1484.0,0.1062925,-1.066753,1.173046,-1.690458,-0.2516134,-1.438844,0.5936154,-1.119899,-0.0179826,0.07560205,0.01981842,0.05578363
1485.0,0.1062925,-1.066753,1.173046,-1.690458,-0.2516134,-1.438844,0.5936154,-1.119899,-0.0179826,0.07560206,0.01981843,0.05578363
1486.0,0.1062924,-1.066753,1.173045,-1.690457,-0.2516134,-1.438844,0.5936153,-1.119899,-0.0179826,0.07560207,0.01981843,0.05578364
1487.0,0.1062924,-1.066753,1.173045,-1.690457,-0.2516135,-1.438844,0.5936152,-1.119899,-0.0179826,0.07560207,0.01981844,0.05578364
1488.0,0.1062924,-1.066753,1.173045,-1.690457,-0.2516135,-1.438844,0.5936152,-1.119899,-0.0179826,0.07560208,0.01981844,0.05578363
1489.0,0.1062924,-1.066753,1.173045,-1.690458,-0.2516136,-1.438844,0.5936152,-1.119899,-0.01798259,0.07560208,0.01981845,0.05578363
1490.0,0.1062924,-1.066753,1.173045,-1.690458,-0.2516137,-1.438844,0.5936152,-1.119899,-0.01798259,0.07560207,0.01981845,0.05578362
1491.0,0.1062924,-1.066753,1.173045,-1.690458,-0.2516137,-1.438844,0.5936152,-1.119899,-0.01798259,0.07560207,0.01981844,0.05578362
1492.0,0.1062925,-1.066753,1.173046,-1.690458,-0.2516136,-1.438844,0.5936153,-1.119899,-0.01798259,0.07560206,0.01981844,0.05578362
1493.0,0.1062925,-1.066753,1.173046,-1.690458,-0.2516136,-1.438844,0.5936153,-1.119899,-0.01798259,0.07560206,0.01981844,0.05578362
1494.0,0.1062925,-1.066753,1.173046,-1.690458,-0.2516135,-1.438844,0.5936153,-1.119899,-0.01798259,0.07560206,0.01981844,0.05578362
1495.0,0.1062924,-1.066753,1.173045,-1.690457,-0.2516134,-1.438844,0.5936153,-1.119899,-0.01798259,0.07560206,0.01981844,0.05578362
1496.0,0.1062924,-1.066753,1.173045,-1.690457,-0.2516134,-1.438844,0.5936152,-1.119899,-0.01798259,0.07560206,0.01981844,0.05578362
1497.0,0.1062924,-1.066753,1.173045,-1.690457,-0.2516135,-1.438844,0.5936152,-1.119899,-0.01798259,0.07560207,0.01981845,0.05578362
1498.0,0.1062924,-1.066753,1.173045,-1.690457,-0.2516135,-1.438844,0.5936151,-1.119899,-0.01798258,0.07560207,0.01981845,0.05578362
1499.0,0.1062924,-1.066753,1.173045,-1.690458,-0.2516136,-1.438844,0.5936151,-1.119899,-0.01798258,0.07560207,0.01981845,0.05578362
1500.0,0.1062924,-1.066753,1.173045,-1.690458,-0.2516137,-1.438844,0.5936152,-1.119899,-0.01798258,0.07560207,0.01981845,0.05578361
1501.0,0.1062924,-1.066753,1.173045,-1.690458,-0.2516138,-1.438844,0.5936152,-1.119899,-0.01798258,0.07560206,0.01981845,0.05578361
1502.0,0.1062924,-1.066753,1.173046,-1.690458,-0.2516137,-1.438844,0.5936152,-1.119899,-0.01798258,0.07560206,0.01981844,0.05578361
1503.0,0.1062924,-1.066753,1.173046,-1.690458,-0.2516136,-1.438844,0.5936152,-1.119899,-0.01798259,0.07560205,0.01981844,0.05578361
1504.0,0.1062924,-1.066753,1.173045,-1.690457,-0.2516135,-1.438844,0.5936152,-1.119899,-0.01798259,0.07560205,0.01981844,0.05578361
1505.0,0.1062924,-1.066753,1.173045,-1.690457,-0.2516134,-1.438844,0.5936152,-1.119899,-0.01798259,0.07560205,0.01981844,0.05578362
1506.0,0.1062924,-1.066753,1.173045,-1.690457,-0.2516134,-1.438844,0.5936151,-1.119899,-0.01798259,0.07560206,0.01981844,0.05578362
1507.0,0.1062924,-1.066753,1.173045,-1.690457,-0.2516134,-1.438844,0.5936151,-1.119899,-0.01798259,0.07560206,0.01981844,0.05578362
1508.0,0.1062924,-1.066753,1.173045,-1.690457,-0.2516135,-1.438844,0.5936151,-1.119899,-0.01798258,0.07560207,0.01981845,0.05578362
1509.0,0.1062924,-1.066753,1.173045,-1.690457,-0.2516136,-1.438844,0.5936151,-1.119899,-0.01798258,0.07560207,0.01981845,0.05578362
1510.0,0.1062924,-1.066753,1.173045,-1.690458,-0.2516137,-1.438844,0.5936151,-1.119899,-0.01798258,0.07560207,0.01981845,0.05578362
1511.0,0.1062924,-1.066753,1.173045,-1.690458,-0.2516137,-1.438844,0.5936151,-1.119899,-0.01798259,0.07560207,0.01981845,0.05578362
1512.0,0.1062924,-1.066753,1.173046,-1.690458,-0.2516137,-1.438844,0.5936152,-1.119899,-0.01798259,0.07560206,0.01981844,0.05578362
1513.0,0.1062925,-1.066753,1.173046,-1.690458,-0.2516137,-1.438844,0.5936152,-1.119899,-0.01798259,0.07560206,0.01981844,0.05578362
1514.0,0.1062925,-1.066753,1.173045,-1.690457,-0.2516136,-1.438844,0.5936152,-1.119899,-0.0179826,0.07560206,0.01981843,0.05578363
1515.0,0.1062924,-1.066753,1.173045,-1.690457,-0.2516135,-1.438844,0.5936151,-1.119899,-0.0179826,0.07560206,0.01981843,0.05578363
1516.0,0.1062924,-1.066753,1.173045,-1.690457,-0.2516135,-1.438844,0.5936151,-1.119899,-0.01798259,0.07560206,0.01981844,0.05578363
1517.0,0.1062924,-1.066753,1.173045,-1.690457,-0.2516134,-1.438844,0.5936151,-1.119899,-0.01798259,0.07560207,0.01981844,0.05578362
1518.0,0.1062924,-1.066753,1.173045,-1.690457,-0.2516135,-1.438844,0.5936151,-1.119899,-0.01798259,0.07560207,0.01981845,0.05578362
1519.0,0.1062924,-1.066753,1.173045,-1.690457,-0.2516136,-1.438844,0.5936152,-1.119899,-0.01798258,0.07560207,0.01981845,0.05578362
1520.0,0.1062924,-1.066753,1.173045,-1.690458,-0.2516137,-1.438844,0.5936152,-1.119899,-0.01798258,0.07560207,0.01981845,0.05578362
1521.0,0.1062924,-1.066753,1.173045,-1.690458,-0.2516137,-1.438844,0.5936152,-1.119899,-0.01798259,0.07560207,0.01981845,0.05578362
1522.0,0.1062925,-1.066753,1.173046,-1.690458,-0.2516137,-1.438844,0.5936152,-1.119899,-0.01798259,0.07560206,0.01981844,0.05578362
1523.0,0.1062925,-1.066753,1.173045,-1.690458,-0.2516136,-1.438844,0.5936152,-1.119899,-0.01798259,0.07560206,0.01981844,0.05578362
1524.0,0.1062925,-1.066753,1.173045,-1.690458,-0.2516136,-1.438844,0.5936152,-1.119899,-0.01798259,0.07560206,0.01981844,0.05578362
1525.0,0.1062924,-1.066753,1.173045,-1.690457,-0.2516135,-1.438844,0.5936152,-1.119899,-0.01798259,0.07560206,0.01981844,0.05578362
1526.0,0.1062924,-1.066753,1.173045,-1.690457,-0.2516134,-1.438844,0.5936152,-1.119899,-0.01798259,0.07560206,0.01981844,0.05578362
1527.0,0.1062924,-1.066753,1.173045,-1.690457,-0.2516134,-1.438844,0.5936152,-1.119899,-0.01798258,0.07560206,0.01981845,0.05578361
1528.0,0.1062924,-1.066753,1.173045,-1.690457,-0.2516134,-1.438844,0.5936152,-1.119899,-0.01798258,0.07560206,0.01981845,0.05578361
1529.0,0.1062924,-1.066753,1.173045,-1.690458,-0.2516135,-1.438844,0.5936153,-1.119899,-0.01798258,0.07560206,0.01981845,0.05578361
1530.0,0.1062924,-1.066753,1.173045,-1.690458,-0.2516136,-1.438844,0.5936153,-1.119899,-0.01798258,0.07560206,0.01981845,0.05578361
1531.0,0.1062925,-1.066753,1.173046,-1.690458,-0.2516137,-1.438844,0.5936153,-1.119899,-0.01798259,0.07560206,0.01981844,0.05578361
1532.0,0.1062925,-1.066753,1.173046,-1.690458,-0.2516137,-1.438844,0.5936153,-1.119899,-0.01798259,0.07560205,0.01981843,0.05578362
1533.0,0.1062925,-1.066753,1.173046,-1.690458,-0.2516137,-1.438844,0.5936153,-1.119899,-0.01798259,0.07560205,0.01981843,0.05578362
1534.0,0.1062925,-1.066753,1.173045,-1.690458,-0.2516136,-1.438844,0.5936153,-1.119899,-0.0179826,0.07560206,0.01981843,0.05578362
1535.0,0.1062925,-1.066753,1.173045,-1.690458,-0.2516135,-1.438844,0.5936153,-1.119899,-0.01798259,0.07560206,0.01981844,0.05578362
1536.0,0.1062924,-1.066753,1.173045,-1.690458,-0.2516135,-1.438844,0.5936153,-1.119899,-0.01798259,0.07560206,0.01981844,0.05578362
1537.0,0.1062924,-1.066753,1.173045,-1.690458,-0.2516134,-1.438844,0.5936153,-1.119899,-0.01798259,0.07560206,0.01981844,0.05578362
1538.0,0.1062924,-1.066753,1.173045,-1.690458,-0.2516134,-1.438844,0.5936153,-1.119899,-0.01798259,0.07560206,0.01981844,0.05578362
1539.0,0.1062924,-1.066753,1.173046,-1.690458,-0.2516135,-1.438844,0.5936154,-1.119899,-0.01798259,0.07560206,0.01981844,0.05578362
1540.0,0.1062925,-1.066753,1.173046,-1.690458,-0.2516136,-1.438844,0.5936154,-1.119899,-0.01798259,0.07560205,0.01981844,0.05578362
1541.0,0.1062925,-1.066753,1.173046,-1.690458,-0.2516137,-1.438844,0.5936154,-1.119899,-0.01798259,0.07560205,0.01981843,0.05578362
1542.0,0.1062925,-1.066753,1.173046,-1.690458,-0.2516137,-1.438844,0.5936154,-1.119899,-0.0179826,0.07560206,0.01981843,0.05578363
1543.0,0.1062925,-1.066753,1.173046,-1.690458,-0.2516137,-1.438844,0.5936153,-1.119899,-0.0179826,0.07560206,0.01981843,0.05578363
1544.0,0.1062925,-1.066753,1.173045,-1.690458,-0.2516136,-1.438844,0.5936153,-1.119899,-0.0179826,0.07560206,0.01981843,0.05578363
1545.0,0.1062924,-1.066753,1.173045,-1.690458,-0.2516135,-1.438844,0.5936153,-1.119899,-0.01798259,0.07560207,0.01981844,0.05578363
1546.0,0.1062924,-1.066753,1.173045,-1.690458,-0.2516134,-1.438844,0.5936153,-1.119899,-0.01798259,0.07560207,0.01981845,0.05578362
1547.0,0.1062924,-1.066753,1.173045,-1.690458,-0.2516134,-1.438844,0.5936154,-1.119899,-0.01798259,0.07560207,0.01981845,0.05578362
1548.0,0.1062924,-1.066753,1.173045,-1.690458,-0.2516134,-1.438844,0.5936154,-1.119899,-0.01798258,0.07560206,0.01981845,0.05578362
1549.0,0.1062924,-1.066753,1.173046,-1.690458,-0.2516134,-1.438844,0.5936154,-1.119899,-0.01798259,0.07560206,0.01981845,0.05578362
1550.0,0.1062925,-1.066753,1.173046,-1.690458,-0.2516135,-1.438844,0.5936154,-1.119899,-0.01798259,0.07560206,0.01981844,0.05578362
1551.0,0.1062925,-1.066753,1.173046,-1.690458,-0.2516136,-1.438844,0.5936154,-1.119899,-0.01798259,0.07560206,0.01981844,0.05578362
1552.0,0.1062925,-1.066753,1.173046,-1.690458,-0.2516137,-1.438844,0.5936154,-1.119899,-0.0179826,0.07560206,0.01981843,0.05578363
1553.0,0.1062925,-1.066753,1.173046,-1.690458,-0.2516137,-1.438844,0.5936154,-1.119899,-0.0179826,0.07560206,0.01981844,0.05578363
1554.0,0.1062925,-1.066753,1.173046,-1.690458,-0.2516136,-1.438844,0.5936154,-1.119899,-0.01798259,0.07560207,0.01981844,0.05578363
1555.0,0.1062924,-1.066753,1.173045,-1.690458,-0.2516136,-1.438844,0.5936154,-1.119899,-0.01798259,0.07560207,0.01981845,0.05578362
1556.0,0.1062924,-1.066753,1.173045,-1.690458,-0.2516135,-1.438844,0.5936154,-1.119899,-0.01798258,0.07560207,0.01981845,0.05578362
1557.0,0.1062924,-1.066753,1.173046,-1.690458,-0.2516134,-1.438844,0.5936154,-1.119899,-0.01798258,0.07560206,0.01981845,0.05578361
1558.0,0.1062924,-1.066753,1.173046,-1.690458,-0.2516134,-1.438844,0.5936154,-1.119899,-0.01798258,0.07560206,0.01981845,0.05578361
1559.0,0.1062924,-1.066753,1.173046,-1.690458,-0.2516134,-1.438844,0.5936154,-1.119899,-0.01798258,0.07560205,0.01981844,0.05578361
1560.0,0.1062925,-1.066753,1.173046,-1.690458,-0.2516135,-1.438844,0.5936154,-1.119899,-0.01798259,0.07560205,0.01981844,0.05578361
1561.0,0.1062925,-1.066753,1.173046,-1.690458,-0.2516136,-1.438844,0.5936153,-1.119899,-0.01798259,0.07560205,0.01981843,0.05578362
1562.0,0.1062925,-1.066753,1.173046,-1.690458,-0.2516137,-1.438844,0.5936153,-1.119899,-0.0179826,0.07560206,0.01981843,0.05578362
1563.0,0.1062925,-1.066753,1.173046,-1.690458,-0.2516137,-1.438844,0.5936153,-1.119899,-0.01798259,0.07560206,0.01981844,0.05578363
1564.0,0.1062925,-1.066753,1.173046,-1.690458,-0.2516137,-1.438844,0.5936153,-1.119899,-0.01798259,0.07560207,0.01981844,0.05578362
1565.0,0.1062924,-1.066753,1.173045,-1.690458,-0.2516136,-1.438844,0.5936153,-1.119899,-0.01798259,0.07560207,0.01981845,0.05578362
1566.0,0.1062924,-1.066753,1.173045,-1.690458,-0.2516135,-1.438844,0.5936153,-1.119899,-0.01798258,0.07560207,0.01981845,0.05578362
1567.0,0.1062924,-1.066753,1.173046,-1.690458,-0.2516135,-1.438844,0.5936153,-1.119899,-0.01798258,0.07560206,0.01981845,0.05578361
1568.0,0.1062924,-1.066753,1.173046,-1.690457,-0.2516134,-1.438844,0.5936153,-1.119899,-0.01798258,0.07560206,0.01981845,0.05578361
1569.0,0.1062924,-1.066753,1.173046,-1.690457,-0.2516134,-1.438844,0.5936153,-1.119899,-0.01798258,0.07560206,0.01981844,0.05578361
1570.0,0.1062924,-1.066753,1.173046,-1.690458,-0.2516135,-1.438844,0.5936153,-1.119899,-0.01798259,0.07560206,0.01981844,0.05578362
1571.0,0.1062924,-1.066753,1.173046,-1.690458,-0.2516136,-1.438844,0.5936153,-1.119899,-0.01798259,0.07560206,0.01981844,0.05578362
1572.0,0.1062924,-1.066753,1.173046,-1.690458,-0.2516136,-1.438844,0.5936153,-1.119899,-0.01798259,0.07560206,0.01981844,0.05578362
1573.0,0.1062924,-1.066753,1.173046,-1.690458,-0.2516137,-1.438844,0.5936153,-1.119899,-0.01798259,0.07560206,0.01981844,0.05578362
1574.0,0.1062924,-1.066753,1.173045,-1.690458,-0.2516137,-1.438844,0.5936153,-1.119899,-0.01798259,0.07560207,0.01981845,0.05578362
1575.0,0.1062924,-1.066753,1.173045,-1.690458,-0.2516136,-1.438844,0.5936153,-1.119899,-0.01798258,0.07560207,0.01981845,0.05578362
1576.0,0.1062924,-1.066753,1.173046,-1.690458,-0.2516136,-1.438844,0.5936153,-1.119899,-0.01798258,0.07560207,0.01981846,0.05578361
1577.0,0.1062924,-1.066753,1.173046,-1.690458,-0.2516135,-1.438844,0.5936154,-1.119899,-0.01798258,0.07560207,0.01981845,0.05578361
1578.0,0.1062924,-1.066753,1.173046,-1.690458,-0.2516135,-1.438844,0.5936154,-1.119899,-0.01798258,0.07560206,0.01981845,0.05578361
1579.0,0.1062924,-1.066753,1.173046,-1.690458,-0.2516135,-1.438844,0.5936153,-1.119899,-0.01798259,0.07560206,0.01981844,0.05578361
1580.0,0.1062925,-1.066753,1.173046,-1.690458,-0.2516135,-1.438844,0.5936153,-1.119899,-0.01798259,0.07560206,0.01981844,0.05578362
1581.0,0.1062925,-1.066753,1.173046,-1.690458,-0.2516135,-1.438844,0.5936153,-1.119899,-0.01798259,0.07560206,0.01981844,0.05578362
1582.0,0.1062925,-1.066753,1.173046,-1.690458,-0.2516136,-1.438844,0.5936153,-1.119899,-0.01798259,0.07560206,0.01981844,0.05578362
1583.0,0.1062925,-1.066753,1.173045,-1.690458,-0.2516136,-1.438844,0.5936153,-1.119899,-0.01798259,0.07560206,0.01981844,0.05578362
1584.0,0.1062924,-1.066753,1.173045,-1.690458,-0.2516137,-1.438844,0.5936153,-1.119899,-0.01798259,0.07560207,0.01981845,0.05578362
1585.0,0.1062924,-1.066753,1.173045,-1.690458,-0.2516136,-1.438844,0.5936153,-1.119899,-0.01798258,0.07560207,0.01981845,0.05578362
1586.0,0.1062924,-1.066753,1.173046,-1.690458,-0.2516136,-1.438844,0.5936154,-1.119899,-0.01798258,0.07560208,0.01981846,0.05578362
1587.0,0.1062924,-1.066753,1.173046,-1.690458,-0.2516135,-1.438844,0.5936154,-1.119899,-0.01798258,0.07560208,0.01981846,0.05578362
1588.0,0.1062924,-1.066753,1.173046,-1.690458,-0.2516135,-1.438844,0.5936154,-1.119899,-0.01798259,0.07560207,0.01981845,0.05578362
1589.0,0.1062924,-1.066753,1.173046,-1.690458,-0.2516135,-1.438844,0.5936154,-1.119899,-0.01798259,0.07560207,0.01981844,0.05578362
1590.0,0.1062924,-1.066753,1.173046,-1.690458,-0.2516135,-1.438844,0.5936153,-1.119899,-0.01798259,0.07560206,0.01981844,0.05578362
1591.0,0.1062925,-1.066753,1.173046,-1.690458,-0.2516136,-1.438844,0.5936153,-1.119899,-0.01798259,0.07560206,0.01981843,0.05578362
1592.0,0.1062925,-1.066753,1.173046,-1.690458,-0.2516136,-1.438844,0.5936153,-1.119899,-0.01798259,0.07560205,0.01981843,0.05578362
1593.0,0.1062925,-1.066753,1.173046,-1.690458,-0.2516137,-1.438844,0.5936153,-1.119899,-0.01798259,0.07560206,0.01981844,0.05578362
1594.0,0.1062925,-1.066753,1.173046,-1.690458,-0.2516137,-1.438844,0.5936154,-1.119899,-0.01798259,0.07560206,0.01981844,0.05578362
1595.0,0.1062924,-1.066753,1.173046,-1.690458,-0.2516136,-1.438844,0.5936154,-1.119899,-0.01798258,0.07560207,0.01981845,0.05578362
1596.0,0.1062924,-1.066753,1.173046,-1.690458,-0.2516136,-1.438844,0.5936155,-1.119899,-0.01798258,0.07560208,0.01981845,0.05578362
1597.0,0.1062924,-1.066753,1.173046,-1.690458,-0.2516135,-1.438844,0.5936155,-1.119899,-0.01798258,0.07560208,0.01981845,0.05578362
1598.0,0.1062924,-1.066753,1.173046,-1.690458,-0.2516135,-1.438844,0.5936155,-1.119899,-0.01798259,0.07560207,0.01981845,0.05578362
1599.0,0.1062924,-1.066753,1.173046,-1.690458,-0.2516135,-1.438844,0.5936155,-1.119899,-0.01798259,0.07560207,0.01981844,0.05578362
1600.0,0.1062925,-1.066753,1.173046,-1.690458,-0.2516135,-1.438844,0.5936155,-1.119899,-0.01798259,0.07560206,0.01981844,0.05578362
1601.0,0.1062925,-1.066753,1.173046,-1.690458,-0.2516135,-1.438844,0.5936155,-1.119899,-0.01798259,0.07560205,0.01981844,0.05578362
1602.0,0.1062925,-1.066753,1.173046,-1.690458,-0.2516136,-1.438845,0.5936155,-1.119899,-0.01798259,0.07560205,0.01981844,0.05578362
1603.0,0.1062925,-1.066753,1.173046,-1.690458,-0.2516136,-1.438845,0.5936155,-1.119899,-0.01798259,0.07560205,0.01981844,0.05578361
1604.0,0.1062925,-1.066753,1.173046,-1.690458,-0.2516136,-1.438845,0.5936155,-1.119899,-0.01798259,0.07560206,0.01981845,0.05578362
1605.0,0.1062925,-1.066753,1.173046,-1.690458,-0.2516136,-1.438845,0.5936156,-1.119899,-0.01798258,0.07560207,0.01981845,0.05578362
1606.0,0.1062924,-1.066753,1.173046,-1.690458,-0.2516135,-1.438845,0.5936156,-1.119899,-0.01798258,0.07560207,0.01981845,0.05578362
1607.0,0.1062924,-1.066753,1.173046,-1.690458,-0.2516135,-1.438845,0.5936156,-1.119899,-0.01798258,0.07560207,0.01981845,0.05578362
1608.0,0.1062924,-1.066753,1.173046,-1.690458,-0.2516135,-1.438845,0.5936156,-1.119899,-0.01798259,0.07560207,0.01981845,0.05578362
1609.0,0.1062925,-1.066753,1.173046,-1.690458,-0.2516135,-1.438845,0.5936156,-1.119899,-0.01798259,0.07560206,0.01981844,0.05578362
1610.0,0.1062925,-1.066753,1.173046,-1.690458,-0.2516135,-1.438845,0.5936156,-1.119899,-0.01798259,0.07560205,0.01981843,0.05578362
1611.0,0.1062925,-1.066753,1.173046,-1.690458,-0.2516135,-1.438845,0.5936156,-1.119899,-0.01798259,0.07560204,0.01981843,0.05578361
1612.0,0.1062925,-1.066753,1.173046,-1.690458,-0.2516135,-1.438845,0.5936156,-1.119899,-0.01798259,0.07560204,0.01981843,0.05578361
1613.0,0.1062925,-1.066753,1.173046,-1.690459,-0.2516136,-1.438845,0.5936157,-1.119899,-0.0179826,0.07560204,0.01981843,0.05578362
1614.0,0.1062925,-1.066753,1.173046,-1.690459,-0.2516136,-1.438845,0.5936158,-1.119899,-0.0179826,0.07560205,0.01981843,0.05578362
1615.0,0.1062925,-1.066753,1.173046,-1.690459,-0.2516136,-1.438845,0.5936158,-1.1199,-0.0179826,0.07560206,0.01981843,0.05578363
1616.0,0.1062925,-1.066753,1.173046,-1.690459,-0.2516136,-1.438845,0.5936158,-1.1199,-0.0179826,0.07560207,0.01981844,0.05578363
1617.0,0.1062925,-1.066753,1.173046,-1.690459,-0.2516135,-1.438845,0.5936158,-1.1199,-0.0179826,0.07560207,0.01981844,0.05578364
1618.0,0.1062925,-1.066753,1.173046,-1.690458,-0.2516135,-1.438845,0.5936157,-1.1199,-0.0179826,0.07560207,0.01981843,0.05578364
1619.0,0.1062925,-1.066753,1.173046,-1.690458,-0.2516135,-1.438845,0.5936157,-1.119899,-0.0179826,0.07560207,0.01981843,0.05578363
1620.0,0.1062925,-1.066753,1.173046,-1.690458,-0.2516135,-1.438845,0.5936156,-1.119899,-0.0179826,0.07560206,0.01981843,0.05578363
1621.0,0.1062925,-1.066753,1.173046,-1.690458,-0.2516135,-1.438845,0.5936156,-1.119899,-0.0179826,0.07560205,0.01981842,0.05578363
1622.0,0.1062925,-1.066753,1.173046,-1.690458,-0.2516135,-1.438845,0.5936157,-1.119899,-0.0179826,0.07560205,0.01981842,0.05578363
1623.0,0.1062925,-1.066753,1.173046,-1.690459,-0.2516136,-1.438845,0.5936157,-1.1199,-0.0179826,0.07560205,0.01981842,0.05578363
1624.0,0.1062925,-1.066753,1.173046,-1.690459,-0.2516136,-1.438845,0.5936158,-1.1199,-0.01798261,0.07560206,0.01981842,0.05578363
1625.0,0.1062925,-1.066753,1.173046,-1.690459,-0.2516137,-1.438845,0.5936158,-1.1199,-0.0179826,0.07560206,0.01981843,0.05578364
1626.0,0.1062925,-1.066753,1.173046,-1.690459,-0.2516136,-1.438845,0.5936157,-1.1199,-0.0179826,0.07560207,0.01981843,0.05578364
1627.0,0.1062925,-1.066753,1.173046,-1.690459,-0.2516136,-1.438845,0.5936157,-1.1199,-0.0179826,0.07560207,0.01981843,0.05578364
1628.0,0.1062925,-1.066753,1.173046,-1.690458,-0.2516136,-1.438845,0.5936156,-1.1199,-0.0179826,0.07560207,0.01981843,0.05578364
1629.0,0.1062925,-1.066753,1.173046,-1.690458,-0.2516135,-1.438845,0.5936155,-1.119899,-0.0179826,0.07560207,0.01981843,0.05578364
1630.0,0.1062925,-1.066753,1.173046,-1.690458,-0.2516135,-1.438844,0.5936155,-1.119899,-0.0179826,0.07560206,0.01981843,0.05578363
1631.0,0.1062925,-1.066753,1.173046,-1.690458,-0.2516135,-1.438845,0.5936155,-1.119899,-0.0179826,0.07560206,0.01981843,0.05578363
1632.0,0.1062925,-1.066753,1.173046,-1.690458,-0.2516136,-1.438845,0.5936155,-1.119899,-0.0179826,0.07560205,0.01981843,0.05578363
1633.0,0.1062925,-1.066753,1.173046,-1.690458,-0.2516136,-1.438845,0.5936156,-1.1199,-0.0179826,0.07560205,0.01981843,0.05578363
1634.0,0.1062925,-1.066753,1.173046,-1.690458,-0.2516136,-1.438845,0.5936156,-1.1199,-0.0179826,0.07560206,0.01981843,0.05578363
1635.0,0.1062925,-1.066753,1.173046,-1.690458,-0.2516136,-1.438845,0.5936156,-1.1199,-0.0179826,0.07560206,0.01981843,0.05578363
1636.0,0.1062925,-1.066753,1.173046,-1.690458,-0.2516136,-1.438845,0.5936155,-1.1199,-0.01798259,0.07560207,0.01981844,0.05578363
1637.0,0.1062924,-1.066753,1.173046,-1.690458,-0.2516136,-1.438844,0.5936154,-1.119899,-0.01798259,0.07560207,0.01981844,0.05578363
1638.0,0.1062924,-1.066753,1.173046,-1.690458,-0.2516136,-1.438844,0.5936153,-1.119899,-0.01798259,0.07560207,0.01981845,0.05578363
1639.0,0.1062924,-1.066753,1.173046,-1.690458,-0.2516136,-1.438844,0.5936153,-1.119899,-0.01798259,0.07560207,0.01981845,0.05578362
1640.0,0.1062924,-1.066753,1.173046,-1.690458,-0.2516136,-1.438844,0.5936152,-1.119899,-0.01798259,0.07560207,0.01981845,0.05578362
1641.0,0.1062924,-1.066753,1.173046,-1.690458,-0.2516136,-1.438844,0.5936152,-1.119899,-0.01798259,0.07560206,0.01981844,0.05578362
1642.0,0.1062925,-1.066753,1.173046,-1.690458,-0.2516136,-1.438844,0.5936153,-1.119899,-0.01798259,0.07560206,0.01981844,0.05578361
1643.0,0.1062925,-1.066753,1.173046,-1.690458,-0.2516136,-1.438844,0.5936153,-1.119899,-0.01798259,0.07560205,0.01981844,0.05578361
1644.0,0.1062925,-1.066753,1.173046,-1.690458,-0.2516136,-1.438844,0.5936154,-1.119899,-0.01798259,0.07560205,0.01981844,0.05578361
1645.0,0.1062925,-1.066753,1.173046,-1.690458,-0.2516136,-1.438844,0.5936154,-1.119899,-0.01798259,0.07560206,0.01981844,0.05578362
1646.0,0.1062925,-1.066753,1.173046,-1.690458,-0.2516136,-1.438844,0.5936154,-1.119899,-0.01798259,0.07560206,0.01981844,0.05578362
1647.0,0.1062924,-1.066753,1.173046,-1.690458,-0.2516136,-1.438844,0.5936153,-1.119899,-0.01798259,0.07560207,0.01981845,0.05578362
1648.0,0.1062924,-1.066753,1.173046,-1.690458,-0.2516136,-1.438844,0.5936153,-1.119899,-0.01798259,0.07560208,0.01981845,0.05578363
1649.0,0.1062924,-1.066753,1.173046,-1.690458,-0.2516136,-1.438844,0.5936152,-1.119899,-0.01798259,0.07560208,0.01981845,0.05578363
1650.0,0.1062924,-1.066753,1.173045,-1.690458,-0.2516136,-1.438844,0.5936152,-1.119899,-0.01798259,0.07560208,0.01981845,0.05578362
1651.0,0.1062924,-1.066753,1.173046,-1.690458,-0.2516136,-1.438844,0.5936152,-1.119899,-0.01798258,0.07560207,0.01981845,0.05578362
1652.0,0.1062924,-1.066753,1.173046,-1.690458,-0.2516136,-1.438844,0.5936153,-1.119899,-0.01798258,0.07560206,0.01981845,0.05578361
1653.0,0.1062925,-1.066753,1.173046,-1.690458,-0.2516136,-1.438844,0.5936153,-1.119899,-0.01798258,0.07560205,0.01981844,0.05578361
1654.0,0.1062925,-1.066753,1.173046,-1.690458,-0.2516136,-1.438844,0.5936154,-1.119899,-0.01798258,0.07560204,0.01981844,0.0557836
1655.0,0.1062925,-1.066753,1.173046,-1.690458,-0.2516136,-1.438844,0.5936154,-1.119899,-0.01798258,0.07560204,0.01981844,0.0557836
1656.0,0.1062925,-1.066753,1.173046,-1.690458,-0.2516136,-1.438844,0.5936154,-1.119899,-0.01798258,0.07560205,0.01981844,0.05578361
1657.0,0.1062924,-1.066753,1.173046,-1.690458,-0.2516136,-1.438844,0.5936153,-1.119899,-0.01798258,0.07560207,0.01981845,0.05578362
1658.0,0.1062924,-1.066753,1.173045,-1.690458,-0.2516136,-1.438844,0.5936153,-1.119899,-0.01798258,0.07560208,0.01981845,0.05578362
1659.0,0.1062924,-1.066753,1.173045,-1.690458,-0.2516136,-1.438844,0.5936153,-1.119899,-0.01798259,0.07560208,0.01981846,0.05578363
1660.0,0.1062924,-1.066753,1.173046,-1.690458,-0.2516136,-1.438844,0.5936154,-1.119899,-0.01798259,0.07560208,0.01981845,0.05578363
1661.0,0.1062924,-1.066753,1.173046,-1.690458,-0.2516136,-1.438844,0.5936154,-1.119899,-0.01798259,0.07560207,0.01981845,0.05578362
1662.0,0.1062924,-1.066753,1.173046,-1.690458,-0.2516136,-1.438844,0.5936154,-1.119899,-0.01798259,0.07560206,0.01981845,0.05578362
1663.0,0.1062925,-1.066753,1.173046,-1.690458,-0.2516136,-1.438845,0.5936155,-1.119899,-0.01798259,0.07560205,0.01981844,0.05578361
1664.0,0.1062925,-1.066753,1.173046,-1.690458,-0.2516136,-1.438845,0.5936155,-1.119899,-0.01798259,0.07560204,0.01981844,0.05578361
1665.0,0.1062925,-1.066753,1.173046,-1.690458,-0.2516135,-1.438845,0.5936155,-1.119899,-0.01798259,0.07560204,0.01981843,0.05578361
1666.0,0.1062925,-1.066753,1.173046,-1.690458,-0.2516135,-1.438845,0.5936155,-1.119899,-0.01798259,0.07560205,0.01981843,0.05578362
1667.0,0.1062925,-1.066753,1.173046,-1.690458,-0.2516135,-1.438845,0.5936155,-1.119899,-0.01798259,0.07560206,0.01981844,0.05578362
1668.0,0.1062924,-1.066753,1.173046,-1.690458,-0.2516135,-1.438844,0.5936155,-1.119899,-0.01798259,0.07560207,0.01981844,0.05578363
1669.0,0.1062924,-1.066753,1.173046,-1.690458,-0.2516135,-1.438844,0.5936155,-1.119899,-0.01798259,0.07560208,0.01981845,0.05578364
1670.0,0.1062924,-1.066753,1.173046,-1.690458,-0.2516135,-1.438845,0.5936155,-1.119899,-0.0179826,0.07560208,0.01981845,0.05578364
1671.0,0.1062925,-1.066753,1.173046,-1.690458,-0.2516136,-1.438845,0.5936155,-1.119899,-0.01798259,0.07560207,0.01981844,0.05578363
1672.0,0.1062925,-1.066753,1.173046,-1.690458,-0.2516136,-1.438845,0.5936155,-1.119899,-0.01798259,0.07560206,0.01981844,0.05578362
1673.0,0.1062925,-1.066753,1.173046,-1.690458,-0.2516136,-1.438845,0.5936155,-1.119899,-0.01798259,0.07560205,0.01981843,0.05578362
1674.0,0.1062925,-1.066753,1.173046,-1.690458,-0.2516136,-1.438845,0.5936155,-1.119899,-0.0179826,0.07560204,0.01981842,0.05578362
1675.0,0.1062925,-1.066753,1.173046,-1.690458,-0.2516136,-1.438845,0.5936155,-1.119899,-0.0179826,0.07560204,0.01981842,0.05578362
1676.0,0.1062925,-1.066753,1.173046,-1.690458,-0.2516136,-1.438845,0.5936155,-1.119899,-0.0179826,0.07560205,0.01981843,0.05578362
1677.0,0.1062925,-1.066753,1.173046,-1.690458,-0.2516136,-1.438845,0.5936155,-1.119899,-0.0179826,0.07560206,0.01981844,0.05578363
1678.0,0.1062924,-1.066753,1.173046,-1.690458,-0.2516135,-1.438844,0.5936155,-1.119899,-0.01798259,0.07560208,0.01981844,0.05578363
1679.0,0.1062924,-1.066753,1.173046,-1.690458,-0.2516135,-1.438844,0.5936154,-1.119899,-0.01798259,0.07560208,0.01981845,0.05578363
1680.0,0.1062924,-1.066753,1.173046,-1.690458,-0.2516135,-1.438844,0.5936154,-1.119899,-0.01798259,0.07560209,0.01981846,0.05578363
1681.0,0.1062924,-1.066753,1.173046,-1.690458,-0.2516136,-1.438844,0.5936154,-1.119899,-0.01798258,0.07560208,0.01981846,0.05578362
1682.0,0.1062924,-1.066753,1.173046,-1.690458,-0.2516136,-1.438844,0.5936154,-1.119899,-0.01798258,0.07560207,0.01981845,0.05578361
1683.0,0.1062924,-1.066753,1.173046,-1.690458,-0.2516136,-1.438844,0.5936154,-1.119899,-0.01798258,0.07560205,0.01981845,0.05578361
1684.0,0.1062925,-1.066753,1.173046,-1.690458,-0.2516136,-1.438844,0.5936154,-1.119899,-0.01798258,0.07560204,0.01981844,0.0557836
1685.0,0.1062925,-1.066753,1.173046,-1.690458,-0.2516136,-1.438844,0.5936154,-1.119899,-0.01798258,0.07560204,0.01981844,0.0557836
1686.0,0.1062925,-1.066753,1.173046,-1.690458,-0.2516136,-1.438844,0.5936154,-1.119899,-0.01798258,0.07560205,0.01981844,0.05578361
1687.0,0.1062924,-1.066753,1.173046,-1.690458,-0.2516136,-1.438844,0.5936154,-1.119899,-0.01798258,0.07560206,0.01981845,0.05578361
1688.0,0.1062924,-1.066753,1.173046,-1.690458,-0.2516135,-1.438844,0.5936154,-1.119899,-0.01798258,0.07560207,0.01981845,0.05578362
1689.0,0.1062924,-1.066753,1.173046,-1.690458,-0.2516135,-1.438844,0.5936154,-1.119899,-0.01798258,0.07560208,0.01981846,0.05578362
1690.0,0.1062924,-1.066753,1.173046,-1.690458,-0.2516136,-1.438844,0.5936153,-1.119899,-0.01798258,0.07560208,0.01981846,0.05578362
1691.0,0.1062924,-1.066753,1.173046,-1.690458,-0.2516136,-1.438844,0.5936153,-1.119899,-0.01798258,0.07560207,0.01981845,0.05578362
1692.0,0.1062924,-1.066753,1.173046,-1.690458,-0.2516136,-1.438844,0.5936153,-1.119899,-0.01798259,0.07560206,0.01981844,0.05578362
1693.0,0.1062925,-1.066753,1.173046,-1.690458,-0.2516137,-1.438844,0.5936153,-1.119899,-0.01798259,0.07560205,0.01981843,0.05578361
1694.0,0.1062925,-1.066753,1.173046,-1.690458,-0.2516137,-1.438844,0.5936153,-1.119899,-0.01798259,0.07560204,0.01981843,0.05578361
1695.0,0.1062925,-1.066753,1.173046,-1.690458,-0.2516136,-1.438844,0.5936153,-1.119899,-0.0179826,0.07560204,0.01981842,0.05578362
1696.0,0.1062925,-1.066753,1.173046,-1.690458,-0.2516136,-1.438844,0.5936153,-1.119899,-0.0179826,0.07560205,0.01981843,0.05578362
1697.0,0.1062925,-1.066753,1.173046,-1.690458,-0.2516136,-1.438844,0.5936153,-1.119899,-0.0179826,0.07560206,0.01981843,0.05578363
1698.0,0.1062924,-1.066753,1.173046,-1.690458,-0.2516136,-1.438844,0.5936153,-1.119899,-0.01798259,0.07560207,0.01981844,0.05578363
1699.0,0.1062924,-1.066753,1.173046,-1.690458,-0.2516136,-1.438844,0.5936152,-1.119899,-0.01798259,0.07560208,0.01981845,0.05578363
1700.0,0.1062924,-1.066753,1.173045,-1.690458,-0.2516136,-1.438844,0.5936152,-1.119899,-0.01798259,0.07560208,0.01981845,0.05578363
1701.0,0.1062924,-1.066753,1.173045,-1.690458,-0.2516136,-1.438844,0.5936152,-1.119899,-0.01798259,0.07560208,0.01981845,0.05578363
1702.0,0.1062924,-1.066753,1.173045,-1.690458,-0.2516136,-1.438844,0.5936151,-1.119899,-0.01798259,0.07560207,0.01981844,0.05578362
1703.0,0.1062925,-1.066753,1.173046,-1.690458,-0.2516137,-1.438844,0.5936151,-1.119899,-0.01798259,0.07560206,0.01981844,0.05578362
1704.0,0.1062925,-1.066753,1.173046,-1.690458,-0.2516137,-1.438844,0.5936151,-1.119899,-0.01798259,0.07560205,0.01981843,0.05578362
1705.0,0.1062925,-1.066753,1.173046,-1.690458,-0.2516137,-1.438844,0.5936152,-1.119899,-0.01798259,0.07560204,0.01981843,0.05578362
1706.0,0.1062925,-1.066753,1.173046,-1.690458,-0.2516137,-1.438844,0.5936152,-1.119899,-0.01798259,0.07560205,0.01981843,0.05578362
1707.0,0.1062925,-1.066753,1.173045,-1.690458,-0.2516136,-1.438844,0.5936152,-1.119899,-0.01798259,0.07560206,0.01981844,0.05578362
1708.0,0.1062924,-1.066753,1.173045,-1.690457,-0.2516135,-1.438844,0.5936152,-1.119899,-0.01798258,0.07560207,0.01981845,0.05578362
1709.0,0.1062924,-1.066753,1.173045,-1.690457,-0.2516135,-1.438844,0.5936152,-1.119899,-0.01798258,0.07560207,0.01981846,0.05578361
1710.0,0.1062924,-1.066753,1.173045,-1.690457,-0.2516135,-1.438844,0.5936152,-1.119899,-0.01798258,0.07560207,0.01981846,0.05578361
1711.0,0.1062924,-1.066753,1.173045,-1.690457,-0.2516135,-1.438844,0.5936151,-1.119899,-0.01798257,0.07560207,0.01981846,0.05578361
1712.0,0.1062924,-1.066753,1.173045,-1.690457,-0.2516136,-1.438844,0.5936151,-1.119899,-0.01798257,0.07560207,0.01981846,0.05578361
1713.0,0.1062924,-1.066753,1.173045,-1.690457,-0.2516136,-1.438844,0.5936151,-1.119899,-0.01798258,0.07560206,0.01981845,0.05578361
1714.0,0.1062924,-1.066753,1.173045,-1.690458,-0.2516137,-1.438844,0.5936151,-1.119899,-0.01798258,0.07560205,0.01981845,0.0557836
1715.0,0.1062925,-1.066753,1.173045,-1.690458,-0.2516137,-1.438844,0.5936152,-1.119899,-0.01798258,0.07560205,0.01981844,0.0557836
1716.0,0.1062925,-1.066753,1.173045,-1.690458,-0.2516137,-1.438844,0.5936152,-1.119899,-0.01798258,0.07560204,0.01981844,0.0557836
1717.0,0.1062924,-1.066753,1.173045,-1.690458,-0.2516136,-1.438844,0.5936152,-1.119899,-0.01798258,0.07560205,0.01981845,0.0557836
1718.0,0.1062924,-1.066753,1.173045,-1.690458,-0.2516136,-1.438844,0.5936152,-1.119899,-0.01798257,0.07560205,0.01981845,0.0557836
1719.0,0.1062924,-1.066753,1.173045,-1.690457,-0.2516135,-1.438844,0.5936152,-1.119899,-0.01798258,0.07560206,0.01981845,0.0557836
1720.0,0.1062924,-1.066753,1.173045,-1.690457,-0.2516135,-1.438844,0.5936152,-1.119899,-0.01798258,0.07560206,0.01981845,0.05578361
1721.0,0.1062924,-1.066753,1.173045,-1.690457,-0.2516136,-1.438844,0.5936152,-1.119899,-0.01798258,0.07560206,0.01981845,0.05578361
1722.0,0.1062924,-1.066753,1.173045,-1.690458,-0.2516136,-1.438844,0.5936151,-1.119899,-0.01798259,0.07560206,0.01981844,0.05578361
1723.0,0.1062925,-1.066753,1.173045,-1.690458,-0.2516137,-1.438844,0.5936151,-1.119899,-0.01798259,0.07560205,0.01981843,0.05578362
1724.0,0.1062925,-1.066753,1.173045,-1.690458,-0.2516137,-1.438844,0.5936152,-1.119899,-0.01798259,0.07560205,0.01981843,0.05578362
1725.0,0.1062925,-1.066753,1.173045,-1.690458,-0.2516137,-1.438844,0.5936152,-1.119899,-0.0179826,0.07560205,0.01981843,0.05578362
1726.0,0.1062925,-1.066753,1.173045,-1.690458,-0.2516136,-1.438844,0.5936152,-1.119899,-0.0179826,0.07560204,0.01981843,0.05578362
1727.0,0.1062925,-1.066753,1.173045,-1.690458,-0.2516136,-1.438844,0.5936153,-1.119899,-0.01798259,0.07560205,0.01981843,0.05578362
1728.0,0.1062925,-1.066753,1.173045,-1.690458,-0.2516135,-1.438844,0.5936153,-1.119899,-0.01798259,0.07560205,0.01981843,0.05578362
1729.0,0.1062924,-1.066753,1.173045,-1.690457,-0.2516135,-1.438844,0.5936153,-1.119899,-0.01798259,0.07560206,0.01981844,0.05578362
1730.0,0.1062924,-1.066753,1.173045,-1.690457,-0.2516135,-1.438844,0.5936152,-1.119899,-0.01798259,0.07560207,0.01981845,0.05578362
1731.0,0.1062924,-1.066753,1.173045,-1.690457,-0.2516135,-1.438844,0.5936152,-1.119899,-0.01798259,0.07560207,0.01981845,0.05578363
1732.0,0.1062924,-1.066753,1.173045,-1.690457,-0.2516136,-1.438844,0.5936152,-1.119899,-0.01798259,0.07560207,0.01981845,0.05578363
1733.0,0.1062924,-1.066753,1.173045,-1.690458,-0.2516137,-1.438844,0.5936152,-1.119899,-0.01798259,0.07560207,0.01981844,0.05578363
1734.0,0.1062925,-1.066753,1.173045,-1.690458,-0.2516137,-1.438844,0.5936152,-1.119899,-0.01798259,0.07560206,0.01981844,0.05578362
1735.0,0.1062925,-1.066753,1.173045,-1.690458,-0.2516137,-1.438844,0.5936152,-1.119899,-0.01798259,0.07560205,0.01981844,0.05578362
1736.0,0.1062925,-1.066753,1.173045,-1.690458,-0.2516137,-1.438844,0.5936152,-1.119899,-0.01798259,0.07560205,0.01981844,0.05578361
1737.0,0.1062925,-1.066753,1.173045,-1.690458,-0.2516136,-1.438844,0.5936153,-1.119899,-0.01798258,0.07560205,0.01981844,0.0557836
1738.0,0.1062925,-1.066753,1.173045,-1.690458,-0.2516135,-1.438844,0.5936152,-1.119899,-0.01798258,0.07560205,0.01981844,0.05578361
1739.0,0.1062924,-1.066753,1.173045,-1.690457,-0.2516135,-1.438844,0.5936152,-1.119899,-0.01798258,0.07560206,0.01981845,0.05578361
1740.0,0.1062924,-1.066753,1.173045,-1.690457,-0.2516135,-1.438844,0.5936152,-1.119899,-0.01798258,0.07560206,0.01981845,0.05578361
1741.0,0.1062924,-1.066753,1.173045,-1.690457,-0.2516136,-1.438844,0.5936151,-1.119899,-0.01798258,0.07560207,0.01981845,0.05578362
1742.0,0.1062924,-1.066753,1.173045,-1.690457,-0.2516137,-1.438844,0.5936151,-1.119899,-0.01798259,0.07560207,0.01981845,0.05578362
1743.0,0.1062924,-1.066753,1.173045,-1.690458,-0.2516137,-1.438844,0.5936151,-1.119899,-0.01798259,0.07560207,0.01981844,0.05578362
1744.0,0.1062924,-1.066753,1.173045,-1.690458,-0.2516137,-1.438844,0.5936151,-1.119899,-0.01798259,0.07560206,0.01981844,0.05578362
1745.0,0.1062925,-1.066753,1.173045,-1.690458,-0.2516137,-1.438844,0.5936152,-1.119899,-0.01798259,0.07560205,0.01981843,0.05578362
1746.0,0.1062925,-1.066753,1.173045,-1.690458,-0.2516137,-1.438844,0.5936152,-1.119899,-0.01798259,0.07560204,0.01981843,0.05578361
1747.0,0.1062925,-1.066753,1.173045,-1.690458,-0.2516136,-1.438844,0.5936152,-1.119899,-0.01798259,0.07560205,0.01981843,0.05578361
1748.0,0.1062924,-1.066753,1.173045,-1.690457,-0.2516135,-1.438844,0.5936152,-1.119899,-0.01798259,0.07560205,0.01981844,0.05578361
1749.0,0.1062924,-1.066753,1.173045,-1.690457,-0.2516134,-1.438844,0.5936152,-1.119899,-0.01798259,0.07560206,0.01981844,0.05578361
1750.0,0.1062924,-1.066753,1.173045,-1.690457,-0.2516134,-1.438844,0.5936152,-1.119899,-0.01798259,0.07560206,0.01981845,0.05578362
1751.0,0.1062924,-1.066753,1.173045,-1.690457,-0.2516135,-1.438844,0.5936152,-1.119899,-0.01798259,0.07560207,0.01981845,0.05578362
1752.0,0.1062924,-1.066753,1.173045,-1.690457,-0.2516136,-1.438844,0.5936151,-1.119899,-0.01798259,0.07560207,0.01981844,0.05578362
1753.0,0.1062924,-1.066753,1.173045,-1.690458,-0.2516137,-1.438844,0.5936151,-1.119899,-0.01798259,0.07560207,0.01981844,0.05578362
1754.0,0.1062924,-1.066753,1.173045,-1.690458,-0.2516137,-1.438844,0.5936151,-1.119899,-0.01798259,0.07560206,0.01981844,0.05578362
1755.0,0.1062925,-1.066753,1.173045,-1.690458,-0.2516137,-1.438844,0.5936151,-1.119899,-0.01798259,0.07560205,0.01981844,0.05578361
1756.0,0.1062925,-1.066753,1.173045,-1.690458,-0.2516137,-1.438844,0.5936152,-1.119899,-0.01798258,0.07560205,0.01981844,0.05578361
1757.0,0.1062925,-1.066753,1.173045,-1.690458,-0.2516136,-1.438844,0.5936152,-1.119899,-0.01798258,0.07560205,0.01981844,0.0557836
1758.0,0.1062924,-1.066753,1.173045,-1.690457,-0.2516135,-1.438844,0.5936152,-1.119899,-0.01798258,0.07560205,0.01981845,0.0557836
1759.0,0.1062924,-1.066753,1.173045,-1.690457,-0.2516135,-1.438844,0.5936152,-1.119899,-0.01798257,0.07560205,0.01981845,0.0557836
1760.0,0.1062924,-1.066753,1.173045,-1.690457,-0.2516135,-1.438844,0.5936152,-1.119899,-0.01798258,0.07560206,0.01981845,0.0557836
1761.0,0.1062924,-1.066753,1.173045,-1.690457,-0.2516135,-1.438844,0.5936151,-1.119899,-0.01798258,0.07560206,0.01981845,0.05578361
1762.0,0.1062924,-1.066753,1.173045,-1.690457,-0.2516136,-1.438844,0.5936151,-1.119899,-0.01798258,0.07560206,0.01981845,0.05578361
1763.0,0.1062924,-1.066753,1.173045,-1.690458,-0.2516137,-1.438844,0.5936151,-1.119899,-0.01798258,0.07560206,0.01981845,0.05578361
1764.0,0.1062924,-1.066753,1.173045,-1.690458,-0.2516138,-1.438844,0.5936151,-1.119899,-0.01798258,0.07560206,0.01981844,0.05578361
1765.0,0.1062924,-1.066753,1.173045,-1.690458,-0.2516138,-1.438844,0.5936151,-1.119899,-0.01798258,0.07560205,0.01981844,0.05578361
1766.0,0.1062924,-1.066753,1.173045,-1.690458,-0.2516137,-1.438844,0.5936152,-1.119899,-0.01798258,0.07560205,0.01981844,0.05578361
1767.0,0.1062924,-1.066753,1.173045,-1.690458,-0.2516136,-1.438844,0.5936152,-1.119899,-0.01798258,0.07560205,0.01981845,0.05578361
1768.0,0.1062924,-1.066753,1.173045,-1.690457,-0.2516135,-1.438844,0.5936152,-1.119899,-0.01798258,0.07560205,0.01981845,0.05578361
1769.0,0.1062924,-1.066753,1.173045,-1.690457,-0.2516134,-1.438844,0.5936152,-1.119899,-0.01798258,0.07560206,0.01981845,0.05578361
1770.0,0.1062924,-1.066753,1.173045,-1.690457,-0.2516134,-1.438844,0.5936152,-1.119899,-0.01798259,0.07560206,0.01981844,0.05578362
1771.0,0.1062924,-1.066753,1.173045,-1.690457,-0.2516135,-1.438844,0.5936152,-1.119899,-0.01798259,0.07560206,0.01981844,0.05578362
1772.0,0.1062924,-1.066753,1.173045,-1.690457,-0.2516135,-1.438844,0.5936152,-1.119899,-0.01798259,0.07560206,0.01981844,0.05578363
1773.0,0.1062924,-1.066753,1.173045,-1.690458,-0.2516136,-1.438844,0.5936152,-1.119899,-0.0179826,0.07560206,0.01981844,0.05578363
1774.0,0.1062925,-1.066753,1.173046,-1.690458,-0.2516137,-1.438844,0.5936153,-1.119899,-0.0179826,0.07560206,0.01981844,0.05578363
1775.0,0.1062925,-1.066753,1.173046,-1.690458,-0.2516137,-1.438844,0.5936153,-1.119899,-0.01798259,0.07560206,0.01981844,0.05578362
1776.0,0.1062925,-1.066753,1.173046,-1.690458,-0.2516137,-1.438844,0.5936153,-1.119899,-0.01798259,0.07560206,0.01981844,0.05578362
1777.0,0.1062925,-1.066753,1.173046,-1.690458,-0.2516137,-1.438844,0.5936153,-1.119899,-0.01798259,0.07560206,0.01981844,0.05578362
1778.0,0.1062925,-1.066753,1.173045,-1.690458,-0.2516136,-1.438844,0.5936153,-1.119899,-0.01798259,0.07560205,0.01981844,0.05578361
1779.0,0.1062925,-1.066753,1.173045,-1.690458,-0.2516135,-1.438844,0.5936153,-1.119899,-0.01798259,0.07560205,0.01981844,0.05578361
1780.0,0.1062925,-1.066753,1.173045,-1.690458,-0.2516134,-1.438844,0.5936153,-1.119899,-0.01798259,0.07560205,0.01981843,0.05578362
1781.0,0.1062925,-1.066753,1.173045,-1.690458,-0.2516135,-1.438844,0.5936153,-1.119899,-0.01798259,0.07560205,0.01981843,0.05578362
1782.0,0.1062925,-1.066753,1.173045,-1.690458,-0.2516135,-1.438844,0.5936153,-1.119899,-0.01798259,0.07560206,0.01981843,0.05578362
1783.0,0.1062925,-1.066753,1.173046,-1.690458,-0.2516136,-1.438844,0.5936153,-1.119899,-0.01798259,0.07560206,0.01981844,0.05578362
1784.0,0.1062925,-1.066753,1.173046,-1.690458,-0.2516137,-1.438844,0.5936154,-1.119899,-0.01798259,0.07560206,0.01981844,0.05578362
1785.0,0.1062925,-1.066753,1.173046,-1.690458,-0.2516138,-1.438845,0.5936154,-1.119899,-0.01798259,0.07560206,0.01981844,0.05578362
1786.0,0.1062925,-1.066753,1.173046,-1.690458,-0.2516138,-1.438845,0.5936154,-1.119899,-0.01798258,0.07560206,0.01981845,0.05578361
1787.0,0.1062925,-1.066753,1.173046,-1.690458,-0.2516138,-1.438845,0.5936154,-1.119899,-0.01798258,0.07560205,0.01981844,0.05578361
1788.0,0.1062925,-1.066753,1.173046,-1.690458,-0.2516137,-1.438844,0.5936154,-1.119899,-0.01798258,0.07560205,0.01981844,0.05578361
1789.0,0.1062925,-1.066753,1.173046,-1.690458,-0.2516136,-1.438844,0.5936154,-1.119899,-0.01798259,0.07560205,0.01981844,0.05578361
1790.0,0.1062925,-1.066753,1.173046,-1.690458,-0.2516135,-1.438844,0.5936154,-1.119899,-0.01798259,0.07560205,0.01981844,0.05578362
1791.0,0.1062925,-1.066753,1.173046,-1.690458,-0.2516134,-1.438844,0.5936154,-1.119899,-0.01798259,0.07560206,0.01981844,0.05578362
1792.0,0.1062925,-1.066753,1.173046,-1.690458,-0.2516135,-1.438844,0.5936155,-1.119899,-0.01798259,0.07560206,0.01981844,0.05578362
1793.0,0.1062924,-1.066753,1.173046,-1.690458,-0.2516135,-1.438844,0.5936155,-1.119899,-0.01798259,0.07560206,0.01981844,0.05578362
1794.0,0.1062925,-1.066753,1.173046,-1.690458,-0.2516136,-1.438845,0.5936155,-1.119899,-0.01798259,0.07560206,0.01981844,0.05578362
1795.0,0.1062925,-1.066753,1.173046,-1.690458,-0.2516137,-1.438845,0.5936155,-1.119899,-0.01798259,0.07560206,0.01981844,0.05578362
1796.0,0.1062925,-1.066753,1.173046,-1.690459,-0.2516137,-1.438845,0.5936155,-1.119899,-0.01798259,0.07560206,0.01981844,0.05578362
1797.0,0.1062925,-1.066753,1.173046,-1.690458,-0.2516137,-1.438845,0.5936155,-1.119899,-0.01798259,0.07560206,0.01981844,0.05578362
1798.0,0.1062925,-1.066753,1.173046,-1.690458,-0.2516136,-1.438845,0.5936155,-1.119899,-0.01798259,0.07560206,0.01981844,0.05578362
1799.0,0.1062925,-1.066753,1.173046,-1.690458,-0.2516135,-1.438845,0.5936155,-1.119899,-0.0179826,0.07560206,0.01981843,0.05578362
1800.0,0.1062924,-1.066753,1.173046,-1.690458,-0.2516134,-1.438844,0.5936155,-1.119899,-0.0179826,0.07560206,0.01981843,0.05578363
1801.0,0.1062924,-1.066753,1.173046,-1.690458,-0.2516134,-1.438844,0.5936155,-1.119899,-0.0179826,0.07560206,0.01981843,0.05578363
1802.0,0.1062925,-1.066753,1.173046,-1.690458,-0.2516134,-1.438845,0.5936156,-1.119899,-0.0179826,0.07560206,0.01981843,0.05578363
1803.0,0.1062925,-1.066753,1.173046,-1.690458,-0.2516135,-1.438845,0.5936156,-1.119899,-0.0179826,0.07560207,0.01981843,0.05578363
1804.0,0.1062925,-1.066753,1.173046,-1.690458,-0.2516136,-1.438845,0.5936156,-1.119899,-0.0179826,0.07560206,0.01981843,0.05578363
1805.0,0.1062925,-1.066753,1.173046,-1.690459,-0.2516137,-1.438845,0.5936156,-1.119899,-0.0179826,0.07560206,0.01981843,0.05578363
1806.0,0.1062925,-1.066753,1.173046,-1.690459,-0.2516138,-1.438845,0.5936156,-1.119899,-0.0179826,0.07560206,0.01981843,0.05578363
1807.0,0.1062925,-1.066753,1.173046,-1.690459,-0.2516138,-1.438845,0.5936156,-1.119899,-0.0179826,0.07560206,0.01981843,0.05578363
1808.0,0.1062925,-1.066753,1.173046,-1.690459,-0.2516137,-1.438845,0.5936156,-1.119899,-0.0179826,0.07560206,0.01981843,0.05578363
1809.0,0.1062925,-1.066753,1.173046,-1.690458,-0.2516136,-1.438845,0.5936155,-1.119899,-0.0179826,0.07560206,0.01981843,0.05578363
1810.0,0.1062925,-1.066753,1.173046,-1.690458,-0.2516135,-1.438845,0.5936155,-1.119899,-0.0179826,0.07560206,0.01981843,0.05578363
1811.0,0.1062925,-1.066753,1.173046,-1.690458,-0.2516135,-1.438845,0.5936155,-1.119899,-0.0179826,0.07560207,0.01981843,0.05578363
1812.0,0.1062925,-1.066753,1.173046,-1.690458,-0.2516135,-1.438845,0.5936156,-1.1199,-0.0179826,0.07560207,0.01981844,0.05578363
1813.0,0.1062925,-1.066753,1.173046,-1.690458,-0.2516136,-1.438845,0.5936156,-1.1199,-0.0179826,0.07560207,0.01981844,0.05578363
1814.0,0.1062925,-1.066753,1.173046,-1.690458,-0.2516136,-1.438845,0.5936156,-1.1199,-0.01798259,0.07560207,0.01981844,0.05578363
1815.0,0.1062925,-1.066753,1.173046,-1.690459,-0.2516137,-1.438845,0.5936156,-1.1199,-0.01798259,0.07560207,0.01981844,0.05578363
1816.0,0.1062925,-1.066753,1.173046,-1.690459,-0.2516138,-1.438845,0.5936155,-1.119899,-0.01798259,0.07560207,0.01981844,0.05578362
1817.0,0.1062925,-1.066753,1.173046,-1.690459,-0.2516138,-1.438845,0.5936155,-1.119899,-0.01798259,0.07560207,0.01981844,0.05578362
1818.0,0.1062925,-1.066753,1.173046,-1.690459,-0.2516137,-1.438845,0.5936155,-1.119899,-0.01798259,0.07560207,0.01981845,0.05578362
1819.0,0.1062924,-1.066753,1.173046,-1.690458,-0.2516136,-1.438845,0.5936155,-1.119899,-0.01798259,0.07560207,0.01981845,0.05578363
1820.0,0.1062924,-1.066753,1.173046,-1.690458,-0.2516135,-1.438845,0.5936155,-1.119899,-0.01798259,0.07560208,0.01981845,0.05578363
1821.0,0.1062924,-1.066753,1.173046,-1.690458,-0.2516135,-1.438845,0.5936156,-1.1199,-0.01798259,0.07560207,0.01981845,0.05578362
1822.0,0.1062924,-1.066753,1.173046,-1.690458,-0.2516135,-1.438845,0.5936156,-1.1199,-0.01798259,0.07560207,0.01981845,0.05578362
1823.0,0.1062925,-1.066753,1.173046,-1.690458,-0.2516135,-1.438845,0.5936157,-1.1199,-0.01798258,0.07560207,0.01981845,0.05578362
1824.0,0.1062925,-1.066753,1.173046,-1.690458,-0.2516136,-1.438845,0.5936157,-1.1199,-0.01798258,0.07560207,0.01981845,0.05578362
1825.0,0.1062925,-1.066753,1.173046,-1.690459,-0.2516136,-1.438845,0.5936156,-1.1199,-0.01798258,0.07560206,0.01981845,0.05578361
1826.0,0.1062925,-1.066753,1.173046,-1.690459,-0.2516137,-1.438845,0.5936156,-1.1199,-0.01798258,0.07560206,0.01981845,0.05578362
1827.0,0.1062925,-1.066753,1.173046,-1.690459,-0.2516137,-1.438845,0.5936156,-1.119899,-0.01798259,0.07560207,0.01981845,0.05578362
1828.0,0.1062925,-1.066753,1.173046,-1.690459,-0.2516137,-1.438845,0.5936156,-1.119899,-0.01798259,0.07560207,0.01981845,0.05578362
1829.0,0.1062925,-1.066753,1.173046,-1.690458,-0.2516137,-1.438845,0.5936156,-1.119899,-0.01798259,0.07560207,0.01981844,0.05578363
1830.0,0.1062925,-1.066753,1.173046,-1.690458,-0.2516136,-1.438845,0.5936156,-1.1199,-0.01798259,0.07560207,0.01981844,0.05578363
1831.0,0.1062925,-1.066753,1.173046,-1.690458,-0.2516135,-1.438845,0.5936157,-1.1199,-0.01798259,0.07560207,0.01981844,0.05578363
1832.0,0.1062925,-1.066753,1.173046,-1.690458,-0.2516134,-1.438845,0.5936157,-1.1199,-0.01798259,0.07560207,0.01981844,0.05578363
1833.0,0.1062925,-1.066753,1.173046,-1.690458,-0.2516134,-1.438845,0.5936157,-1.1199,-0.01798259,0.07560206,0.01981844,0.05578362
1834.0,0.1062925,-1.066753,1.173046,-1.690458,-0.2516135,-1.438845,0.5936157,-1.1199,-0.01798259,0.07560206,0.01981844,0.05578362
1835.0,0.1062925,-1.066753,1.173046,-1.690458,-0.2516136,-1.438845,0.5936156,-1.1199,-0.01798259,0.07560207,0.01981844,0.05578363
1836.0,0.1062925,-1.066753,1.173046,-1.690459,-0.2516137,-1.438845,0.5936156,-1.1199,-0.01798259,0.07560207,0.01981844,0.05578363
1837.0,0.1062925,-1.066753,1.173046,-1.690459,-0.2516138,-1.438845,0.5936155,-1.119899,-0.01798259,0.07560207,0.01981844,0.05578363
1838.0,0.1062925,-1.066753,1.173046,-1.690459,-0.2516138,-1.438845,0.5936155,-1.119899,-0.0179826,0.07560208,0.01981844,0.05578363
1839.0,0.1062925,-1.066753,1.173046,-1.690459,-0.2516137,-1.438845,0.5936156,-1.1199,-0.0179826,0.07560208,0.01981844,0.05578364
1840.0,0.1062925,-1.066753,1.173046,-1.690458,-0.2516136,-1.438845,0.5936156,-1.1199,-0.0179826,0.07560208,0.01981844,0.05578364
1841.0,0.1062925,-1.066753,1.173046,-1.690458,-0.2516135,-1.438845,0.5936156,-1.1199,-0.01798259,0.07560208,0.01981845,0.05578363
1842.0,0.1062924,-1.066753,1.173046,-1.690458,-0.2516134,-1.438845,0.5936156,-1.1199,-0.01798259,0.07560208,0.01981845,0.05578363
1843.0,0.1062924,-1.066753,1.173046,-1.690458,-0.2516134,-1.438845,0.5936156,-1.1199,-0.01798258,0.07560208,0.01981845,0.05578362
1844.0,0.1062924,-1.066753,1.173046,-1.690458,-0.2516135,-1.438845,0.5936156,-1.1199,-0.01798258,0.07560207,0.01981846,0.05578362
1845.0,0.1062925,-1.066753,1.173046,-1.690458,-0.2516136,-1.438845,0.5936155,-1.119899,-0.01798258,0.07560207,0.01981846,0.05578362
1846.0,0.1062925,-1.066753,1.173046,-1.690458,-0.2516137,-1.438845,0.5936155,-1.119899,-0.01798258,0.07560208,0.01981845,0.05578362
1847.0,0.1062925,-1.066753,1.173046,-1.690459,-0.2516138,-1.438845,0.5936156,-1.119899,-0.01798259,0.07560208,0.01981845,0.05578363
1848.0,0.1062925,-1.066753,1.173046,-1.690459,-0.2516138,-1.438845,0.5936156,-1.119899,-0.01798259,0.07560208,0.01981845,0.05578363
1849.0,0.1062925,-1.066753,1.173046,-1.690459,-0.2516137,-1.438845,0.5936157,-1.1199,-0.01798259,0.07560208,0.01981845,0.05578363
1850.0,0.1062925,-1.066753,1.173046,-1.690459,-0.2516136,-1.438845,0.5936157,-1.1199,-0.01798259,0.07560208,0.01981845,0.05578363
1851.0,0.1062924,-1.066753,1.173046,-1.690458,-0.2516135,-1.438845,0.5936157,-1.1199,-0.01798259,0.07560208,0.01981845,0.05578363
1852.0,0.1062924,-1.066753,1.173046,-1.690458,-0.2516134,-1.438845,0.5936157,-1.1199,-0.01798258,0.07560208,0.01981846,0.05578362
1853.0,0.1062924,-1.066753,1.173046,-1.690458,-0.2516134,-1.438845,0.5936157,-1.1199,-0.01798258,0.07560208,0.01981846,0.05578362
1854.0,0.1062924,-1.066753,1.173046,-1.690458,-0.2516134,-1.438845,0.5936156,-1.1199,-0.01798258,0.07560207,0.01981845,0.05578362
1855.0,0.1062925,-1.066753,1.173046,-1.690458,-0.2516135,-1.438845,0.5936156,-1.1199,-0.01798259,0.07560207,0.01981845,0.05578362
1856.0,0.1062925,-1.066753,1.173046,-1.690459,-0.2516137,-1.438845,0.5936156,-1.1199,-0.01798259,0.07560208,0.01981845,0.05578363
1857.0,0.1062925,-1.066753,1.173046,-1.690459,-0.2516138,-1.438845,0.5936157,-1.1199,-0.01798259,0.07560208,0.01981844,0.05578363
1858.0,0.1062925,-1.066753,1.173046,-1.690459,-0.2516138,-1.438845,0.5936157,-1.1199,-0.0179826,0.07560208,0.01981844,0.05578364
1859.0,0.1062925,-1.066753,1.173046,-1.690459,-0.2516137,-1.438845,0.5936158,-1.1199,-0.0179826,0.07560208,0.01981844,0.05578364
1860.0,0.1062925,-1.066753,1.173046,-1.690459,-0.2516136,-1.438845,0.5936158,-1.1199,-0.0179826,0.07560209,0.01981845,0.05578364
1861.0,0.1062925,-1.066753,1.173046,-1.690459,-0.2516135,-1.438845,0.5936158,-1.1199,-0.01798259,0.07560209,0.01981845,0.05578364
1862.0,0.1062924,-1.066753,1.173046,-1.690458,-0.2516134,-1.438845,0.5936158,-1.1199,-0.01798259,0.07560209,0.01981845,0.05578363
1863.0,0.1062925,-1.066753,1.173046,-1.690458,-0.2516134,-1.438845,0.5936158,-1.1199,-0.01798259,0.07560208,0.01981845,0.05578363
1864.0,0.1062925,-1.066753,1.173046,-1.690458,-0.2516135,-1.438845,0.5936157,-1.1199,-0.01798259,0.07560208,0.01981845,0.05578363
1865.0,0.1062925,-1.066753,1.173046,-1.690459,-0.2516135,-1.438845,0.5936157,-1.1199,-0.01798259,0.07560208,0.01981845,0.05578362
1866.0,0.1062925,-1.066753,1.173046,-1.690459,-0.2516136,-1.438845,0.5936158,-1.1199,-0.01798259,0.07560208,0.01981845,0.05578363
1867.0,0.1062925,-1.066753,1.173046,-1.690459,-0.2516137,-1.438845,0.5936158,-1.1199,-0.01798259,0.07560208,0.01981844,0.05578363
1868.0,0.1062925,-1.066753,1.173046,-1.690459,-0.2516137,-1.438845,0.5936159,-1.1199,-0.01798259,0.07560208,0.01981845,0.05578364
1869.0,0.1062925,-1.066753,1.173046,-1.690459,-0.2516137,-1.438846,0.5936159,-1.1199,-0.0179826,0.07560209,0.01981845,0.05578364
1870.0,0.1062925,-1.066753,1.173046,-1.690459,-0.2516136,-1.438846,0.593616,-1.1199,-0.0179826,0.07560209,0.01981845,0.05578364
1871.0,0.1062925,-1.066753,1.173046,-1.690459,-0.2516135,-1.438845,0.593616,-1.1199,-0.01798259,0.07560209,0.01981845,0.05578364
1872.0,0.1062925,-1.066753,1.173046,-1.690459,-0.2516134,-1.438845,0.5936159,-1.1199,-0.01798259,0.07560209,0.01981845,0.05578363
1873.0,0.1062925,-1.066753,1.173046,-1.690459,-0.2516134,-1.438845,0.5936159,-1.1199,-0.01798259,0.07560208,0.01981845,0.05578363
1874.0,0.1062925,-1.066753,1.173046,-1.690459,-0.2516135,-1.438845,0.5936159,-1.1199,-0.01798259,0.07560208,0.01981845,0.05578363
1875.0,0.1062925,-1.066753,1.173046,-1.690459,-0.2516135,-1.438845,0.5936159,-1.1199,-0.01798259,0.07560207,0.01981844,0.05578363
1876.0,0.1062925,-1.066753,1.173046,-1.690459,-0.2516136,-1.438845,0.5936159,-1.1199,-0.0179826,0.07560207,0.01981844,0.05578363
1877.0,0.1062925,-1.066753,1.173046,-1.690459,-0.2516137,-1.438846,0.593616,-1.1199,-0.0179826,0.07560206,0.01981843,0.05578363
1878.0,0.1062925,-1.066753,1.173046,-1.690459,-0.2516137,-1.438846,0.593616,-1.1199,-0.0179826,0.07560207,0.01981843,0.05578364
1879.0,0.1062925,-1.066754,1.173046,-1.690459,-0.2516136,-1.438846,0.5936161,-1.1199,-0.0179826,0.07560207,0.01981843,0.05578364
1880.0,0.1062925,-1.066754,1.173046,-1.690459,-0.2516136,-1.438846,0.5936161,-1.1199,-0.0179826,0.07560208,0.01981843,0.05578364
1881.0,0.1062925,-1.066754,1.173046,-1.690459,-0.2516135,-1.438846,0.5936161,-1.1199,-0.0179826,0.07560208,0.01981844,0.05578364
1882.0,0.1062925,-1.066754,1.173046,-1.690459,-0.2516135,-1.438846,0.593616,-1.1199,-0.0179826,0.07560208,0.01981844,0.05578364
1883.0,0.1062925,-1.066753,1.173046,-1.690459,-0.2516135,-1.438845,0.593616,-1.1199,-0.0179826,0.07560208,0.01981844,0.05578364
1884.0,0.1062925,-1.066753,1.173046,-1.690459,-0.2516135,-1.438845,0.5936159,-1.1199,-0.0179826,0.07560207,0.01981844,0.05578363
1885.0,0.1062925,-1.066753,1.173046,-1.690459,-0.2516135,-1.438845,0.5936159,-1.1199,-0.0179826,0.07560207,0.01981844,0.05578363
1886.0,0.1062925,-1.066753,1.173046,-1.690459,-0.2516136,-1.438845,0.5936159,-1.1199,-0.0179826,0.07560206,0.01981843,0.05578363
1887.0,0.1062925,-1.066753,1.173046,-1.690459,-0.2516136,-1.438846,0.593616,-1.1199,-0.0179826,0.07560207,0.01981843,0.05578364
1888.0,0.1062925,-1.066754,1.173046,-1.690459,-0.2516137,-1.438846,0.593616,-1.1199,-0.0179826,0.07560208,0.01981843,0.05578364
1889.0,0.1062925,-1.066754,1.173046,-1.690459,-0.2516137,-1.438846,0.593616,-1.1199,-0.01798261,0.07560208,0.01981844,0.05578365
1890.0,0.1062925,-1.066754,1.173046,-1.690459,-0.2516136,-1.438846,0.593616,-1.1199,-0.0179826,0.07560209,0.01981844,0.05578365
1891.0,0.1062925,-1.066754,1.173046,-1.690459,-0.2516136,-1.438846,0.593616,-1.1199,-0.0179826,0.07560209,0.01981844,0.05578365
1892.0,0.1062925,-1.066754,1.173046,-1.690459,-0.2516135,-1.438845,0.5936159,-1.1199,-0.0179826,0.07560209,0.01981844,0.05578365
1893.0,0.1062925,-1.066753,1.173046,-1.690459,-0.2516135,-1.438845,0.5936159,-1.1199,-0.0179826,0.07560209,0.01981845,0.05578364
1894.0,0.1062925,-1.066753,1.173046,-1.690459,-0.2516135,-1.438845,0.5936158,-1.1199,-0.01798259,0.07560208,0.01981845,0.05578363
1895.0,0.1062925,-1.066753,1.173046,-1.690459,-0.2516136,-1.438845,0.5936158,-1.1199,-0.01798259,0.07560207,0.01981844,0.05578363
1896.0,0.1062925,-1.066753,1.173046,-1.690459,-0.2516136,-1.438845,0.5936158,-1.1199,-0.01798259,0.07560207,0.01981844,0.05578363
1897.0,0.1062925,-1.066753,1.173046,-1.690459,-0.2516137,-1.438845,0.5936159,-1.1199,-0.01798259,0.07560207,0.01981844,0.05578363
1898.0,0.1062925,-1.066754,1.173046,-1.690459,-0.2516137,-1.438845,0.5936159,-1.1199,-0.0179826,0.07560207,0.01981844,0.05578363
1899.0,0.1062925,-1.066754,1.173046,-1.690459,-0.2516137,-1.438846,0.5936159,-1.1199,-0.0179826,0.07560207,0.01981844,0.05578364
1900.0,0.1062925,-1.066754,1.173046,-1.690459,-0.2516137,-1.438845,0.5936159,-1.1199,-0.0179826,0.07560208,0.01981844,0.05578364
1901.0,0.1062925,-1.066754,1.173046,-1.690459,-0.2516137,-1.438845,0.5936158,-1.1199,-0.0179826,0.07560208,0.01981844,0.05578364
1902.0,0.1062925,-1.066753,1.173046,-1.690459,-0.2516136,-1.438845,0.5936157,-1.1199,-0.01798259,0.07560208,0.01981845,0.05578363
1903.0,0.1062925,-1.066753,1.173046,-1.690458,-0.2516136,-1.438845,0.5936156,-1.1199,-0.01798259,0.07560208,0.01981845,0.05578363
1904.0,0.1062925,-1.066753,1.173046,-1.690458,-0.2516136,-1.438845,0.5936156,-1.1199,-0.01798259,0.07560208,0.01981845,0.05578363
1905.0,0.1062925,-1.066753,1.173046,-1.690458,-0.2516136,-1.438845,0.5936155,-1.1199,-0.01798259,0.07560207,0.01981845,0.05578362
1906.0,0.1062925,-1.066753,1.173046,-1.690458,-0.2516137,-1.438845,0.5936156,-1.1199,-0.01798259,0.07560207,0.01981845,0.05578362
1907.0,0.1062925,-1.066753,1.173046,-1.690459,-0.2516137,-1.438845,0.5936156,-1.1199,-0.01798259,0.07560207,0.01981844,0.05578362
1908.0,0.1062925,-1.066753,1.173046,-1.690459,-0.2516137,-1.438845,0.5936156,-1.1199,-0.01798259,0.07560207,0.01981844,0.05578363
1909.0,0.1062925,-1.066753,1.173046,-1.690459,-0.2516137,-1.438845,0.5936156,-1.1199,-0.01798259,0.07560207,0.01981844,0.05578363
1910.0,0.1062925,-1.066753,1.173046,-1.690459,-0.2516137,-1.438845,0.5936156,-1.1199,-0.01798259,0.07560208,0.01981845,0.05578363
1911.0,0.1062925,-1.066753,1.173046,-1.690458,-0.2516136,-1.438845,0.5936155,-1.1199,-0.01798259,0.07560209,0.01981845,0.05578364
1912.0,0.1062924,-1.066753,1.173046,-1.690458,-0.2516136,-1.438844,0.5936155,-1.1199,-0.01798259,0.07560209,0.01981846,0.05578363
1913.0,0.1062924,-1.066753,1.173046,-1.690458,-0.2516136,-1.438844,0.5936154,-1.119899,-0.01798258,0.07560209,0.01981846,0.05578363
1914.0,0.1062924,-1.066753,1.173046,-1.690458,-0.2516136,-1.438844,0.5936153,-1.119899,-0.01798258,0.07560209,0.01981846,0.05578363
1915.0,0.1062924,-1.066753,1.173046,-1.690458,-0.2516136,-1.438844,0.5936154,-1.119899,-0.01798258,0.07560208,0.01981846,0.05578362
1916.0,0.1062925,-1.066753,1.173046,-1.690458,-0.2516137,-1.438844,0.5936154,-1.1199,-0.01798258,0.07560208,0.01981846,0.05578362
1917.0,0.1062925,-1.066753,1.173046,-1.690458,-0.2516137,-1.438845,0.5936155,-1.1199,-0.01798258,0.07560207,0.01981845,0.05578362
1918.0,0.1062925,-1.066753,1.173046,-1.690458,-0.2516137,-1.438845,0.5936155,-1.1199,-0.01798258,0.07560207,0.01981845,0.05578362
1919.0,0.1062925,-1.066753,1.173046,-1.690458,-0.2516137,-1.438845,0.5936155,-1.1199,-0.01798259,0.07560207,0.01981845,0.05578362
1920.0,0.1062924,-1.066753,1.173046,-1.690458,-0.2516136,-1.438845,0.5936155,-1.1199,-0.01798258,0.07560208,0.01981846,0.05578362
1921.0,0.1062924,-1.066753,1.173046,-1.690458,-0.2516136,-1.438844,0.5936154,-1.1199,-0.01798258,0.07560209,0.01981846,0.05578362
1922.0,0.1062924,-1.066753,1.173046,-1.690458,-0.2516136,-1.438844,0.5936153,-1.119899,-0.01798258,0.07560209,0.01981847,0.05578362
1923.0,0.1062924,-1.066753,1.173046,-1.690458,-0.2516136,-1.438844,0.5936153,-1.119899,-0.01798257,0.07560209,0.01981847,0.05578362
1924.0,0.1062924,-1.066753,1.173046,-1.690458,-0.2516136,-1.438844,0.5936152,-1.119899,-0.01798257,0.07560209,0.01981847,0.05578362
1925.0,0.1062924,-1.066753,1.173046,-1.690458,-0.2516137,-1.438844,0.5936153,-1.119899,-0.01798257,0.07560208,0.01981847,0.05578361
1926.0,0.1062925,-1.066753,1.173046,-1.690458,-0.2516137,-1.438844,0.5936153,-1.119899,-0.01798257,0.07560207,0.01981846,0.05578361
1927.0,0.1062925,-1.066753,1.173046,-1.690458,-0.2516137,-1.438844,0.5936154,-1.1199,-0.01798258,0.07560206,0.01981846,0.05578361
1928.0,0.1062925,-1.066753,1.173046,-1.690458,-0.2516137,-1.438845,0.5936154,-1.1199,-0.01798258,0.07560206,0.01981845,0.05578361
1929.0,0.1062925,-1.066753,1.173046,-1.690458,-0.2516137,-1.438845,0.5936154,-1.1199,-0.01798258,0.07560207,0.01981845,0.05578361
1930.0,0.1062924,-1.066753,1.173046,-1.690458,-0.2516136,-1.438844,0.5936154,-1.1199,-0.01798258,0.07560208,0.01981846,0.05578362
1931.0,0.1062924,-1.066753,1.173046,-1.690458,-0.2516136,-1.438844,0.5936153,-1.119899,-0.01798258,0.07560209,0.01981846,0.05578362
1932.0,0.1062924,-1.066753,1.173046,-1.690458,-0.2516136,-1.438844,0.5936153,-1.119899,-0.01798258,0.07560209,0.01981847,0.05578363
1933.0,0.1062924,-1.066753,1.173046,-1.690458,-0.2516136,-1.438844,0.5936152,-1.119899,-0.01798258,0.0756021,0.01981847,0.05578363
1934.0,0.1062924,-1.066753,1.173046,-1.690458,-0.2516136,-1.438844,0.5936153,-1.119899,-0.01798258,0.07560209,0.01981846,0.05578363
1935.0,0.1062924,-1.066753,1.173046,-1.690458,-0.2516136,-1.438844,0.5936153,-1.119899,-0.01798258,0.07560209,0.01981846,0.05578363
1936.0,0.1062924,-1.066753,1.173046,-1.690458,-0.2516136,-1.438844,0.5936154,-1.119899,-0.01798258,0.07560208,0.01981845,0.05578362
1937.0,0.1062925,-1.066753,1.173046,-1.690458,-0.2516136,-1.438845,0.5936155,-1.1199,-0.01798259,0.07560207,0.01981845,0.05578362
1938.0,0.1062925,-1.066753,1.173046,-1.690458,-0.2516136,-1.438845,0.5936155,-1.1199,-0.01798259,0.07560207,0.01981844,0.05578362
1939.0,0.1062925,-1.066753,1.173046,-1.690458,-0.2516136,-1.438845,0.5936155,-1.119899,-0.01798259,0.07560207,0.01981844,0.05578363
1940.0,0.1062925,-1.066753,1.173046,-1.690458,-0.2516136,-1.438845,0.5936155,-1.119899,-0.01798259,0.07560208,0.01981845,0.05578363
1941.0,0.1062924,-1.066753,1.173046,-1.690458,-0.2516136,-1.438844,0.5936154,-1.119899,-0.01798259,0.07560209,0.01981845,0.05578363
1942.0,0.1062924,-1.066753,1.173046,-1.690458,-0.2516136,-1.438844,0.5936154,-1.119899,-0.01798259,0.07560209,0.01981845,0.05578364
1943.0,0.1062924,-1.066753,1.173046,-1.690458,-0.2516136,-1.438844,0.5936154,-1.119899,-0.01798259,0.07560209,0.01981846,0.05578364
1944.0,0.1062925,-1.066753,1.173046,-1.690458,-0.2516136,-1.438845,0.5936155,-1.119899,-0.01798259,0.07560209,0.01981846,0.05578363
1945.0,0.1062925,-1.066753,1.173046,-1.690458,-0.2516136,-1.438845,0.5936156,-1.119899,-0.01798259,0.07560208,0.01981845,0.05578363
1946.0,0.1062925,-1.066753,1.173046,-1.690458,-0.2516136,-1.438845,0.5936157,-1.1199,-0.01798259,0.07560207,0.01981845,0.05578362
1947.0,0.1062925,-1.066753,1.173046,-1.690459,-0.2516136,-1.438845,0.5936157,-1.1199,-0.01798258,0.07560206,0.01981845,0.05578362
1948.0,0.1062925,-1.066753,1.173046,-1.690459,-0.2516136,-1.438845,0.5936157,-1.1199,-0.01798258,0.07560206,0.01981845,0.05578361
1949.0,0.1062925,-1.066753,1.173046,-1.690459,-0.2516136,-1.438845,0.5936157,-1.1199,-0.01798258,0.07560206,0.01981845,0.05578361
1950.0,0.1062925,-1.066753,1.173046,-1.690458,-0.2516136,-1.438845,0.5936156,-1.119899,-0.01798258,0.07560206,0.01981845,0.05578361
1951.0,0.1062925,-1.066753,1.173046,-1.690458,-0.2516136,-1.438845,0.5936156,-1.119899,-0.01798258,0.07560207,0.01981845,0.05578362
1952.0,0.1062925,-1.066753,1.173046,-1.690458,-0.2516136,-1.438845,0.5936156,-1.119899,-0.01798258,0.07560208,0.01981846,0.05578362
1953.0,0.1062925,-1.066753,1.173046,-1.690458,-0.2516135,-1.438845,0.5936156,-1.119899,-0.01798258,0.07560208,0.01981846,0.05578362
1954.0,0.1062925,-1.066753,1.173046,-1.690458,-0.2516135,-1.438845,0.5936157,-1.1199,-0.01798258,0.07560208,0.01981846,0.05578362
1955.0,0.1062925,-1.066753,1.173046,-1.690459,-0.2516135,-1.438845,0.5936158,-1.1199,-0.01798258,0.07560208,0.01981846,0.05578362
1956.0,0.1062925,-1.066753,1.173046,-1.690459,-0.2516135,-1.438845,0.5936158,-1.1199,-0.01798258,0.07560208,0.01981845,0.05578362
1957.0,0.1062925,-1.066753,1.173046,-1.690459,-0.2516136,-1.438845,0.5936158,-1.1199,-0.01798259,0.07560207,0.01981845,0.05578362
1958.0,0.1062925,-1.066753,1.173046,-1.690459,-0.2516136,-1.438845,0.5936158,-1.1199,-0.01798259,0.07560206,0.01981844,0.05578362
1959.0,0.1062925,-1.066753,1.173046,-1.690459,-0.2516136,-1.438845,0.5936157,-1.1199,-0.01798259,0.07560206,0.01981844,0.05578362
1960.0,0.1062925,-1.066753,1.173046,-1.690458,-0.2516136,-1.438845,0.5936157,-1.1199,-0.01798259,0.07560206,0.01981843,0.05578362
1961.0,0.1062925,-1.066753,1.173046,-1.690458,-0.2516135,-1.438845,0.5936157,-1.119899,-0.0179826,0.07560206,0.01981843,0.05578363
1962.0,0.1062925,-1.066753,1.173046,-1.690458,-0.2516135,-1.438845,0.5936157,-1.119899,-0.0179826,0.07560207,0.01981844,0.05578364
1963.0,0.1062925,-1.066753,1.173046,-1.690458,-0.2516135,-1.438845,0.5936157,-1.1199,-0.0179826,0.07560208,0.01981844,0.05578364
1964.0,0.1062925,-1.066753,1.173046,-1.690459,-0.2516135,-1.438845,0.5936158,-1.1199,-0.0179826,0.07560209,0.01981844,0.05578364
1965.0,0.1062925,-1.066753,1.173046,-1.690459,-0.2516136,-1.438845,0.5936158,-1.1199,-0.0179826,0.07560209,0.01981844,0.05578364
1966.0,0.1062925,-1.066753,1.173046,-1.690459,-0.2516136,-1.438845,0.5936158,-1.1199,-0.0179826,0.07560208,0.01981844,0.05578364
1967.0,0.1062925,-1.066753,1.173046,-1.690459,-0.2516137,-1.438845,0.5936157,-1.1199,-0.0179826,0.07560207,0.01981844,0.05578363
1968.0,0.1062925,-1.066753,1.173046,-1.690459,-0.2516137,-1.438845,0.5936157,-1.1199,-0.01798259,0.07560207,0.01981844,0.05578363
1969.0,0.1062925,-1.066753,1.173046,-1.690459,-0.2516137,-1.438845,0.5936156,-1.1199,-0.01798259,0.07560206,0.01981843,0.05578362
1970.0,0.1062925,-1.066753,1.173046,-1.690458,-0.2516136,-1.438845,0.5936155,-1.1199,-0.0179826,0.07560206,0.01981843,0.05578362
1971.0,0.1062925,-1.066753,1.173046,-1.690458,-0.2516136,-1.438845,0.5936155,-1.119899,-0.0179826,0.07560206,0.01981844,0.05578363
1972.0,0.1062925,-1.066753,1.173046,-1.690458,-0.2516135,-1.438845,0.5936155,-1.1199,-0.0179826,0.07560208,0.01981844,0.05578363
1973.0,0.1062924,-1.066753,1.173046,-1.690458,-0.2516135,-1.438845,0.5936155,-1.1199,-0.01798259,0.07560209,0.01981845,0.05578364
1974.0,0.1062924,-1.066753,1.173046,-1.690458,-0.2516135,-1.438845,0.5936156,-1.1199,-0.01798259,0.07560209,0.01981846,0.05578364
1975.0,0.1062924,-1.066753,1.173046,-1.690458,-0.2516136,-1.438845,0.5936156,-1.1199,-0.01798258,0.0756021,0.01981846,0.05578363
1976.0,0.1062924,-1.066753,1.173046,-1.690458,-0.2516137,-1.438845,0.5936156,-1.1199,-0.01798258,0.07560209,0.01981846,0.05578363
1977.0,0.1062925,-1.066753,1.173046,-1.690458,-0.2516137,-1.438845,0.5936155,-1.1199,-0.01798258,0.07560208,0.01981846,0.05578362
1978.0,0.1062925,-1.066753,1.173046,-1.690458,-0.2516137,-1.438845,0.5936154,-1.1199,-0.01798258,0.07560207,0.01981845,0.05578362
1979.0,0.1062925,-1.066753,1.173046,-1.690458,-0.2516137,-1.438844,0.5936154,-1.119899,-0.01798259,0.07560206,0.01981844,0.05578361
1980.0,0.1062925,-1.066753,1.173046,-1.690458,-0.2516136,-1.438844,0.5936153,-1.119899,-0.01798259,0.07560206,0.01981844,0.05578362
1981.0,0.1062925,-1.066753,1.173046,-1.690458,-0.2516136,-1.438844,0.5936154,-1.119899,-0.01798259,0.07560206,0.01981844,0.05578362
1982.0,0.1062924,-1.066753,1.173046,-1.690458,-0.2516135,-1.438844,0.5936154,-1.119899,-0.01798259,0.07560207,0.01981844,0.05578363
1983.0,0.1062924,-1.066753,1.173046,-1.690458,-0.2516135,-1.438844,0.5936154,-1.119899,-0.01798259,0.07560208,0.01981845,0.05578363
1984.0,0.1062924,-1.066753,1.173046,-1.690458,-0.2516135,-1.438844,0.5936155,-1.1199,-0.01798259,0.07560209,0.01981846,0.05578363
1985.0,0.1062924,-1.066753,1.173046,-1.690458,-0.2516136,-1.438844,0.5936154,-1.1199,-0.01798258,0.07560209,0.01981846,0.05578363
1986.0,0.1062924,-1.066753,1.173046,-1.690458,-0.2516137,-1.438844,0.5936154,-1.119899,-0.01798258,0.07560209,0.01981846,0.05578363
1987.0,0.1062924,-1.066753,1.173046,-1.690458,-0.2516137,-1.438844,0.5936153,-1.119899,-0.01798258,0.07560208,0.01981846,0.05578362
1988.0,0.1062925,-1.066753,1.173046,-1.690458,-0.2516137,-1.438844,0.5936153,-1.119899,-0.01798258,0.07560207,0.01981845,0.05578362
1989.0,0.1062925,-1.066753,1.173046,-1.690458,-0.2516137,-1.438844,0.5936153,-1.119899,-0.01798259,0.07560206,0.01981844,0.05578362
1990.0,0.1062925,-1.066753,1.173046,-1.690458,-0.2516136,-1.438844,0.5936153,-1.119899,-0.01798259,0.07560206,0.01981844,0.05578362
1991.0,0.1062925,-1.066753,1.173046,-1.690458,-0.2516136,-1.438844,0.5936153,-1.119899,-0.01798259,0.07560207,0.01981844,0.05578362
1992.0,0.1062924,-1.066753,1.173046,-1.690458,-0.2516135,-1.438844,0.5936154,-1.119899,-0.01798259,0.07560207,0.01981845,0.05578363
1993.0,0.1062924,-1.066753,1.173046,-1.690458,-0.2516135,-1.438844,0.5936154,-1.119899,-0.01798259,0.07560208,0.01981845,0.05578363
1994.0,0.1062924,-1.066753,1.173046,-1.690458,-0.2516135,-1.438844,0.5936155,-1.119899,-0.01798258,0.07560209,0.01981846,0.05578363
1995.0,0.1062924,-1.066753,1.173046,-1.690458,-0.2516136,-1.438844,0.5936154,-1.119899,-0.01798258,0.07560209,0.01981846,0.05578363
1996.0,0.1062924,-1.066753,1.173046,-1.690458,-0.2516137,-1.438844,0.5936154,-1.119899,-0.01798258,0.07560208,0.01981846,0.05578362
1997.0,0.1062925,-1.066753,1.173046,-1.690458,-0.2516137,-1.438844,0.5936154,-1.119899,-0.01798258,0.07560208,0.01981845,0.05578362
1998.0,0.1062925,-1.066753,1.173046,-1.690458,-0.2516137,-1.438844,0.5936153,-1.119899,-0.01798259,0.07560207,0.01981845,0.05578362
1999.0,0.1062925,-1.066753,1.173046,-1.690458,-0.2516136,-1.438844,0.5936153,-1.119899,-0.01798259,0.07560206,0.01981844,0.05578362
2000.0,0.1062925,-1.066753,1.173046,-1.690458,-0.2516136,-1.438844,0.5936154,-1.119899,-0.01798259,0.07560206,0.01981843,0.05578362
