iteration,Ux,Uy,Uz,k,omega,p
0,0.999991,1.0,0.999998,1.0,0.0229238,1.0
1,0.0156724,0.0200957,0.0217567,0.268929,0.0115781,0.000623223
2,0.00473633,0.00562225,0.00966331,0.135985,0.00680095,0.0021128
3,0.00244717,0.00295131,0.00511008,0.0836252,0.00434847,0.000210131
4,0.00133469,0.00167438,0.00261094,0.0569752,0.00295658,0.0017057
5,0.000720824,0.000960229,0.00126896,0.0414708,0.0021105,0.000517953
6,0.000600895,0.000752426,0.00118006,0.031662,0.00157203,0.00237674
7,0.000779819,0.000921042,0.00174076,0.0250604,0.00121582,0.0017864
8,0.000936425,0.00116344,0.00214586,0.020351,0.00096989,0.00401144
9,0.000949083,0.00131416,0.00219295,0.0168893,0.000784329,0.000666751
10,0.000877381,0.00143238,0.00199874,0.0142645,0.000646434,0.0613606
11,0.000836485,0.00162368,0.00199324,0.0122041,0.000540997,0.000446205
12,0.000872827,0.0018474,0.00230487,0.0105634,0.000458652,0.00338163
13,0.000888254,0.00194629,0.00250246,0.0092346,0.000393825,0.000321663
14,0.000834594,0.00187858,0.00235826,0.00814274,0.000342067,0.00193697
15,0.000744085,0.00172752,0.00204787,0.00723837,0.000300576,0.000291976
16,0.000658909,0.00157409,0.00177926,0.00647571,0.000266778,0.00196811
17,0.000594996,0.00145747,0.00168363,0.00583047,0.000239344,0.000832013
18,0.000553044,0.00138283,0.0017139,0.00529205,0.000216687,0.00250484
19,0.000522814,0.00134271,0.00176753,0.0048412,0.000197676,0.00174829
20,0.000499657,0.00133148,0.00179622,0.00446471,0.000181499,0.0037352
21,0.000482893,0.00134466,0.0018063,0.00415147,0.000167695,0.000655105
22,0.000471742,0.00137482,0.00182441,0.00388374,0.000156037,0.00965284
23,0.000463142,0.00140615,0.00186805,0.00365852,0.000145372,0.000467724
24,0.000454278,0.00142649,0.0019167,0.00346838,0.000136069,0.0128738
25,0.000443758,0.00143019,0.00194564,0.00330683,0.000127863,0.00043609
26,0.000431988,0.00141724,0.00195729,0.00317165,0.000120594,0.005426
27,0.000419642,0.00139221,0.00196619,0.00305545,0.000114147,0.000707868
28,0.000407236,0.00136003,0.00198942,0.00295531,0.00010832,0.00524212
29,0.000395309,0.00132447,0.00202736,0.00286887,0.000103085,0.00575546
30,0.000384093,0.00128772,0.00206714,0.0027932,9.8381e-05,0.00758044
31,0.000374049,0.0012516,0.0021048,0.00272589,9.41069e-05,0.000722374
32,0.000365437,0.00121752,0.00214065,0.00266594,9.01488e-05,0.0305505
33,0.000358123,0.00118578,0.00217735,0.00261428,8.65178e-05,0.000430749
34,0.000352058,0.00115575,0.00221844,0.00256774,8.33986e-05,0.0102868
35,0.000346843,0.00112706,0.00226447,0.00252453,8.05453e-05,0.000316543
36,0.000342214,0.00109996,0.00231053,0.0024835,7.78903e-05,0.00489001
37,0.000338053,0.0010749,0.0023553,0.0024455,7.53743e-05,0.000280117
38,0.000334206,0.00105202,0.00239903,0.00240805,7.30588e-05,0.00357269
39,0.000330716,0.00103126,0.00244097,0.00236954,7.07674e-05,0.000302494
40,0.000327573,0.00101271,0.00247944,0.00233071,6.86263e-05,0.00313884
41,0.000324904,0.000996272,0.00251238,0.00229349,6.65748e-05,0.000379315
42,0.000322664,0.00098173,0.0025392,0.00225776,6.46594e-05,0.00305276
43,0.000320769,0.000968844,0.00256024,0.00222072,6.27976e-05,0.000569933
44,0.000319096,0.000957482,0.0025765,0.00218506,6.08352e-05,0.00326367
45,0.000317647,0.000947366,0.00258794,0.00214994,5.89391e-05,0.000998198
46,0.000316386,0.000938231,0.00259381,0.00211403,5.71035e-05,0.00394507
47,0.000315221,0.000930003,0.00259343,0.00208023,5.53405e-05,0.00218682
48,0.000314101,0.000922593,0.00258685,0.00204724,5.3643e-05,0.00518932
49,0.000312959,0.00091584,0.00257413,0.0020155,5.19846e-05,0.00633382
50,0.000311832,0.000909579,0.00255592,0.00198478,5.03923e-05,0.00705964
51,0.000310767,0.00090361,0.00253301,0.0019551,4.88641e-05,0.00443971
52,0.000309791,0.000897667,0.00250579,0.00192581,4.74068e-05,0.00925109
53,0.000308819,0.000891552,0.002475,0.00189519,4.60042e-05,0.00152906
54,0.000307834,0.000885144,0.00244109,0.0018655,4.46548e-05,0.0104409
55,0.000306813,0.000878295,0.0024046,0.00183648,4.33627e-05,0.000737258
56,0.000305673,0.000870946,0.00236592,0.00180811,4.21248e-05,0.00950963
57,0.00030434,0.000863132,0.00232562,0.00178021,4.09385e-05,0.000440053
58,0.000302836,0.000854821,0.00228414,0.00175448,3.98322e-05,0.00762101
59,0.000301206,0.000846048,0.0022418,0.00172828,3.88123e-05,0.000304166
60,0.000299559,0.000836972,0.00219907,0.00170157,3.78676e-05,0.00600895
61,0.000298005,0.000827524,0.00215621,0.00167514,3.69888e-05,0.000241738
62,0.000296608,0.000817729,0.00211367,0.00164879,3.61524e-05,0.00486855
63,0.000295112,0.000807642,0.00207182,0.0016235,3.53671e-05,0.000217703
64,0.000293451,0.000797369,0.00203089,0.00159647,3.46479e-05,0.00409457
65,0.000291557,0.000787013,0.00199109,0.00157073,3.3876e-05,0.000212608
66,0.00028937,0.000776791,0.00195304,0.00154342,3.31836e-05,0.00361062
67,0.000286912,0.000766878,0.00191662,0.00151475,3.24341e-05,0.000217703
68,0.000284205,0.000757842,0.00188205,0.00148714,3.17343e-05,0.00336274
69,0.000281191,0.000749748,0.00184936,0.00145777,3.11035e-05,0.000229197
70,0.000277699,0.000742211,0.0018186,0.00142985,3.0429e-05,0.00331173
71,0.000273891,0.000735385,0.00178956,0.00140081,2.98151e-05,0.000244346
72,0.000269857,0.000729323,0.00176234,0.00137327,2.91618e-05,0.00341667
73,0.000265701,0.00072395,0.00173674,0.00134458,2.85682e-05,0.000260156
74,0.000261464,0.000719146,0.00171225,0.00131625,2.79188e-05,0.00362861
75,0.000257263,0.000714717,0.00168866,0.00128885,2.73059e-05,0.000269902
76,0.000253411,0.000710746,0.00166567,0.00125999,2.6751e-05,0.00386656
77,0.000249942,0.000707203,0.00164295,0.00123266,2.61579e-05,0.000267552
78,0.000246458,0.000703764,0.0016199,0.00120478,2.56262e-05,0.00403914
79,0.000242761,0.000699984,0.00159593,0.00117652,2.50316e-05,0.000252449
80,0.000238961,0.000697537,0.00156887,0.00114868,2.44442e-05,0.00409254
81,0.000234937,0.000694621,0.00153932,0.00112239,2.38893e-05,0.000230371
82,0.000230144,0.000687452,0.0015086,0.00109488,2.33869e-05,0.00402013
83,0.000224738,0.000676555,0.00147524,0.00106772,2.28285e-05,0.00020799
84,0.000218992,0.000662627,0.00143891,0.00104086,2.22818e-05,0.00386257
85,0.000213283,0.000646134,0.0013992,0.00101429,2.17467e-05,0.000189292
86,0.000207719,0.000627567,0.00135558,0.000989642,2.12492e-05,0.00366796
87,0.000202273,0.000607042,0.00130779,0.000962521,2.0794e-05,0.000175731
88,0.000196956,0.000584443,0.00125597,0.000935784,2.02776e-05,0.00347205
89,0.000191578,0.000559573,0.00120064,0.000912041,1.97721e-05,0.000166781
90,0.000186758,0.00053245,0.00114278,0.000888606,1.9445e-05,0.00330069
91,0.000182641,0.000503138,0.00108322,0.000864573,1.91187e-05,0.00016154
92,0.000178369,0.000471956,0.00102295,0.000841361,1.88113e-05,0.00316704
93,0.000173841,0.000439473,0.000963404,0.000816926,1.85241e-05,0.000158517
94,0.000169042,0.000406149,0.000906462,0.000792108,1.82062e-05,0.00307596
95,0.000164018,0.000372645,0.000853248,0.000768348,1.79133e-05,0.00015652
96,0.000158787,0.000340976,0.000804389,0.000742617,1.76609e-05,0.0030216
97,0.00015338,0.00031402,0.000762009,0.000716809,1.73488e-05,0.000154554
98,0.000147922,0.000292507,0.000726433,0.000690798,1.70416e-05,0.00298806
99,0.000142418,0.000275673,0.000698828,0.000664573,1.67386e-05,0.000151924
100,0.000136716,0.000262847,0.000676408,0.000638133,1.64401e-05,0.00296439
101,0.000130832,0.000252527,0.00065738,0.000611468,1.6146e-05,0.000148472
102,0.000124852,0.000243893,0.000639412,0.000584569,1.58558e-05,0.00294338
103,0.000118817,0.000236397,0.000621364,0.000557424,1.55693e-05,0.00014432
104,0.000112803,0.000229797,0.000602568,0.000530058,1.52858e-05,0.00291733
105,0.000106875,0.000223558,0.000583451,0.000502541,1.50046e-05,0.000139743
106,0.000101063,0.000217429,0.000564059,0.000474951,1.47253e-05,0.00288486
107,9.54034e-05,0.000211414,0.000544553,0.000448301,1.44613e-05,0.000135092
108,8.99424e-05,0.0002055,0.000524502,0.000422136,1.4219e-05,0.00284873
109,8.47246e-05,0.000199796,0.000504016,0.000395368,1.39954e-05,0.000130711
110,7.97907e-05,0.000194362,0.000483459,0.000368942,1.37003e-05,0.00281117
111,7.51332e-05,0.000188796,0.000463059,0.000343182,1.34086e-05,0.000126735
112,7.08083e-05,0.000182984,0.000442686,0.00031815,1.31187e-05,0.00277533
113,6.67984e-05,0.000177178,0.00042235,0.000293903,1.28305e-05,0.000123217
114,6.30523e-05,0.000171147,0.000402559,0.000270494,1.25441e-05,0.00274373
115,5.95724e-05,0.000164994,0.00038355,0.000247985,1.22601e-05,0.00012012
116,5.63497e-05,0.000158705,0.000365046,0.000227362,1.1992e-05,0.00271744
117,5.33624e-05,0.000152358,0.000347241,0.00020663,1.17748e-05,0.000117252
118,5.07196e-05,0.000146091,0.000330008,0.000186694,1.14815e-05,0.00269761
119,4.83257e-05,0.000139851,0.000313524,0.000167863,1.11903e-05,0.000114436
120,4.61187e-05,0.000133643,0.000297871,0.000150167,1.08996e-05,0.00268351
121,4.40853e-05,0.000127519,0.000283062,0.000133634,1.061e-05,0.000120743
122,4.221e-05,0.000121616,0.000269212,0.000119165,1.03356e-05,0.00267488
123,4.04859e-05,0.000115962,0.000256523,0.000104673,1.00675e-05,0.000117384
124,3.89026e-05,0.000110593,0.000245065,9.468e-05,9.77639e-06,0.00267062
125,3.7417e-05,0.000105597,0.000234725,8.53801e-05,9.7831e-06,0.000113816
126,3.60409e-05,0.000101004,0.000225456,7.76598e-05,9.80366e-06,0.00266652
127,3.48197e-05,9.72095e-05,0.00021707,6.98649e-05,9.87816e-06,0.000110114
128,3.37926e-05,9.40876e-05,0.000209788,6.22932e-05,9.88451e-06,0.00266065
129,3.29181e-05,9.15216e-05,0.000203457,5.55924e-05,9.89034e-06,0.000106447
130,3.2109e-05,8.94374e-05,0.00019826,4.95035e-05,9.89605e-06,0.00265082
131,3.13257e-05,8.77396e-05,0.000193953,4.40356e-05,9.90166e-06,0.00010297
132,3.05586e-05,8.63474e-05,0.000190361,3.91616e-05,9.90723e-06,0.00263736
133,2.98065e-05,8.52106e-05,0.0001873,3.48341e-05,9.91273e-06,9.98885e-05
134,2.90683e-05,8.42635e-05,0.000184488,3.09999e-05,9.91813e-06,0.00262841
135,2.83354e-05,8.34989e-05,0.000181846,2.76047e-05,9.92345e-06,9.77104e-05
136,2.76139e-05,8.29031e-05,0.000179505,2.46001e-05,9.92867e-06,0.00262503
137,2.69004e-05,8.24612e-05,0.000177167,2.2358e-05,9.93325e-06,9.68162e-05
138,2.61959e-05,8.2116e-05,0.000174711,2.03988e-05,9.93778e-06,0.002625
139,2.5498e-05,8.185e-05,0.000172107,1.86955e-05,9.94229e-06,9.77364e-05
140,2.48045e-05,8.15921e-05,0.000169383,1.72066e-05,9.94665e-06,0.00263179
141,2.40787e-05,8.0927e-05,0.000166536,1.58945e-05,9.95096e-06,0.000100763
142,2.33431e-05,8.00065e-05,0.000163544,1.47275e-05,9.95521e-06,0.00264212
143,2.26138e-05,7.90525e-05,0.000160383,1.36821e-05,9.9594e-06,0.000105867
144,2.18991e-05,7.80814e-05,0.000157145,1.27409e-05,9.9634e-06,0.00266522
145,2.13647e-05,7.72063e-05,0.000153881,1.1892e-05,9.96735e-06,0.000112907
146,2.08868e-05,7.63399e-05,0.000150508,1.11242e-05,9.97122e-06,0.00270122
147,2.04348e-05,7.54149e-05,0.00014704,1.0429e-05,9.97502e-06,0.000121441
148,1.99841e-05,7.43546e-05,0.000143475,9.79879e-06,9.97873e-06,0.00274709
149,1.95227e-05,7.31295e-05,0.000139763,9.86255e-06,9.98146e-06,0.000130697
150,1.90481e-05,7.17432e-05,0.000135972,9.92413e-06,9.98413e-06,0.00280021
151,1.85678e-05,7.02182e-05,0.000132157,9.98347e-06,9.98673e-06,0.000130616
152,1.8085e-05,6.85743e-05,0.000128305,1.00403e-05,9.98925e-06,0.00285862
153,1.76071e-05,6.68793e-05,0.000124525,9.4377e-06,9.99266e-06,0.000138973
154,1.7142e-05,6.51465e-05,0.000120782,1.10506e-05,1.00078e-05,0.00292592
155,1.66934e-05,6.3284e-05,0.000116868,1.01994e-05,9.68138e-06,0.000146564
156,1.62517e-05,6.15409e-05,0.000113267,1.05385e-05,9.69832e-06,0.0030052
157,1.58222e-05,5.97913e-05,0.00010972,1.0067e-05,9.77205e-06,0.000152991
158,1.54081e-05,5.80386e-05,0.000106212,9.50651e-06,9.77478e-06,0.00310281
159,1.50069e-05,5.62877e-05,0.00010274,9.55997e-06,9.77669e-06,0.00015965
160,1.46213e-05,5.45425e-05,9.93286e-05,9.61162e-06,9.77856e-06,0.00321124
161,1.4249e-05,5.28083e-05,9.59916e-05,9.66124e-06,9.78039e-06,0.00016338
162,1.38886e-05,5.10931e-05,9.27447e-05,9.70897e-06,9.78217e-06,0.00331085
163,1.354e-05,4.94051e-05,8.96046e-05,9.75482e-06,9.78392e-06,0.000157563
164,1.32074e-05,4.77268e-05,8.65279e-05,9.79724e-06,9.78558e-06,0.0034325
165,1.28873e-05,4.64076e-05,8.35123e-05,9.83799e-06,9.7872e-06,0.000153221
166,1.25818e-05,4.52753e-05,8.05897e-05,9.87738e-06,9.78879e-06,0.00356412
167,1.22888e-05,4.41838e-05,7.77851e-05,9.91543e-06,9.79034e-06,0.000161051
168,1.20096e-05,4.30341e-05,7.51074e-05,9.95223e-06,9.79186e-06,0.00369837
169,1.1741e-05,4.17955e-05,7.25483e-05,9.98765e-06,9.79334e-06,0.000156586
170,1.14792e-05,4.04685e-05,7.00862e-05,1.00217e-05,9.79479e-06,0.00383279
171,1.12259e-05,3.90892e-05,6.77103e-05,9.40733e-06,9.79718e-06,0.000151099
172,1.0985e-05,3.77023e-05,6.54103e-05,9.43886e-06,9.79857e-06,0.00396277
173,1.07509e-05,3.63517e-05,6.31871e-05,9.4692e-06,9.79993e-06,0.000144475
174,1.05237e-05,3.50658e-05,6.10391e-05,9.49858e-06,9.80127e-06,0.00408459
175,1.03029e-05,3.38584e-05,5.89581e-05,9.52697e-06,9.80257e-06,0.000136713
176,1.00867e-05,3.27283e-05,5.69422e-05,9.55445e-06,9.80385e-06,0.00419856
177,9.87575e-06,3.16669e-05,5.49934e-05,9.57904e-06,9.80496e-06,0.000127603
178,9.87816e-06,3.04581e-05,5.28081e-05,9.60275e-06,9.80606e-06,0.00430028
179,9.85357e-06,2.9175e-05,5.04997e-05,9.62549e-06,9.80713e-06,0.000117665
180,9.80948e-06,2.78985e-05,4.8258e-05,9.64749e-06,9.80818e-06,0.00438268
181,9.74181e-06,2.67024e-05,4.62275e-05,9.66874e-06,9.8092e-06,0.000124859
182,9.6562e-06,2.56472e-05,4.44282e-05,9.68813e-06,9.81011e-06,0.00444084
183,9.56702e-06,2.4555e-05,4.28586e-05,9.70694e-06,9.811e-06,0.000113455
184,9.49857e-06,2.35043e-05,4.14692e-05,9.72518e-06,9.81186e-06,0.0044685
185,9.44719e-06,2.25521e-05,4.02312e-05,9.74286e-06,9.8127e-06,0.000104803
186,9.38541e-06,2.1721e-05,3.91138e-05,9.75816e-06,9.81348e-06,0.00446509
187,9.3114e-06,2.12947e-05,3.78866e-05,9.77339e-06,9.81422e-06,0.00010143
188,9.21989e-06,2.11118e-05,3.66971e-05,9.78801e-06,9.81496e-06,0.00443472
189,9.13354e-06,2.09917e-05,3.55348e-05,9.80242e-06,9.81566e-06,0.000107118
190,9.06886e-06,2.08571e-05,3.4425e-05,9.81624e-06,9.81636e-06,0.00436727
191,8.99738e-06,2.05865e-05,3.33187e-05,9.82983e-06,9.81703e-06,0.000113415
192,8.96345e-06,2.01926e-05,3.22586e-05,9.84304e-06,9.81768e-06,0.00426512
193,8.92349e-06,1.97009e-05,3.1256e-05,9.85593e-06,9.81831e-06,0.000103789
194,8.87967e-06,1.91441e-05,3.03082e-05,9.86855e-06,9.81893e-06,0.00413799
195,8.84717e-06,1.85483e-05,2.94143e-05,9.88086e-06,9.81954e-06,0.000105567
196,8.79729e-06,1.79583e-05,2.85752e-05,9.89287e-06,9.82014e-06,0.003999
197,8.79545e-06,1.74336e-05,2.77857e-05,9.9046e-06,9.82074e-06,0.000106187
198,8.76503e-06,1.6954e-05,2.70275e-05,9.91604e-06,9.82132e-06,0.00384995
199,8.76958e-06,1.65292e-05,2.6312e-05,9.92719e-06,9.82189e-06,0.000106293
200,8.79751e-06,1.61438e-05,2.56148e-05,9.93806e-06,9.82245e-06,0.00369664
201,8.79116e-06,1.57943e-05,2.49451e-05,9.94868e-06,9.823e-06,0.000106046
202,8.85042e-06,1.54798e-05,2.43372e-05,9.95906e-06,9.82353e-06,0.00354155
203,8.89304e-06,1.52031e-05,2.37721e-05,9.96923e-06,9.82405e-06,0.000105506
204,8.95567e-06,1.49616e-05,2.32274e-05,9.97919e-06,9.82456e-06,0.00338645
205,9.06368e-06,1.47259e-05,2.27365e-05,9.98893e-06,9.82506e-06,0.000104776
206,9.15487e-06,1.44732e-05,2.22432e-05,9.99847e-06,9.82556e-06,0.00325649
207,9.29807e-06,1.42205e-05,2.17781e-05,1.00069e-05,9.82599e-06,0.000103541
208,9.4476e-06,1.38809e-05,2.15379e-05,9.34804e-06,9.82763e-06,0.00314551
209,9.59247e-06,1.3472e-05,2.13193e-05,9.35622e-06,9.82807e-06,0.000101636
210,9.80902e-06,1.31724e-05,2.11763e-05,9.36425e-06,9.8285e-06,0.00303814
211,1.00029e-05,1.28999e-05,2.10507e-05,9.37304e-06,9.82898e-06,9.91071e-05
212,8.224e-06,1.26116e-05,2.0927e-05,9.38064e-06,9.82938e-06,0.00293125
213,8.23362e-06,1.22441e-05,2.05544e-05,9.38818e-06,9.82977e-06,9.59181e-05
214,8.37488e-06,1.1962e-05,2.01689e-05,9.39562e-06,9.83016e-06,0.00283374
215,8.51364e-06,1.16825e-05,1.97158e-05,9.40299e-06,9.83055e-06,9.21835e-05
216,8.68513e-06,1.14967e-05,1.93028e-05,9.41024e-06,9.83094e-06,0.00274218
217,8.88769e-06,1.1345e-05,1.89403e-05,9.41737e-06,9.83134e-06,8.81681e-05
218,9.06359e-06,1.12129e-05,1.86189e-05,9.42434e-06,9.83173e-06,0.00265285
219,9.33233e-06,1.11347e-05,1.83762e-05,9.43114e-06,9.83213e-06,8.39967e-05
220,9.61296e-06,1.10227e-05,1.81667e-05,9.4378e-06,9.83252e-06,0.00256647
221,9.90792e-06,1.0962e-05,1.80134e-05,9.44438e-06,9.83291e-06,7.97054e-05
222,1.02784e-05,1.09607e-05,1.79652e-05,9.45161e-06,9.83333e-06,0.00248128
223,8.0566e-06,1.0807e-05,1.78096e-05,9.45795e-06,9.83368e-06,7.53544e-05
224,8.1551e-06,1.05272e-05,1.74568e-05,9.46424e-06,9.83403e-06,0.00239846
225,8.36703e-06,1.03227e-05,1.71799e-05,9.47045e-06,9.83439e-06,7.10027e-05
226,8.6251e-06,1.01105e-05,1.69177e-05,9.47657e-06,9.83475e-06,0.00231764
227,8.89594e-06,9.95941e-06,1.66729e-05,9.4808e-06,9.83506e-06,6.67421e-05
228,9.25349e-06,1.09485e-05,1.64267e-05,9.48695e-06,9.83543e-06,0.00223881
229,9.57032e-06,1.06909e-05,1.6285e-05,9.49293e-06,9.8358e-06,6.26249e-05
230,9.93289e-06,1.05034e-05,1.62267e-05,9.49878e-06,9.83616e-06,0.00215962
231,1.03853e-05,1.03878e-05,1.62447e-05,9.50514e-06,9.83654e-06,5.86089e-05
232,7.998e-06,1.00267e-05,1.60766e-05,9.51072e-06,9.83687e-06,0.00208297
233,8.16425e-06,9.63653e-06,1.57328e-05,9.51454e-06,9.83715e-06,5.47682e-05
234,8.48414e-06,1.05726e-05,1.53817e-05,9.52019e-06,9.83748e-06,0.0020178
235,8.77168e-06,1.00901e-05,1.51296e-05,9.52571e-06,9.8378e-06,5.10589e-05
236,9.14994e-06,9.74208e-06,1.49642e-05,9.5294e-06,9.83807e-06,0.00194602
237,9.59194e-06,1.08346e-05,1.48135e-05,9.53486e-06,9.8384e-06,5.49288e-05
238,9.99774e-06,1.0375e-05,1.48325e-05,9.54018e-06,9.83875e-06,0.00186818
239,1.05239e-05,1.00503e-05,1.49445e-05,9.5459e-06,9.83914e-06,5.07728e-05
240,8.04323e-06,9.66526e-06,1.49224e-05,9.54944e-06,9.83942e-06,0.00178866
241,8.26603e-06,1.06658e-05,1.45144e-05,9.55468e-06,9.83974e-06,4.6838e-05
242,8.61812e-06,1.00092e-05,1.42745e-05,9.5597e-06,9.84004e-06,0.00171227
243,8.99831e-06,9.46887e-06,1.40488e-05,9.56299e-06,9.84029e-06,4.31853e-05
244,9.4033e-06,1.05152e-05,1.38143e-05,9.56792e-06,9.84058e-06,0.00163937
245,9.91935e-06,9.98671e-06,1.38844e-05,9.5712e-06,9.84084e-06,3.98702e-05
246,1.04152e-05,1.13311e-05,1.38138e-05,9.57663e-06,9.8412e-06,0.00156931
247,7.84878e-06,1.04066e-05,1.38696e-05,9.58141e-06,9.84151e-06,3.67977e-05
248,8.13362e-06,9.58966e-06,1.34579e-05,9.58459e-06,9.84177e-06,0.00150015
249,8.49832e-06,1.06075e-05,1.31285e-05,9.58931e-06,9.84208e-06,3.39137e-05
250,8.91686e-06,9.76332e-06,1.29698e-05,9.59234e-06,9.84233e-06,0.00143383
251,9.40073e-06,1.09242e-05,1.27798e-05,9.59692e-06,9.84262e-06,3.12929e-05
252,9.88525e-06,1.00479e-05,1.28699e-05,9.60132e-06,9.8429e-06,0.00137197
253,1.04381e-05,9.43187e-06,1.30178e-05,9.60465e-06,9.84315e-06,2.96563e-05
254,7.86042e-06,1.06507e-05,1.30186e-05,9.60898e-06,9.84343e-06,0.00131085
255,8.14112e-06,9.63169e-06,1.26664e-05,9.61178e-06,9.84367e-06,2.85716e-05
256,8.57356e-06,1.07675e-05,1.2336e-05,9.61611e-06,9.84396e-06,0.00125121
257,9.04709e-06,9.78378e-06,1.22016e-05,9.61895e-06,9.8442e-06,2.74965e-05
258,9.54997e-06,1.1043e-05,1.20442e-05,9.62325e-06,9.84449e-06,0.001192
259,1.01478e-05,1.00486e-05,1.21742e-05,9.62777e-06,9.84478e-06,2.64146e-05
260,7.63754e-06,9.21195e-06,1.22577e-05,9.6304e-06,9.84499e-06,0.00113343
261,7.92746e-06,1.02956e-05,1.18253e-05,9.63442e-06,9.84526e-06,2.54111e-05
262,8.37132e-06,9.32861e-06,1.16772e-05,9.63697e-06,9.84547e-06,0.00107631
263,8.84135e-06,1.04741e-05,1.14046e-05,9.6409e-06,9.84573e-06,2.46516e-05
264,9.34571e-06,9.49485e-06,1.14394e-05,9.64349e-06,9.84594e-06,0.0010215
265,9.95511e-06,1.07971e-05,1.14398e-05,9.64745e-06,9.84622e-06,2.41483e-05
266,1.05368e-05,9.83501e-06,1.16919e-05,9.65051e-06,9.84643e-06,0.000972499
267,7.948e-06,1.12099e-05,1.17614e-05,9.65432e-06,9.84668e-06,2.38286e-05
268,8.27113e-06,9.90867e-06,1.14661e-05,9.65674e-06,9.84689e-06,0.000927492
269,8.7842e-06,1.1173e-05,1.12023e-05,9.66047e-06,9.84715e-06,2.35771e-05
270,9.30252e-06,9.94971e-06,1.11139e-05,9.66291e-06,9.84736e-06,0.000886088
271,9.90145e-06,1.13043e-05,1.09653e-05,9.66664e-06,9.8476e-06,2.33445e-05
272,1.05471e-05,1.00701e-05,1.11601e-05,9.6705e-06,9.84783e-06,0.00084841
273,7.92591e-06,9.22115e-06,1.14096e-05,9.67273e-06,9.84803e-06,2.31284e-05
274,8.29973e-06,1.03951e-05,1.10032e-05,9.67628e-06,9.84827e-06,0.00081419
275,8.78343e-06,9.32216e-06,1.09148e-05,9.67856e-06,9.84847e-06,1.99361e-05
276,9.31006e-06,1.06453e-05,1.06903e-05,9.6821e-06,9.84871e-06,0.000784125
277,9.92978e-06,9.58153e-06,1.07173e-05,9.68444e-06,9.84889e-06,1.96915e-05
278,1.05877e-05,1.10407e-05,1.07191e-05,9.68826e-06,9.84911e-06,0.000756456
279,8.0478e-06,9.8926e-06,1.09754e-05,9.69044e-06,9.84929e-06,1.93714e-05
280,8.44612e-06,1.12186e-05,1.05839e-05,9.69374e-06,9.84953e-06,0.000730895
281,8.96421e-06,9.96956e-06,1.04952e-05,9.69586e-06,9.84973e-06,1.83333e-05
282,9.51943e-06,1.13556e-05,1.02676e-05,9.69911e-06,9.84996e-06,0.000708924
283,1.02036e-05,1.0074e-05,1.03255e-05,9.70256e-06,9.85016e-06,1.7628e-05
284,7.85222e-06,9.0754e-06,1.05378e-05,9.7046e-06,9.85034e-06,0.00068735
285,8.22477e-06,1.0252e-05,1.01897e-05,9.70779e-06,9.85055e-06,1.70937e-05
286,8.72555e-06,9.17392e-06,1.01406e-05,9.70979e-06,9.85073e-06,0.000666716
287,9.29168e-06,1.04954e-05,9.92573e-06,9.71251e-06,9.8509e-06,1.66616e-05
288,9.92687e-06,9.30876e-06,1.21516e-05,9.7145e-06,9.85109e-06,0.000658663
289,1.06253e-05,1.07412e-05,1.16103e-05,9.71779e-06,9.85129e-06,1.68896e-05
290,8.20349e-06,9.57607e-06,1.14794e-05,9.7197e-06,9.85148e-06,0.000644356
291,8.62037e-06,1.09573e-05,1.08152e-05,9.7226e-06,9.85171e-06,1.68215e-05
292,9.16392e-06,9.71439e-06,1.04602e-05,9.7245e-06,9.85187e-06,0.000625048
293,9.76319e-06,1.11933e-05,1.00845e-05,9.72738e-06,9.85209e-06,1.63063e-05
294,1.04281e-05,9.89217e-06,9.99304e-06,9.72902e-06,9.85217e-06,0.000606901
295,8.15758e-06,1.12652e-05,1.21461e-05,9.73191e-06,9.85237e-06,1.55237e-05
296,8.56587e-06,9.83271e-06,1.13547e-05,9.73374e-06,9.85254e-06,0.000591127
297,9.10295e-06,1.12233e-05,1.08441e-05,9.73655e-06,9.85277e-06,1.46931e-05
298,9.69502e-06,9.89543e-06,1.04772e-05,9.73829e-06,9.85295e-06,0.000576434
299,1.03822e-05,1.13443e-05,1.00745e-05,9.74118e-06,9.85315e-06,1.39509e-05
300,8.17641e-06,9.98853e-06,1.01738e-05,9.74291e-06,9.85332e-06,0.000562497
301,8.56918e-06,1.13784e-05,9.70903e-06,9.74517e-06,9.85348e-06,1.33148e-05
302,9.11358e-06,9.93911e-06,1.17555e-05,9.74687e-06,9.85365e-06,0.000549572
303,9.73671e-06,1.12743e-05,1.11391e-05,9.74954e-06,9.85386e-06,1.27439e-05
304,1.04052e-05,9.92402e-06,1.0832e-05,9.7514e-06,9.85395e-06,0.00053719
305,8.24534e-06,1.13749e-05,1.06209e-05,9.75401e-06,9.85415e-06,1.22486e-05
306,8.65115e-06,9.91538e-06,1.0143e-05,9.7557e-06,9.85433e-06,0.000524791
307,9.19423e-06,1.13227e-05,9.80601e-06,9.75791e-06,9.85451e-06,1.17799e-05
308,9.80243e-06,9.9652e-06,1.18861e-05,9.75957e-06,9.85472e-06,0.000512529
309,1.05055e-05,1.13471e-05,1.11881e-05,9.76228e-06,9.85485e-06,1.13488e-05
310,8.32539e-06,1.00396e-05,1.10953e-05,9.76472e-06,9.85504e-06,0.000500106
311,8.70927e-06,8.90957e-06,1.05725e-05,9.76631e-06,9.8552e-06,1.28677e-05
312,9.25534e-06,1.01755e-05,1.0169e-05,9.76873e-06,9.85539e-06,0.000487613
313,9.83671e-06,9.12148e-06,9.97464e-06,9.76985e-06,9.85549e-06,1.2373e-05
314,1.05137e-05,1.04599e-05,1.20896e-05,9.7724e-06,9.8556e-06,0.000475245
315,8.31884e-06,9.45291e-06,1.17966e-05,9.77396e-06,9.85577e-06,1.19049e-05
316,8.75761e-06,1.08614e-05,1.10655e-05,9.77637e-06,9.85598e-06,0.000463558
317,9.27657e-06,9.62919e-06,1.06233e-05,9.77798e-06,9.85616e-06,1.14546e-05
318,9.91466e-06,1.10394e-05,1.01631e-05,9.78038e-06,9.85638e-06,0.000452098
319,1.05996e-05,9.89857e-06,9.92242e-06,9.78154e-06,9.85638e-06,1.10161e-05
320,8.41613e-06,1.13058e-05,1.21241e-05,9.7839e-06,9.85656e-06,0.00044051
321,8.83923e-06,9.89455e-06,1.13645e-05,9.78537e-06,9.85669e-06,1.05917e-05
322,9.42175e-06,1.13352e-05,1.08769e-05,9.78756e-06,9.85687e-06,0.000428883
323,1.0025e-05,1.01022e-05,1.04747e-05,9.78996e-06,9.85694e-06,1.0184e-05
324,7.91559e-06,9.15462e-06,1.04179e-05,9.79141e-06,9.85708e-06,0.000417263
325,8.33647e-06,1.03319e-05,9.82245e-06,9.79341e-06,9.85725e-06,9.7897e-06
326,8.87521e-06,8.99728e-06,1.18502e-05,9.7949e-06,9.85742e-06,0.00040553
327,9.46506e-06,1.02833e-05,1.10648e-05,9.79714e-06,9.85763e-06,9.41024e-06
328,1.00935e-05,9.16003e-06,1.06281e-05,9.79863e-06,9.85762e-06,0.000394875
329,7.9612e-06,1.05286e-05,1.0558e-05,1.05901e-05,9.86984e-06,9.50508e-06
330,8.36157e-06,9.30295e-06,9.99685e-06,9.89813e-06,9.88584e-06,0.000384271
331,8.88663e-06,1.05946e-05,1.1861e-05,9.90047e-06,9.886e-06,9.53179e-06
332,9.46141e-06,9.33029e-06,1.12033e-05,9.90205e-06,9.88611e-06,0.000372069
333,1.01114e-05,1.06315e-05,1.05784e-05,9.90415e-06,9.88616e-06,9.17625e-06
334,8.07248e-06,9.5689e-06,1.04784e-05,9.90543e-06,9.8863e-06,0.000359538
335,8.46589e-06,1.0893e-05,9.87288e-06,9.90698e-06,9.88646e-06,8.57091e-06
336,8.99384e-06,9.53782e-06,1.18794e-05,9.908e-06,9.88662e-06,0.00034757
337,9.57463e-06,1.08485e-05,1.10483e-05,9.90971e-06,9.8868e-06,7.94191e-06
338,1.02257e-05,9.59845e-06,1.05454e-05,9.91085e-06,9.88676e-06,0.000336399
339,8.17182e-06,1.10023e-05,1.04263e-05,9.91283e-06,9.88691e-06,7.52599e-06
340,8.57134e-06,9.65656e-06,9.88402e-06,9.91397e-06,9.88701e-06,0.00032569
341,9.08898e-06,1.09652e-05,1.17781e-05,9.91612e-06,9.88718e-06,7.34202e-06
342,9.66397e-06,9.65751e-06,1.11349e-05,9.9175e-06,9.88728e-06,0.000315248
343,1.03203e-05,1.10255e-05,1.05472e-05,9.91935e-06,9.88732e-06,7.17477e-06
344,8.31074e-06,9.86356e-06,1.04437e-05,9.92051e-06,9.88744e-06,0.000305011
345,8.6992e-06,1.12467e-05,9.88566e-06,9.92196e-06,9.8876e-06,6.9484e-06
346,9.26685e-06,9.88638e-06,1.1911e-05,9.92293e-06,9.88775e-06,0.000294958
347,9.83524e-06,1.12185e-05,1.11504e-05,9.9245e-06,9.88789e-06,6.67085e-06
348,1.04716e-05,9.97718e-06,1.0631e-05,9.92557e-06,9.88784e-06,0.00028517
349,8.46202e-06,1.14472e-05,1.04939e-05,9.92749e-06,9.88798e-06,6.38245e-06
350,8.87725e-06,1.0077e-05,9.9188e-06,9.92917e-06,9.88813e-06,0.000275625
351,9.37486e-06,8.96484e-06,1.20957e-05,9.93048e-06,9.88826e-06,6.1208e-06
352,9.96082e-06,1.01876e-05,1.14664e-05,9.93234e-06,9.8884e-06,0.000266492
353,1.06071e-05,9.04667e-06,1.09942e-05,9.93349e-06,9.88838e-06,5.90272e-06
354,8.5864e-06,1.05424e-05,1.07892e-05,9.93514e-06,9.88852e-06,0.000268352
355,9.00295e-06,9.41991e-06,1.02373e-05,9.93611e-06,9.88863e-06,5.73086e-06
356,9.52018e-06,1.09011e-05,9.89708e-06,9.93736e-06,9.88877e-06,0.000272985
357,1.01147e-05,9.77998e-06,1.20224e-05,9.93822e-06,9.88869e-06,5.82652e-06
358,8.06129e-06,1.11678e-05,1.15305e-05,9.9398e-06,9.88881e-06,0.000268541
359,8.48927e-06,9.86419e-06,1.0731e-05,9.94097e-06,9.88892e-06,5.71742e-06
360,9.01448e-06,1.12109e-05,9.99486e-06,9.94244e-06,9.88906e-06,0.000255741
361,9.61023e-06,9.86534e-06,1.19393e-05,9.94365e-06,9.88917e-06,5.38076e-06
362,1.02276e-05,1.11322e-05,1.10451e-05,9.94531e-06,9.88915e-06,0.000237882
363,8.1271e-06,1.00122e-05,1.08414e-05,9.94686e-06,9.88928e-06,4.9406e-06
364,8.50797e-06,8.86999e-06,1.01472e-05,9.94779e-06,9.88937e-06,0.000222915
365,8.98629e-06,1.00446e-05,9.60805e-06,9.949e-06,9.8895e-06,5.02719e-06
366,9.51159e-06,8.8294e-06,1.16533e-05,9.94982e-06,9.8896e-06,0.000214586
367,1.01245e-05,1.00429e-05,1.09246e-05,9.95117e-06,9.88954e-06,5.12454e-06
368,8.11502e-06,9.13787e-06,1.07819e-05,9.95217e-06,9.88963e-06,0.00021217
369,8.47495e-06,1.03942e-05,1.0047e-05,9.95378e-06,9.88976e-06,4.99747e-06
370,8.92433e-06,9.20553e-06,9.51531e-06,9.95464e-06,9.88984e-06,0.000209242
371,9.48736e-06,1.04447e-05,1.13794e-05,9.95627e-06,9.88996e-06,4.70447e-06
372,1.00516e-05,9.2266e-06,1.07409e-05,9.95722e-06,9.88991e-06,0.000203398
373,8.14284e-06,1.06084e-05,1.05834e-05,9.95852e-06,9.89003e-06,4.46279e-06
374,8.48151e-06,9.37854e-06,9.90167e-06,9.95907e-06,9.89011e-06,0.000193632
375,8.97451e-06,1.06473e-05,1.17892e-05,9.9603e-06,9.89024e-06,5.07527e-06
376,9.50591e-06,9.37374e-06,1.10082e-05,9.96108e-06,9.89032e-06,0.000183851
377,1.00795e-05,1.06096e-05,1.03278e-05,9.96238e-06,9.89026e-06,4.37647e-06
378,8.16424e-06,9.61909e-06,1.01596e-05,9.96332e-06,9.89034e-06,0.00017735
379,8.54211e-06,1.0932e-05,9.52308e-06,9.96459e-06,9.89045e-06,4.79612e-06
380,9.02192e-06,9.58577e-06,1.14253e-05,9.96561e-06,9.89053e-06,0.000175097
381,9.55846e-06,1.08564e-05,1.06981e-05,9.96703e-06,9.89064e-06,4.19662e-06
382,1.01098e-05,9.5934e-06,1.01317e-05,9.96781e-06,9.89059e-06,0.000171551
383,8.2753e-06,1.10043e-05,9.99123e-06,9.96886e-06,9.8907e-06,3.67094e-06
384,8.64585e-06,9.60222e-06,1.20059e-05,9.96962e-06,9.89082e-06,0.000166782
385,9.13339e-06,1.0933e-05,1.1234e-05,9.9708e-06,9.89094e-06,3.37506e-06
386,9.66112e-06,9.69349e-06,1.06259e-05,9.97151e-06,9.89101e-06,0.000159669
387,1.02252e-05,1.09733e-05,9.83922e-06,9.97244e-06,9.89092e-06,3.39517e-06
388,8.43813e-06,9.89087e-06,1.21748e-05,9.97326e-06,9.891e-06,0.000152979
389,8.80826e-06,1.12309e-05,1.1175e-05,9.97457e-06,9.89111e-06,3.43803e-06
390,9.29333e-06,9.90067e-06,1.06878e-05,9.97545e-06,9.89119e-06,0.000149461
391,9.82733e-06,1.12168e-05,1.00266e-05,9.97677e-06,9.89129e-06,3.39892e-06
392,1.03986e-05,9.97369e-06,9.41104e-06,9.97729e-06,9.89124e-06,0.000148656
393,8.61359e-06,1.13976e-05,1.16858e-05,9.97852e-06,9.89136e-06,3.28866e-06
394,8.98593e-06,1.00505e-05,1.09555e-05,9.97964e-06,9.89149e-06,0.000148532
395,9.44599e-06,8.98417e-06,1.06905e-05,9.98027e-06,9.89158e-06,3.14103e-06
396,9.9783e-06,1.01321e-05,1.02012e-05,9.98124e-06,9.89166e-06,0.000146687
397,1.05241e-05,8.98424e-06,9.71953e-06,9.98158e-06,9.89154e-06,2.9846e-06
398,8.77464e-06,1.04454e-05,1.21453e-05,9.98267e-06,9.89164e-06,0.000143629
399,9.13995e-06,9.40978e-06,1.1441e-05,9.98346e-06,9.89172e-06,2.84495e-06
400,9.59465e-06,1.08273e-05,1.10568e-05,9.98459e-06,9.89182e-06,0.000140401
401,1.01089e-05,9.7182e-06,1.05197e-05,9.98528e-06,9.89172e-06,2.73651e-06
402,8.27736e-06,1.11484e-05,1.02458e-05,9.98637e-06,9.89182e-06,0.000138538
403,8.64893e-06,9.93986e-06,9.66827e-06,9.98688e-06,9.8919e-06,2.65937e-06
404,9.16108e-06,1.12281e-05,1.15115e-05,9.98786e-06,9.89203e-06,0.000139379
405,9.68187e-06,9.93317e-06,1.08544e-05,9.9884e-06,9.89211e-06,2.59512e-06
406,1.02439e-05,1.11924e-05,1.01874e-05,9.98925e-06,9.892e-06,0.000140085
407,8.3577e-06,1.01623e-05,1.00359e-05,9.99023e-06,9.89208e-06,2.5332e-06
408,8.72626e-06,9.08114e-06,9.5357e-06,9.99083e-06,9.89214e-06,0.00014113
409,9.18214e-06,1.0237e-05,1.15062e-05,9.99195e-06,9.89224e-06,2.49526e-06
410,9.68724e-06,9.02312e-06,1.09801e-05,9.99266e-06,9.8923e-06,0.00014103
411,1.02556e-05,1.02146e-05,1.03673e-05,9.99362e-06,9.89223e-06,2.47137e-06
412,8.43311e-06,9.46724e-06,1.02378e-05,9.99426e-06,9.89229e-06,0.000140885
413,8.7975e-06,1.07713e-05,9.72196e-06,9.99499e-06,9.8924e-06,2.44374e-06
414,9.26577e-06,9.66179e-06,1.17462e-05,9.99554e-06,9.89248e-06,0.00014264
415,9.79326e-06,1.09155e-05,1.11027e-05,9.99637e-06,9.89258e-06,2.75634e-06
416,1.03285e-05,9.73392e-06,1.04981e-05,9.99674e-06,9.89245e-06,0.000145572
417,8.63598e-06,1.11536e-05,1.03262e-05,9.99764e-06,9.89252e-06,2.99518e-06
418,9.02233e-06,9.97757e-06,9.77827e-06,9.99816e-06,9.89258e-06,0.000148781
419,9.47566e-06,1.1303e-05,1.16877e-05,9.9991e-06,9.89267e-06,2.98914e-06
420,9.98882e-06,1.01355e-05,1.11149e-05,9.99999e-06,9.89275e-06,0.00015267
421,1.05139e-05,8.9281e-06,1.05302e-05,1.00005e-05,9.89267e-06,2.80806e-06
422,8.84856e-06,1.02966e-05,1.03904e-05,9.34171e-06,9.89419e-06,0.000119422
423,9.15606e-06,9.19067e-06,9.87998e-06,9.3425e-06,9.89426e-06,2.88568e-06
424,9.59045e-06,1.05471e-05,1.19834e-05,9.34362e-06,9.89436e-06,0.000120175
425,1.00961e-05,9.60343e-06,1.1387e-05,9.34406e-06,9.89424e-06,2.43558e-06
426,8.22987e-06,1.09824e-05,1.11573e-05,9.34467e-06,9.89431e-06,0.000120026
427,8.59572e-06,9.78814e-06,1.02989e-05,9.3449e-06,9.89436e-06,2.12723e-06
428,9.05489e-06,1.10929e-05,9.5917e-06,9.34522e-06,9.89444e-06,0.000118918
429,9.55276e-06,9.85804e-06,1.14202e-05,9.3453e-06,9.89449e-06,2.01888e-06
430,1.0109e-05,1.1062e-05,1.05762e-05,9.34577e-06,9.89441e-06,0.000119094
431,8.30828e-06,1.01371e-05,1.04498e-05,9.34665e-06,9.89449e-06,2.0318e-06
432,8.65055e-06,8.96034e-06,9.73041e-06,9.34734e-06,9.89457e-06,0.000123021
433,9.14076e-06,1.01512e-05,1.16931e-05,9.34846e-06,9.89466e-06,2.0502e-06
434,9.61341e-06,9.04788e-06,1.10022e-05,9.34918e-06,9.89471e-06,0.000127955
435,1.01491e-05,1.02296e-05,1.03026e-05,9.34967e-06,9.89461e-06,2.06089e-06
436,8.38524e-06,9.47544e-06,1.01335e-05,9.34999e-06,9.89465e-06,0.000133149
437,8.75466e-06,1.08037e-05,9.49939e-06,9.3504e-06,9.89473e-06,2.04181e-06
438,9.252e-06,9.56209e-06,1.14397e-05,9.35049e-06,9.89477e-06,0.000136711
439,9.75184e-06,1.08381e-05,1.0684e-05,9.35086e-06,9.89483e-06,1.98354e-06
440,1.02914e-05,9.7305e-06,1.00498e-05,9.35102e-06,9.89473e-06,0.000140126
441,8.54461e-06,1.11624e-05,9.88945e-06,9.35176e-06,9.89483e-06,1.9233e-06
442,8.91522e-06,9.86099e-06,1.19274e-05,9.35255e-06,9.89489e-06,0.000144583
443,9.40739e-06,1.12735e-05,1.10559e-05,9.35354e-06,9.89498e-06,1.90426e-06
444,9.90457e-06,1.00543e-05,1.04075e-05,9.35439e-06,9.89505e-06,0.000109145
445,1.04437e-05,8.8161e-06,9.63582e-06,9.35444e-06,9.89492e-06,2.23557e-06
446,8.67764e-06,1.01619e-05,1.19527e-05,9.3549e-06,9.89499e-06,0.000113717
447,9.028e-06,9.00903e-06,1.1138e-05,9.35502e-06,9.89503e-06,2.00743e-06
448,9.4882e-06,1.04545e-05,1.06224e-05,9.35531e-06,9.89509e-06,0.000117275
449,9.97072e-06,9.4693e-06,1.00059e-05,9.35545e-06,9.89512e-06,1.8585e-06
450,1.05208e-05,1.08201e-05,9.27267e-06,9.35579e-06,9.89505e-06,0.000117961
451,8.79686e-06,9.89756e-06,1.17915e-05,9.35644e-06,9.89513e-06,1.77866e-06
452,9.14381e-06,1.13638e-05,1.09063e-05,9.35744e-06,9.89521e-06,0.000120258
453,9.61721e-06,1.01399e-05,1.04278e-05,9.35836e-06,9.89529e-06,1.7176e-06
454,1.01141e-05,9.09409e-06,9.74548e-06,9.35864e-06,9.89517e-06,0.000123195
455,8.30997e-06,1.04074e-05,1.19999e-05,9.35915e-06,9.89523e-06,2.25079e-06
456,8.64483e-06,9.18635e-06,1.11796e-05,9.35933e-06,9.89527e-06,0.000130268
457,9.13023e-06,1.05248e-05,1.04647e-05,9.35956e-06,9.89532e-06,1.92264e-06
458,9.62059e-06,9.4116e-06,9.7117e-06,9.35959e-06,9.89538e-06,0.000139106
459,1.01487e-05,1.06638e-05,1.16396e-05,9.3597e-06,9.89526e-06,1.73162e-06
460,8.32692e-06,9.7704e-06,1.12346e-05,9.36006e-06,9.89531e-06,0.000146664
461,8.697e-06,1.11614e-05,1.05102e-05,9.36084e-06,9.89539e-06,1.72451e-06
462,9.11708e-06,9.82302e-06,9.70756e-06,9.36146e-06,9.89547e-06,0.000106185
463,9.63707e-06,1.11157e-05,1.15818e-05,9.36228e-06,9.89554e-06,1.95164e-06
464,1.02208e-05,9.86089e-06,1.06291e-05,9.36253e-06,9.8954e-06,0.000111838
465,8.43954e-06,1.13148e-05,1.04213e-05,9.363e-06,9.89545e-06,1.8935e-06
466,8.81409e-06,9.98404e-06,9.70041e-06,9.36313e-06,9.8955e-06,0.000113572
467,9.27423e-06,1.13635e-05,1.16148e-05,9.36338e-06,9.89557e-06,1.89013e-06
468,9.80089e-06,1.00511e-05,1.07815e-05,9.36362e-06,9.89563e-06,0.000118076
469,1.03416e-05,8.83541e-06,1.01838e-05,9.36349e-06,9.89549e-06,1.58499e-06
470,8.59031e-06,1.02117e-05,1.00425e-05,9.36402e-06,9.89556e-06,0.000124041
471,8.92167e-06,9.00995e-06,9.48802e-06,9.36449e-06,9.89562e-06,1.55978e-06
472,9.36191e-06,1.04173e-05,1.1516e-05,9.36528e-06,9.89571e-06,0.000126748
473,9.89142e-06,9.3723e-06,1.09037e-05,9.3658e-06,9.89576e-06,1.88334e-06
474,1.04505e-05,1.06842e-05,1.01852e-05,9.36616e-06,9.89563e-06,0.000136126
475,8.72657e-06,9.78618e-06,1.00182e-05,9.3664e-06,9.89567e-06,1.57251e-06
476,9.06402e-06,1.12676e-05,9.40049e-06,9.36672e-06,9.89574e-06,0.000147818
477,9.53737e-06,1.00376e-05,1.14287e-05,9.36692e-06,9.89582e-06,1.66255e-06
478,1.00561e-05,8.929e-06,1.088e-05,9.36669e-06,9.89567e-06,0.000107875
479,8.24174e-06,1.02117e-05,1.05946e-05,9.36699e-06,9.89572e-06,1.96254e-06
480,8.59119e-06,9.02719e-06,9.76442e-06,9.3673e-06,9.89579e-06,0.000111853
481,9.05642e-06,1.03391e-05,1.16917e-05,9.36794e-06,9.89585e-06,1.74597e-06
482,9.56056e-06,9.19877e-06,1.08111e-05,9.36846e-06,9.8959e-06,0.000119157
483,1.01089e-05,1.0458e-05,1.00302e-05,9.36892e-06,9.89579e-06,1.51227e-06
484,8.26459e-06,9.55604e-06,9.67556e-06,9.36924e-06,9.89584e-06,0.000124838
485,8.65674e-06,1.09263e-05,1.16064e-05,9.36962e-06,9.8959e-06,1.5975e-06
486,9.09398e-06,9.62511e-06,1.07596e-05,9.36969e-06,9.89592e-06,0.000124637
487,9.59363e-06,1.09093e-05,9.93592e-06,9.3699e-06,9.89601e-06,1.63565e-06
488,1.0132e-05,9.64101e-06,1.18735e-05,9.36964e-06,9.89586e-06,0.0001349
489,8.36231e-06,1.10009e-05,1.11047e-05,9.36992e-06,9.89591e-06,1.48288e-06
490,8.7153e-06,9.7037e-06,1.02766e-05,9.37028e-06,9.89595e-06,0.000140526
491,9.15836e-06,1.10449e-05,9.48243e-06,9.37077e-06,9.89605e-06,1.79239e-06
492,9.66726e-06,9.73981e-06,1.12875e-05,9.37121e-06,9.89609e-06,0.000104139
493,1.02023e-05,1.09772e-05,1.0308e-05,9.37159e-06,9.89598e-06,1.57171e-06
494,8.46242e-06,9.98183e-06,1.00574e-05,9.37188e-06,9.896e-06,0.000115401
495,8.83676e-06,1.13805e-05,9.39479e-06,9.37226e-06,9.89608e-06,1.56442e-06
496,9.27145e-06,9.95298e-06,1.13001e-05,9.37234e-06,9.89611e-06,0.00011609
497,9.78748e-06,1.12397e-05,1.04258e-05,9.37257e-06,9.89616e-06,1.45127e-06
498,1.03299e-05,9.92265e-06,9.60709e-06,9.37233e-06,9.89603e-06,0.000123324
499,8.59148e-06,1.13547e-05,1.18471e-05,9.37262e-06,9.89609e-06,1.413e-06
500,8.96153e-06,9.92935e-06,1.08403e-05,9.37295e-06,9.89614e-06,0.000122967
501,9.40942e-06,1.13037e-05,1.01786e-05,9.37337e-06,9.8962e-06,1.47942e-06
502,9.9146e-06,1.00382e-05,9.41182e-06,9.37381e-06,9.8963e-06,0.000136256
503,1.04737e-05,8.77014e-06,1.15562e-05,9.37396e-06,9.89615e-06,1.39602e-06
504,8.75738e-06,1.01637e-05,1.10282e-05,9.37443e-06,9.8962e-06,0.000150738
505,9.1173e-06,8.90292e-06,1.04441e-05,9.37461e-06,9.89623e-06,1.63009e-06
506,9.52283e-06,1.0316e-05,9.83666e-06,9.37488e-06,9.89631e-06,0.000103503
507,1.00559e-05,9.31002e-06,1.19233e-05,9.3747e-06,9.89615e-06,1.42857e-06
508,8.20206e-06,1.07042e-05,1.13235e-05,9.3749e-06,9.8962e-06,0.000115614
509,8.58528e-06,9.43915e-06,1.04408e-05,9.37509e-06,9.89623e-06,1.34955e-06
510,9.07241e-06,1.08051e-05,9.58684e-06,9.37541e-06,9.89632e-06,0.00011737
511,9.57199e-06,9.48063e-06,1.14029e-05,9.37564e-06,9.89636e-06,1.42192e-06
512,1.01134e-05,1.07296e-05,1.04245e-05,9.37582e-06,9.89624e-06,0.000126395
513,8.2958e-06,9.8089e-06,1.0145e-05,9.3761e-06,9.89627e-06,1.29997e-06
514,8.70478e-06,1.11735e-05,9.34354e-06,9.3765e-06,9.89635e-06,0.000126065
515,9.18249e-06,9.77247e-06,1.13233e-05,9.3767e-06,9.89637e-06,1.41043e-06
516,9.65036e-06,1.11189e-05,1.03933e-05,9.37702e-06,9.89642e-06,0.000140312
517,1.02252e-05,9.87057e-06,9.62093e-06,9.3769e-06,9.89628e-06,2.00336e-06
518,8.4473e-06,1.12782e-05,1.17973e-05,9.3771e-06,9.89634e-06,0.000102798
519,8.87871e-06,9.84161e-06,1.078e-05,9.37726e-06,9.89637e-06,1.50233e-06
520,9.36039e-06,1.12051e-05,1.00071e-05,9.37752e-06,9.89643e-06,0.000109164
521,9.88188e-06,9.87839e-06,9.21409e-06,9.3777e-06,9.89649e-06,1.25882e-06
522,1.04835e-05,1.11642e-05,1.11219e-05,9.37775e-06,9.89636e-06,0.000122062
523,8.70127e-06,1.01292e-05,1.07443e-05,9.37812e-06,9.89643e-06,1.29758e-06
524,9.09577e-06,8.85488e-06,1.01981e-05,9.37833e-06,9.89646e-06,0.000120797
525,9.57489e-06,1.01373e-05,9.57364e-06,9.37868e-06,9.89654e-06,1.32937e-06
526,1.00735e-05,8.95927e-06,1.17138e-05,9.3787e-06,9.89638e-06,0.000132239
527,8.27096e-06,1.03655e-05,1.11265e-05,9.37892e-06,9.89643e-06,1.93941e-06
528,8.65895e-06,9.17482e-06,1.03116e-05,9.37904e-06,9.89645e-06,0.000133808
529,9.15915e-06,1.05275e-05,9.50096e-06,9.37924e-06,9.89653e-06,1.33907e-06
530,9.6883e-06,9.17528e-06,1.14649e-05,9.37934e-06,9.89657e-06,0.000150504
531,1.02187e-05,1.04088e-05,1.03961e-05,9.37928e-06,9.89643e-06,2.08968e-06
532,8.43984e-06,9.5405e-06,1.0196e-05,9.37946e-06,9.89647e-06,0.000103499
533,8.83646e-06,1.08931e-05,9.39752e-06,9.37976e-06,9.89655e-06,1.3977e-06
534,9.29204e-06,9.46856e-06,1.13917e-05,9.37996e-06,9.89658e-06,0.000119134
535,9.80991e-06,1.07829e-05,1.03865e-05,9.38032e-06,9.89662e-06,1.26356e-06
536,1.03597e-05,9.52267e-06,9.56121e-06,9.38037e-06,9.89649e-06,0.000121229
537,8.61054e-06,1.09646e-05,1.186e-05,9.38063e-06,9.89654e-06,1.27098e-06
538,9.03457e-06,9.57306e-06,1.0794e-05,9.38071e-06,9.89657e-06,0.000133824
539,9.5068e-06,1.09177e-05,1.00759e-05,9.38084e-06,9.89661e-06,1.28978e-06
540,1.00083e-05,9.61662e-06,9.2947e-06,9.38062e-06,9.89649e-06,0.000132853
541,8.25035e-06,1.09597e-05,1.14283e-05,9.38081e-06,9.89654e-06,1.84087e-06
542,8.68112e-06,9.65148e-06,1.0367e-05,9.38096e-06,9.89656e-06,0.000149635
543,9.1773e-06,1.09605e-05,9.66758e-06,9.38123e-06,9.89665e-06,2.10354e-06
544,9.68237e-06,9.38941e-06,1.15713e-05,9.38145e-06,9.89668e-06,0.000107584
545,1.02175e-05,1.06135e-05,1.04046e-05,9.38167e-06,9.89654e-06,1.48228e-06
546,8.42597e-06,9.57703e-06,1.00417e-05,9.38186e-06,9.89657e-06,0.000115785
547,8.84006e-06,1.09323e-05,9.16888e-06,9.38211e-06,9.89665e-06,1.66527e-06
548,9.30718e-06,9.45099e-06,1.11595e-05,9.38218e-06,9.89667e-06,0.000131547
549,9.81678e-06,1.07241e-05,1.01642e-05,9.38223e-06,9.89672e-06,1.27938e-06
550,1.03545e-05,9.34666e-06,9.45386e-06,9.38202e-06,9.89659e-06,0.000130745
551,8.56671e-06,1.07372e-05,1.16917e-05,9.38221e-06,9.89665e-06,1.26612e-06
552,8.99808e-06,9.36445e-06,1.06366e-05,9.38235e-06,9.89667e-06,0.000144682
553,9.48153e-06,1.07006e-05,9.95274e-06,9.38261e-06,9.89676e-06,1.91913e-06
554,9.99536e-06,9.27106e-06,1.19947e-05,9.38281e-06,9.8968e-06,0.00014535
555,1.05506e-05,1.05603e-05,1.08703e-05,9.383e-06,9.89664e-06,2.04543e-06
556,8.76221e-06,9.51855e-06,1.05365e-05,9.38318e-06,9.89667e-06,0.000105724
557,9.18795e-06,1.09489e-05,9.64219e-06,9.38341e-06,9.89676e-06,1.21088e-06
558,9.68799e-06,9.54723e-06,1.17175e-05,9.38344e-06,9.89679e-06,0.000114341
559,1.0201e-05,1.08765e-05,1.07106e-05,9.38317e-06,9.89664e-06,1.25867e-06
560,8.35268e-06,9.78213e-06,1.03673e-05,9.38329e-06,9.89666e-06,0.000132138
561,8.7819e-06,1.11076e-05,9.37009e-06,9.38351e-06,9.89674e-06,1.74718e-06
562,9.33456e-06,9.55389e-06,1.12984e-05,9.38362e-06,9.89677e-06,0.000131658
563,9.85199e-06,1.086e-05,1.02681e-05,9.38385e-06,9.89683e-06,1.82994e-06
564,1.03981e-05,9.44258e-06,9.44806e-06,9.38386e-06,9.8967e-06,0.000147859
565,8.47048e-06,1.09254e-05,1.17628e-05,9.38414e-06,9.89675e-06,1.97535e-06
566,8.88374e-06,9.5099e-06,1.06216e-05,9.38429e-06,9.89678e-06,0.000103423
567,9.39904e-06,1.09311e-05,9.87723e-06,9.38448e-06,9.89686e-06,1.36667e-06
568,9.93142e-06,9.48321e-06,1.19685e-05,9.3845e-06,9.89688e-06,0.000110374
569,1.05286e-05,1.07421e-05,1.08257e-05,9.38427e-06,9.89674e-06,1.0451e-06
570,8.64531e-06,9.69407e-06,1.05301e-05,9.3844e-06,9.89675e-06,0.000128676
571,9.08486e-06,1.10581e-05,9.56345e-06,9.38467e-06,9.89683e-06,1.19771e-06
572,9.63854e-06,9.56781e-06,1.16879e-05,9.38478e-06,9.89688e-06,0.000128929
573,1.01619e-05,1.09634e-05,1.07448e-05,9.38478e-06,9.89676e-06,1.76752e-06
574,8.32558e-06,9.8673e-06,1.0429e-05,9.38496e-06,9.89678e-06,0.000139962
575,8.72963e-06,1.12119e-05,9.45373e-06,9.3852e-06,9.89685e-06,1.42632e-06
576,9.27466e-06,9.68312e-06,1.14396e-05,9.38532e-06,9.89687e-06,0.000141717
577,9.84813e-06,1.10228e-05,1.03876e-05,9.38543e-06,9.89691e-06,1.70692e-06
578,1.04019e-05,9.55883e-06,9.66287e-06,9.3852e-06,9.89678e-06,0.000106027
579,8.50749e-06,1.10528e-05,1.19282e-05,9.38537e-06,9.89683e-06,1.12291e-06
580,8.95951e-06,9.66851e-06,1.08567e-05,9.3855e-06,9.89685e-06,0.00011504
581,9.45744e-06,1.10887e-05,1.00583e-05,9.38572e-06,9.8969e-06,1.14356e-06
582,1.00101e-05,9.6634e-06,9.37258e-06,9.38561e-06,9.89681e-06,0.000134268
583,8.21376e-06,1.11106e-05,1.15283e-05,9.38577e-06,9.89687e-06,1.76238e-06
584,8.60814e-06,9.72981e-06,1.04921e-05,9.38592e-06,9.89689e-06,0.000133989
585,9.13664e-06,1.10428e-05,9.64104e-06,9.38614e-06,9.89697e-06,1.22313e-06
586,9.74104e-06,9.50582e-06,1.16771e-05,9.38624e-06,9.89698e-06,0.000150571
587,1.03291e-05,1.0809e-05,1.05527e-05,9.38608e-06,9.89683e-06,1.92567e-06
588,8.49624e-06,9.73874e-06,1.02631e-05,9.38614e-06,9.89685e-06,9.47361e-05
589,8.90005e-06,1.11979e-05,9.39899e-06,9.38634e-06,9.89692e-06,1.11739e-06
590,9.39421e-06,9.74955e-06,1.15204e-05,9.38646e-06,9.89695e-06,0.000113611
591,9.99915e-06,1.11255e-05,1.05044e-05,9.38668e-06,9.897e-06,1.1551e-06
592,1.05833e-05,9.65225e-06,9.76779e-06,9.38654e-06,9.89689e-06,0.000119701
593,8.73888e-06,1.11984e-05,1.21497e-05,9.38669e-06,9.89695e-06,1.00494e-06
594,9.17087e-06,9.72821e-06,1.1052e-05,9.38682e-06,9.89698e-06,0.000140963
595,9.70976e-06,1.11876e-05,1.02215e-05,9.38694e-06,9.89703e-06,1.90168e-06
596,1.02583e-05,9.79634e-06,9.5183e-06,9.38685e-06,9.89688e-06,0.000139666
597,8.47939e-06,1.13347e-05,1.17753e-05,9.38697e-06,9.8969e-06,1.19913e-06
598,8.87605e-06,9.9089e-06,1.07091e-05,9.38704e-06,9.89693e-06,0.000100826
599,9.41692e-06,1.13624e-05,9.8684e-06,9.38724e-06,9.897e-06,1.04096e-06
600,1.00013e-05,9.79826e-06,1.19895e-05,9.38711e-06,9.89688e-06,0.000108318
601,8.18262e-06,1.1241e-05,1.10591e-05,9.38726e-06,9.89691e-06,1.05821e-06
602,8.60363e-06,9.80608e-06,1.004e-05,9.38733e-06,9.89693e-06,0.000124618
603,9.14959e-06,1.11778e-05,9.02975e-06,9.38747e-06,9.89701e-06,1.30728e-06
604,9.67519e-06,9.59561e-06,1.0933e-05,9.38756e-06,9.89703e-06,0.00012745
605,1.02692e-05,1.09501e-05,9.85795e-06,9.38752e-06,9.89692e-06,1.68176e-06
606,8.40843e-06,9.70906e-06,1.23473e-05,9.38756e-06,9.89692e-06,0.000149998
607,8.82432e-06,1.11305e-05,1.10144e-05,9.3877e-06,9.89695e-06,2.01754e-06
608,9.32793e-06,9.67379e-06,1.00554e-05,9.38774e-06,9.89697e-06,9.62205e-05
609,9.88586e-06,1.10217e-05,9.03164e-06,9.38791e-06,9.89705e-06,1.02886e-06
610,1.04593e-05,9.49777e-06,1.12507e-05,9.38778e-06,9.89691e-06,0.000115767
611,8.6244e-06,1.09796e-05,1.05422e-05,9.38792e-06,9.89695e-06,1.00659e-06
612,9.07508e-06,9.59848e-06,9.77785e-06,9.38803e-06,9.89701e-06,0.00012074
613,9.59143e-06,1.09939e-05,1.18209e-05,9.38813e-06,9.89708e-06,1.07563e-06
614,1.01385e-05,9.56038e-06,1.07857e-05,9.388e-06,9.89694e-06,0.000136564
615,8.33584e-06,1.11114e-05,1.03154e-05,9.38807e-06,9.89696e-06,1.21827e-06
616,8.74626e-06,9.65539e-06,9.29995e-06,9.38814e-06,9.89699e-06,0.000137484
617,9.30083e-06,1.10278e-05,1.12041e-05,9.38827e-06,9.89703e-06,1.68218e-06
618,9.84516e-06,9.5405e-06,1.01545e-05,9.3883e-06,9.89705e-06,0.00010071
619,1.04236e-05,1.0936e-05,9.23539e-06,9.38827e-06,9.89695e-06,1.05484e-06
620,8.55723e-06,9.69288e-06,1.16729e-05,9.38841e-06,9.89697e-06,0.000122737
621,8.96329e-06,1.11641e-05,1.04611e-05,9.38855e-06,9.89702e-06,1.1396e-06
622,9.48128e-06,9.71689e-06,9.68956e-06,9.38865e-06,9.89708e-06,0.000127339
623,1.00195e-05,1.10988e-05,1.16958e-05,9.38853e-06,9.89696e-06,1.04902e-06
624,8.16645e-06,9.87518e-06,1.09354e-05,9.38854e-06,9.89698e-06,0.000147035
625,8.57763e-06,1.1238e-05,9.8436e-06,9.38868e-06,9.89705e-06,2.01174e-06
626,9.14241e-06,9.607e-06,1.17882e-05,9.38872e-06,9.89706e-06,0.000138476
627,9.71756e-06,1.09361e-05,1.03656e-05,9.38885e-06,9.89708e-06,1.80295e-06
628,1.0282e-05,9.42449e-06,9.48511e-06,9.38874e-06,9.89696e-06,0.000102116
629,8.40068e-06,1.08844e-05,1.17371e-05,9.38892e-06,9.89701e-06,1.04798e-06
630,8.78566e-06,9.52582e-06,1.06412e-05,9.38908e-06,9.89702e-06,0.00010983
631,9.29588e-06,1.09642e-05,9.72448e-06,9.3892e-06,9.8971e-06,1.02567e-06
632,9.85336e-06,9.42421e-06,1.18365e-05,9.38926e-06,9.89712e-06,0.000133375
633,1.04038e-05,1.08252e-05,1.05946e-05,9.38907e-06,9.89699e-06,1.09e-06
634,8.60318e-06,9.64686e-06,1.0169e-05,9.38906e-06,9.89702e-06,0.000135377
635,9.02544e-06,1.10648e-05,9.18927e-06,9.3892e-06,9.89709e-06,1.22893e-06
636,9.54793e-06,9.58496e-06,1.12395e-05,9.3892e-06,9.8971e-06,0.000154911
637,1.00976e-05,1.10025e-05,1.01864e-05,9.38914e-06,9.89697e-06,2.0054e-06
638,8.23838e-06,9.83929e-06,9.89536e-06,9.3893e-06,9.897e-06,9.57228e-05
639,8.61098e-06,1.11996e-05,1.18545e-05,9.38949e-06,9.89705e-06,9.60258e-07
640,9.1978e-06,9.70158e-06,1.06674e-05,9.38964e-06,9.89706e-06,0.000114539
641,9.72434e-06,1.10775e-05,9.5284e-06,9.38972e-06,9.89714e-06,1.0606e-06
642,1.02982e-05,9.45849e-06,1.1575e-05,9.38954e-06,9.89701e-06,0.000121621
643,8.40308e-06,1.09603e-05,1.07383e-05,9.38955e-06,9.89705e-06,1.00596e-06
644,8.78901e-06,9.56436e-06,9.82039e-06,9.38955e-06,9.89711e-06,0.00014619
645,9.31743e-06,1.09569e-05,1.18428e-05,9.38965e-06,9.89715e-06,1.98618e-06
646,9.86147e-06,9.47472e-06,1.06933e-05,9.38964e-06,9.89715e-06,0.000100183
647,1.04284e-05,1.08562e-05,9.72536e-06,9.38962e-06,9.89704e-06,1.04457e-06
648,8.5405e-06,9.64728e-06,1.21829e-05,9.38974e-06,9.89705e-06,0.000104276
649,8.96131e-06,1.10491e-05,1.07989e-05,9.38992e-06,9.89709e-06,9.25113e-07
650,9.49542e-06,9.6231e-06,9.95418e-06,9.39008e-06,9.89714e-06,0.000119362
651,1.00733e-05,1.09742e-05,1.18952e-05,9.38985e-06,9.89702e-06,1.14766e-06
652,8.17871e-06,9.74695e-06,1.11888e-05,9.38987e-06,9.89704e-06,0.000123402
653,8.54683e-06,1.11415e-05,1.00199e-05,9.3899e-06,9.89708e-06,1.6584e-06
654,9.11334e-06,9.59919e-06,9.02667e-06,9.3899e-06,9.89714e-06,0.000146989
655,9.65963e-06,1.09336e-05,1.0878e-05,9.39002e-06,9.89718e-06,2.01727e-06
656,1.0209e-05,9.37331e-06,9.83452e-06,9.38996e-06,9.89706e-06,9.40911e-05
657,8.26435e-06,1.08037e-05,1.22448e-05,9.39014e-06,9.89708e-06,1.03239e-06
658,8.64465e-06,9.41183e-06,1.09953e-05,9.39029e-06,9.8971e-06,0.000114583
659,9.1967e-06,1.07984e-05,9.94449e-06,9.39046e-06,9.89718e-06,9.7249e-07
660,9.73551e-06,9.31513e-06,1.20372e-05,9.39055e-06,9.89718e-06,0.000111606
661,1.03164e-05,1.06173e-05,1.0796e-05,9.39027e-06,9.89704e-06,1.53572e-06
662,8.41773e-06,9.41784e-06,1.03664e-05,9.39025e-06,9.89705e-06,0.000137078
663,8.83355e-06,1.08679e-05,9.33251e-06,9.39031e-06,9.89713e-06,1.19098e-06
664,9.35898e-06,9.35498e-06,1.14591e-05,9.39024e-06,9.89717e-06,0.000137003
665,9.91023e-06,1.0727e-05,1.02432e-05,9.39035e-06,9.8972e-06,1.17897e-06
666,1.05026e-05,9.2845e-06,9.49559e-06,9.39027e-06,9.89708e-06,9.77493e-05
667,8.54503e-06,1.08168e-05,1.1939e-05,9.39048e-06,9.89711e-06,9.41559e-07
668,8.97229e-06,9.4205e-06,1.07916e-05,9.39064e-06,9.89713e-06,0.000105695
669,9.50022e-06,1.08826e-05,9.86308e-06,9.39079e-06,9.89721e-06,1.03764e-06
670,1.0059e-05,9.46172e-06,1.19871e-05,9.3906e-06,9.89705e-06,0.000121465
671,8.13877e-06,1.08926e-05,1.12059e-05,9.39058e-06,9.89707e-06,1.10331e-06
672,8.53083e-06,9.39801e-06,1.01437e-05,9.39053e-06,9.89709e-06,0.000126341
673,9.06772e-06,1.07582e-05,9.12043e-06,9.39057e-06,9.89715e-06,1.71555e-06
674,9.62371e-06,9.27587e-06,1.10928e-05,9.39049e-06,9.89719e-06,0.000150823
675,1.01903e-05,1.05554e-05,9.88141e-06,9.39054e-06,9.8971e-06,1.98619e-06
676,8.20623e-06,9.33863e-06,1.24855e-05,9.39066e-06,9.89712e-06,9.50094e-05
677,8.61295e-06,1.07434e-05,1.10786e-05,9.39085e-06,9.89715e-06,9.35305e-07
678,9.12003e-06,9.31781e-06,1.01407e-05,9.39101e-06,9.89715e-06,0.000115877
679,9.66081e-06,1.06797e-05,9.03245e-06,9.39113e-06,9.89723e-06,9.7344e-07
680,1.02425e-05,9.18731e-06,1.11272e-05,9.39088e-06,9.89707e-06,0.000112096
681,8.29081e-06,1.06641e-05,1.05045e-05,9.39088e-06,9.8971e-06,8.91015e-07
682,8.73299e-06,9.19346e-06,9.66932e-06,9.39085e-06,9.89714e-06,0.000138641
683,9.23454e-06,1.05876e-05,1.1766e-05,9.39086e-06,9.89718e-06,1.0796e-06
684,9.79893e-06,9.18057e-06,1.06961e-05,9.39081e-06,9.89721e-06,0.00013919
685,1.03916e-05,1.05191e-05,9.74912e-06,9.39079e-06,9.89712e-06,1.84257e-06
686,8.40805e-06,9.32127e-06,1.23099e-05,9.39093e-06,9.89716e-06,0.000100954
687,8.87791e-06,1.07716e-05,1.09841e-05,9.39112e-06,9.89719e-06,9.11857e-07
688,9.38027e-06,9.40193e-06,1.01685e-05,9.39129e-06,9.8972e-06,0.000108322
689,9.95227e-06,1.07423e-05,9.18386e-06,9.39139e-06,9.89727e-06,9.52483e-07
690,1.05527e-05,9.29314e-06,1.13878e-05,9.39113e-06,9.8971e-06,0.000124707
691,8.59812e-06,1.08935e-05,1.07404e-05,9.39114e-06,9.89714e-06,1.02734e-06
692,9.04708e-06,9.45866e-06,1.00234e-05,9.39107e-06,9.89715e-06,0.000128245
693,9.55215e-06,1.09828e-05,9.25756e-06,9.39114e-06,9.89722e-06,1.67369e-06
694,1.01287e-05,9.58422e-06,1.14407e-05,9.3909e-06,9.89709e-06,0.000153114
695,8.13664e-06,1.10634e-05,1.0802e-05,9.39104e-06,9.89714e-06,1.96584e-06
696,8.52619e-06,9.53019e-06,9.83993e-06,9.39123e-06,9.89719e-06,9.72577e-05
697,9.08826e-06,1.08758e-05,1.19167e-05,9.39138e-06,9.89723e-06,9.19491e-07
698,9.65237e-06,9.41305e-06,1.06763e-05,9.39153e-06,9.89724e-06,0.000119367
699,1.02399e-05,1.07274e-05,9.69104e-06,9.39134e-06,9.89712e-06,9.38541e-07
700,8.21982e-06,9.5175e-06,1.21857e-05,9.39139e-06,9.89714e-06,0.000135274
701,8.64474e-06,1.0955e-05,1.07805e-05,9.39139e-06,9.89718e-06,1.26179e-06
702,9.17007e-06,9.50905e-06,1.00032e-05,9.39132e-06,9.89719e-06,0.000136642
703,9.71981e-06,1.08823e-05,9.09064e-06,9.39141e-06,9.89725e-06,1.81078e-06
704,1.03116e-05,9.37964e-06,1.12893e-05,9.3912e-06,9.89713e-06,0.000158672
705,8.28627e-06,1.09164e-05,1.05884e-05,9.39133e-06,9.89718e-06,2.03878e-06
706,8.74245e-06,9.37529e-06,9.78365e-06,9.3915e-06,9.89724e-06,0.000102933
707,9.26534e-06,1.08222e-05,1.19373e-05,9.39163e-06,9.89728e-06,9.60587e-07
708,9.83882e-06,9.36702e-06,1.08577e-05,9.39175e-06,9.89729e-06,0.000125548
709,1.04321e-05,1.07962e-05,9.93124e-06,9.39155e-06,9.89717e-06,9.95081e-07
710,8.46144e-06,9.58627e-06,1.25175e-05,9.39157e-06,9.89718e-06,0.000130344
711,8.91672e-06,1.11166e-05,1.1189e-05,9.39162e-06,9.89722e-06,1.15773e-06
712,9.45655e-06,9.62081e-06,1.0375e-05,9.39155e-06,9.89722e-06,0.000143627
713,1.00292e-05,1.10414e-05,9.39974e-06,9.39142e-06,9.89713e-06,1.95951e-06
714,8.07079e-06,9.76577e-06,1.1851e-05,9.39145e-06,9.89716e-06,9.10181e-05
715,8.46481e-06,1.11671e-05,1.05108e-05,9.39159e-06,9.8972e-06,8.59523e-07
716,9.04318e-06,9.59647e-06,9.74468e-06,9.39175e-06,9.89727e-06,0.000110387
717,9.60213e-06,1.09474e-05,1.17406e-05,9.39184e-06,9.89732e-06,9.27248e-07
718,1.02152e-05,9.43104e-06,1.06461e-05,9.39166e-06,9.89714e-06,0.000114803
719,8.17344e-06,1.10012e-05,1.01799e-05,9.3917e-06,9.89717e-06,1.01088e-06
720,8.60504e-06,9.51455e-06,9.29188e-06,9.39175e-06,9.89722e-06,0.000130172
721,9.13313e-06,1.10044e-05,1.14279e-05,9.39183e-06,9.89726e-06,1.15691e-06
722,9.70488e-06,9.43529e-06,1.03941e-05,9.39178e-06,9.89727e-06,0.000132028
723,1.03364e-05,1.08731e-05,9.55896e-06,9.39168e-06,9.89718e-06,1.68169e-06
724,8.30691e-06,9.62828e-06,1.2114e-05,9.39171e-06,9.89722e-06,9.59289e-05
725,8.76778e-06,1.10715e-05,1.0757e-05,9.39179e-06,9.89727e-06,8.91912e-07
726,9.31716e-06,9.59035e-06,1.00077e-05,9.39188e-06,9.8973e-06,0.000121595
727,9.87957e-06,1.09899e-05,9.14284e-06,9.39194e-06,9.89738e-06,1.7553e-06
728,1.05013e-05,9.55272e-06,1.14513e-05,9.3917e-06,9.89719e-06,0.000125936
729,8.49854e-06,1.12086e-05,1.08248e-05,9.39178e-06,9.89723e-06,1.77447e-06
730,8.95374e-06,9.67971e-06,1.00328e-05,9.39181e-06,9.89725e-06,0.000139307
731,9.49333e-06,1.12471e-05,9.28748e-06,9.39195e-06,9.89732e-06,2.00406e-06
732,1.0067e-05,9.73269e-06,1.15358e-05,9.39173e-06,9.89717e-06,0.000138614
733,8.09604e-06,1.12693e-05,1.08575e-05,9.39182e-06,9.8972e-06,1.79282e-06
734,8.51433e-06,9.70389e-06,9.91066e-06,9.39192e-06,9.89727e-06,9.98464e-05
735,9.10031e-06,1.11476e-05,1.20076e-05,9.39199e-06,9.89733e-06,9.33261e-07
736,9.70078e-06,9.55775e-06,1.07842e-05,9.39204e-06,9.89736e-06,0.000107678
737,1.02976e-05,1.0956e-05,9.72565e-06,9.39185e-06,9.89723e-06,9.94475e-07
738,8.25145e-06,9.74879e-06,1.22943e-05,9.39192e-06,9.89724e-06,0.000131689
739,8.70102e-06,1.12153e-05,1.0895e-05,9.39201e-06,9.89728e-06,1.92013e-06
740,9.22813e-06,9.67789e-06,1.007e-05,9.39203e-06,9.89729e-06,0.000123222
741,9.80082e-06,1.11538e-05,9.12733e-06,9.39215e-06,9.89737e-06,1.61376e-06
742,1.04298e-05,9.61238e-06,1.14184e-05,9.39196e-06,9.89721e-06,0.000147305
743,8.41194e-06,1.11976e-05,1.07085e-05,9.39203e-06,9.89725e-06,1.87453e-06
744,8.86827e-06,9.62379e-06,9.83461e-06,9.3921e-06,9.89731e-06,9.4241e-05
745,9.41897e-06,1.11355e-05,1.21104e-05,9.39213e-06,9.89739e-06,9.28168e-07
746,1.00034e-05,9.66549e-06,1.09571e-05,9.39194e-06,9.89722e-06,0.000115515
747,8.01639e-06,1.12028e-05,1.04066e-05,9.39198e-06,9.89724e-06,1.67994e-06
748,8.44477e-06,9.70369e-06,9.43274e-06,9.39208e-06,9.89728e-06,0.000110797
749,9.01819e-06,1.11298e-05,1.14317e-05,9.39216e-06,9.89731e-06,1.51511e-06
750,9.61735e-06,9.54305e-06,1.0344e-05,9.3922e-06,9.89733e-06,0.000137932
751,1.02382e-05,1.09549e-05,9.34471e-06,9.39211e-06,9.89721e-06,1.8237e-06
752,8.18528e-06,9.69595e-06,1.1997e-05,9.39217e-06,9.89724e-06,0.000137018
753,8.64241e-06,1.11777e-05,1.05341e-05,9.39225e-06,9.89729e-06,1.73806e-06
754,9.17751e-06,9.67843e-06,9.78417e-06,9.3923e-06,9.89734e-06,9.95403e-05
755,9.7505e-06,1.10726e-05,1.19528e-05,9.3923e-06,9.8974e-06,8.84789e-07
756,1.03902e-05,9.55323e-06,1.08472e-05,9.39205e-06,9.89723e-06,0.000106627
757,8.33475e-06,1.11588e-05,1.03555e-05,9.39208e-06,9.89727e-06,9.08439e-07
758,8.79193e-06,9.57001e-06,9.38632e-06,9.39218e-06,9.89731e-06,0.000122685
759,9.34398e-06,1.1115e-05,1.16042e-05,9.39228e-06,9.89734e-06,1.69224e-06
760,9.93357e-06,9.57098e-06,1.05445e-05,9.39234e-06,9.89735e-06,0.000125499
761,1.05756e-05,1.10433e-05,9.70636e-06,9.39228e-06,9.89724e-06,1.55311e-06
762,8.55419e-06,9.79764e-06,1.24467e-05,9.39236e-06,9.89728e-06,0.00015025
763,8.99838e-06,1.13414e-05,1.10347e-05,9.39245e-06,9.89731e-06,1.91073e-06
764,9.56589e-06,9.89753e-06,1.02743e-05,9.39243e-06,9.89734e-06,9.59027e-05
765,1.01497e-05,1.13381e-05,9.36712e-06,9.39219e-06,9.89723e-06,8.6883e-07
766,8.13738e-06,1.00459e-05,1.19176e-05,9.39216e-06,9.89727e-06,0.000110322
767,8.58901e-06,8.62191e-06,1.07292e-05,9.39217e-06,9.89729e-06,9.16744e-07
768,9.13994e-06,9.95633e-06,9.81124e-06,9.39227e-06,9.89733e-06,0.000115896
769,9.6897e-06,1.15896e-05,1.19847e-05,9.3924e-06,9.89737e-06,1.54626e-06
770,1.0322e-05,9.99376e-06,1.08771e-05,9.39224e-06,9.8972e-06,0.000142886
771,8.24603e-06,1.16708e-05,1.03841e-05,9.39241e-06,9.89725e-06,1.87711e-06
772,8.70642e-06,1.00113e-05,9.45167e-06,9.39261e-06,9.89734e-06,0.000140511
773,9.22246e-06,8.59272e-06,1.18189e-05,9.39263e-06,9.89736e-06,1.90957e-06
774,9.78811e-06,9.8887e-06,1.06153e-05,9.39261e-06,9.89738e-06,9.84264e-05
775,1.04069e-05,1.15422e-05,9.75175e-06,9.39228e-06,9.89726e-06,8.76239e-07
776,8.38551e-06,1.02319e-05,1.23674e-05,9.39222e-06,9.89731e-06,0.000104841
777,8.8197e-06,8.87181e-06,1.11243e-05,9.39221e-06,9.89733e-06,7.89732e-07
778,9.36087e-06,1.03401e-05,1.03065e-05,9.39231e-06,9.89736e-06,0.000133242
779,9.91196e-06,8.85907e-06,9.52053e-06,9.39244e-06,9.8974e-06,1.80345e-06
780,1.05116e-05,1.02995e-05,1.1864e-05,9.39245e-06,9.89726e-06,0.000133582
781,8.53132e-06,9.31647e-06,1.12295e-05,9.39258e-06,9.89729e-06,1.00892e-06
782,8.96745e-06,1.08624e-05,1.02651e-05,9.39272e-06,9.89734e-06,0.00015645
783,9.48142e-06,9.41858e-06,9.63377e-06,9.39277e-06,9.89739e-06,2.0086e-06
784,1.0075e-05,1.08831e-05,1.17775e-05,9.39237e-06,9.89724e-06,9.59485e-05
785,8.10861e-06,9.66645e-06,1.12009e-05,9.39231e-06,9.89726e-06,7.52983e-07
786,8.50894e-06,1.11422e-05,1.00552e-05,9.39224e-06,9.8973e-06,0.000117529
787,9.10076e-06,9.59432e-06,9.29049e-06,9.3923e-06,9.89735e-06,8.90356e-07
788,9.63124e-06,1.10116e-05,1.14077e-05,9.39246e-06,9.89739e-06,0.000145116
789,1.02616e-05,9.47883e-06,1.03327e-05,9.39236e-06,9.89722e-06,1.08593e-06
790,8.20776e-06,1.11031e-05,9.99104e-06,9.39263e-06,9.8973e-06,0.0001427
791,8.64152e-06,9.559e-06,1.2272e-05,9.39279e-06,9.89733e-06,1.88884e-06
792,9.18185e-06,1.11013e-05,1.10457e-05,9.39289e-06,9.89737e-06,0.000162606
793,9.72362e-06,9.54806e-06,1.01697e-05,9.39284e-06,9.89738e-06,2.11908e-06
794,1.03678e-05,1.10247e-05,9.22391e-06,9.39244e-06,9.89725e-06,0.000102102
795,8.33692e-06,9.7324e-06,1.19313e-05,9.39235e-06,9.89727e-06,8.5889e-07
796,8.78219e-06,1.12162e-05,1.05551e-05,9.3923e-06,9.89732e-06,0.000122982
797,9.32882e-06,9.64484e-06,9.9818e-06,9.39237e-06,9.89739e-06,9.70763e-07
798,9.88472e-06,1.10424e-05,1.21849e-05,9.39257e-06,9.89742e-06,0.000128812
799,1.05261e-05,9.61731e-06,1.12212e-05,9.3925e-06,9.89725e-06,9.93427e-07
800,8.48576e-06,1.13179e-05,1.06421e-05,9.39275e-06,9.8973e-06,0.00015351
801,8.96175e-06,9.70743e-06,9.84393e-06,9.39292e-06,9.89737e-06,2.04096e-06
802,9.48334e-06,1.1263e-05,1.21563e-05,9.39297e-06,9.89741e-06,9.5891e-05
803,1.00792e-05,9.76019e-06,1.10964e-05,9.3926e-06,9.89723e-06,8.76507e-07
804,8.10827e-06,1.13723e-05,1.05826e-05,9.39246e-06,9.89726e-06,0.000115498
805,8.51255e-06,9.77984e-06,9.58104e-06,9.39244e-06,9.8973e-06,9.217e-07
806,9.09095e-06,1.12127e-05,1.1744e-05,9.39245e-06,9.89735e-06,0.000108312
807,9.64341e-06,9.62933e-06,1.07054e-05,9.39251e-06,9.89737e-06,7.83189e-07
808,1.02995e-05,1.10574e-05,9.77217e-06,9.3925e-06,9.89726e-06,0.00013615
809,8.25309e-06,9.83169e-06,1.25143e-05,9.39269e-06,9.89729e-06,1.83475e-06
810,8.67386e-06,1.1343e-05,1.09876e-05,9.39295e-06,9.89733e-06,0.000134684
811,9.23167e-06,9.69932e-06,1.02737e-05,9.39305e-06,9.89734e-06,1.79027e-06
812,9.78288e-06,1.12202e-05,9.36988e-06,9.3931e-06,9.89742e-06,9.89248e-05
813,1.04348e-05,9.65688e-06,1.17657e-05,9.39264e-06,9.89722e-06,8.76567e-07
814,8.39196e-06,1.13198e-05,1.10335e-05,9.39248e-06,9.89726e-06,0.000125719
815,8.84454e-06,9.72585e-06,1.01707e-05,9.3924e-06,9.89728e-06,9.97991e-07
816,9.38569e-06,1.12852e-05,9.46609e-06,9.39247e-06,9.89736e-06,0.000119667
817,9.96465e-06,9.72517e-06,1.17899e-05,9.39254e-06,9.89738e-06,1.57282e-06
818,1.06025e-05,1.12242e-05,1.0789e-05,9.39255e-06,9.89724e-06,0.000146895
819,8.59848e-06,1.00197e-05,1.05392e-05,9.39282e-06,9.8973e-06,1.93568e-06
820,9.03256e-06,8.66728e-06,9.8682e-06,9.39305e-06,9.89736e-06,0.000143809
821,9.56135e-06,1.01098e-05,1.23081e-05,9.39316e-06,9.8974e-06,1.83625e-06
822,1.01454e-05,8.80701e-06,1.13125e-05,9.39283e-06,9.89722e-06,0.000104008
823,8.16532e-06,1.04486e-05,1.08775e-05,9.39268e-06,9.89724e-06,8.79286e-07
824,8.5551e-06,9.13872e-06,9.91916e-06,9.39258e-06,9.89728e-06,0.000110373
825,9.12089e-06,1.05955e-05,1.22103e-05,9.39252e-06,9.89732e-06,9.01203e-07
826,9.67165e-06,9.13621e-06,1.11625e-05,9.39253e-06,9.89734e-06,0.000126991
827,1.02919e-05,1.0629e-05,1.01653e-05,9.39247e-06,9.8972e-06,1.71201e-06
828,8.27683e-06,9.53216e-06,9.92668e-06,9.39267e-06,9.89727e-06,0.00012855
829,8.68484e-06,1.10374e-05,1.21054e-05,9.39297e-06,9.89732e-06,1.67858e-06
830,9.24296e-06,9.54784e-06,1.11206e-05,9.39315e-06,9.89733e-06,0.000155464
831,9.79825e-06,1.10865e-05,1.02001e-05,9.39323e-06,9.89737e-06,1.95211e-06
832,1.04341e-05,9.63026e-06,9.37534e-06,9.39288e-06,9.89721e-06,0.000100251
833,8.39794e-06,1.13027e-05,1.2053e-05,9.3927e-06,9.89724e-06,8.44767e-07
834,8.84652e-06,9.79678e-06,1.08395e-05,9.39257e-06,9.89724e-06,0.000123161
835,9.42312e-06,1.14158e-05,1.01638e-05,9.3925e-06,9.89728e-06,1.74027e-06
836,1.0018e-05,9.87098e-06,9.47881e-06,9.39231e-06,9.89717e-06,0.000116237
837,8.05533e-06,1.14658e-05,1.19953e-05,9.39252e-06,9.89722e-06,1.51202e-06
838,8.47884e-06,9.93983e-06,1.08418e-05,9.39272e-06,9.89726e-06,0.00014527
839,9.0562e-06,1.1449e-05,9.95763e-06,9.39309e-06,9.89734e-06,1.88793e-06
840,9.67664e-06,9.76478e-06,1.23343e-05,9.39325e-06,9.89737e-06,0.000166667
841,1.03041e-05,1.11953e-05,1.1018e-05,9.393e-06,9.89721e-06,2.15701e-06
842,8.31909e-06,9.9731e-06,1.06486e-05,9.39291e-06,9.89721e-06,0.000106382
843,8.72804e-06,1.1537e-05,9.66878e-06,9.39275e-06,9.89727e-06,8.46497e-07
844,9.31015e-06,9.9054e-06,1.20811e-05,9.39262e-06,9.89729e-06,0.000130085
845,9.8994e-06,1.14333e-05,1.0956e-05,9.39258e-06,9.89731e-06,1.75241e-06
846,1.05496e-05,9.82879e-06,1.02136e-05,9.39241e-06,9.89718e-06,0.000123603
847,8.50277e-06,1.15842e-05,9.87831e-06,9.39267e-06,9.89726e-06,1.57869e-06
848,8.96536e-06,9.95811e-06,1.22888e-05,9.3929e-06,9.89731e-06,0.000150646
849,9.51877e-06,1.15536e-05,1.11101e-05,9.39318e-06,9.89736e-06,1.92657e-06
850,1.01626e-05,9.93948e-06,1.03558e-05,9.39307e-06,9.89721e-06,9.72212e-05
851,8.19637e-06,1.162e-05,9.87757e-06,9.39307e-06,9.89725e-06,8.05069e-07
852,8.60584e-06,1.00033e-05,1.22e-05,9.3929e-06,9.89728e-06,0.000116769
853,9.16794e-06,8.65885e-06,1.11349e-05,9.39271e-06,9.89728e-06,1.61558e-06
854,9.75794e-06,9.99361e-06,1.02272e-05,9.39259e-06,9.89729e-06,0.000118901
855,1.03941e-05,1.17168e-05,9.3022e-06,9.39241e-06,9.89719e-06,1.70477e-06
856,8.35322e-06,1.03339e-05,1.20084e-05,9.39257e-06,9.89723e-06,0.000133761
857,8.74706e-06,9.07173e-06,1.0899e-05,9.39277e-06,9.89727e-06,1.76073e-06
858,9.2784e-06,1.05243e-05,1.01415e-05,9.39308e-06,9.89733e-06,0.000131416
859,9.87766e-06,9.00666e-06,9.49262e-06,9.39332e-06,9.89739e-06,1.63851e-06
860,1.05046e-05,1.04751e-05,1.18184e-05,9.39314e-06,9.89725e-06,9.77453e-05
861,8.49803e-06,9.45435e-06,1.1277e-05,9.39307e-06,9.89725e-06,1.40067e-06
862,8.91514e-06,1.10413e-05,1.02999e-05,9.39288e-06,9.89727e-06,0.000125094
863,9.46782e-06,9.589e-06,9.63472e-06,9.39275e-06,9.8973e-06,1.7566e-06
864,1.00766e-05,1.10949e-05,1.18723e-05,9.39244e-06,9.89718e-06,0.000118781
865,8.16318e-06,9.8612e-06,1.1229e-05,9.39251e-06,9.89719e-06,1.55498e-06
866,8.56053e-06,1.13718e-05,1.02218e-05,9.3927e-06,9.89724e-06,0.00014696
867,9.14016e-06,9.85279e-06,9.37397e-06,9.39294e-06,9.89731e-06,1.93952e-06
868,9.73613e-06,1.13227e-05,1.14693e-05,9.39319e-06,9.89737e-06,0.000144098
869,1.03871e-05,9.65719e-06,1.04272e-05,9.39311e-06,9.89721e-06,1.85221e-06
870,8.35012e-06,1.13786e-05,1.0094e-05,9.3931e-06,9.89724e-06,0.00010532
871,8.79043e-06,9.85634e-06,9.31801e-06,9.39302e-06,9.89727e-06,1.50363e-06
872,9.30544e-06,1.14316e-05,1.15218e-05,9.39283e-06,9.8973e-06,0.000111449
873,9.91585e-06,9.83816e-06,1.05478e-05,9.39269e-06,9.89729e-06,1.50813e-06
874,1.05593e-05,1.13653e-05,9.72748e-06,9.39252e-06,9.89719e-06,0.000128529
875,8.52587e-06,1.001e-05,1.24353e-05,9.39267e-06,9.89723e-06,1.67857e-06
876,8.98147e-06,8.68769e-06,1.1244e-05,9.39281e-06,9.89728e-06,0.000129828
877,9.51428e-06,1.0135e-05,1.03857e-05,9.39302e-06,9.89733e-06,1.66228e-06
878,1.0108e-05,8.76833e-06,9.62328e-06,9.39307e-06,9.89722e-06,0.000156065
879,8.10991e-06,1.03597e-05,1.2125e-05,9.39308e-06,9.89726e-06,1.95151e-06
880,8.50186e-06,9.04583e-06,1.09946e-05,9.39303e-06,9.89727e-06,0.000100718
881,9.05216e-06,1.05458e-05,1.01151e-05,9.39288e-06,9.89728e-06,8.45855e-07
882,9.63549e-06,9.12489e-06,9.22242e-06,9.39276e-06,9.89731e-06,0.000115518
883,1.02501e-05,1.05413e-05,1.13825e-05,9.39249e-06,9.89717e-06,1.5219e-06
884,8.21841e-06,9.35991e-06,1.0837e-05,9.39254e-06,9.89719e-06,0.000120993
885,8.63996e-06,1.08743e-05,9.86547e-06,9.39276e-06,9.89726e-06,1.52467e-06
886,9.18381e-06,9.41616e-06,1.22326e-05,9.3929e-06,9.8973e-06,0.000149834
887,9.77992e-06,1.0923e-05,1.08958e-05,9.39309e-06,9.89735e-06,1.89819e-06
888,1.04163e-05,9.42288e-06,9.9921e-06,9.39305e-06,9.89723e-06,0.000169888
889,8.36135e-06,1.10554e-05,1.254e-05,9.39305e-06,9.89727e-06,2.13073e-06
890,8.84884e-06,9.54498e-06,1.1168e-05,9.39295e-06,9.89727e-06,0.000101306
891,9.39082e-06,1.11196e-05,1.01976e-05,9.3928e-06,9.89729e-06,8.30615e-07
892,9.99445e-06,9.64e-06,9.29684e-06,9.39269e-06,9.89732e-06,0.000124024
893,1.0645e-05,1.11213e-05,1.15204e-05,9.39246e-06,9.89719e-06,1.63219e-06
894,8.59803e-06,9.85877e-06,1.09997e-05,9.39253e-06,9.89721e-06,0.000129279
895,9.06424e-06,1.14633e-05,1.00173e-05,9.39274e-06,9.89725e-06,1.67602e-06
896,9.61022e-06,1.00071e-05,9.36734e-06,9.39296e-06,9.89734e-06,0.000154654
897,1.01953e-05,8.63262e-06,1.17107e-05,9.39296e-06,9.89721e-06,1.99883e-06
898,8.19051e-06,1.01319e-05,1.10519e-05,9.393e-06,9.89724e-06,0.000150719
899,8.6077e-06,8.70899e-06,1.00938e-05,9.39297e-06,9.89725e-06,1.93563e-06
900,9.13812e-06,1.02128e-05,9.1977e-06,9.39289e-06,9.89731e-06,0.000107502
901,9.73364e-06,8.88869e-06,1.15111e-05,9.39276e-06,9.89731e-06,8.15419e-07
902,1.03442e-05,1.0321e-05,1.03836e-05,9.39248e-06,9.89718e-06,0.000111961
903,8.26343e-06,9.18546e-06,1.02242e-05,9.3925e-06,9.8972e-06,1.46538e-06
904,8.69321e-06,1.07186e-05,9.2701e-06,9.39271e-06,9.89726e-06,0.000140594
905,9.21814e-06,9.30563e-06,1.16319e-05,9.39285e-06,9.89729e-06,1.83644e-06
906,9.81172e-06,1.07843e-05,1.04429e-05,9.39302e-06,9.89734e-06,0.000163303
907,1.04381e-05,9.31451e-06,9.6722e-06,9.39302e-06,9.89724e-06,2.16082e-06
908,8.38632e-06,1.09174e-05,1.21879e-05,9.39305e-06,9.89728e-06,9.57159e-05
909,8.87456e-06,9.40321e-06,1.08859e-05,9.39299e-06,9.8973e-06,1.34814e-06
910,9.395e-06,1.09609e-05,9.90069e-06,9.3929e-06,9.89736e-06,0.000116405
911,9.99123e-06,9.49586e-06,1.22611e-05,9.39278e-06,9.89736e-06,1.44967e-06
912,1.06404e-05,1.09473e-05,1.10524e-05,9.39247e-06,9.89723e-06,0.000120355
913,8.59602e-06,9.70436e-06,1.0721e-05,9.39251e-06,9.89725e-06,1.51794e-06
914,9.04739e-06,1.1266e-05,9.64179e-06,9.39276e-06,9.89732e-06,0.000145837
915,9.59402e-06,9.74563e-06,1.20152e-05,9.39289e-06,9.89734e-06,1.90607e-06
916,1.01843e-05,1.12355e-05,1.0846e-05,9.39295e-06,9.89723e-06,0.000132185
917,8.2147e-06,9.92939e-06,1.04515e-05,9.393e-06,9.89725e-06,1.59357e-06
918,8.63328e-06,1.13953e-05,9.35904e-06,9.39302e-06,9.89732e-06,9.87181e-05
919,9.20679e-06,9.7456e-06,1.16085e-05,9.39294e-06,9.89733e-06,1.3681e-06
920,9.81281e-06,1.12235e-05,1.02776e-05,9.39285e-06,9.89736e-06,0.000107229
921,1.04319e-05,9.6393e-06,9.52671e-06,9.39252e-06,9.89724e-06,1.37696e-06
922,8.29743e-06,1.12055e-05,1.19792e-05,9.39253e-06,9.89727e-06,0.000136511
923,8.76622e-06,9.65732e-06,1.0742e-05,9.39259e-06,9.8973e-06,1.73971e-06
924,9.28431e-06,1.12076e-05,9.82943e-06,9.39284e-06,9.89737e-06,0.000125387
925,9.88254e-06,9.61412e-06,1.21239e-05,9.39298e-06,9.89738e-06,1.54139e-06
926,1.0503e-05,1.10348e-05,1.09934e-05,9.39303e-06,9.89726e-06,0.0001531
927,8.468e-06,9.74486e-06,1.05633e-05,9.39308e-06,9.89728e-06,1.93997e-06
928,8.93012e-06,1.1271e-05,9.48367e-06,9.3931e-06,9.89736e-06,9.46624e-05
929,9.4701e-06,9.67411e-06,1.18642e-05,9.393e-06,9.89738e-06,1.33732e-06
930,1.00586e-05,1.11478e-05,1.06593e-05,9.39264e-06,9.89722e-06,0.000118316
931,8.08876e-06,9.82732e-06,1.03073e-05,9.39257e-06,9.89724e-06,1.49641e-06
932,8.49093e-06,1.12927e-05,9.22581e-06,9.39265e-06,9.89731e-06,0.00011191
933,9.07071e-06,9.6246e-06,1.14323e-05,9.39271e-06,9.89733e-06,1.35924e-06
934,9.64039e-06,1.10706e-05,1.01669e-05,9.39288e-06,9.89737e-06,0.000143876
935,1.02724e-05,9.47912e-06,9.38915e-06,9.39299e-06,9.89724e-06,1.83769e-06
936,8.21432e-06,1.10515e-05,1.18972e-05,9.39308e-06,9.89729e-06,0.00016669
937,8.66807e-06,9.50859e-06,1.06189e-05,9.39311e-06,9.89732e-06,2.17249e-06
938,9.18473e-06,1.10616e-05,9.70461e-06,9.39311e-06,9.8974e-06,0.000103402
939,9.75941e-06,9.46991e-06,1.21085e-05,9.39302e-06,9.89741e-06,1.42022e-06
940,1.04073e-05,1.08765e-05,1.08557e-05,9.39264e-06,9.89725e-06,0.000127325
941,8.37237e-06,9.58914e-06,1.04591e-05,9.39257e-06,9.89727e-06,1.62359e-06
942,8.81838e-06,1.10982e-05,9.37156e-06,9.39267e-06,9.89735e-06,0.000120667
943,9.36325e-06,9.52024e-06,1.17352e-05,9.39276e-06,9.89738e-06,1.45903e-06
944,9.93621e-06,1.09811e-05,1.04772e-05,9.39293e-06,9.89741e-06,0.00014877
945,1.05747e-05,9.48342e-06,9.7616e-06,9.39303e-06,9.89727e-06,1.89768e-06
946,8.51749e-06,1.11344e-05,1.23958e-05,9.39315e-06,9.89731e-06,0.000146303
947,8.98639e-06,9.60017e-06,1.10645e-05,9.39317e-06,9.89734e-06,1.83136e-06
948,9.51072e-06,1.12116e-05,1.01149e-05,9.39313e-06,9.89739e-06,0.000107522
949,1.00853e-05,9.70631e-06,9.30661e-06,9.39279e-06,9.89725e-06,1.50455e-06
950,8.06739e-06,1.12338e-05,1.17143e-05,9.39273e-06,9.89728e-06,0.000113788
951,8.52543e-06,9.60012e-06,1.04597e-05,9.39267e-06,9.89731e-06,1.54012e-06
952,9.06578e-06,1.10733e-05,9.49871e-06,9.39278e-06,9.89739e-06,0.000130669
953,9.65542e-06,9.46818e-06,1.17908e-05,9.39288e-06,9.89741e-06,1.67141e-06
954,1.02752e-05,1.09074e-05,1.05006e-05,9.39296e-06,9.89725e-06,0.000157156
955,8.22205e-06,9.65649e-06,1.01665e-05,9.39306e-06,9.89726e-06,2.05348e-06
956,8.65256e-06,1.11608e-05,9.11781e-06,9.39318e-06,9.89733e-06,9.61597e-05
957,9.17563e-06,9.56109e-06,1.14853e-05,9.39318e-06,9.89736e-06,1.30819e-06
958,9.76083e-06,1.10598e-05,1.02235e-05,9.39315e-06,9.8974e-06,0.000118262
959,1.03901e-05,9.50103e-06,9.47027e-06,9.3928e-06,9.89726e-06,1.54486e-06
960,8.28598e-06,1.10691e-05,1.19147e-05,9.39274e-06,9.8973e-06,0.000110605
961,8.7608e-06,9.45437e-06,1.0654e-05,9.39268e-06,9.89732e-06,1.36101e-06
962,9.29024e-06,1.10009e-05,9.71543e-06,9.39282e-06,9.89741e-06,0.000139665
963,9.86841e-06,9.44862e-06,1.20474e-05,9.39294e-06,9.89743e-06,1.83284e-06
964,1.04947e-05,1.09754e-05,1.08208e-05,9.39303e-06,9.89727e-06,0.000138951
965,8.46607e-06,9.67037e-06,1.04253e-05,9.39317e-06,9.89727e-06,1.81186e-06
966,8.91776e-06,1.12645e-05,9.38175e-06,9.39329e-06,9.89734e-06,0.000100114
967,9.43331e-06,9.67557e-06,1.18219e-05,9.39326e-06,9.89738e-06,1.40419e-06
968,1.00376e-05,1.11869e-05,1.05612e-05,9.3929e-06,9.89724e-06,9.96546e-05
969,8.02263e-06,9.82774e-06,1.01495e-05,9.39281e-06,9.89725e-06,1.27225e-06
970,8.43434e-06,1.12836e-05,9.03187e-06,9.39282e-06,9.89732e-06,0.000129956
971,9.01655e-06,9.55267e-06,1.12682e-05,9.39278e-06,9.89734e-06,1.73338e-06
972,9.58095e-06,1.10471e-05,9.99937e-06,9.39291e-06,9.89744e-06,0.000131624
973,1.02282e-05,9.4318e-06,1.23971e-05,9.39297e-06,9.89726e-06,1.78651e-06
974,8.12737e-06,1.10797e-05,1.14435e-05,9.39312e-06,9.89729e-06,0.000145664
975,8.56946e-06,9.41585e-06,1.0238e-05,9.39325e-06,9.89729e-06,1.9074e-06
976,9.09202e-06,1.10335e-05,9.25669e-06,9.39336e-06,9.89736e-06,9.09243e-05
977,9.65735e-06,9.41163e-06,1.15547e-05,9.39332e-06,9.8974e-06,1.30954e-06
978,1.03084e-05,1.0899e-05,1.03366e-05,9.39292e-06,9.89726e-06,0.000114662
979,8.2354e-06,9.57288e-06,9.95857e-06,9.39287e-06,9.89731e-06,1.53702e-06
980,8.66282e-06,1.10079e-05,1.20813e-05,9.39282e-06,9.89736e-06,0.000119338
981,9.23358e-06,9.46987e-06,1.08615e-05,9.39278e-06,9.89738e-06,1.63754e-06
982,9.81392e-06,1.0977e-05,9.82089e-06,9.39294e-06,9.89746e-06,0.000136693
983,1.04484e-05,9.4338e-06,1.22467e-05,9.393e-06,9.89728e-06,1.80195e-06
984,8.35839e-06,1.11412e-05,1.12658e-05,9.39318e-06,9.89731e-06,0.000136205
985,8.83001e-06,9.49809e-06,1.02169e-05,9.39333e-06,9.89731e-06,1.73597e-06
986,9.35222e-06,1.1155e-05,9.36687e-06,9.39344e-06,9.89739e-06,0.000101772
987,9.95794e-06,9.59072e-06,1.16529e-05,9.39337e-06,9.89743e-06,1.48697e-06
988,1.05981e-05,1.11394e-05,1.05274e-05,9.39293e-06,9.89728e-06,0.0001092
989,8.51815e-06,9.77426e-06,1.01593e-05,9.39281e-06,9.8973e-06,1.52368e-06
990,8.95462e-06,1.14117e-05,9.23977e-06,9.39285e-06,9.8974e-06,0.000127466
991,9.49018e-06,9.80895e-06,1.1713e-05,9.39286e-06,9.89742e-06,1.72257e-06
992,1.01282e-05,1.13691e-05,1.05265e-05,9.39288e-06,9.89728e-06,0.000129319
993,8.0624e-06,1.00597e-05,1.01498e-05,9.39304e-06,9.8973e-06,1.7002e-06
994,8.48907e-06,8.55316e-06,9.19377e-06,9.39327e-06,9.89735e-06,0.00015555
995,9.0472e-06,9.91446e-06,1.14488e-05,9.39338e-06,9.89736e-06,2.02962e-06
996,9.60864e-06,1.16211e-05,1.02241e-05,9.39342e-06,9.8974e-06,9.43555e-05
997,1.02913e-05,1.00422e-05,9.48877e-06,9.39311e-06,9.89727e-06,1.36239e-06
998,8.1329e-06,8.92371e-06,1.21839e-05,9.39296e-06,9.8973e-06,0.000116496
999,8.5703e-06,1.03403e-05,1.07158e-05,9.39284e-06,9.89734e-06,1.56585e-06
1000,9.12659e-06,8.79971e-06,9.98433e-06,9.39283e-06,9.89741e-06,0.000121579
1001,9.69235e-06,1.02781e-05,1.22632e-05,9.39285e-06,9.89744e-06,1.6823e-06
1002,1.03542e-05,8.93357e-06,1.11794e-05,9.39291e-06,9.89727e-06,0.000150271
1003,8.22716e-06,1.06067e-05,1.05087e-05,9.39309e-06,9.89728e-06,2.03963e-06
1004,8.72432e-06,9.05251e-06,9.56186e-06,9.39332e-06,9.89733e-06,0.000160669
1005,9.2542e-06,1.06091e-05,1.18472e-05,9.39344e-06,9.89736e-06,2.024e-06
1006,9.87937e-06,9.19657e-06,1.07818e-05,9.39343e-06,9.89739e-06,0.000102296
1007,1.05136e-05,1.07468e-05,9.87832e-06,9.39309e-06,9.89727e-06,1.40791e-06
1008,8.41316e-06,9.51489e-06,1.26244e-05,9.39293e-06,9.89731e-06,0.000127237
1009,8.89252e-06,1.11019e-05,1.11661e-05,9.39282e-06,9.89736e-06,1.69785e-06
1010,9.45754e-06,9.53377e-06,1.03523e-05,9.39276e-06,9.89737e-06,0.000131613
1011,1.00881e-05,1.11338e-05,9.35943e-06,9.39275e-06,9.89727e-06,1.81515e-06
1012,8.07153e-06,9.83297e-06,1.20445e-05,9.39291e-06,9.89728e-06,0.000146185
1013,8.50074e-06,1.12918e-05,1.05021e-05,9.39312e-06,9.8973e-06,1.89011e-06
1014,9.11442e-06,9.60949e-06,9.75347e-06,9.39334e-06,9.89735e-06,9.53135e-05
1015,9.71149e-06,1.10859e-05,1.18941e-05,9.39345e-06,9.89738e-06,1.31583e-06
1016,1.03943e-05,9.54263e-06,1.07561e-05,9.39314e-06,9.89722e-06,0.000115521
1017,8.24824e-06,1.12281e-05,1.01742e-05,9.39307e-06,9.89725e-06,1.50848e-06
1018,8.71363e-06,9.64248e-06,9.29574e-06,9.393e-06,9.89731e-06,0.000119182
1019,9.27827e-06,1.11926e-05,1.16451e-05,9.39285e-06,9.89736e-06,1.58931e-06
1020,9.89965e-06,9.55997e-06,1.05387e-05,9.39278e-06,9.89736e-06,0.000133704
1021,1.05726e-05,1.11135e-05,9.66143e-06,9.39274e-06,9.89726e-06,1.69547e-06
1022,8.44641e-06,9.79849e-06,1.24842e-05,9.3929e-06,9.89728e-06,0.000132902
1023,8.94766e-06,1.13118e-05,1.09119e-05,9.39312e-06,9.89731e-06,1.64926e-06
1024,9.5515e-06,9.68011e-06,1.02082e-05,9.39329e-06,9.89731e-06,9.75026e-05
1025,1.01572e-05,1.12713e-05,9.30792e-06,9.39321e-06,9.89721e-06,1.36476e-06
1026,8.15423e-06,9.93694e-06,1.19756e-05,9.39318e-06,9.89723e-06,0.000106946
1027,8.58561e-06,1.14149e-05,1.05492e-05,9.39312e-06,9.89726e-06,1.41191e-06
1028,9.21361e-06,9.70357e-06,9.69984e-06,9.39303e-06,9.89733e-06,0.000126661
1029,9.82212e-06,1.12342e-05,1.1986e-05,9.39288e-06,9.89738e-06,1.60767e-06
1030,1.05052e-05,9.52907e-06,1.07617e-05,9.39266e-06,9.89723e-06,0.000130393
1031,8.39836e-06,1.12875e-05,1.02512e-05,9.3927e-06,9.89725e-06,1.65842e-06
1032,8.86523e-06,9.67524e-06,9.31424e-06,9.39288e-06,9.8973e-06,0.000158264
1033,9.43953e-06,1.12405e-05,1.16014e-05,9.39312e-06,9.89734e-06,2.05215e-06
1034,1.00697e-05,9.59861e-06,1.06068e-05,9.39314e-06,9.89719e-06,9.18232e-05
1035,8.10308e-06,1.1288e-05,1.00145e-05,9.39324e-06,9.89722e-06,1.30771e-06
1036,8.55368e-06,9.70037e-06,9.13383e-06,9.39327e-06,9.89726e-06,0.000113869
1037,9.12628e-06,1.11074e-05,1.11733e-05,9.39319e-06,9.8973e-06,1.4552e-06
1038,9.81581e-06,9.45334e-06,1.01476e-05,9.39299e-06,9.89732e-06,0.000119108
1039,1.04272e-05,1.10211e-05,9.22736e-06,9.39269e-06,9.89725e-06,1.54487e-06
1040,8.40702e-06,9.66723e-06,1.19442e-05,9.39266e-06,9.89726e-06,0.000148203
1041,8.8444e-06,1.12382e-05,1.05332e-05,9.3927e-06,9.89729e-06,1.98e-06
1042,9.43701e-06,9.66286e-06,9.78125e-06,9.39291e-06,9.89733e-06,0.000134854
1043,1.00523e-05,1.12061e-05,1.20596e-05,9.39306e-06,9.89721e-06,1.64853e-06
1044,8.14671e-06,9.78832e-06,1.1169e-05,9.39321e-06,9.89722e-06,0.000102791
1045,8.59572e-06,1.12797e-05,9.87031e-06,9.39341e-06,9.89729e-06,1.4248e-06
1046,9.19613e-06,9.5723e-06,1.21351e-05,9.39336e-06,9.89731e-06,0.000131513
1047,9.85663e-06,1.10302e-05,1.06701e-05,9.39323e-06,9.89735e-06,1.70814e-06
1048,1.04927e-05,9.39222e-06,9.73089e-06,9.39285e-06,9.89723e-06,0.000134345
1049,8.46253e-06,1.11129e-05,1.22461e-05,9.39268e-06,9.89727e-06,1.77867e-06
1050,8.92005e-06,9.54719e-06,1.0929e-05,9.39268e-06,9.89728e-06,0.000149141
1051,9.48813e-06,1.11586e-05,9.95128e-06,9.39277e-06,9.89736e-06,1.95177e-06
1052,1.01191e-05,9.5244e-06,1.23859e-05,9.39288e-06,9.8972e-06,9.62298e-05
1053,8.17475e-06,1.1231e-05,1.12308e-05,9.39309e-06,9.89723e-06,1.32138e-06
1054,8.64079e-06,9.50952e-06,1.00351e-05,9.39322e-06,9.89725e-06,0.000118125
1055,9.22926e-06,1.09783e-05,9.00561e-06,9.39341e-06,9.89732e-06,1.52111e-06
1056,9.85659e-06,9.38723e-06,1.11682e-05,9.39334e-06,9.89734e-06,0.000121288
1057,1.04752e-05,1.0904e-05,9.95486e-06,9.39302e-06,9.89723e-06,1.55494e-06
1058,8.47874e-06,9.61824e-06,1.27522e-05,9.39286e-06,9.89725e-06,0.000136758
1059,8.94133e-06,1.11974e-05,1.1214e-05,9.39271e-06,9.89729e-06,1.73858e-06
1060,9.50314e-06,9.61301e-06,1.024e-05,9.39272e-06,9.89729e-06,0.000136214
1061,1.01146e-05,1.1197e-05,9.21393e-06,9.39273e-06,9.89719e-06,1.74839e-06
1062,8.1813e-06,9.75438e-06,1.17238e-05,9.3929e-06,9.8972e-06,0.000102053
1063,8.62758e-06,1.1239e-05,1.0257e-05,9.39314e-06,9.89724e-06,1.45063e-06
1064,9.23881e-06,9.52804e-06,9.40295e-06,9.39332e-06,9.8973e-06,0.000111211
1065,9.8483e-06,1.09539e-05,1.14452e-05,9.39345e-06,9.89734e-06,1.42067e-06
1066,1.04917e-05,9.37001e-06,1.04033e-05,9.39312e-06,9.89719e-06,0.00012971
1067,8.42404e-06,1.11321e-05,9.88403e-06,9.39306e-06,9.89724e-06,1.57768e-06
1068,8.89843e-06,9.54043e-06,1.22328e-05,9.3929e-06,9.89726e-06,0.000133083
1069,9.47923e-06,1.10812e-05,1.08791e-05,9.39275e-06,9.8973e-06,1.63887e-06
1070,1.00774e-05,9.47455e-06,9.94521e-06,9.39268e-06,9.89719e-06,0.000160504
1071,8.106e-06,1.10737e-05,1.22863e-05,9.39278e-06,9.89721e-06,2.15645e-06
1072,8.5603e-06,9.46397e-06,1.08521e-05,9.39292e-06,9.89722e-06,9.58744e-05
1073,9.16551e-06,1.09241e-05,9.71917e-06,9.3932e-06,9.8973e-06,1.3692e-06
1074,9.77567e-06,9.20293e-06,1.1923e-05,9.39333e-06,9.89732e-06,0.000118131
1075,1.0401e-05,1.06873e-05,1.05145e-05,9.3932e-06,9.8972e-06,1.49861e-06
1076,8.37416e-06,9.49597e-06,1.01286e-05,9.39311e-06,9.89719e-06,0.000123262
1077,8.82293e-06,1.10984e-05,9.11269e-06,9.39304e-06,9.89726e-06,1.52655e-06
1078,9.3722e-06,9.45443e-06,1.13874e-05,9.3929e-06,9.89728e-06,0.000151919
1079,9.97677e-06,1.10205e-05,1.02132e-05,9.39278e-06,9.89732e-06,1.92936e-06
1080,1.0627e-05,9.37912e-06,9.41479e-06,9.39265e-06,9.89722e-06,9.33936e-05
1081,8.52033e-06,1.11087e-05,1.19727e-05,9.39279e-06,9.89725e-06,1.33452e-06
1082,9.03503e-06,9.51257e-06,1.06753e-05,9.39292e-06,9.89727e-06,0.000114505
1083,9.60073e-06,1.10943e-05,9.77146e-06,9.39325e-06,9.89734e-06,1.51413e-06
1084,1.02196e-05,9.44897e-06,1.21798e-05,9.39317e-06,9.89721e-06,0.000118261
1085,8.21431e-06,1.11417e-05,1.11666e-05,9.3932e-06,9.89723e-06,1.50356e-06
1086,8.65047e-06,9.56422e-06,1.01156e-05,9.39314e-06,9.89723e-06,0.000136815
1087,9.25063e-06,1.11551e-05,9.09188e-06,9.39304e-06,9.89729e-06,1.64179e-06
1088,9.8682e-06,9.39287e-06,1.13016e-05,9.39294e-06,9.89731e-06,0.000135652
1089,1.04782e-05,1.0879e-05,1.00852e-05,9.39261e-06,9.8972e-06,1.61856e-06
1090,8.41564e-06,9.62864e-06,9.79381e-06,9.39268e-06,9.89724e-06,0.000101891
1091,8.86964e-06,1.119e-05,1.19191e-05,9.39282e-06,9.89728e-06,1.50924e-06
1092,9.45404e-06,9.55253e-06,1.07289e-05,9.39296e-06,9.89729e-06,0.000110203
1093,1.0052e-05,1.11242e-05,9.7283e-06,9.39315e-06,9.8972e-06,1.44584e-06
1094,8.05869e-06,9.71791e-06,1.22036e-05,9.39322e-06,9.89722e-06,0.000130337
1095,8.50836e-06,1.11724e-05,1.06745e-05,9.39324e-06,9.89724e-06,1.54528e-06
1096,9.12838e-06,9.4818e-06,9.64645e-06,9.39322e-06,9.89729e-06,0.000133456
1097,9.74108e-06,1.08994e-05,1.17374e-05,9.39308e-06,9.89732e-06,1.53785e-06
1098,1.03829e-05,9.1991e-06,1.05182e-05,9.39277e-06,9.89719e-06,0.000161365
1099,8.28913e-06,1.08914e-05,9.9751e-06,9.39272e-06,9.89725e-06,1.97971e-06
1100,8.72936e-06,9.32324e-06,1.22161e-05,9.39278e-06,9.89727e-06,9.6857e-05
1101,9.31412e-06,1.08891e-05,1.08011e-05,9.39291e-06,9.8973e-06,1.38544e-06
1102,9.92286e-06,9.25011e-06,9.86175e-06,9.39312e-06,9.89734e-06,0.00012041
1103,1.05735e-05,1.07245e-05,1.20343e-05,9.39318e-06,9.89721e-06,1.55455e-06
1104,8.46618e-06,9.43545e-06,1.12405e-05,9.39321e-06,9.89722e-06,0.000124568
1105,8.95154e-06,1.09892e-05,9.9916e-06,9.39329e-06,9.89728e-06,1.51832e-06
1106,9.56936e-06,9.33093e-06,1.23693e-05,9.3932e-06,9.8973e-06,0.000143292
1107,1.01807e-05,1.08742e-05,1.09613e-05,9.39287e-06,9.89718e-06,1.65606e-06
1108,8.16465e-06,9.54643e-06,1.03971e-05,9.39281e-06,9.8972e-06,0.000142939
1109,8.58317e-06,1.11157e-05,9.27431e-06,9.39282e-06,9.89726e-06,1.70064e-06
1110,9.21191e-06,9.37983e-06,1.1468e-05,9.39285e-06,9.89728e-06,0.000108708
1111,9.82644e-06,1.0902e-05,1.0156e-05,9.39297e-06,9.89732e-06,1.60549e-06
1112,1.0461e-05,9.23278e-06,9.33074e-06,9.39304e-06,9.89719e-06,0.000116886
1113,8.31047e-06,1.08947e-05,1.17623e-05,9.39321e-06,9.89722e-06,1.52903e-06
1114,8.78478e-06,9.31809e-06,1.05071e-05,9.39324e-06,9.89724e-06,0.000136181
1115,9.35401e-06,1.09408e-05,9.52466e-06,9.39325e-06,9.89731e-06,1.60331e-06
1116,9.97199e-06,9.23283e-06,1.1983e-05,9.39321e-06,9.89732e-06,0.000138284
1117,1.06376e-05,1.07997e-05,1.06644e-05,9.39288e-06,9.8972e-06,1.62215e-06
1118,8.49748e-06,9.52944e-06,1.02851e-05,9.39284e-06,9.89722e-06,0.000104144
1119,8.98356e-06,1.11296e-05,9.22613e-06,9.39289e-06,9.89729e-06,1.54214e-06
1120,9.57894e-06,9.40948e-06,1.16018e-05,9.39288e-06,9.89731e-06,0.000109802
1121,1.02031e-05,1.09584e-05,1.04256e-05,9.39289e-06,9.89719e-06,1.45675e-06
1122,8.18264e-06,9.66082e-06,1.00432e-05,9.39299e-06,9.8972e-06,0.000127244
1123,8.60203e-06,1.11811e-05,8.99174e-06,9.3932e-06,9.89725e-06,1.54417e-06
1124,9.21907e-06,9.42924e-06,1.12599e-05,9.39323e-06,9.89727e-06,0.000127938
1125,9.83435e-06,1.09629e-05,1.00523e-05,9.39322e-06,9.89731e-06,1.49596e-06
1126,1.04769e-05,9.28666e-06,9.30965e-06,9.39302e-06,9.8972e-06,0.000156186
1127,8.33406e-06,1.09735e-05,1.18146e-05,9.39293e-06,9.89723e-06,1.8367e-06
1128,8.79119e-06,9.37702e-06,1.05562e-05,9.39289e-06,9.89725e-06,9.42564e-05
1129,9.36556e-06,1.10061e-05,9.62627e-06,9.39291e-06,9.89733e-06,1.37128e-06
1130,9.99749e-06,9.27037e-06,1.20564e-05,9.39292e-06,9.89736e-06,0.000119066
1131,1.06758e-05,1.0787e-05,1.07855e-05,9.39295e-06,9.89723e-06,1.53791e-06
1132,8.54636e-06,9.5279e-06,1.04128e-05,9.39304e-06,9.89724e-06,0.000126186
1133,8.99508e-06,1.10951e-05,9.32315e-06,9.39323e-06,9.8973e-06,1.56514e-06
1134,9.59755e-06,9.40962e-06,1.17641e-05,9.39325e-06,9.89733e-06,0.000146113
1135,1.0236e-05,1.09559e-05,1.05626e-05,9.39302e-06,9.8972e-06,1.65366e-06
1136,8.22605e-06,9.6227e-06,1.01981e-05,9.39303e-06,9.89722e-06,0.000144515
1137,8.63903e-06,1.12016e-05,9.16038e-06,9.39301e-06,9.89729e-06,1.66533e-06
1138,9.25879e-06,9.40469e-06,1.14334e-05,9.39296e-06,9.89731e-06,0.000105265
1139,9.88096e-06,1.09573e-05,1.01952e-05,9.39292e-06,9.89736e-06,1.5497e-06
1140,1.05301e-05,9.30629e-06,9.4497e-06,9.39286e-06,9.89724e-06,0.000112856
1141,8.39341e-06,1.09882e-05,1.1952e-05,9.39305e-06,9.89727e-06,1.49999e-06
1142,8.83989e-06,9.38625e-06,1.06806e-05,9.39314e-06,9.89728e-06,0.000132283
1143,9.40822e-06,1.10074e-05,9.71849e-06,9.3933e-06,9.89734e-06,1.55281e-06
1144,1.00364e-05,9.29696e-06,1.22206e-05,9.39312e-06,9.8972e-06,0.000135115
1145,8.0442e-06,1.09093e-05,1.11483e-05,9.3931e-06,9.89724e-06,1.53468e-06
1146,8.49904e-06,9.31947e-06,1.00758e-05,9.39308e-06,9.89726e-06,0.000102866
1147,9.09068e-06,1.08165e-05,8.9627e-06,9.39311e-06,9.89733e-06,1.44064e-06
1148,9.69589e-06,9.05261e-06,1.12487e-05,9.39303e-06,9.89735e-06,0.000109401
1149,1.0354e-05,1.05885e-05,9.97576e-06,9.39291e-06,9.89725e-06,1.42861e-06
1150,8.27875e-06,9.25751e-06,1.27308e-05,9.39296e-06,9.89728e-06,0.000127894
1151,8.70191e-06,1.08075e-05,1.11426e-05,9.39312e-06,9.8973e-06,1.53197e-06
1152,9.27357e-06,9.23292e-06,1.01298e-05,9.39319e-06,9.8973e-06,0.000129294
1153,9.86151e-06,1.07742e-05,9.15166e-06,9.3933e-06,9.89737e-06,1.52294e-06
1154,1.05258e-05,9.10385e-06,1.15166e-05,9.39311e-06,9.8972e-06,0.000157421
1155,8.43269e-06,1.08082e-05,1.06982e-05,9.39309e-06,9.89724e-06,1.80035e-06
1156,8.90273e-06,9.24173e-06,9.73438e-06,9.39316e-06,9.8973e-06,9.30402e-05
1157,9.45426e-06,1.08131e-05,1.2053e-05,9.39312e-06,9.89735e-06,1.31273e-06
1158,1.00812e-05,9.21539e-06,1.08533e-05,9.39281e-06,9.8972e-06,0.00011752
1159,8.06173e-06,1.09055e-05,1.02107e-05,9.39286e-06,9.89723e-06,1.49645e-06
1160,8.50967e-06,9.29349e-06,9.22582e-06,9.39297e-06,9.89729e-06,0.000125075
1161,9.06378e-06,1.07691e-05,1.12367e-05,9.39312e-06,9.89733e-06,1.58047e-06
1162,9.6783e-06,9.1814e-06,1.0185e-05,9.39317e-06,9.89733e-06,0.000156248
1163,1.02867e-05,1.06608e-05,9.15219e-06,9.39309e-06,9.89721e-06,1.88053e-06
1164,8.21026e-06,9.3211e-06,1.18059e-05,9.39314e-06,9.89723e-06,9.18086e-05
1165,8.64297e-06,1.08514e-05,1.03541e-05,9.39312e-06,9.89728e-06,1.22643e-06
1166,9.20129e-06,9.29558e-06,9.51829e-06,9.39319e-06,9.89733e-06,0.000113172
1167,9.7642e-06,1.08389e-05,1.17713e-05,9.39318e-06,9.89737e-06,1.38849e-06
1168,1.04186e-05,9.22296e-06,1.06131e-05,9.39286e-06,9.8972e-06,0.000115982
1169,8.31331e-06,1.09905e-05,1.00615e-05,9.39292e-06,9.89724e-06,1.48939e-06
1170,8.76678e-06,9.3044e-06,9.09813e-06,9.39302e-06,9.8973e-06,0.000133958
1171,9.31795e-06,1.08607e-05,1.12773e-05,9.39316e-06,9.89734e-06,1.57869e-06
1172,9.90431e-06,9.32587e-06,1.03018e-05,9.3932e-06,9.89735e-06,0.000133752
1173,1.05627e-05,1.08475e-05,9.41084e-06,9.39309e-06,9.89723e-06,1.51596e-06
1174,8.454e-06,9.55834e-06,1.21776e-05,9.39314e-06,9.89725e-06,0.000101244
1175,8.90518e-06,1.11186e-05,1.06821e-05,9.39314e-06,9.8973e-06,1.33318e-06
1176,9.46744e-06,9.5573e-06,9.92364e-06,9.3932e-06,9.89736e-06,0.000110754
1177,1.00476e-05,1.11007e-05,1.21383e-05,9.39291e-06,9.89721e-06,1.37857e-06
1178,8.02306e-06,9.70189e-06,1.12392e-05,9.39291e-06,9.89722e-06,0.000132338
1179,8.46917e-06,1.1238e-05,9.96469e-06,9.39308e-06,9.8973e-06,1.57592e-06
1180,9.04995e-06,9.41342e-06,1.22045e-05,9.3931e-06,9.89733e-06,0.000135922
1181,9.63374e-06,1.096e-05,1.06989e-05,9.39321e-06,9.89737e-06,1.58021e-06
1182,1.02617e-05,9.34931e-06,9.79295e-06,9.3931e-06,9.89723e-06,0.000165087
1183,8.10795e-06,1.09813e-05,1.2216e-05,9.39314e-06,9.89727e-06,1.90351e-06
1184,8.57914e-06,9.36509e-06,1.07975e-05,9.39317e-06,9.89729e-06,9.61603e-05
1185,9.09646e-06,1.09513e-05,9.76768e-06,9.39321e-06,9.89737e-06,1.31952e-06
1186,9.69209e-06,9.31095e-06,1.211e-05,9.39323e-06,9.89739e-06,0.000119884
1187,1.03305e-05,1.08129e-05,1.07987e-05,9.39293e-06,9.89723e-06,1.52219e-06
1188,8.23212e-06,9.53158e-06,1.02567e-05,9.39294e-06,9.89725e-06,0.000124951
1189,8.71073e-06,1.10791e-05,9.18045e-06,9.39312e-06,9.89732e-06,1.62535e-06
1190,9.23098e-06,9.37418e-06,1.15432e-05,9.39314e-06,9.89736e-06,0.000155088
1191,9.85572e-06,1.09615e-05,1.03133e-05,9.39325e-06,9.8974e-06,1.88937e-06
1192,1.04905e-05,9.44024e-06,9.64958e-06,9.39312e-06,9.89726e-06,9.52789e-05
1193,8.36579e-06,1.11983e-05,1.21671e-05,9.39314e-06,9.8973e-06,1.28889e-06
1194,8.88024e-06,9.56838e-06,1.08794e-05,9.39319e-06,9.89732e-06,0.000116675
1195,9.3853e-06,1.12139e-05,9.94322e-06,9.3932e-06,9.89741e-06,1.43744e-06
1196,1.00495e-05,9.5762e-06,1.23369e-05,9.39292e-06,9.89724e-06,0.000121317
1197,7.99388e-06,1.12379e-05,1.13225e-05,9.39297e-06,9.89727e-06,1.57322e-06
1198,8.46927e-06,9.57712e-06,1.01649e-05,9.39299e-06,9.89728e-06,0.00014001
1199,9.06345e-06,1.11399e-05,9.14061e-06,9.39318e-06,9.89736e-06,1.68674e-06
1200,9.65532e-06,9.41427e-06,1.13964e-05,9.3932e-06,9.89739e-06,8.84229e-05
1201,1.02754e-05,1.09243e-05,1.02316e-05,9.39306e-06,9.89724e-06,1.16471e-06
1202,8.17966e-06,9.69267e-06,9.95352e-06,9.39315e-06,9.89729e-06,0.000113084
1203,8.63993e-06,1.11955e-05,1.20801e-05,9.39317e-06,9.89734e-06,1.36547e-06
1204,9.23374e-06,9.52459e-06,1.0874e-05,9.39321e-06,9.89735e-06,0.00011742
1205,9.81241e-06,1.11519e-05,9.8359e-06,9.39322e-06,9.89743e-06,1.47845e-06
1206,1.04706e-05,9.49556e-06,1.22972e-05,9.39295e-06,9.89726e-06,0.000136196
1207,8.35944e-06,1.12586e-05,1.12967e-05,9.39302e-06,9.89729e-06,1.65087e-06
1208,8.90215e-06,9.57498e-06,1.02174e-05,9.39305e-06,9.89731e-06,0.000136411
1209,9.43938e-06,1.1216e-05,9.33266e-06,9.39326e-06,9.89739e-06,1.59479e-06
1210,1.00649e-05,9.57197e-06,1.1687e-05,9.39304e-06,9.89724e-06,9.74438e-05
1211,8.01212e-06,1.12404e-05,1.09303e-05,9.39308e-06,9.89728e-06,1.28069e-06
1212,8.49266e-06,9.66106e-06,9.92204e-06,9.39315e-06,9.89733e-06,0.000104232
1213,9.09875e-06,1.11245e-05,1.21073e-05,9.39315e-06,9.89737e-06,1.24978e-06
1214,9.7285e-06,9.44055e-06,1.08359e-05,9.39319e-06,9.89738e-06,0.000137434
1215,1.0345e-05,1.0994e-05,9.81106e-06,9.39291e-06,9.89727e-06,1.71342e-06
1216,8.26678e-06,9.68266e-06,1.24584e-05,9.39296e-06,9.89729e-06,0.000137235
1217,8.7569e-06,1.1274e-05,1.09221e-05,9.39307e-06,9.89731e-06,1.75195e-06
1218,9.35362e-06,9.54678e-06,1.00872e-05,9.39312e-06,9.89732e-06,0.000154203
1219,9.94624e-06,1.11905e-05,9.17613e-06,9.39335e-06,9.8974e-06,1.79075e-06
1220,1.06007e-05,9.61858e-06,1.16487e-05,9.3931e-06,9.89726e-06,9.65847e-05
1221,8.48597e-06,1.13721e-05,1.08981e-05,9.39312e-06,9.8973e-06,1.28168e-06
1222,9.01731e-06,9.72792e-06,1.00118e-05,9.39313e-06,9.89731e-06,0.000122242
1223,9.60031e-06,1.1376e-05,9.27717e-06,9.39312e-06,9.89739e-06,1.5374e-06
1224,1.02218e-05,9.75097e-06,1.16625e-05,9.39288e-06,9.89723e-06,0.000116731
1225,8.16162e-06,1.14221e-05,1.0882e-05,9.39291e-06,9.89726e-06,1.47539e-06
1226,8.64511e-06,9.83221e-06,9.95344e-06,9.39299e-06,9.89731e-06,0.000149608
1227,9.27193e-06,1.13361e-05,1.21427e-05,9.39313e-06,9.89734e-06,1.84746e-06
1228,9.89492e-06,9.58039e-06,1.09493e-05,9.39318e-06,9.89735e-06,9.79626e-05
1229,1.05484e-05,1.11691e-05,9.90792e-06,9.39316e-06,9.89726e-06,1.29371e-06
1230,8.40156e-06,9.85924e-06,1.26656e-05,9.39314e-06,9.89729e-06,0.000121283
1231,8.91916e-06,1.14523e-05,1.10801e-05,9.39311e-06,9.89733e-06,1.47983e-06
1232,9.50506e-06,9.74681e-06,1.03035e-05,9.39311e-06,9.89734e-06,0.000112781
1233,1.01058e-05,1.13646e-05,9.38826e-06,9.39281e-06,9.89724e-06,1.33898e-06
1234,8.07768e-06,9.99396e-06,1.19633e-05,9.39284e-06,9.89724e-06,0.000142404
1235,8.5223e-06,1.14588e-05,1.05545e-05,9.39292e-06,9.89728e-06,1.76679e-06
1236,9.17049e-06,9.74975e-06,9.72186e-06,9.39301e-06,9.89733e-06,0.000140108
1237,9.79615e-06,1.12135e-05,1.18838e-05,9.39317e-06,9.89736e-06,1.71181e-06
1238,1.04422e-05,9.4948e-06,1.07396e-05,9.39306e-06,9.89722e-06,9.9517e-05
1239,8.31244e-06,1.12381e-05,1.02467e-05,9.39313e-06,9.89727e-06,1.31942e-06
1240,8.78793e-06,9.70006e-06,9.41988e-06,9.39319e-06,9.89732e-06,0.00010769
1241,9.36931e-06,1.12519e-05,1.1666e-05,9.39315e-06,9.89737e-06,1.33231e-06
1242,1.00037e-05,9.57669e-06,1.06571e-05,9.39286e-06,9.89721e-06,0.000140028
1243,7.99559e-06,1.12335e-05,1.01105e-05,9.39281e-06,9.89723e-06,1.76432e-06
1244,8.43279e-06,9.65398e-06,9.18935e-06,9.39285e-06,9.89728e-06,0.000129715
1245,9.02575e-06,1.1084e-05,1.12618e-05,9.39294e-06,9.89732e-06,1.57471e-06
1246,9.68634e-06,9.39191e-06,1.01999e-05,9.39298e-06,9.89734e-06,9.81317e-05
1247,1.03121e-05,1.09278e-05,9.33098e-06,9.393e-06,9.89723e-06,1.28423e-06
1248,8.24215e-06,9.57623e-06,1.20105e-05,9.39312e-06,9.89725e-06,0.000103906
1249,8.67911e-06,1.11682e-05,1.06934e-05,9.39319e-06,9.89731e-06,1.23726e-06
1250,9.25863e-06,9.61505e-06,9.9589e-06,9.39324e-06,9.89737e-06,0.000120713
1251,9.87997e-06,1.10814e-05,1.21726e-05,9.39319e-06,9.89742e-06,1.41291e-06
1252,1.05366e-05,9.46388e-06,1.10606e-05,9.39278e-06,9.89724e-06,0.000122137
1253,8.45273e-06,1.11912e-05,1.04953e-05,9.39277e-06,9.89727e-06,1.47315e-06
1254,8.94326e-06,9.60299e-06,9.58587e-06,9.39283e-06,9.89732e-06,0.000151702
1255,9.53494e-06,1.11519e-05,1.18764e-05,9.39294e-06,9.89737e-06,1.84417e-06
1256,1.01536e-05,9.54159e-06,1.08272e-05,9.39282e-06,9.89721e-06,9.23064e-05
1257,8.1145e-06,1.12747e-05,1.03538e-05,9.39302e-06,9.89724e-06,1.20714e-06
1258,8.54071e-06,9.63417e-06,9.45397e-06,9.39321e-06,9.89729e-06,0.000117156
1259,9.12548e-06,1.118e-05,1.15584e-05,9.39327e-06,9.89735e-06,1.42602e-06
1260,9.74994e-06,9.52233e-06,1.05194e-05,9.39326e-06,9.89738e-06,0.000125387
1261,1.04084e-05,1.10612e-05,9.54495e-06,9.39286e-06,9.89725e-06,1.55e-06
1262,8.29604e-06,9.72433e-06,1.23126e-05,9.39273e-06,9.89727e-06,0.000143935
1263,8.7623e-06,1.12772e-05,1.08132e-05,9.39275e-06,9.89731e-06,1.73621e-06
1264,9.35175e-06,9.72575e-06,1.00692e-05,9.39277e-06,9.89731e-06,0.000143785
1265,9.93455e-06,1.13093e-05,9.22047e-06,9.39294e-06,9.89739e-06,1.66534e-06
1266,1.06019e-05,9.67409e-06,1.16225e-05,9.39291e-06,9.89721e-06,0.000104309
1267,8.46684e-06,1.14158e-05,1.09887e-05,9.39312e-06,9.89726e-06,1.42324e-06
1268,8.97408e-06,9.74825e-06,1.01244e-05,9.39329e-06,9.89728e-06,0.000111775
1269,9.57212e-06,1.14211e-05,9.34524e-06,9.39339e-06,9.89737e-06,1.41918e-06
1270,1.01696e-05,9.76316e-06,1.17767e-05,9.393e-06,9.89722e-06,0.00012951
1271,8.14178e-06,1.14968e-05,1.10396e-05,9.39282e-06,9.89726e-06,1.58155e-06
1272,8.58971e-06,9.84106e-06,1.01579e-05,9.39268e-06,9.89726e-06,0.000132721
1273,9.18557e-06,1.14773e-05,9.252e-06,9.39277e-06,9.89734e-06,1.60651e-06
1274,9.80532e-06,9.77851e-06,1.1581e-05,9.3928e-06,9.89735e-06,0.000102018
1275,1.0474e-05,1.1298e-05,1.04293e-05,9.39283e-06,9.89721e-06,1.361e-06
1276,8.36281e-06,1.00116e-05,1.02816e-05,9.39306e-06,9.89724e-06,0.000100214
1277,8.8205e-06,8.65487e-06,9.51985e-06,9.39331e-06,9.8973e-06,1.21777e-06
1278,9.37137e-06,1.01346e-05,1.19014e-05,9.39344e-06,9.89735e-06,0.000130164
1279,9.96921e-06,8.74822e-06,1.1022e-05,9.39346e-06,9.89737e-06,1.62531e-06
1280,1.06343e-05,1.03338e-05,1.02577e-05,9.39295e-06,9.89722e-06,0.000130561
1281,8.50887e-06,9.35144e-06,1.01215e-05,9.39276e-06,9.89724e-06,1.64903e-06
1282,8.97626e-06,1.10164e-05,9.28359e-06,9.39274e-06,9.89731e-06,0.000146818
1283,9.56588e-06,9.48739e-06,1.18656e-05,9.39269e-06,9.89733e-06,1.75427e-06
1284,1.0181e-05,1.11072e-05,1.08493e-05,9.39265e-06,9.8972e-06,9.18375e-05
1285,8.17627e-06,9.90024e-06,1.07101e-05,9.39283e-06,9.8972e-06,1.20111e-06
1286,8.60806e-06,1.14745e-05,9.62721e-06,9.39311e-06,9.89727e-06,0.000117658
1287,9.21516e-06,9.81713e-06,1.20331e-05,9.39334e-06,9.8973e-06,1.49202e-06
1288,9.84755e-06,1.13892e-05,1.0809e-05,9.39344e-06,9.89735e-06,0.000114131
1289,1.05338e-05,9.802e-06,1.00382e-05,9.39307e-06,9.8972e-06,1.38814e-06
1290,8.39314e-06,1.16073e-05,9.78156e-06,9.39297e-06,9.89725e-06,0.000147328
1291,8.86481e-06,9.97471e-06,1.21173e-05,9.39277e-06,9.89727e-06,1.83366e-06
1292,9.42979e-06,1.16486e-05,1.09624e-05,9.3927e-06,9.89731e-06,0.000147542
1293,1.00447e-05,1.00213e-05,1.02364e-05,9.39256e-06,9.89719e-06,1.76978e-06
1294,8.06553e-06,8.96329e-06,9.96094e-06,9.39273e-06,9.89723e-06,0.000100341
1295,8.48123e-06,1.02903e-05,1.20792e-05,9.39295e-06,9.89726e-06,1.37022e-06
1296,9.06573e-06,8.79999e-06,1.09549e-05,9.39322e-06,9.89728e-06,0.00010755
1297,9.66473e-06,1.03309e-05,1.00493e-05,9.39341e-06,9.89733e-06,1.35945e-06
1298,1.03001e-05,8.94085e-06,9.35694e-06,9.39324e-06,9.89722e-06,0.000138065
1299,8.20895e-06,1.06441e-05,1.19926e-05,9.39314e-06,9.89724e-06,1.77625e-06
1300,8.62388e-06,9.25343e-06,1.09358e-05,9.39296e-06,9.89727e-06,0.000126871
1301,9.16735e-06,1.08771e-05,1.0125e-05,9.39283e-06,9.89731e-06,1.53629e-06
1302,9.76882e-06,9.37637e-06,9.46307e-06,9.39272e-06,9.89736e-06,9.68342e-05
1303,1.04406e-05,1.08602e-05,1.17106e-05,9.39259e-06,9.89723e-06,1.29686e-06
1304,8.39143e-06,9.65924e-06,1.12488e-05,9.39275e-06,9.89723e-06,0.000104554
1305,8.87504e-06,1.12187e-05,1.02039e-05,9.39301e-06,9.89727e-06,1.32567e-06
1306,9.44367e-06,9.70941e-06,9.54767e-06,9.39336e-06,9.89733e-06,0.000133179
1307,1.00423e-05,1.12437e-05,1.18126e-05,9.39327e-06,9.89722e-06,1.76767e-06
1308,8.10824e-06,1.00086e-05,1.12414e-05,9.39324e-06,9.89726e-06,0.000121317
1309,8.5139e-06,8.61986e-06,1.03332e-05,9.39311e-06,9.89727e-06,1.52717e-06
1310,9.07278e-06,1.00424e-05,9.40899e-06,9.39303e-06,9.89734e-06,0.000151035
1311,9.66211e-06,8.5882e-06,1.18022e-05,9.39282e-06,9.89736e-06,1.82346e-06
1312,1.03004e-05,1.00653e-05,1.05709e-05,9.3925e-06,9.89723e-06,9.08419e-05
1313,8.23914e-06,9.07083e-06,1.04488e-05,9.39258e-06,9.89723e-06,1.22245e-06
1314,8.64653e-06,1.06364e-05,9.46089e-06,9.39284e-06,9.89729e-06,0.000113793
1315,9.18929e-06,9.15994e-06,1.19436e-05,9.3931e-06,9.8973e-06,1.46843e-06
1316,9.77314e-06,1.07349e-05,1.07916e-05,9.39333e-06,9.89735e-06,0.000122484
1317,1.04421e-05,9.30468e-06,9.99956e-06,9.39325e-06,9.89723e-06,1.59561e-06
1318,8.36829e-06,1.09763e-05,1.26903e-05,9.39321e-06,9.89728e-06,0.00014053
1319,8.83621e-06,9.43883e-06,1.12444e-05,9.39306e-06,9.8973e-06,1.7591e-06
1320,9.40016e-06,1.10725e-05,1.03231e-05,9.39294e-06,9.89732e-06,0.000142168
1321,1.00043e-05,9.57338e-06,9.49326e-06,9.39247e-06,9.8972e-06,1.63778e-06
1322,8.02332e-06,1.12053e-05,1.1948e-05,9.39251e-06,9.89724e-06,0.000103391
1323,8.44309e-06,9.65366e-06,1.07448e-05,9.39263e-06,9.89725e-06,1.41316e-06
1324,9.02071e-06,1.12003e-05,9.76048e-06,9.39289e-06,9.89732e-06,0.000111237
1325,9.64501e-06,9.55821e-06,1.21106e-05,9.39317e-06,9.89734e-06,1.44262e-06
1326,1.02881e-05,1.09956e-05,1.07047e-05,9.39314e-06,9.89721e-06,0.000128534
1327,8.26194e-06,9.82189e-06,1.03957e-05,9.39319e-06,9.89724e-06,1.63282e-06
1328,8.66581e-06,1.13512e-05,9.35056e-06,9.39317e-06,9.89732e-06,0.000132695
1329,9.2427e-06,9.72196e-06,1.16501e-05,9.39304e-06,9.89733e-06,1.63014e-06
1330,9.85183e-06,1.13221e-05,1.0483e-05,9.39295e-06,9.89735e-06,0.000161375
1331,1.05222e-05,9.72442e-06,9.69098e-06,9.3925e-06,9.89723e-06,1.93813e-06
1332,8.4289e-06,1.14345e-05,1.23373e-05,9.39258e-06,9.89728e-06,9.84508e-05
1333,8.90023e-06,9.78921e-06,1.09977e-05,9.39269e-06,9.89728e-06,1.35984e-06
1334,9.4597e-06,1.13868e-05,1.00795e-05,9.39292e-06,9.89731e-06,0.000122289
1335,1.00863e-05,9.84255e-06,9.29675e-06,9.3931e-06,9.89719e-06,1.6321e-06
1336,8.08131e-06,1.1448e-05,1.1739e-05,9.39319e-06,9.89723e-06,0.000128214
1337,8.53133e-06,9.85222e-06,1.05679e-05,9.39321e-06,9.89727e-06,1.68069e-06
1338,9.10021e-06,1.137e-05,9.63158e-06,9.39321e-06,9.89735e-06,0.000144485
1339,9.71126e-06,9.70083e-06,1.19413e-05,9.39308e-06,9.89736e-06,1.77995e-06
1340,1.03883e-05,1.11742e-05,1.0605e-05,9.39266e-06,9.89721e-06,9.24388e-05
1341,8.33749e-06,9.87282e-06,1.03165e-05,9.39257e-06,9.89722e-06,1.25767e-06
1342,8.75117e-06,1.14366e-05,9.26015e-06,9.39271e-06,9.8973e-06,0.000114796
1343,9.31135e-06,9.77995e-06,1.16784e-05,9.39282e-06,9.89731e-06,1.54262e-06
1344,9.9134e-06,1.13526e-05,1.04391e-05,9.39304e-06,9.89734e-06,0.000119468
1345,1.05884e-05,9.75937e-06,9.6903e-06,9.39313e-06,9.89722e-06,1.63923e-06
1346,8.49701e-06,1.14539e-05,1.23062e-05,9.39323e-06,9.89727e-06,0.000134642
1347,8.94089e-06,9.81438e-06,1.09824e-05,9.39322e-06,9.8973e-06,1.7759e-06
1348,9.49046e-06,1.14092e-05,1.00381e-05,9.39317e-06,9.89734e-06,0.000135778
1349,1.01126e-05,9.82972e-06,9.22983e-06,9.39274e-06,9.89722e-06,1.65895e-06
1350,8.10941e-06,1.14542e-05,1.17115e-05,9.39269e-06,9.89724e-06,9.65768e-05
1351,8.53623e-06,9.78671e-06,1.04931e-05,9.39261e-06,9.89727e-06,1.3866e-06
1352,9.10426e-06,1.13314e-05,9.51073e-06,9.39273e-06,9.89734e-06,0.000105355
1353,9.69146e-06,9.62445e-06,1.18774e-05,9.39287e-06,9.89735e-06,1.40365e-06
1354,1.03461e-05,1.10967e-05,1.05214e-05,9.39294e-06,9.89721e-06,0.000136837
1355,8.29834e-06,9.82957e-06,1.02236e-05,9.3931e-06,9.89722e-06,1.90613e-06
1356,8.70048e-06,1.1341e-05,9.15732e-06,9.3932e-06,9.89731e-06,0.000138392
1357,9.24688e-06,9.69477e-06,1.15101e-05,9.3932e-06,9.89734e-06,1.85613e-06
1358,9.81331e-06,1.1239e-05,1.02764e-05,9.39322e-06,9.89737e-06,0.000152406
1359,1.04922e-05,9.64855e-06,9.52141e-06,9.3928e-06,9.89724e-06,1.82393e-06
1360,8.41696e-06,1.13164e-05,1.20819e-05,9.39276e-06,9.89726e-06,9.52008e-05
1361,8.848e-06,9.65822e-06,1.07326e-05,9.39267e-06,9.8973e-06,1.31481e-06
1362,9.37418e-06,1.12581e-05,9.83317e-06,9.39278e-06,9.89737e-06,0.000119332
1363,9.97323e-06,9.65448e-06,1.2177e-05,9.39296e-06,9.89739e-06,1.64106e-06
1364,1.0653e-05,1.11435e-05,1.09494e-05,9.39301e-06,9.89724e-06,0.000114843
1365,8.60074e-06,9.89467e-06,1.05804e-05,9.39318e-06,9.89725e-06,1.50634e-06
1366,9.00914e-06,1.14648e-05,9.48918e-06,9.39328e-06,9.89734e-06,0.000145471
1367,9.54759e-06,9.88675e-06,1.1874e-05,9.39328e-06,9.89737e-06,1.87836e-06
1368,1.01815e-05,1.14544e-05,1.06919e-05,9.39295e-06,9.89722e-06,0.000146568
1369,8.19851e-06,1.00931e-05,1.02963e-05,9.3929e-06,9.89725e-06,1.74816e-06
1370,8.60693e-06,8.63057e-06,9.2645e-06,9.39286e-06,9.8973e-06,0.00010323
1371,9.1434e-06,9.98918e-06,1.14374e-05,9.39278e-06,9.89733e-06,1.49381e-06
1372,9.73874e-06,1.17115e-05,1.02419e-05,9.39283e-06,9.89736e-06,0.000111232
1373,1.03868e-05,1.01518e-05,9.45916e-06,9.39286e-06,9.89724e-06,1.51683e-06
1374,8.27754e-06,9.03839e-06,1.21353e-05,9.39308e-06,9.89726e-06,0.000140104
1375,8.67983e-06,1.04765e-05,1.06182e-05,9.39322e-06,9.8973e-06,1.92083e-06
1376,9.20914e-06,8.9611e-06,9.87659e-06,9.3933e-06,9.89735e-06,0.000140521
1377,9.76584e-06,1.04386e-05,1.20822e-05,9.39339e-06,9.89741e-06,1.81583e-06
1378,1.04553e-05,9.09729e-06,1.10131e-05,9.39296e-06,9.89723e-06,0.000154584
1379,8.36617e-06,1.07835e-05,1.04348e-05,9.39291e-06,9.89726e-06,1.81796e-06
1380,8.80247e-06,9.24731e-06,9.43772e-06,9.39289e-06,9.89732e-06,0.00010111
1381,9.30939e-06,1.07997e-05,1.16723e-05,9.39285e-06,9.89738e-06,1.48306e-06
1382,9.92467e-06,9.42778e-06,1.06245e-05,9.39292e-06,9.89738e-06,0.000125791
1383,1.05803e-05,1.0967e-05,9.73549e-06,9.39291e-06,9.89726e-06,1.80936e-06
1384,8.52916e-06,9.70529e-06,1.23927e-05,9.39313e-06,9.89728e-06,0.000131578
1385,8.93639e-06,1.13118e-05,1.08762e-05,9.39323e-06,9.89732e-06,1.83171e-06
1386,9.48218e-06,9.81024e-06,1.0079e-05,9.39329e-06,9.89734e-06,0.000147956
1387,1.01113e-05,1.13949e-05,9.09605e-06,9.39305e-06,9.89723e-06,1.85351e-06
1388,8.07549e-06,1.00534e-05,1.16084e-05,9.39304e-06,9.89727e-06,9.61818e-05
1389,8.51447e-06,8.57643e-06,1.03271e-05,9.39293e-06,9.89729e-06,1.34693e-06
1390,9.04531e-06,1.0021e-05,9.43302e-06,9.39301e-06,9.89737e-06,0.000117855
1391,9.60941e-06,8.64585e-06,1.17621e-05,9.39296e-06,9.8974e-06,1.62153e-06
1392,1.02681e-05,1.01109e-05,1.0535e-05,9.39284e-06,9.89725e-06,0.000111444
1393,8.13618e-06,9.0906e-06,1.01862e-05,9.393e-06,9.89726e-06,1.49254e-06
1394,8.54009e-06,1.06278e-05,9.14526e-06,9.39314e-06,9.89731e-06,0.000140976
1395,9.0728e-06,9.15874e-06,1.14855e-05,9.39324e-06,9.89733e-06,1.90025e-06
1396,9.62352e-06,1.06924e-05,1.02512e-05,9.39334e-06,9.89737e-06,0.000140815
1397,1.03163e-05,9.28914e-06,9.44343e-06,9.39306e-06,9.89724e-06,1.76893e-06
1398,8.21339e-06,1.09144e-05,1.18667e-05,9.39306e-06,9.89728e-06,9.73218e-05
1399,8.67666e-06,9.34491e-06,1.05185e-05,9.39295e-06,9.89731e-06,1.40799e-06
1400,9.20122e-06,1.09818e-05,9.65203e-06,9.39305e-06,9.89739e-06,0.000106493
1401,9.80178e-06,9.52232e-06,1.18673e-05,9.39304e-06,9.8974e-06,1.44914e-06
1402,1.04707e-05,1.10551e-05,1.06486e-05,9.39293e-06,9.89726e-06,0.000138072
1403,8.42031e-06,9.83297e-06,1.02368e-05,9.3931e-06,9.89727e-06,1.94439e-06
1404,8.8473e-06,1.14349e-05,9.21355e-06,9.39321e-06,9.89733e-06,0.000140004
1405,9.39113e-06,9.88485e-06,1.15539e-05,9.39328e-06,9.89735e-06,1.89497e-06
1406,1.00145e-05,1.14105e-05,1.03059e-05,9.39306e-06,9.89722e-06,0.000154921
1407,8.00209e-06,1.00947e-05,9.87884e-06,9.39318e-06,9.89729e-06,1.84204e-06
1408,8.43857e-06,8.58096e-06,1.20571e-05,9.39311e-06,9.89731e-06,9.6523e-05
1409,8.98272e-06,9.98175e-06,1.06033e-05,9.39303e-06,9.89734e-06,1.39195e-06
1410,9.55468e-06,1.17247e-05,9.54949e-06,9.39313e-06,9.89742e-06,0.00012034
1411,1.02534e-05,1.00737e-05,1.17155e-05,9.3929e-06,9.89727e-06,1.71196e-06
1412,8.1212e-06,9.05423e-06,1.09529e-05,9.39302e-06,9.89728e-06,0.000115749
1413,8.52981e-06,1.04297e-05,9.78461e-06,9.39312e-06,9.89734e-06,1.55327e-06
1414,9.06304e-06,8.88142e-06,1.21699e-05,9.39322e-06,9.89736e-06,0.000145911
1415,9.63937e-06,1.03794e-05,1.07494e-05,9.39329e-06,9.89739e-06,1.92106e-06
1416,1.02984e-05,9.04681e-06,9.82647e-06,9.39308e-06,9.89726e-06,0.000147521
1417,8.1789e-06,1.06649e-05,1.22189e-05,9.39314e-06,9.8973e-06,1.82784e-06
1418,8.63345e-06,9.15584e-06,1.08631e-05,9.39307e-06,9.89732e-06,0.000102883
1419,9.15278e-06,1.07784e-05,9.88699e-06,9.39317e-06,9.89741e-06,1.52796e-06
1420,9.74856e-06,9.30884e-06,1.21123e-05,9.39312e-06,9.89743e-06,0.000111338
1421,1.04104e-05,1.08429e-05,1.08199e-05,9.3929e-06,9.89728e-06,1.53903e-06
1422,8.35644e-06,9.623e-06,1.03136e-05,9.39303e-06,9.8973e-06,0.000140946
1423,8.79211e-06,1.12357e-05,9.27379e-06,9.39313e-06,9.89736e-06,1.96103e-06
1424,9.32366e-06,9.67971e-06,1.16161e-05,9.39321e-06,9.89739e-06,0.000141577
1425,9.93516e-06,1.1232e-05,1.03195e-05,9.39328e-06,9.89743e-06,1.88003e-06
1426,1.06075e-05,9.76914e-06,9.55063e-06,9.39304e-06,9.89729e-06,9.72189e-05
1427,8.48341e-06,1.14736e-05,1.20319e-05,9.39312e-06,9.89734e-06,1.39172e-06
1428,8.96026e-06,9.84537e-06,1.07586e-05,9.3931e-06,9.89737e-06,0.00010207
1429,9.49625e-06,1.15303e-05,9.86073e-06,9.3932e-06,9.89747e-06,1.40036e-06
1430,1.01234e-05,9.94655e-06,1.20986e-05,9.39287e-06,9.89729e-06,0.000130461
1431,8.04728e-06,1.16203e-05,1.12204e-05,9.39294e-06,9.89732e-06,1.8492e-06
1432,8.49383e-06,9.89938e-06,1.00146e-05,9.39303e-06,9.89734e-06,0.000120446
1433,9.06858e-06,1.14918e-05,9.03985e-06,9.39315e-06,9.89741e-06,1.60264e-06
1434,9.64914e-06,9.78809e-06,1.12411e-05,9.39323e-06,9.89744e-06,0.000150226
1435,1.03015e-05,1.12962e-05,1.00068e-05,9.393e-06,9.89726e-06,1.91845e-06
1436,8.19114e-06,1.00367e-05,9.78946e-06,9.39317e-06,9.89733e-06,9.60814e-05
1437,8.64917e-06,8.59997e-06,1.20863e-05,9.39317e-06,9.89735e-06,1.3762e-06
1438,9.17801e-06,1.00781e-05,1.07663e-05,9.39322e-06,9.89741e-06,0.000120665
1439,9.73205e-06,8.68787e-06,9.93644e-06,9.39326e-06,9.89749e-06,1.7017e-06
1440,1.03886e-05,1.01761e-05,1.22064e-05,9.39291e-06,9.89733e-06,0.000116947
1441,8.3104e-06,9.14629e-06,1.14746e-05,9.39298e-06,9.89734e-06,1.55715e-06
1442,8.77404e-06,1.06751e-05,1.02614e-05,9.39302e-06,9.89737e-06,0.000147822
1443,9.32079e-06,9.25467e-06,9.51273e-06,9.39315e-06,9.89743e-06,1.96972e-06
1444,9.89899e-06,1.07558e-05,1.16932e-05,9.39326e-06,9.89748e-06,0.000146725
1445,1.05799e-05,9.38617e-06,1.07488e-05,9.39296e-06,9.89729e-06,1.85165e-06
1446,8.50159e-06,1.11504e-05,1.03458e-05,9.39307e-06,9.89733e-06,9.96621e-05
1447,8.96934e-06,9.60822e-06,9.48415e-06,9.39318e-06,9.8974e-06,1.47604e-06
1448,9.52295e-06,1.12927e-05,1.1827e-05,9.39326e-06,9.89747e-06,0.00010668
1449,1.01473e-05,9.76231e-06,1.07436e-05,9.39292e-06,9.8973e-06,1.4932e-06
1450,8.13504e-06,1.15142e-05,1.02894e-05,9.39291e-06,9.89733e-06,0.000136121
1451,8.57342e-06,9.89108e-06,9.31224e-06,9.393e-06,9.89737e-06,1.90466e-06
1452,9.16922e-06,1.14415e-05,1.14582e-05,9.39304e-06,9.89741e-06,0.000138094
1453,9.79085e-06,9.8196e-06,1.03662e-05,9.3931e-06,9.89743e-06,1.85994e-06
1454,1.04541e-05,1.13771e-05,9.43321e-06,9.393e-06,9.8973e-06,0.000153634
1455,8.33783e-06,1.00677e-05,1.21904e-05,9.39312e-06,9.89734e-06,1.90763e-06
1456,8.80061e-06,8.69786e-06,1.09395e-05,9.3932e-06,9.89735e-06,9.9986e-05
1457,9.35007e-06,1.02298e-05,1.00611e-05,9.39331e-06,9.8974e-06,1.51366e-06
1458,9.94315e-06,8.82845e-06,9.42849e-06,9.39338e-06,9.89748e-06,0.000124816
1459,1.0598e-05,1.03578e-05,1.17961e-05,9.39298e-06,9.89732e-06,1.79125e-06
1460,8.4982e-06,9.33124e-06,1.12927e-05,9.39297e-06,9.89734e-06,0.0001299
1461,8.96736e-06,1.09285e-05,1.02864e-05,9.39296e-06,9.89736e-06,1.8192e-06
1462,9.538e-06,9.4691e-06,9.6488e-06,9.39306e-06,9.89742e-06,0.000147077
1463,1.01386e-05,1.10336e-05,1.19366e-05,9.39293e-06,9.89726e-06,1.9059e-06
1464,8.15897e-06,9.81502e-06,1.13109e-05,9.39299e-06,9.89728e-06,9.49292e-05
1465,8.57983e-06,1.13881e-05,1.02476e-05,9.39314e-06,9.89731e-06,1.40531e-06
1466,9.19411e-06,9.73688e-06,9.40464e-06,9.39331e-06,9.89737e-06,0.000115637
1467,9.80241e-06,1.13153e-05,1.16162e-05,9.39342e-06,9.89743e-06,1.63867e-06
1468,1.05072e-05,9.73022e-06,1.04934e-05,9.39308e-06,9.89726e-06,0.000109808
1469,8.38582e-06,1.1491e-05,1.02008e-05,9.393e-06,9.8973e-06,1.47036e-06
1470,8.82639e-06,9.94299e-06,9.41941e-06,9.39299e-06,9.89735e-06,0.000140869
1471,9.39162e-06,1.15403e-05,1.17419e-05,9.39296e-06,9.89738e-06,1.93375e-06
1472,1.00242e-05,9.95636e-06,1.07048e-05,9.39283e-06,9.89722e-06,0.000141366
1473,8.09891e-06,1.16515e-05,1.0189e-05,9.39295e-06,9.89724e-06,1.82379e-06
1474,8.52166e-06,1.00019e-05,9.31659e-06,9.39315e-06,9.89732e-06,9.78975e-05
1475,9.09104e-06,8.54609e-06,1.1616e-05,9.39323e-06,9.89735e-06,1.48384e-06
1476,9.707e-06,9.91609e-06,1.05001e-05,9.39336e-06,9.89737e-06,0.000106648
1477,1.03658e-05,1.1637e-05,9.58711e-06,9.39315e-06,9.89728e-06,1.50543e-06
1478,8.36447e-06,1.02681e-05,1.23897e-05,9.39306e-06,9.89731e-06,0.000138183
1479,8.74378e-06,8.95832e-06,1.12033e-05,9.39298e-06,9.89732e-06,1.94844e-06
1480,9.30888e-06,1.04439e-05,1.03034e-05,9.39288e-06,9.89735e-06,0.00013996
1481,9.89718e-06,8.91123e-06,9.62097e-06,9.39292e-06,9.89738e-06,1.89174e-06
1482,1.05761e-05,1.04357e-05,1.19105e-05,9.39286e-06,9.89723e-06,0.00015521
1483,8.53622e-06,9.37018e-06,1.13557e-05,9.39294e-06,9.89725e-06,1.92179e-06
1484,8.95644e-06,1.08959e-05,1.0321e-05,9.39313e-06,9.8973e-06,9.68424e-05
1485,9.52277e-06,9.45603e-06,9.66966e-06,9.39331e-06,9.89737e-06,1.47119e-06
1486,1.01391e-05,1.10264e-05,1.19827e-05,9.39315e-06,9.89725e-06,0.000120779
1487,8.24618e-06,9.76856e-06,1.12736e-05,9.39313e-06,9.89727e-06,1.69638e-06
1488,8.66249e-06,1.13401e-05,1.02167e-05,9.39303e-06,9.8973e-06,0.000115751
1489,9.21612e-06,9.76025e-06,9.39244e-06,9.393e-06,9.89734e-06,1.50685e-06
1490,9.85326e-06,1.12237e-05,1.15676e-05,9.39289e-06,9.89736e-06,0.00014781
1491,1.05196e-05,9.66291e-06,1.05181e-05,9.39274e-06,9.8972e-06,1.93016e-06
1492,8.47956e-06,1.13733e-05,1.00977e-05,9.3929e-06,9.89723e-06,9.51323e-05
1493,8.88644e-06,9.84922e-06,9.36379e-06,9.39304e-06,9.89729e-06,1.41209e-06
1494,9.41768e-06,1.14022e-05,1.16562e-05,9.39325e-06,9.89735e-06,0.000117149
1495,1.00664e-05,9.85586e-06,1.07369e-05,9.39313e-06,9.8972e-06,1.65778e-06
1496,8.13909e-06,1.1536e-05,1.0225e-05,9.39311e-06,9.89724e-06,0.000110539
1497,8.6127e-06,9.88343e-06,9.24017e-06,9.39312e-06,9.89729e-06,1.471e-06
1498,9.13986e-06,1.12825e-05,1.13942e-05,9.39301e-06,9.89733e-06,0.000140268
1499,9.76268e-06,9.68977e-06,1.0303e-05,9.39291e-06,9.89732e-06,1.90249e-06
1500,1.04188e-05,1.11936e-05,9.46096e-06,9.39271e-06,9.8972e-06,0.0001394
1501,8.42717e-06,9.8753e-06,1.21664e-05,9.39279e-06,9.89722e-06,1.77579e-06
1502,8.86873e-06,1.14456e-05,1.07922e-05,9.39303e-06,9.89727e-06,9.62572e-05
1503,9.38182e-06,9.89477e-06,1.00517e-05,9.39314e-06,9.89729e-06,1.4082e-06
1504,9.98028e-06,1.1437e-05,9.19186e-06,9.39336e-06,9.89739e-06,0.000104885
1505,1.06843e-05,9.77096e-06,1.16459e-05,9.39318e-06,9.89723e-06,1.42697e-06
1506,8.6334e-06,1.14492e-05,1.08928e-05,9.39311e-06,9.89727e-06,0.000136072
1507,9.11011e-06,9.84272e-06,1.00223e-05,9.39308e-06,9.89728e-06,1.87981e-06
1508,9.63682e-06,1.145e-05,9.2971e-06,9.39297e-06,9.89734e-06,0.000127747
1509,1.02725e-05,9.85103e-06,1.17151e-05,9.39268e-06,9.89717e-06,1.63231e-06
1510,8.33602e-06,1.15775e-05,1.09751e-05,9.39279e-06,9.89721e-06,0.000157551
1511,8.79069e-06,9.94051e-06,1.00414e-05,9.39288e-06,9.89722e-06,1.99558e-06
1512,9.34528e-06,1.1474e-05,9.18112e-06,9.3932e-06,9.89729e-06,9.70278e-05
1513,9.94535e-06,9.86228e-06,1.15105e-05,9.39328e-06,9.89733e-06,1.47757e-06
1514,1.06094e-05,1.13467e-05,1.03069e-05,9.39315e-06,9.89721e-06,0.000121016
1515,8.58207e-06,1.00149e-05,1.00599e-05,9.39311e-06,9.89725e-06,1.68814e-06
1516,9.03039e-06,8.71265e-06,9.28195e-06,9.39312e-06,9.89731e-06,0.000115286
1517,9.5384e-06,1.01069e-05,1.16524e-05,9.393e-06,9.89733e-06,1.49621e-06
1518,1.0109e-05,8.80033e-06,1.08082e-05,9.39272e-06,9.89717e-06,0.000146783
1519,8.15088e-06,1.04838e-05,1.03733e-05,9.39276e-06,9.89719e-06,1.94727e-06
1520,8.59029e-06,9.0936e-06,9.39671e-06,9.39283e-06,9.89723e-06,0.00014681
1521,9.16415e-06,1.05535e-05,1.15658e-05,9.39306e-06,9.89728e-06,1.85321e-06
1522,9.733e-06,9.07013e-06,1.04882e-05,9.39316e-06,9.8973e-06,0.000103145
1523,1.03421e-05,1.05774e-05,9.5647e-06,9.39317e-06,9.89722e-06,1.56381e-06
1524,8.36594e-06,9.39274e-06,1.22525e-05,9.39318e-06,9.89725e-06,0.000111001
1525,8.81617e-06,1.09214e-05,1.07669e-05,9.3931e-06,9.89729e-06,1.54261e-06
1526,9.35077e-06,9.49094e-06,9.99391e-06,9.39311e-06,9.89734e-06,0.000141192
1527,9.91263e-06,1.09902e-05,1.2186e-05,9.393e-06,9.89735e-06,1.95567e-06
1528,1.05769e-05,9.47801e-06,1.10687e-05,9.39271e-06,9.89719e-06,0.000141997
1529,8.57525e-06,1.1239e-05,1.04785e-05,9.39277e-06,9.89722e-06,1.88409e-06
1530,9.06968e-06,9.66126e-06,9.44623e-06,9.39285e-06,9.89727e-06,9.69841e-05
1531,9.59357e-06,1.12205e-05,1.16746e-05,9.39307e-06,9.89732e-06,1.48822e-06
1532,1.02416e-05,9.74183e-06,1.06242e-05,9.39301e-06,9.8972e-06,0.00012077
1533,8.24886e-06,1.1436e-05,1.02e-05,9.39309e-06,9.89723e-06,1.67853e-06
1534,8.69487e-06,9.83421e-06,9.17791e-06,9.39315e-06,9.89729e-06,0.000123858
1535,9.28402e-06,1.13428e-05,1.12489e-05,9.3931e-06,9.89734e-06,1.69726e-06
1536,9.89029e-06,9.78212e-06,1.01937e-05,9.39307e-06,9.89735e-06,0.00011603
1537,1.04983e-05,1.13044e-05,9.24527e-06,9.39278e-06,9.89722e-06,1.50327e-06
1538,8.44856e-06,9.9989e-06,1.19532e-05,9.39277e-06,9.89722e-06,0.000147616
1539,8.92124e-06,1.15598e-05,1.04479e-05,9.39288e-06,9.89726e-06,1.91535e-06
1540,9.5164e-06,9.93953e-06,9.65883e-06,9.39296e-06,9.89732e-06,9.70884e-05
1541,1.00714e-05,1.15009e-05,1.1918e-05,9.393e-06,9.89722e-06,1.47032e-06
1542,8.12137e-06,1.01377e-05,1.11196e-05,9.39309e-06,9.89725e-06,0.000120813
1543,8.59635e-06,8.68181e-06,1.00853e-05,9.39313e-06,9.89726e-06,1.68007e-06
1544,9.17973e-06,1.00038e-05,8.96244e-06,9.39313e-06,9.89735e-06,0.000138907
1545,9.75273e-06,8.54617e-06,1.12466e-05,9.39313e-06,9.89736e-06,1.84103e-06
1546,1.03367e-05,1.00357e-05,1.0094e-05,9.39283e-06,9.89721e-06,0.000139902
1547,8.30047e-06,9.06718e-06,9.95228e-06,9.39284e-06,9.89725e-06,1.81474e-06
1548,8.71019e-06,1.06145e-05,1.21086e-05,9.39291e-06,9.89727e-06,0.000140326
1549,9.28903e-06,9.14432e-06,1.09148e-05,9.39291e-06,9.89728e-06,1.77466e-06
1550,9.83257e-06,1.07589e-05,9.88102e-06,9.39311e-06,9.89736e-06,9.85928e-05
1551,1.04667e-05,9.27403e-06,1.22597e-05,9.39305e-06,9.89722e-06,1.51926e-06
1552,8.45884e-06,1.09096e-05,1.13077e-05,9.39315e-06,9.89725e-06,0.000123603
1553,8.9493e-06,9.38353e-06,1.01623e-05,9.39318e-06,9.89728e-06,1.71991e-06
1554,9.51743e-06,1.10095e-05,9.2548e-06,9.39318e-06,9.89737e-06,0.00012863
1555,1.01003e-05,9.53502e-06,1.1505e-05,9.39295e-06,9.89721e-06,1.75038e-06
1556,8.09165e-06,1.12331e-05,1.07469e-05,9.39289e-06,9.89724e-06,0.000155993
1557,8.54561e-06,9.73718e-06,9.76325e-06,9.3929e-06,9.89727e-06,2.10936e-06
1558,9.15158e-06,1.12169e-05,1.18213e-05,9.39296e-06,9.89728e-06,0.000142974
1559,9.74478e-06,9.60203e-06,1.0566e-05,9.39296e-06,9.8973e-06,1.73561e-06
1560,1.03502e-05,1.1143e-05,9.40004e-06,9.39304e-06,9.89721e-06,0.00010754
1561,8.30913e-06,9.84856e-06,1.2061e-05,9.39314e-06,9.89723e-06,1.61702e-06
1562,8.77416e-06,1.13866e-05,1.05054e-05,9.39321e-06,9.89728e-06,0.000116064
1563,9.3725e-06,9.75916e-06,9.64072e-06,9.39328e-06,9.89735e-06,1.61521e-06
1564,9.92035e-06,1.13287e-05,1.18705e-05,9.39322e-06,9.89739e-06,0.000142819
1565,1.05665e-05,9.77014e-06,1.06591e-05,9.3929e-06,9.89723e-06,1.96176e-06
1566,8.48174e-06,1.1538e-05,1.01894e-05,9.39288e-06,9.89725e-06,0.000133195
1567,8.98991e-06,9.87016e-06,9.19191e-06,9.3929e-06,9.89729e-06,1.68535e-06
1568,9.55529e-06,1.14376e-05,1.1394e-05,9.39298e-06,9.8973e-06,9.98209e-05
1569,1.01505e-05,9.83813e-06,1.03779e-05,9.3929e-06,9.89717e-06,1.51125e-06
1570,8.11337e-06,1.15499e-05,9.83008e-06,9.39314e-06,9.89722e-06,0.00010635
1571,8.5767e-06,9.86475e-06,1.20797e-05,9.39325e-06,9.89726e-06,1.46298e-06
1572,9.19755e-06,1.13697e-05,1.05356e-05,9.39329e-06,9.89731e-06,0.000132309
1573,9.77679e-06,9.67802e-06,9.59137e-06,9.39335e-06,9.89738e-06,1.81214e-06
1574,1.03725e-05,1.11793e-05,1.1722e-05,9.39299e-06,9.89724e-06,0.000121247
1575,8.31088e-06,9.88902e-06,1.09677e-05,9.3929e-06,9.89725e-06,1.55186e-06
1576,8.76091e-06,1.14514e-05,9.7556e-06,9.39294e-06,9.89731e-06,0.000150655
1577,9.3578e-06,9.68563e-06,1.21052e-05,9.39291e-06,9.8973e-06,1.9188e-06
1578,9.94903e-06,1.12914e-05,1.06925e-05,9.393e-06,9.89732e-06,9.69067e-05
1579,1.05378e-05,9.6541e-06,9.7614e-06,9.39302e-06,9.8972e-06,1.43051e-06
1580,8.42591e-06,1.13247e-05,1.23362e-05,9.39321e-06,9.89724e-06,0.00011256
1581,8.93576e-06,9.69864e-06,1.09025e-05,9.39332e-06,9.89728e-06,1.50774e-06
1582,9.50284e-06,1.12735e-05,9.87154e-06,9.39339e-06,9.89738e-06,0.000120423
1583,1.01142e-05,9.59721e-06,1.21975e-05,9.39313e-06,9.89724e-06,1.57322e-06
1584,8.06102e-06,1.12517e-05,1.11999e-05,9.39303e-06,9.89726e-06,0.000151656
1585,8.51592e-06,9.68486e-06,1.00653e-05,9.39294e-06,9.89727e-06,2.03121e-06
1586,9.10738e-06,1.12189e-05,8.97618e-06,9.39298e-06,9.89733e-06,0.000149386
1587,9.69481e-06,9.45469e-06,1.12196e-05,9.39294e-06,9.89732e-06,1.89087e-06
1588,1.02947e-05,1.09463e-05,9.87805e-06,9.393e-06,9.89719e-06,0.000100554
1589,8.19276e-06,9.64461e-06,1.27138e-05,9.39318e-06,9.89722e-06,1.45602e-06
1590,8.61931e-06,1.11511e-05,1.10004e-05,9.39337e-06,9.89727e-06,0.000106897
1591,9.21948e-06,9.52591e-06,9.99331e-06,9.39352e-06,9.89734e-06,1.42128e-06
1592,9.78856e-06,1.09919e-05,1.21593e-05,9.39351e-06,9.89739e-06,0.000135889
1593,1.04038e-05,9.41674e-06,1.08623e-05,9.39315e-06,9.89724e-06,1.83893e-06
1594,8.29272e-06,1.1124e-05,1.02876e-05,9.39303e-06,9.89727e-06,0.000127558
1595,8.80692e-06,9.51528e-06,9.25211e-06,9.39297e-06,9.89732e-06,1.63501e-06
1596,9.34326e-06,1.10427e-05,1.14738e-05,9.39292e-06,9.89734e-06,0.000158061
1597,9.9342e-06,9.40747e-06,1.03063e-05,9.39289e-06,9.89735e-06,2.00906e-06
1598,1.05534e-05,1.10074e-05,9.41636e-06,9.39296e-06,9.89723e-06,0.000102519
1599,8.44248e-06,9.67009e-06,1.2211e-05,9.39317e-06,9.89725e-06,1.53452e-06
1600,8.92435e-06,1.12924e-05,1.06825e-05,9.39337e-06,9.8973e-06,0.000126598
1601,9.49143e-06,9.62471e-06,9.88753e-06,9.39351e-06,9.89737e-06,1.746e-06
1602,1.00591e-05,1.11606e-05,1.2017e-05,9.39324e-06,9.89724e-06,0.000120504
1603,8.03023e-06,9.78377e-06,1.12443e-05,9.39316e-06,9.89725e-06,1.56012e-06
1604,8.45608e-06,1.12993e-05,9.95909e-06,9.39311e-06,9.89733e-06,0.000151384
1605,9.06924e-06,9.50919e-06,1.2201e-05,9.39295e-06,9.89735e-06,1.99767e-06
1606,9.65733e-06,1.10351e-05,1.0678e-05,9.3929e-06,9.89736e-06,9.69228e-05
1607,1.02622e-05,9.35783e-06,9.6711e-06,9.39283e-06,9.89722e-06,1.41291e-06
1608,8.07895e-06,1.10143e-05,1.22099e-05,9.39303e-06,9.89726e-06,0.000118014
1609,8.53048e-06,9.38567e-06,1.07484e-05,9.39325e-06,9.89728e-06,1.62551e-06
1610,9.09809e-06,1.09681e-05,9.68364e-06,9.39345e-06,9.89736e-06,0.000111167
1611,9.66954e-06,9.26442e-06,1.20186e-05,9.39354e-06,9.89739e-06,1.45672e-06
1612,1.02819e-05,1.07534e-05,1.06228e-05,9.39322e-06,9.89725e-06,0.000141546
1613,8.16484e-06,9.4837e-06,1.01915e-05,9.39311e-06,9.89726e-06,1.91592e-06
1614,8.64283e-06,1.10194e-05,9.10427e-06,9.39309e-06,9.89734e-06,0.000141867
1615,9.21844e-06,9.33784e-06,1.14701e-05,9.39291e-06,9.89735e-06,1.84058e-06
1616,9.77444e-06,1.08637e-05,1.0189e-05,9.39289e-06,9.89737e-06,9.9183e-05
1617,1.04121e-05,9.34748e-06,9.48221e-06,9.39282e-06,9.89723e-06,1.42641e-06
1618,8.25138e-06,1.10573e-05,1.20774e-05,9.39304e-06,9.89728e-06,0.000107943
1619,8.7516e-06,9.38551e-06,1.07471e-05,9.39326e-06,9.89729e-06,1.42513e-06
1620,9.30215e-06,1.10094e-05,9.82182e-06,9.39341e-06,9.89738e-06,0.000138524
1621,9.87328e-06,9.39511e-06,1.21185e-05,9.39352e-06,9.89739e-06,1.85435e-06
1622,1.05078e-05,1.0924e-05,1.09406e-05,9.39313e-06,9.89725e-06,0.000140032
1623,8.43557e-06,9.61737e-06,1.04394e-05,9.393e-06,9.89727e-06,1.8628e-06
1624,8.91619e-06,1.12804e-05,9.44041e-06,9.39302e-06,9.89735e-06,0.000156318
1625,9.45911e-06,9.61832e-06,1.18804e-05,9.39282e-06,9.89737e-06,1.95269e-06
1626,1.00342e-05,1.11593e-05,1.06441e-05,9.39265e-06,9.89722e-06,9.86505e-05
1627,7.94905e-06,9.848e-06,1.02739e-05,9.39279e-06,9.89724e-06,1.38195e-06
1628,8.37321e-06,1.13669e-05,9.13747e-06,9.39303e-06,9.89731e-06,0.000121769
1629,8.97785e-06,9.53043e-06,1.14058e-05,9.39326e-06,9.89733e-06,1.63323e-06
1630,9.53941e-06,1.10526e-05,1.01195e-05,9.39339e-06,9.89737e-06,0.000126938
1631,1.01542e-05,9.44051e-06,9.36401e-06,9.39318e-06,9.89721e-06,1.68618e-06
1632,7.97064e-06,1.11294e-05,1.1852e-05,9.39314e-06,9.89726e-06,0.000145246
1633,8.46313e-06,9.44542e-06,1.0538e-05,9.393e-06,9.89729e-06,1.87801e-06
1634,9.01572e-06,1.10627e-05,9.61424e-06,9.39304e-06,9.89738e-06,0.000146511
1635,9.55203e-06,9.38474e-06,1.20058e-05,9.39287e-06,9.8974e-06,1.82628e-06
1636,1.01863e-05,1.08782e-05,1.07726e-05,9.39269e-06,9.89724e-06,0.000110404
1637,8.11919e-06,9.59793e-06,1.03759e-05,9.39286e-06,9.89725e-06,1.61812e-06
1638,8.59112e-06,1.11098e-05,9.25572e-06,9.39307e-06,9.89732e-06,0.000136984
1639,9.16904e-06,9.42549e-06,1.16668e-05,9.39329e-06,9.89735e-06,1.84854e-06
1640,9.70693e-06,1.09342e-05,1.04614e-05,9.39341e-06,9.89738e-06,0.000129264
1641,1.03376e-05,9.45977e-06,9.77507e-06,9.39314e-06,9.89723e-06,1.63444e-06
1642,8.2626e-06,1.12041e-05,1.23934e-05,9.39313e-06,9.89727e-06,0.000156994
1643,8.73811e-06,9.50534e-06,1.10703e-05,9.39298e-06,9.8973e-06,2.00887e-06
1644,9.2912e-06,1.11532e-05,1.0172e-05,9.3929e-06,9.89735e-06,0.000103131
1645,9.85297e-06,9.60768e-06,9.4054e-06,9.39286e-06,9.89742e-06,1.41946e-06
1646,1.04596e-05,1.11271e-05,1.17131e-05,9.39267e-06,9.89726e-06,0.000123228
1647,8.49418e-06,9.80891e-06,1.11274e-05,9.39287e-06,9.89728e-06,1.64619e-06
1648,8.93693e-06,1.14614e-05,1.00847e-05,9.39305e-06,9.89732e-06,0.000116379
1649,9.47077e-06,9.82629e-06,9.50238e-06,9.39325e-06,9.89736e-06,1.47011e-06
1650,1.00422e-05,1.13743e-05,1.17144e-05,9.39308e-06,9.89722e-06,0.000143745
1651,7.99084e-06,1.01035e-05,1.11991e-05,9.39312e-06,9.89726e-06,1.85685e-06
1652,8.42775e-06,8.58928e-06,1.01803e-05,9.39303e-06,9.89728e-06,0.000144525
1653,8.99621e-06,1.00086e-05,9.26945e-06,9.39308e-06,9.89735e-06,1.7892e-06
1654,9.50359e-06,8.56998e-06,1.16765e-05,9.39289e-06,9.89738e-06,0.000105886
1655,1.00831e-05,1.0044e-05,1.05114e-05,9.39263e-06,9.89724e-06,1.46354e-06
1656,8.01427e-06,9.0714e-06,1.0356e-05,9.39271e-06,9.89726e-06,0.000107061
1657,8.43195e-06,1.06291e-05,9.35593e-06,9.39286e-06,9.89733e-06,1.35644e-06
1658,8.95946e-06,9.06096e-06,1.17706e-05,9.39308e-06,9.89733e-06,0.000135564
1659,9.46586e-06,1.06006e-05,1.05954e-05,9.39323e-06,9.89736e-06,1.70822e-06
1660,1.00731e-05,9.19334e-06,9.86612e-06,9.393e-06,9.89722e-06,0.000139209
1661,8.05625e-06,1.08709e-05,1.2379e-05,9.39305e-06,9.89726e-06,1.74782e-06
1662,8.51129e-06,9.24257e-06,1.09702e-05,9.39294e-06,9.89729e-06,0.000164573
1663,9.05231e-06,1.08138e-05,1.0051e-05,9.39292e-06,9.89733e-06,2.01547e-06
1664,9.59694e-06,9.35397e-06,9.26655e-06,9.39287e-06,9.89739e-06,9.92012e-05
1665,1.01739e-05,1.08439e-05,1.15307e-05,9.39265e-06,9.89725e-06,1.35493e-06
1666,8.22464e-06,9.67241e-06,1.09437e-05,9.39275e-06,9.89728e-06,0.000120323
1667,8.6519e-06,1.12843e-05,9.94917e-06,9.39292e-06,9.89735e-06,1.56646e-06
1668,9.17244e-06,9.6028e-06,1.2383e-05,9.39311e-06,9.89736e-06,0.000125534
1669,9.76351e-06,1.11366e-05,1.10878e-05,9.39325e-06,9.89739e-06,1.59382e-06
1670,1.03582e-05,9.65195e-06,1.02453e-05,9.39294e-06,9.89721e-06,0.000153376
1671,8.36938e-06,1.14502e-05,9.81331e-06,9.39304e-06,9.89728e-06,1.92614e-06
1672,8.83004e-06,9.70182e-06,1.22073e-05,9.39295e-06,9.89731e-06,9.45271e-05
1673,9.31959e-06,1.1322e-05,1.09675e-05,9.39291e-06,9.89736e-06,1.2909e-06
1674,9.91105e-06,9.84215e-06,1.01811e-05,9.39283e-06,9.89738e-06,0.000114765
1675,1.05225e-05,1.14225e-05,9.3434e-06,9.39269e-06,9.89727e-06,1.49941e-06
1676,8.51842e-06,1.00709e-05,1.20765e-05,9.39278e-06,9.89733e-06,0.000120303
1677,8.98903e-06,8.67055e-06,1.08851e-05,9.39295e-06,9.89734e-06,1.53412e-06
1678,9.45149e-06,1.0192e-05,1.01831e-05,9.3931e-06,9.89737e-06,0.0001367
1679,1.00145e-05,8.91926e-06,9.57428e-06,9.39288e-06,9.89721e-06,1.70742e-06
1680,7.92105e-06,1.05646e-05,1.21077e-05,9.393e-06,9.89726e-06,0.000138111
1681,8.35918e-06,9.12278e-06,1.08006e-05,9.39297e-06,9.89728e-06,1.60693e-06
1682,8.88683e-06,1.06852e-05,9.97289e-06,9.39306e-06,9.89736e-06,0.000102248
1683,9.40371e-06,9.15904e-06,1.2333e-05,9.39296e-06,9.89739e-06,1.38403e-06
1684,1.00078e-05,1.06154e-05,1.10358e-05,9.39273e-06,9.89725e-06,0.00011244
1685,7.95429e-06,9.48431e-06,1.0559e-05,9.3928e-06,9.89726e-06,1.4085e-06
1686,8.39075e-06,1.09754e-05,9.45471e-06,9.39291e-06,9.89734e-06,0.000132238
1687,8.89723e-06,9.36232e-06,1.18108e-05,9.39306e-06,9.89735e-06,1.65996e-06
1688,9.42624e-06,1.08978e-05,1.05262e-05,9.39315e-06,9.89738e-06,0.000136254
1689,1.00494e-05,9.48228e-06,9.76921e-06,9.3929e-06,9.89722e-06,1.66601e-06
1690,7.98297e-06,1.11153e-05,1.22258e-05,9.393e-06,9.89727e-06,0.000165876
1691,8.4441e-06,9.50657e-06,1.08424e-05,9.39296e-06,9.8973e-06,1.95563e-06
1692,8.95239e-06,1.10664e-05,9.95737e-06,9.39304e-06,9.89738e-06,0.000103663
1693,9.52755e-06,9.52621e-06,1.22176e-05,9.39299e-06,9.8974e-06,1.38801e-06
1694,1.01631e-05,1.10415e-05,1.09983e-05,9.39279e-06,9.89726e-06,0.000118977
1695,8.17279e-06,9.80225e-06,1.05414e-05,9.39287e-06,9.89728e-06,1.52975e-06
1696,8.62026e-06,1.13879e-05,9.48385e-06,9.393e-06,9.89736e-06,0.00012496
1697,9.14404e-06,9.77079e-06,1.18867e-05,9.39311e-06,9.89738e-06,1.55852e-06
1698,9.72625e-06,1.13398e-05,1.06794e-05,9.39317e-06,9.8974e-06,0.000155131
1699,1.03879e-05,9.88598e-06,9.9437e-06,9.39289e-06,9.89724e-06,1.93605e-06
1700,8.33711e-06,1.16096e-05,1.24757e-05,9.39298e-06,9.89729e-06,9.97128e-05
1701,8.81861e-06,9.92575e-06,1.11683e-05,9.39297e-06,9.89731e-06,1.32858e-06
1702,9.33497e-06,1.15948e-05,1.02704e-05,9.393e-06,9.89735e-06,0.000113486
1703,9.95207e-06,1.0137e-05,9.44759e-06,9.39307e-06,9.89743e-06,1.41155e-06
1704,1.05797e-05,8.75344e-06,1.20634e-05,9.39283e-06,9.89727e-06,0.000141865
1705,8.56615e-06,1.04338e-05,1.12819e-05,9.39292e-06,9.89732e-06,1.77314e-06
1706,9.00547e-06,9.00381e-06,1.04683e-05,9.39301e-06,9.89734e-06,0.000140649
1707,9.50371e-06,1.07014e-05,9.78687e-06,9.39309e-06,9.89742e-06,1.75244e-06
1708,1.01061e-05,9.51738e-06,1.2245e-05,9.39275e-06,9.89723e-06,0.00014099
1709,8.02162e-06,1.12139e-05,1.15383e-05,9.39285e-06,9.89725e-06,1.6618e-06
1710,8.46996e-06,9.59671e-06,1.04407e-05,9.39288e-06,9.89726e-06,9.95954e-05
1711,9.03578e-06,1.12011e-05,9.55115e-06,9.39302e-06,9.89734e-06,1.30964e-06
1712,9.59978e-06,9.66735e-06,1.17964e-05,9.39303e-06,9.89736e-06,0.000126796
1713,1.02753e-05,1.11783e-05,1.05551e-05,9.39286e-06,9.89723e-06,1.59062e-06
1714,8.18798e-06,1.0012e-05,1.03193e-05,9.39288e-06,9.89728e-06,0.000133281
1715,8.63702e-06,8.66793e-06,9.4561e-06,9.39299e-06,9.89734e-06,1.63786e-06
1716,9.12999e-06,1.01155e-05,1.17681e-05,9.39305e-06,9.89738e-06,0.000159446
1717,9.70062e-06,8.87958e-06,1.07886e-05,9.39306e-06,9.89739e-06,1.95879e-06
1718,1.03228e-05,1.04388e-05,9.98614e-06,9.39279e-06,9.89725e-06,0.000145606
1719,8.28241e-06,9.39626e-06,1.26814e-05,9.39283e-06,9.89726e-06,1.63011e-06
1720,8.7403e-06,1.09444e-05,1.12594e-05,9.39295e-06,9.89729e-06,0.000106731
1721,9.28938e-06,9.47966e-06,1.0486e-05,9.39299e-06,9.89731e-06,1.38189e-06
1722,9.8695e-06,1.10456e-05,9.58317e-06,9.39313e-06,9.8974e-06,0.000115389
1723,1.05437e-05,9.71162e-06,1.19985e-05,9.39292e-06,9.89725e-06,1.41333e-06
1724,8.50761e-06,1.14637e-05,1.1344e-05,9.39293e-06,9.89729e-06,0.000142489
1725,8.98814e-06,9.89277e-06,1.04951e-05,9.39297e-06,9.89731e-06,1.77459e-06
1726,9.49866e-06,1.16162e-05,9.71491e-06,9.39304e-06,9.89739e-06,0.000133153
1727,1.01551e-05,1.011e-05,1.20299e-05,9.39274e-06,9.89724e-06,1.57939e-06
1728,8.16333e-06,9.11358e-06,1.14093e-05,9.39276e-06,9.89725e-06,0.000101105
1729,8.58808e-06,1.05261e-05,1.0335e-05,9.39289e-06,9.89727e-06,1.33386e-06
1730,9.15973e-06,9.02462e-06,9.56946e-06,9.393e-06,9.89731e-06,0.000108927
1731,9.70342e-06,1.05331e-05,1.17674e-05,9.39312e-06,9.89736e-06,1.31026e-06
1732,1.03795e-05,9.26263e-06,1.07494e-05,9.39298e-06,9.89722e-06,0.000136298
1733,8.27862e-06,1.09911e-05,1.04999e-05,9.393e-06,9.89726e-06,1.66491e-06
1734,8.70858e-06,9.53397e-06,9.6803e-06,9.39306e-06,9.89732e-06,0.000124717
1735,9.23799e-06,1.11291e-05,1.19672e-05,9.39305e-06,9.89736e-06,1.47385e-06
1736,9.82518e-06,9.66558e-06,1.08803e-05,9.39303e-06,9.89738e-06,0.000154142
1737,1.0489e-05,1.12417e-05,9.96214e-06,9.39273e-06,9.89726e-06,1.79224e-06
1738,8.46785e-06,1.00183e-05,1.26135e-05,9.39284e-06,9.89729e-06,9.90236e-05
1739,8.95031e-06,8.59773e-06,1.13756e-05,9.39291e-06,9.89731e-06,1.28511e-06
1740,9.4674e-06,1.01159e-05,1.0546e-05,9.39304e-06,9.89733e-06,0.000123689
1741,1.00542e-05,8.8751e-06,9.8016e-06,9.39299e-06,9.89721e-06,1.50464e-06
1742,8.0474e-06,1.05278e-05,1.22787e-05,9.39304e-06,9.89726e-06,0.000120258
1743,8.4913e-06,9.2299e-06,1.11257e-05,9.39306e-06,9.89728e-06,1.42829e-06
1744,9.04537e-06,1.07389e-05,1.02091e-05,9.39307e-06,9.89732e-06,0.000151997
1745,9.60065e-06,9.27069e-06,9.38637e-06,9.39308e-06,9.89737e-06,1.84803e-06
1746,1.02327e-05,1.07508e-05,1.14794e-05,9.39279e-06,9.89723e-06,0.000151353
1747,8.24906e-06,9.62511e-06,1.09342e-05,9.39277e-06,9.89726e-06,1.77097e-06
1748,8.68022e-06,1.1168e-05,9.96872e-06,9.39291e-06,9.89732e-06,0.000103088
1749,9.23481e-06,9.58601e-06,1.2333e-05,9.39301e-06,9.89734e-06,1.37682e-06
1750,9.80086e-06,1.11413e-05,1.10406e-05,9.39316e-06,9.89736e-06,0.000129425
1751,1.04546e-05,9.66913e-06,1.01069e-05,9.39304e-06,9.8972e-06,1.58305e-06
1752,8.42018e-06,1.14156e-05,9.77947e-06,9.39314e-06,9.89728e-06,0.000134185
1753,8.90461e-06,9.79251e-06,1.19684e-05,9.39314e-06,9.8973e-06,1.60911e-06
1754,9.46799e-06,1.13759e-05,1.08577e-05,9.3931e-06,9.89735e-06,0.000159709
1755,1.00549e-05,9.87189e-06,1.00006e-05,9.39277e-06,9.8972e-06,1.93301e-06
1756,8.09088e-06,1.15902e-05,9.61378e-06,9.39283e-06,9.89726e-06,9.8648e-05
1757,8.56018e-06,9.97384e-06,1.17321e-05,9.39281e-06,9.89729e-06,1.27034e-06
1758,9.14007e-06,1.14538e-05,1.05028e-05,9.39293e-06,9.89732e-06,0.000119215
1759,9.73247e-06,9.82869e-06,9.71014e-06,9.39306e-06,9.89737e-06,1.412e-06
1760,1.03498e-05,1.13193e-05,1.17792e-05,9.39301e-06,9.89722e-06,0.000125499
1761,8.32776e-06,1.00845e-05,1.10863e-05,9.3931e-06,9.89726e-06,1.46764e-06
1762,8.80936e-06,8.72298e-06,1.01243e-05,9.39312e-06,9.89728e-06,0.000150294
1763,9.33047e-06,1.01613e-05,9.33338e-06,9.39315e-06,9.89735e-06,1.84177e-06
1764,9.89272e-06,8.75645e-06,1.1713e-05,9.39308e-06,9.89738e-06,0.000136635
1765,1.05198e-05,1.02763e-05,1.07146e-05,9.39279e-06,9.89724e-06,1.56755e-06
1766,8.47249e-06,9.33893e-06,1.04884e-05,9.39277e-06,9.89726e-06,9.99187e-05
1767,8.94931e-06,1.08918e-05,9.53595e-06,9.39289e-06,9.89733e-06,1.28892e-06
1768,9.50863e-06,9.36862e-06,1.18917e-05,9.39299e-06,9.89736e-06,0.000110532
1769,1.00784e-05,1.09257e-05,1.087e-05,9.39295e-06,9.89721e-06,1.29955e-06
1770,8.14286e-06,9.81419e-06,1.04982e-05,9.39309e-06,9.89723e-06,0.000128682
1771,8.58926e-06,1.13384e-05,9.38966e-06,9.3932e-06,9.89731e-06,1.49865e-06
1772,9.20625e-06,9.68276e-06,1.15792e-05,9.3932e-06,9.89734e-06,0.000134606
1773,9.80035e-06,1.1208e-05,1.03565e-05,9.39314e-06,9.89737e-06,1.58124e-06
1774,1.0419e-05,9.7049e-06,9.5615e-06,9.39286e-06,9.89723e-06,0.000163252
1775,8.32896e-06,1.14293e-05,1.20728e-05,9.3929e-06,9.89727e-06,1.92494e-06
1776,8.8387e-06,9.90785e-06,1.07546e-05,9.39288e-06,9.8973e-06,9.65734e-05
1777,9.40268e-06,1.15146e-05,9.86924e-06,9.39302e-06,9.89738e-06,1.23099e-06
1778,9.98567e-06,9.84445e-06,1.22054e-05,9.39312e-06,9.8974e-06,0.000119857
1779,1.06537e-05,1.14066e-05,1.10111e-05,9.39307e-06,9.89723e-06,1.4023e-06
1780,8.60933e-06,1.02151e-05,1.06033e-05,9.39318e-06,9.89728e-06,0.000126462
1781,9.11239e-06,8.81808e-06,9.63238e-06,9.39328e-06,9.89735e-06,1.49686e-06
1782,9.66338e-06,1.02698e-05,1.19293e-05,9.39326e-06,9.89739e-06,0.00015402
1783,1.024e-05,8.91142e-06,1.1009e-05,9.3929e-06,9.89723e-06,1.88534e-06
1784,8.2214e-06,1.06692e-05,1.06428e-05,9.3929e-06,9.89725e-06,0.000141136
1785,8.66002e-06,9.38088e-06,9.66808e-06,9.39291e-06,9.8973e-06,1.60607e-06
1786,9.23827e-06,1.08887e-05,1.18204e-05,9.39299e-06,9.89735e-06,0.000106457
1787,9.829e-06,9.35885e-06,1.0718e-05,9.39304e-06,9.89738e-06,1.40083e-06
1788,1.04431e-05,1.09039e-05,9.81142e-06,9.393e-06,9.89725e-06,0.000117088
1789,8.40441e-06,9.7954e-06,1.24386e-05,9.39314e-06,9.89727e-06,1.39478e-06
1790,8.87878e-06,1.1362e-05,1.09701e-05,9.39323e-06,9.89732e-06,0.000145807
1791,9.44758e-06,9.83526e-06,1.0152e-05,9.39325e-06,9.89733e-06,1.75872e-06
1792,1.00107e-05,1.14419e-05,9.26856e-06,9.393e-06,9.89724e-06,0.000160239
1793,8.10017e-06,1.01741e-05,1.17323e-05,9.39298e-06,9.89727e-06,1.9072e-06
1794,8.54871e-06,8.83277e-06,1.05606e-05,9.39293e-06,9.89727e-06,9.91734e-05
1795,9.11463e-06,1.01701e-05,9.60162e-06,9.39301e-06,9.89735e-06,1.28149e-06
1796,9.68883e-06,8.65395e-06,1.19167e-05,9.39304e-06,9.89737e-06,0.000122523
1797,1.02915e-05,1.01093e-05,1.06784e-05,9.39292e-06,9.89724e-06,1.44349e-06
1798,8.31232e-06,9.25556e-06,1.04257e-05,9.39305e-06,9.89726e-06,0.000127225
1799,8.74453e-06,1.08278e-05,9.45852e-06,9.39321e-06,9.89733e-06,1.48773e-06
1800,9.29237e-06,9.38944e-06,1.17645e-05,9.3933e-06,9.89735e-06,0.00014032
1801,9.85773e-06,1.09468e-05,1.05614e-05,9.39333e-06,9.89739e-06,1.67254e-06
1802,1.04921e-05,9.50432e-06,9.75211e-06,9.39306e-06,9.89725e-06,0.000142307
1803,8.50159e-06,1.12e-05,1.22766e-05,9.39305e-06,9.89728e-06,1.65727e-06
1804,9.02644e-06,9.72683e-06,1.0936e-05,9.39298e-06,9.89729e-06,0.000105143
1805,9.54605e-06,1.13563e-05,1.00209e-05,9.39302e-06,9.89733e-06,1.38147e-06
1806,1.01463e-05,9.87831e-06,9.19551e-06,9.39285e-06,9.89724e-06,0.000115627
1807,8.23478e-06,1.15628e-05,1.16082e-05,9.39291e-06,9.89728e-06,1.36085e-06
1808,8.6859e-06,1.00517e-05,1.04764e-05,9.39302e-06,9.89732e-06,0.000133188
1809,9.23169e-06,8.67407e-06,9.64063e-06,9.39318e-06,9.89738e-06,1.53992e-06
1810,9.80434e-06,1.00166e-05,1.18164e-05,9.39328e-06,9.8974e-06,0.000137194
1811,1.03885e-05,8.61489e-06,1.07257e-05,9.39305e-06,9.89724e-06,1.61441e-06
1812,8.38283e-06,1.03412e-05,1.02949e-05,9.39304e-06,9.89725e-06,0.000163445
1813,8.83025e-06,9.09674e-06,9.41411e-06,9.39302e-06,9.89729e-06,1.92327e-06
1814,9.33143e-06,1.06737e-05,1.1614e-05,9.39302e-06,9.89733e-06,9.64471e-05
1815,9.8806e-06,9.23742e-06,1.05649e-05,9.393e-06,9.89733e-06,1.2698e-06
1816,1.04735e-05,1.08106e-05,9.71922e-06,9.39287e-06,9.89725e-06,0.000119025
1817,8.52912e-06,9.63554e-06,1.22966e-05,9.39296e-06,9.89728e-06,1.43392e-06
1818,9.00128e-06,1.11794e-05,1.08173e-05,9.39304e-06,9.89733e-06,0.000125953
1819,9.52526e-06,9.64813e-06,9.95426e-06,9.39319e-06,9.89738e-06,1.52009e-06
1820,1.00936e-05,1.11306e-05,1.20548e-05,9.39309e-06,9.89724e-06,0.000143418
1821,8.17984e-06,9.92059e-06,1.12905e-05,9.39309e-06,9.89724e-06,1.69401e-06
1822,8.61397e-06,1.14467e-05,1.00871e-05,9.39309e-06,9.89726e-06,0.000146037
1823,9.20303e-06,9.78958e-06,9.02961e-06,9.39306e-06,9.8973e-06,1.69154e-06
1824,9.72552e-06,1.12388e-05,1.10718e-05,9.39309e-06,9.89733e-06,0.000108691
1825,1.03306e-05,9.66792e-06,9.93195e-06,9.39291e-06,9.89721e-06,1.4738e-06
1826,8.28238e-06,1.12453e-05,1.24774e-05,9.39295e-06,9.89726e-06,0.00011878
1827,8.75964e-06,9.68513e-06,1.10393e-05,9.39306e-06,9.89728e-06,1.44907e-06
1828,9.32311e-06,1.12324e-05,9.91843e-06,9.39316e-06,9.89737e-06,0.000135506
1829,9.84185e-06,9.59531e-06,1.22173e-05,9.39326e-06,9.89738e-06,1.60817e-06
1830,1.04753e-05,1.10486e-05,1.08238e-05,9.39312e-06,9.89723e-06,0.000139693
1831,8.48739e-06,9.85935e-06,1.03887e-05,9.39312e-06,9.89724e-06,1.68542e-06
1832,8.96575e-06,1.14089e-05,9.25597e-06,9.39321e-06,9.89729e-06,0.000102991
1833,9.52533e-06,9.71687e-06,1.15478e-05,9.39312e-06,9.8973e-06,1.39989e-06
1834,1.00823e-05,1.12607e-05,1.02884e-05,9.39289e-06,9.89718e-06,0.000110577
1835,8.16441e-06,9.99308e-06,9.95085e-06,9.39299e-06,9.89722e-06,1.34519e-06
1836,8.61209e-06,1.14731e-05,1.19248e-05,9.39304e-06,9.89726e-06,0.000127179
1837,9.21154e-06,9.73712e-06,1.0596e-05,9.39312e-06,9.89729e-06,1.53183e-06
1838,9.75731e-06,1.12398e-05,9.47973e-06,9.39319e-06,9.89737e-06,0.000129926
1839,1.03555e-05,9.59724e-06,1.17126e-05,9.39308e-06,9.89723e-06,1.61435e-06
1840,8.34177e-06,1.1241e-05,1.08007e-05,9.39316e-06,9.89725e-06,0.000158629
1841,8.84598e-06,9.70227e-06,9.77036e-06,9.39319e-06,9.89729e-06,1.92176e-06
1842,9.39482e-06,1.12002e-05,1.19447e-05,9.39319e-06,9.89731e-06,9.59958e-05
1843,9.93527e-06,9.56857e-06,1.07282e-05,9.39312e-06,9.89731e-06,1.29954e-06
1844,1.05448e-05,1.11182e-05,9.71795e-06,9.39297e-06,9.89721e-06,0.000119877
1845,8.52413e-06,9.80033e-06,1.23761e-05,9.39303e-06,9.89723e-06,1.47513e-06
1846,9.0422e-06,1.13517e-05,1.07701e-05,9.39305e-06,9.89728e-06,0.000127872
1847,9.60889e-06,9.66477e-06,9.89111e-06,9.39315e-06,9.89734e-06,1.55757e-06
1848,1.01183e-05,1.11897e-05,1.20338e-05,9.393e-06,9.89723e-06,0.000145882
1849,8.17523e-06,9.88034e-06,1.12628e-05,9.39303e-06,9.89725e-06,1.73632e-06
1850,8.63606e-06,1.14211e-05,1.00399e-05,9.39311e-06,9.89727e-06,0.000146877
1851,9.23651e-06,9.70433e-06,8.99138e-06,9.39312e-06,9.8973e-06,1.73793e-06
1852,9.76988e-06,1.12032e-05,1.11081e-05,9.39315e-06,9.89732e-06,0.000105503
1853,1.03697e-05,9.54013e-06,9.9756e-06,9.39295e-06,9.89719e-06,1.43036e-06
1854,8.2849e-06,1.11965e-05,1.25688e-05,9.39304e-06,9.89724e-06,0.000114477
1855,8.76032e-06,9.61859e-06,1.10868e-05,9.39315e-06,9.89726e-06,1.38891e-06
1856,9.34541e-06,1.11797e-05,9.90565e-06,9.3932e-06,9.89735e-06,0.000131808
1857,9.90327e-06,9.48952e-06,1.22885e-05,9.39325e-06,9.89737e-06,1.59465e-06
1858,1.0495e-05,1.09653e-05,1.08809e-05,9.39302e-06,9.89725e-06,0.000136982
1859,8.47352e-06,9.75325e-06,1.04557e-05,9.39304e-06,9.89727e-06,1.69188e-06
1860,8.95093e-06,1.12965e-05,9.32051e-06,9.39317e-06,9.89733e-06,0.000103369
1861,9.55571e-06,9.61452e-06,1.16436e-05,9.3931e-06,9.89734e-06,1.41367e-06
1862,1.00905e-05,1.12014e-05,1.03876e-05,9.39291e-06,9.89719e-06,0.000111151
1863,8.11134e-06,9.8818e-06,9.99709e-06,9.39302e-06,9.89723e-06,1.36004e-06
1864,8.52723e-06,1.13466e-05,1.20578e-05,9.39313e-06,9.89727e-06,0.000128037
1865,9.15582e-06,9.69659e-06,1.06781e-05,9.39326e-06,9.8973e-06,1.55281e-06
1866,9.7444e-06,1.12e-05,9.49297e-06,9.3933e-06,9.89738e-06,0.000130072
1867,1.03431e-05,9.51355e-06,1.1757e-05,9.39308e-06,9.89724e-06,1.61783e-06
1868,8.25282e-06,1.11826e-05,1.0845e-05,9.39305e-06,9.89728e-06,0.000157341
1869,8.72761e-06,9.64769e-06,9.87589e-06,9.39306e-06,9.89733e-06,1.91088e-06
1870,9.27913e-06,1.11481e-05,1.20488e-05,9.39309e-06,9.89736e-06,9.50251e-05
1871,9.91358e-06,9.49976e-06,1.08074e-05,9.39303e-06,9.89736e-06,1.28546e-06
1872,1.05034e-05,1.10634e-05,9.78023e-06,9.39293e-06,9.89724e-06,0.000118093
1873,8.40224e-06,9.75895e-06,1.24761e-05,9.39304e-06,9.89726e-06,1.46188e-06
1874,8.90818e-06,1.13235e-05,1.09025e-05,9.39316e-06,9.8973e-06,0.000126189
1875,9.51757e-06,9.65931e-06,1.00021e-05,9.39328e-06,9.89733e-06,1.56716e-06
1876,1.01047e-05,1.12795e-05,9.00684e-06,9.39308e-06,9.89723e-06,0.000144485
1877,8.08113e-06,9.8905e-06,1.16052e-05,9.39306e-06,9.89726e-06,1.78217e-06
1878,8.50022e-06,1.1429e-05,1.02542e-05,9.39305e-06,9.89729e-06,0.000146399
1879,9.12008e-06,9.74992e-06,9.43206e-06,9.39304e-06,9.89735e-06,1.76083e-06
1880,9.71457e-06,1.11981e-05,1.15766e-05,9.39304e-06,9.89738e-06,0.000106321
1881,1.03557e-05,9.54715e-06,1.04148e-05,9.39284e-06,9.8972e-06,1.4589e-06
1882,8.24512e-06,1.12516e-05,9.92907e-06,9.39298e-06,9.89727e-06,0.000114869
1883,8.70606e-06,9.61745e-06,1.21995e-05,9.39313e-06,9.8973e-06,1.41627e-06
1884,9.29224e-06,1.12203e-05,1.08374e-05,9.39323e-06,9.89733e-06,0.000131331
1885,9.89681e-06,9.54027e-06,9.87441e-06,9.39336e-06,9.89739e-06,1.61293e-06
1886,1.05267e-05,1.1067e-05,1.20896e-05,9.3931e-06,9.89725e-06,0.000135808
1887,8.44391e-06,9.77476e-06,1.13803e-05,9.39306e-06,9.89728e-06,1.70075e-06
1888,8.93866e-06,1.1352e-05,1.02131e-05,9.39304e-06,9.89731e-06,0.000163636
1889,9.53442e-06,9.72621e-06,9.38189e-06,9.39301e-06,9.89736e-06,2.02843e-06
1890,1.01277e-05,1.12621e-05,1.15118e-05,9.3928e-06,9.89722e-06,0.000101472
1891,8.10888e-06,9.95002e-06,1.08782e-05,9.39283e-06,9.89723e-06,1.37258e-06
1892,8.5246e-06,1.15163e-05,9.79542e-06,9.39298e-06,9.8973e-06,0.000124709
1893,9.16379e-06,9.74551e-06,1.20667e-05,9.39315e-06,9.89732e-06,1.56476e-06
1894,9.77024e-06,1.12533e-05,1.06396e-05,9.39325e-06,9.89736e-06,0.000130953
1895,1.04168e-05,9.60896e-06,9.65891e-06,9.39315e-06,9.89724e-06,1.66578e-06
1896,8.26933e-06,1.12952e-05,1.22198e-05,9.39312e-06,9.89727e-06,0.000158638
1897,8.74825e-06,9.6993e-06,1.08967e-05,9.39306e-06,9.89729e-06,2.02406e-06
1898,9.3293e-06,1.13193e-05,9.9178e-06,9.39312e-06,9.89736e-06,9.55272e-05
1899,9.94258e-06,9.63146e-06,1.22915e-05,9.393e-06,9.89738e-06,1.32662e-06
1900,1.06035e-05,1.12101e-05,1.09777e-05,9.39281e-06,9.89722e-06,0.000114996
1901,8.50633e-06,9.89434e-06,1.05418e-05,9.39286e-06,9.89724e-06,1.45778e-06
1902,8.98342e-06,1.15071e-05,9.49092e-06,9.39302e-06,9.89732e-06,0.000120614
1903,9.59044e-06,9.83101e-06,1.19114e-05,9.39318e-06,9.89734e-06,1.49652e-06
1904,1.02082e-05,1.14227e-05,1.06488e-05,9.39311e-06,9.89722e-06,0.000136722
1905,8.16505e-06,1.00515e-05,1.02932e-05,9.39313e-06,9.89724e-06,1.70481e-06
1906,8.61228e-06,8.66306e-06,9.34439e-06,9.39316e-06,9.89727e-06,0.000139255
1907,9.17796e-06,1.00532e-05,1.15399e-05,9.39315e-06,9.89732e-06,1.72141e-06
1908,9.7894e-06,8.61331e-06,1.04787e-05,9.39304e-06,9.89735e-06,0.000103034
1909,1.04152e-05,1.01697e-05,9.61572e-06,9.39287e-06,9.89724e-06,1.41176e-06
1910,8.26216e-06,9.08121e-06,1.23305e-05,9.39285e-06,9.89725e-06,0.000114057
1911,8.73308e-06,1.06843e-05,1.0891e-05,9.39291e-06,9.89729e-06,1.37961e-06
1912,9.29096e-06,9.21576e-06,1.01243e-05,9.39305e-06,9.89731e-06,0.000132811
1913,9.87068e-06,1.07906e-05,9.19134e-06,9.39316e-06,9.89739e-06,1.60968e-06
1914,1.05183e-05,9.33138e-06,1.15676e-05,9.39311e-06,9.89723e-06,0.000137179
1915,8.38492e-06,1.10339e-05,1.08463e-05,9.39313e-06,9.89725e-06,1.72335e-06
1916,8.92753e-06,9.49167e-06,9.93677e-06,9.39318e-06,9.8973e-06,0.000164198
1917,9.4726e-06,1.1083e-05,1.22651e-05,9.39315e-06,9.89735e-06,2.0502e-06
1918,1.009e-05,9.5552e-06,1.10906e-05,9.39282e-06,9.89722e-06,9.77136e-05
1919,8.04975e-06,1.1272e-05,1.05064e-05,9.39282e-06,9.89724e-06,1.32481e-06
1920,8.50125e-06,9.68307e-06,9.45515e-06,9.39288e-06,9.8973e-06,0.000119981
1921,9.10772e-06,1.11925e-05,1.14897e-05,9.39297e-06,9.89735e-06,1.49622e-06
1922,9.7213e-06,9.56754e-06,1.0384e-05,9.39308e-06,9.89736e-06,0.000126382
1923,1.03866e-05,1.10817e-05,9.37802e-06,9.39303e-06,9.89725e-06,1.58488e-06
1924,8.23989e-06,9.7581e-06,1.20213e-05,9.3931e-06,9.89726e-06,0.000143668
1925,8.72142e-06,1.13403e-05,1.05762e-05,9.39313e-06,9.89728e-06,1.79142e-06
1926,9.29302e-06,9.73669e-06,9.77788e-06,9.39319e-06,9.89733e-06,0.000146281
1927,9.89514e-06,1.12954e-05,1.19946e-05,9.39318e-06,9.89737e-06,1.79706e-06
1928,1.05807e-05,9.69446e-06,1.09342e-05,9.39286e-06,9.89724e-06,0.00010898
1929,8.41379e-06,1.14286e-05,1.03864e-05,9.39286e-06,9.89727e-06,1.50487e-06
1930,8.92817e-06,9.75947e-06,9.42201e-06,9.39291e-06,9.89733e-06,0.000118746
1931,9.52071e-06,1.13654e-05,1.16699e-05,9.39297e-06,9.89738e-06,1.46158e-06
1932,1.01457e-05,9.77716e-06,1.0666e-05,9.39291e-06,9.89723e-06,0.00013607
1933,8.06931e-06,1.14534e-05,1.02034e-05,9.39297e-06,9.89725e-06,1.68481e-06
1934,8.50432e-06,9.84149e-06,9.26575e-06,9.39306e-06,9.8973e-06,0.000140131
1935,9.09998e-06,1.13386e-05,1.13811e-05,9.39312e-06,9.89732e-06,1.77941e-06
1936,9.74224e-06,9.69245e-06,1.02737e-05,9.39311e-06,9.89733e-06,0.000103408
1937,1.03733e-05,1.12223e-05,9.43077e-06,9.39297e-06,9.89723e-06,1.43667e-06
1938,8.22987e-06,9.83391e-06,1.20243e-05,9.39291e-06,9.89726e-06,0.000110742
1939,8.70378e-06,1.14382e-05,1.05865e-05,9.39292e-06,9.89731e-06,1.37103e-06
1940,9.28422e-06,9.79317e-06,9.85381e-06,9.39298e-06,9.89739e-06,0.000126936
1941,9.88044e-06,1.13285e-05,1.20437e-05,9.393e-06,9.89743e-06,1.56742e-06
1942,1.05696e-05,9.70068e-06,1.10367e-05,9.39291e-06,9.89725e-06,0.000129782
1943,8.36948e-06,1.1402e-05,1.04867e-05,9.39298e-06,9.89727e-06,1.64175e-06
1944,8.90178e-06,9.75832e-06,9.56873e-06,9.39309e-06,9.89731e-06,0.000147376
1945,9.43855e-06,1.13447e-05,1.18495e-05,9.39315e-06,9.89734e-06,1.82345e-06
1946,1.00807e-05,9.76962e-06,1.08029e-05,9.39291e-06,9.8972e-06,9.59819e-05
1947,8.03249e-06,1.14541e-05,1.03344e-05,9.39295e-06,9.89723e-06,1.32849e-06
1948,8.46085e-06,9.78813e-06,9.34281e-06,9.39296e-06,9.8973e-06,0.00012149
1949,9.05189e-06,1.12857e-05,1.14372e-05,9.39299e-06,9.89736e-06,1.49832e-06
1950,9.66723e-06,9.64458e-06,1.03931e-05,9.393e-06,9.89739e-06,0.000129304
1951,1.03194e-05,1.11513e-05,9.46255e-06,9.39283e-06,9.89727e-06,1.58294e-06
1952,8.18874e-06,9.76369e-06,1.2138e-05,9.39291e-06,9.89727e-06,0.000146778
1953,8.63469e-06,1.13175e-05,1.064e-05,9.39296e-06,9.8973e-06,1.84559e-06
1954,9.18753e-06,9.70476e-06,9.90342e-06,9.3931e-06,9.89734e-06,0.000147425
1955,9.78932e-06,1.12231e-05,1.21626e-05,9.39316e-06,9.89737e-06,1.81374e-06
1956,1.04771e-05,9.62582e-06,1.10748e-05,9.39294e-06,9.89722e-06,0.000105912
1957,8.32355e-06,1.13401e-05,1.05648e-05,9.39299e-06,9.89725e-06,1.43642e-06
1958,8.80632e-06,9.67619e-06,9.54076e-06,9.39302e-06,9.89733e-06,0.000106347
1959,9.3585e-06,1.12593e-05,1.18309e-05,9.39303e-06,9.89739e-06,1.29784e-06
1960,9.99326e-06,9.68363e-06,1.07995e-05,9.39302e-06,9.89742e-06,0.000135726
1961,1.06505e-05,1.12343e-05,9.93428e-06,9.39279e-06,9.89729e-06,1.70428e-06
1962,8.50161e-06,9.88818e-06,1.27552e-05,9.39287e-06,9.89729e-06,0.000140209
1963,9.00366e-06,1.15334e-05,1.12323e-05,9.39295e-06,9.89731e-06,1.79145e-06
1964,9.53443e-06,9.96059e-06,1.04723e-05,9.39299e-06,9.89732e-06,0.000156173
1965,1.0167e-05,1.15417e-05,9.5909e-06,9.39293e-06,9.89721e-06,1.91478e-06
1966,8.10657e-06,1.01065e-05,1.22261e-05,9.39304e-06,9.89725e-06,0.000101577
1967,8.51913e-06,8.63828e-06,1.0873e-05,9.39306e-06,9.89728e-06,1.37814e-06
1968,9.10406e-06,1.00425e-05,9.98256e-06,9.39314e-06,9.89738e-06,0.00012662
1969,9.67798e-06,8.61483e-06,1.24255e-05,9.39312e-06,9.89742e-06,1.58249e-06
1970,1.02867e-05,1.00832e-05,1.1174e-05,9.39278e-06,9.89727e-06,0.000132415
1971,8.14733e-06,9.03539e-06,1.07625e-05,9.39279e-06,9.89727e-06,1.66464e-06
1972,8.58326e-06,1.0652e-05,9.73388e-06,9.39288e-06,9.89732e-06,0.000149016
1973,9.09949e-06,9.13157e-06,1.22035e-05,9.39296e-06,9.89733e-06,1.86969e-06
1974,9.69023e-06,1.07037e-05,1.09558e-05,9.39303e-06,9.89735e-06,0.000149772
1975,1.034e-05,9.27858e-06,1.01336e-05,9.3929e-06,9.89719e-06,1.79334e-06
1976,8.22017e-06,1.09553e-05,9.68386e-06,9.39308e-06,9.89727e-06,0.000110252
1977,8.68177e-06,9.38096e-06,1.20679e-05,9.3931e-06,9.8973e-06,1.52938e-06
1978,9.2183e-06,1.09947e-05,1.08673e-05,9.39313e-06,9.89737e-06,0.000119898
1979,9.83966e-06,9.56444e-06,1.00656e-05,9.39308e-06,9.89739e-06,1.53445e-06
1980,1.04701e-05,1.11865e-05,9.22766e-06,9.39268e-06,9.89728e-06,0.000137613
1981,8.36809e-06,9.90578e-06,1.19935e-05,9.39267e-06,9.89729e-06,1.73532e-06
1982,8.83315e-06,1.15561e-05,1.06949e-05,9.39274e-06,9.89731e-06,0.000142149
1983,9.37151e-06,9.97923e-06,1.00931e-05,9.39283e-06,9.89732e-06,1.77524e-06
1984,1.00007e-05,1.15924e-05,9.29094e-06,9.39285e-06,9.8972e-06,0.00010451
1985,7.95186e-06,1.01948e-05,1.19713e-05,9.39303e-06,9.89725e-06,1.43935e-06
1986,8.38538e-06,8.72124e-06,1.06624e-05,9.39313e-06,9.89728e-06,0.000129242
1987,8.93499e-06,1.01403e-05,9.88949e-06,9.39327e-06,9.89736e-06,1.62695e-06
1988,9.52179e-06,8.67969e-06,1.22947e-05,9.39325e-06,9.8974e-06,0.000121995
1989,1.01437e-05,1.01782e-05,1.11025e-05,9.39278e-06,9.89727e-06,1.45647e-06
1990,8.01573e-06,9.16867e-06,1.07117e-05,9.39267e-06,9.89728e-06,0.000126725
1991,8.45678e-06,1.0733e-05,9.6957e-06,9.39268e-06,9.89734e-06,1.59881e-06
1992,8.97407e-06,9.21193e-06,1.22171e-05,9.39276e-06,9.89733e-06,0.000155371
1993,9.55739e-06,1.07394e-05,1.09622e-05,9.39288e-06,9.89734e-06,1.91145e-06
1994,1.02163e-05,9.36649e-06,1.02021e-05,9.39286e-06,9.89719e-06,0.000106384
1995,8.11638e-06,1.10326e-05,9.74432e-06,9.39308e-06,9.89726e-06,1.45549e-06
1996,8.60437e-06,9.47943e-06,1.21416e-05,9.39319e-06,9.89729e-06,0.000114705
1997,9.11896e-06,1.11228e-05,1.09596e-05,9.39328e-06,9.89734e-06,1.40874e-06
1998,9.74799e-06,9.62132e-06,1.01476e-05,9.39323e-06,9.89736e-06,0.000144292
1999,1.03976e-05,1.12823e-05,9.28934e-06,9.39274e-06,9.89727e-06,1.82218e-06
2000,,,,,,0.000136426
2001,,,,,,1.65839e-06
2002,,,,,,0.000163191
2003,,,,,,1.94892e-06
2004,,,,,,0.000103477
2005,,,,,,1.38334e-06
2006,,,,,,0.000126219
2007,,,,,,1.59281e-06
2008,,,,,,0.000121649
2009,,,,,,1.5056e-06
2010,,,,,,0.00015158
2011,,,,,,1.90268e-06
2012,,,,,,0.000153391
2013,,,,,,1.83055e-06
2014,,,,,,0.000106522
2015,,,,,,1.46119e-06
2016,,,,,,0.00011576
2017,,,,,,1.4619e-06
2018,,,,,,0.000144648
2019,,,,,,1.86796e-06
2020,,,,,,0.000147155
2021,,,,,,1.86027e-06
2022,,,,,,0.000101144
2023,,,,,,1.39499e-06
2024,,,,,,0.000107162
2025,,,,,,1.32197e-06
2026,,,,,,0.000134971
2027,,,,,,1.74359e-06
2028,,,,,,0.000126163
2029,,,,,,1.57052e-06
2030,,,,,,0.000156939
2031,,,,,,1.88473e-06
2032,,,,,,0.000101292
2033,,,,,,1.36872e-06
2034,,,,,,0.000126239
2035,,,,,,1.6008e-06
2036,,,,,,0.000123382
2037,,,,,,1.4944e-06
2038,,,,,,0.000155051
2039,,,,,,1.90963e-06
2040,,,,,,0.000155441
2041,,,,,,1.8463e-06
2042,,,,,,0.000105787
2043,,,,,,1.46242e-06
2044,,,,,,0.00011398
2045,,,,,,1.42556e-06
2046,,,,,,0.000143762
2047,,,,,,1.84369e-06
2048,,,,,,0.000146748
2049,,,,,,1.84049e-06
2050,,,,,,0.000103303
2051,,,,,,1.42018e-06
2052,,,,,,0.000109551
2053,,,,,,1.35554e-06
2054,,,,,,0.000138632
2055,,,,,,1.75683e-06
2056,,,,,,0.000129352
2057,,,,,,1.56178e-06
2058,,,,,,0.000160022
2059,,,,,,1.90476e-06
2060,,,,,,0.00010262
2061,,,,,,1.37761e-06
2062,,,,,,0.000127408
2063,,,,,,1.57575e-06
2064,,,,,,0.000124764
2065,,,,,,1.48311e-06
2066,,,,,,0.000157194
2067,,,,,,1.91219e-06
2068,,,,,,0.000101914
2069,,,,,,1.40799e-06
2070,,,,,,0.000123947
2071,,,,,,1.52697e-06
2072,,,,,,0.00011716
2073,,,,,,1.36754e-06
2074,,,,,,0.000145976
2075,,,,,,1.75563e-06
2076,,,,,,0.000146778
2077,,,,,,1.72837e-06
2078,,,,,,0.000105086
2079,,,,,,1.40674e-06
2080,,,,,,0.000114593
2081,,,,,,1.40378e-06
2082,,,,,,0.000146023
2083,,,,,,1.76355e-06
2084,,,,,,0.000137985
2085,,,,,,1.61474e-06
2086,,,,,,0.000104856
2087,,,,,,1.4602e-06
2088,,,,,,0.000111055
2089,,,,,,1.38912e-06
2090,,,,,,0.00012809
2091,,,,,,1.51387e-06
2092,,,,,,0.000131043
2093,,,,,,1.53128e-06
2094,,,,,,0.000160402
2095,,,,,,1.8534e-06
2096,,,,,,0.000101394
2097,,,,,,1.37298e-06
2098,,,,,,0.000126434
2099,,,,,,1.5411e-06
2100,,,,,,0.00013554
2101,,,,,,1.60914e-06
2102,,,,,,0.000154184
2103,,,,,,1.81248e-06
2104,,,,,,9.93875e-05
2105,,,,,,1.36367e-06
2106,,,,,,0.000121629
2107,,,,,,1.50267e-06
2108,,,,,,0.000125345
2109,,,,,,1.49279e-06
2110,,,,,,0.000141126
2111,,,,,,1.66975e-06
2112,,,,,,0.000143258
2113,,,,,,1.62944e-06
2114,,,,,,0.000105222
2115,,,,,,1.40684e-06
2116,,,,,,0.000115051
2117,,,,,,1.40689e-06
2118,,,,,,0.000148325
2119,,,,,,1.78847e-06
2120,,,,,,0.00015041
2121,,,,,,1.77678e-06
2122,,,,,,0.000102893
2123,,,,,,1.41322e-06
2124,,,,,,0.000107056
2125,,,,,,1.29906e-06
2126,,,,,,0.000134753
2127,,,,,,1.63099e-06
2128,,,,,,0.000124995
2129,,,,,,1.44219e-06
2130,,,,,,0.000156911
2131,,,,,,1.80915e-06
2132,,,,,,0.000103838
2133,,,,,,1.36319e-06
2134,,,,,,0.000121942
2135,,,,,,1.44274e-06
2136,,,,,,0.000131133
2137,,,,,,1.50828e-06
2138,,,,,,0.00016235
2139,,,,,,1.88046e-06
2140,,,,,,9.56062e-05
2141,,,,,,1.26672e-06
2142,,,,,,0.000116535
2143,,,,,,1.40394e-06
2144,,,,,,0.000120748
2145,,,,,,1.46733e-06
2146,,,,,,0.000138112
2147,,,,,,1.59941e-06
2148,,,,,,0.00014151
2149,,,,,,1.58333e-06
2150,,,,,,0.00010807
2151,,,,,,1.41029e-06
2152,,,,,,0.000118826
2153,,,,,,1.4572e-06
2154,,,,,,0.000139817
2155,,,,,,1.61329e-06
2156,,,,,,0.000143489
2157,,,,,,1.62111e-06
2158,,,,,,0.000170771
2159,,,,,,1.94601e-06
2160,,,,,,0.000100738
2161,,,,,,1.36219e-06
2162,,,,,,0.000123642
2163,,,,,,1.52869e-06
2164,,,,,,0.00013038
2165,,,,,,1.58141e-06
2166,,,,,,0.000149397
2167,,,,,,1.7137e-06
2168,,,,,,9.86213e-05
2169,,,,,,1.30159e-06
2170,,,,,,0.000122997
2171,,,,,,1.50557e-06
2172,,,,,,0.000128135
2173,,,,,,1.56387e-06
2174,,,,,,0.00014449
2175,,,,,,1.66025e-06
2176,,,,,,0.00014536
2177,,,,,,1.57572e-06
2178,,,,,,0.000105909
2179,,,,,,1.38644e-06
2180,,,,,,0.000108157
2181,,,,,,1.33352e-06
2182,,,,,,0.000141108
2183,,,,,,1.66546e-06
2184,,,,,,0.0001452
2185,,,,,,1.68892e-06
2186,,,,,,0.000100807
2187,,,,,,1.34298e-06
2188,,,,,,0.000105605
2189,,,,,,1.24746e-06
2190,,,,,,0.000134905
2191,,,,,,1.63331e-06
2192,,,,,,0.000124313
2193,,,,,,1.44373e-06
2194,,,,,,0.000155265
2195,,,,,,1.72667e-06
2196,,,,,,9.89076e-05
2197,,,,,,1.27788e-06
2198,,,,,,0.000117499
2199,,,,,,1.39958e-06
2200,,,,,,0.000127381
2201,,,,,,1.5118e-06
2202,,,,,,0.000159615
2203,,,,,,1.86791e-06
2204,,,,,,0.000147141
2205,,,,,,1.60422e-06
2206,,,,,,0.000105694
2207,,,,,,1.38716e-06
2208,,,,,,0.000113921
2209,,,,,,1.41446e-06
2210,,,,,,0.000133363
2211,,,,,,1.5722e-06
2212,,,,,,0.000139146
2213,,,,,,1.60089e-06
2214,,,,,,0.000105197
2215,,,,,,1.36646e-06
2216,,,,,,0.000113149
2217,,,,,,1.37387e-06
2218,,,,,,0.00013167
2219,,,,,,1.55142e-06
2220,,,,,,0.000134416
2221,,,,,,1.57174e-06
2222,,,,,,0.000162581
2223,,,,,,1.83051e-06
2224,,,,,,9.66425e-05
2225,,,,,,1.29054e-06
2226,,,,,,0.000120516
2227,,,,,,1.4638e-06
2228,,,,,,0.000128933
2229,,,,,,1.59721e-06
2230,,,,,,0.00014891
2231,,,,,,1.75007e-06
2232,,,,,,0.000150642
2233,,,,,,1.67654e-06
2234,,,,,,0.000108484
2235,,,,,,1.44875e-06
2236,,,,,,0.000116778
2237,,,,,,1.48529e-06
2238,,,,,,0.000136266
2239,,,,,,1.60947e-06
2240,,,,,,0.000140064
2241,,,,,,1.64359e-06
2242,,,,,,0.000104876
2243,,,,,,1.38731e-06
2244,,,,,,0.000112051
2245,,,,,,1.36882e-06
2246,,,,,,0.00013091
2247,,,,,,1.56397e-06
2248,,,,,,0.000133096
2249,,,,,,1.61642e-06
2250,,,,,,0.000162194
2251,,,,,,1.88463e-06
2252,,,,,,9.69181e-05
2253,,,,,,1.32465e-06
2254,,,,,,0.000120691
2255,,,,,,1.49321e-06
2256,,,,,,0.000128992
2257,,,,,,1.61759e-06
2258,,,,,,0.000148792
2259,,,,,,1.77575e-06
2260,,,,,,0.000150367
2261,,,,,,1.73157e-06
2262,,,,,,0.000108439
2263,,,,,,1.45448e-06
2264,,,,,,0.000116701
2265,,,,,,1.48238e-06
2266,,,,,,0.000136408
2267,,,,,,1.65241e-06
2268,,,,,,0.000140555
2269,,,,,,1.69429e-06
2270,,,,,,0.000105283
2271,,,,,,1.40803e-06
2272,,,,,,0.000113041
2273,,,,,,1.39676e-06
2274,,,,,,0.000131078
2275,,,,,,1.57472e-06
2276,,,,,,0.000133607
2277,,,,,,1.62398e-06
2278,,,,,,0.00016241
2279,,,,,,1.91688e-06
2280,,,,,,9.78757e-05
2281,,,,,,1.31783e-06
2282,,,,,,0.000121692
2283,,,,,,1.46439e-06
2284,,,,,,0.000130129
2285,,,,,,1.61926e-06
2286,,,,,,0.000149633
2287,,,,,,1.79068e-06
2288,,,,,,9.54136e-05
2289,,,,,,1.29098e-06
2290,,,,,,0.000118811
2291,,,,,,1.42844e-06
2292,,,,,,0.000122588
2293,,,,,,1.4863e-06
2294,,,,,,0.000139132
2295,,,,,,1.63328e-06
2296,,,,,,0.000140789
2297,,,,,,1.62098e-06
2298,,,,,,0.000101031
2299,,,,,,1.34427e-06
2300,,,,,,0.000110675
2301,,,,,,1.32038e-06
2302,,,,,,0.000142979
2303,,,,,,1.71121e-06
2304,,,,,,0.000145
2305,,,,,,1.75679e-06
2306,,,,,,0.000160814
2307,,,,,,1.83223e-06
2308,,,,,,0.000100008
2309,,,,,,1.34652e-06
2310,,,,,,0.000124313
2311,,,,,,1.50991e-06
2312,,,,,,0.000120405
2313,,,,,,1.43782e-06
2314,,,,,,0.000152008
2315,,,,,,1.79712e-06
2316,,,,,,9.98709e-05
2317,,,,,,1.3542e-06
2318,,,,,,0.000122946
2319,,,,,,1.4748e-06
2320,,,,,,0.000117145
2321,,,,,,1.36106e-06
2322,,,,,,0.000145886
2323,,,,,,1.69125e-06
2324,,,,,,0.000145302
2325,,,,,,1.66941e-06
2326,,,,,,0.000100327
2327,,,,,,1.36443e-06
2328,,,,,,0.000109928
2329,,,,,,1.32756e-06
2330,,,,,,0.000140411
2331,,,,,,1.68703e-06
2332,,,,,,0.000132843
2333,,,,,,1.53833e-06
2334,,,,,,0.000162343
2335,,,,,,1.84717e-06
2336,,,,,,0.000101305
2337,,,,,,1.36718e-06
2338,,,,,,0.000125341
2339,,,,,,1.538e-06
2340,,,,,,0.000120698
2341,,,,,,1.42529e-06
2342,,,,,,0.000150578
2343,,,,,,1.75757e-06
2344,,,,,,0.000151556
2345,,,,,,1.79069e-06
2346,,,,,,0.00010688
2347,,,,,,1.47346e-06
2348,,,,,,0.00011569
2349,,,,,,1.41925e-06
2350,,,,,,0.000144969
2351,,,,,,1.75255e-06
2352,,,,,,0.00013612
2353,,,,,,1.60215e-06
2354,,,,,,0.000100233
2355,,,,,,1.38221e-06
2356,,,,,,0.000108567
2357,,,,,,1.33642e-06
2358,,,,,,0.000125437
2359,,,,,,1.49312e-06
2360,,,,,,0.000129947
2361,,,,,,1.54752e-06
2362,,,,,,0.00015889
2363,,,,,,1.88343e-06
2364,,,,,,9.57468e-05
2365,,,,,,1.34112e-06
2366,,,,,,0.000120451
2367,,,,,,1.47917e-06
2368,,,,,,0.000128977
2369,,,,,,1.56922e-06
2370,,,,,,0.000146547
2371,,,,,,1.71908e-06
2372,,,,,,0.000148095
2373,,,,,,1.71449e-06
2374,,,,,,0.000105609
2375,,,,,,1.43872e-06
2376,,,,,,0.000114751
2377,,,,,,1.42945e-06
2378,,,,,,0.000132401
2379,,,,,,1.56164e-06
2380,,,,,,0.000137359
2381,,,,,,1.62124e-06
2382,,,,,,0.000165486
2383,,,,,,1.96948e-06
2384,,,,,,0.000101286
2385,,,,,,1.40312e-06
2386,,,,,,0.000125113
2387,,,,,,1.52143e-06
2388,,,,,,0.000131387
2389,,,,,,1.57668e-06
2390,,,,,,0.000148972
2391,,,,,,1.73783e-06
2392,,,,,,9.54305e-05
2393,,,,,,1.34139e-06
2394,,,,,,0.000117708
2395,,,,,,1.46117e-06
2396,,,,,,0.000123524
2397,,,,,,1.48131e-06
2398,,,,,,0.000139635
2399,,,,,,1.61037e-06
2400,,,,,,0.000142006
2401,,,,,,1.62059e-06
2402,,,,,,0.000104484
2403,,,,,,1.45562e-06
2404,,,,,,0.000107105
2405,,,,,,1.32588e-06
2406,,,,,,0.000138554
2407,,,,,,1.59838e-06
2408,,,,,,0.000141871
2409,,,,,,1.64863e-06
2410,,,,,,0.000158593
2411,,,,,,1.82051e-06
2412,,,,,,9.87229e-05
2413,,,,,,1.34793e-06
2414,,,,,,0.000123827
2415,,,,,,1.49972e-06
2416,,,,,,0.000130248
2417,,,,,,1.53515e-06
2418,,,,,,0.000148334
2419,,,,,,1.68847e-06
2420,,,,,,9.71105e-05
2421,,,,,,1.31333e-06
2422,,,,,,0.00012012
2423,,,,,,1.50252e-06
2424,,,,,,0.000115286
2425,,,,,,1.33434e-06
2426,,,,,,0.000145606
2427,,,,,,1.66781e-06
2428,,,,,,0.000146179
2429,,,,,,1.67245e-06
2430,,,,,,9.98174e-05
2431,,,,,,1.35119e-06
2432,,,,,,0.000109574
2433,,,,,,1.31499e-06
2434,,,,,,0.000141476
2435,,,,,,1.66517e-06
2436,,,,,,0.000144216
2437,,,,,,1.6947e-06
2438,,,,,,0.000161149
2439,,,,,,1.84705e-06
2440,,,,,,0.000101606
2441,,,,,,1.38227e-06
2442,,,,,,0.000126539
2443,,,,,,1.56514e-06
2444,,,,,,0.00013245
2445,,,,,,1.58617e-06
2446,,,,,,0.000150622
2447,,,,,,1.75691e-06
2448,,,,,,9.80348e-05
2449,,,,,,1.32635e-06
2450,,,,,,0.000120826
2451,,,,,,1.50408e-06
2452,,,,,,0.000116036
2453,,,,,,1.37094e-06
2454,,,,,,0.000147595
2455,,,,,,1.74786e-06
2456,,,,,,0.000148497
2457,,,,,,1.72045e-06
2458,,,,,,0.000101766
2459,,,,,,1.4071e-06
2460,,,,,,0.00011163
2461,,,,,,1.3926e-06
2462,,,,,,0.000144188
2463,,,,,,1.77118e-06
2464,,,,,,0.000147064
2465,,,,,,1.76151e-06
2466,,,,,,0.000101332
2467,,,,,,1.42149e-06
2468,,,,,,0.000106814
2469,,,,,,1.34397e-06
2470,,,,,,0.000134872
2471,,,,,,1.69397e-06
2472,,,,,,0.000124761
2473,,,,,,1.5258e-06
2474,,,,,,0.000156527
2475,,,,,,1.8275e-06
2476,,,,,,0.000101289
2477,,,,,,1.40072e-06
2478,,,,,,0.000126868
2479,,,,,,1.6102e-06
2480,,,,,,0.000124066
2481,,,,,,1.50761e-06
2482,,,,,,0.000156318
2483,,,,,,1.87474e-06
2484,,,,,,9.94753e-05
2485,,,,,,1.37072e-06
2486,,,,,,0.000121091
2487,,,,,,1.53875e-06
2488,,,,,,0.000113895
2489,,,,,,1.39362e-06
2490,,,,,,0.000142496
2491,,,,,,1.76355e-06
2492,,,,,,0.000143332
2493,,,,,,1.71848e-06
2494,,,,,,0.000102721
2495,,,,,,1.43085e-06
2496,,,,,,0.000112072
2497,,,,,,1.42593e-06
2498,,,,,,0.000143381
2499,,,,,,1.79582e-06
2500,,,,,,0.000134359
2501,,,,,,1.63551e-06
2502,,,,,,0.000164319
2503,,,,,,1.91478e-06
2504,,,,,,0.000102596
2505,,,,,,1.45563e-06
2506,,,,,,0.000126912
2507,,,,,,1.6459e-06
2508,,,,,,0.000121962
2509,,,,,,1.5167e-06
2510,,,,,,0.000152994
2511,,,,,,1.84592e-06
2512,,,,,,0.000101161
2513,,,,,,1.42795e-06
2514,,,,,,0.000123817
2515,,,,,,1.62985e-06
2516,,,,,,0.000118019
2517,,,,,,1.46193e-06
2518,,,,,,0.000146874
2519,,,,,,1.81438e-06
2520,,,,,,0.000146179
2521,,,,,,1.74213e-06
2522,,,,,,0.000100772
2523,,,,,,1.43506e-06
2524,,,,,,0.000110193
2525,,,,,,1.44939e-06
2526,,,,,,0.000141818
2527,,,,,,1.80821e-06
2528,,,,,,0.000144175
2529,,,,,,1.82088e-06
2530,,,,,,0.000161236
2531,,,,,,1.86191e-06
2532,,,,,,0.000100939
2533,,,,,,1.46907e-06
2534,,,,,,0.000126493
2535,,,,,,1.69071e-06
2536,,,,,,0.000131494
2537,,,,,,1.73106e-06
2538,,,,,,0.000149632
2539,,,,,,1.80156e-06
2540,,,,,,9.68956e-05
2541,,,,,,1.35868e-06
2542,,,,,,0.000120225
2543,,,,,,1.58879e-06
2544,,,,,,0.000125068
2545,,,,,,1.663e-06
2546,,,,,,0.000142226
2547,,,,,,1.74522e-06
2548,,,,,,0.000143154
2549,,,,,,1.67154e-06
2550,,,,,,0.000104054
2551,,,,,,1.45744e-06
2552,,,,,,0.000133381
2553,,,,,,1.7376e-06
2554,,,,,,0.000128482
2555,,,,,,1.57247e-06
2556,,,,,,0.000158332
2557,,,,,,1.90223e-06
2558,,,,,,0.000158317
2559,,,,,,1.80906e-06
2560,,,,,,0.000113123
2561,,,,,,1.5925e-06
2562,,,,,,0.000121152
2563,,,,,,1.59382e-06
2564,,,,,,0.000137519
2565,,,,,,1.68956e-06
2566,,,,,,0.000141195
2567,,,,,,1.68922e-06
2568,,,,,,0.000104291
2569,,,,,,1.44789e-06
2570,,,,,,0.000111572
2571,,,,,,1.45422e-06
2572,,,,,,0.000128624
2573,,,,,,1.58812e-06
2574,,,,,,0.000131644
2575,,,,,,1.62747e-06
2576,,,,,,0.000160874
2577,,,,,,1.8854e-06
2578,,,,,,0.00010037
2579,,,,,,1.38782e-06
2580,,,,,,0.000117817
2581,,,,,,1.51683e-06
2582,,,,,,0.000126245
2583,,,,,,1.57943e-06
2584,,,,,,0.000158613
2585,,,,,,1.96352e-06
2586,,,,,,0.000111876
2587,,,,,,1.50443e-06
2588,,,,,,0.000107017
2589,,,,,,1.31589e-06
2590,,,,,,0.000134221
2591,,,,,,1.65506e-06
2592,,,,,,0.000135661
2593,,,,,,1.69941e-06
2594,,,,,,0.000160489
2595,,,,,,1.91542e-06
2596,,,,,,9.88548e-05
2597,,,,,,1.33147e-06
2598,,,,,,0.000122742
2599,,,,,,1.55235e-06
2600,,,,,,0.000130437
2601,,,,,,1.6396e-06
2602,,,,,,0.000157963
2603,,,,,,1.94871e-06
2604,,,,,,0.000143686
2605,,,,,,1.61269e-06
2606,,,,,,0.000103165
2607,,,,,,1.43979e-06
2608,,,,,,0.000112101
2609,,,,,,1.44763e-06
2610,,,,,,0.000141018
2611,,,,,,1.78297e-06
2612,,,,,,0.000132743
2613,,,,,,1.58409e-06
2614,,,,,,0.000101526
2615,,,,,,1.39745e-06
2616,,,,,,0.000128868
2617,,,,,,1.62098e-06
2618,,,,,,0.000131434
2619,,,,,,1.63191e-06
2620,,,,,,0.000144354
2621,,,,,,1.73783e-06
2622,,,,,,0.0001445
2623,,,,,,1.66283e-06
2624,,,,,,0.000105289
2625,,,,,,1.43368e-06
2626,,,,,,0.000116048
2627,,,,,,1.46405e-06
2628,,,,,,0.000134815
2629,,,,,,1.63788e-06
2630,,,,,,0.000139428
2631,,,,,,1.68141e-06
2632,,,,,,0.000166606
2633,,,,,,2.0056e-06
2634,,,,,,9.67932e-05
2635,,,,,,1.36129e-06
2636,,,,,,0.00011955
2637,,,,,,1.50151e-06
2638,,,,,,0.00012629
2639,,,,,,1.5879e-06
2640,,,,,,0.000154725
2641,,,,,,1.92595e-06
2642,,,,,,9.38899e-05
2643,,,,,,1.32389e-06
2644,,,,,,0.000115148
2645,,,,,,1.45553e-06
2646,,,,,,0.000121286
2647,,,,,,1.51023e-06
2648,,,,,,0.000138649
2649,,,,,,1.67972e-06
2650,,,,,,0.000139888
2651,,,,,,1.65512e-06
2652,,,,,,0.000101068
2653,,,,,,1.36154e-06
2654,,,,,,0.000112084
2655,,,,,,1.40502e-06
2656,,,,,,0.000132114
2657,,,,,,1.58421e-06
2658,,,,,,0.000137223
2659,,,,,,1.64391e-06
2660,,,,,,0.000166225
2661,,,,,,2.00947e-06
2662,,,,,,9.74498e-05
2663,,,,,,1.35768e-06
2664,,,,,,0.000121861
2665,,,,,,1.50187e-06
2666,,,,,,0.000128031
2667,,,,,,1.58397e-06
2668,,,,,,0.000156737
2669,,,,,,1.96224e-06
2670,,,,,,9.4297e-05
2671,,,,,,1.2889e-06
2672,,,,,,0.000115792
2673,,,,,,1.41975e-06
2674,,,,,,0.000121706
2675,,,,,,1.47766e-06
2676,,,,,,0.000139406
2677,,,,,,1.69535e-06
2678,,,,,,0.000141192
2679,,,,,,1.67386e-06
2680,,,,,,0.00010345
2681,,,,,,1.38022e-06
2682,,,,,,0.000114408
2683,,,,,,1.39297e-06
2684,,,,,,0.000134115
2685,,,,,,1.58403e-06
2686,,,,,,0.000138487
2687,,,,,,1.64903e-06
2688,,,,,,0.000167168
2689,,,,,,2.07855e-06
2690,,,,,,9.91123e-05
2691,,,,,,1.35008e-06
2692,,,,,,0.000123208
2693,,,,,,1.51634e-06
2694,,,,,,0.000129504
2695,,,,,,1.59663e-06
2696,,,,,,0.000157857
2697,,,,,,1.98428e-06
2698,,,,,,9.60215e-05
2699,,,,,,1.31984e-06
2700,,,,,,0.000117119
2701,,,,,,1.4652e-06
2702,,,,,,0.000122638
2703,,,,,,1.49004e-06
2704,,,,,,0.000139931
2705,,,,,,1.70612e-06
2706,,,,,,0.000141457
2707,,,,,,1.69322e-06
2708,,,,,,0.000104104
2709,,,,,,1.4186e-06
2710,,,,,,0.000114891
2711,,,,,,1.40696e-06
2712,,,,,,0.000134341
2713,,,,,,1.61847e-06
2714,,,,,,0.000138484
2715,,,,,,1.6872e-06
2716,,,,,,0.00016673
2717,,,,,,2.07319e-06
2718,,,,,,9.93941e-05
2719,,,,,,1.36675e-06
2720,,,,,,0.000122229
2721,,,,,,1.51051e-06
2722,,,,,,0.000128571
2723,,,,,,1.59915e-06
2724,,,,,,0.000146295
2725,,,,,,1.81913e-06
2726,,,,,,0.000148468
2727,,,,,,1.80668e-06
2728,,,,,,0.000110506
2729,,,,,,1.48043e-06
2730,,,,,,0.000120409
2731,,,,,,1.48967e-06
2732,,,,,,0.000137819
2733,,,,,,1.70522e-06
2734,,,,,,0.000141948
2735,,,,,,1.78198e-06
2736,,,,,,0.000105085
2737,,,,,,1.47522e-06
2738,,,,,,0.000130078
2739,,,,,,1.63442e-06
2740,,,,,,0.000122359
2741,,,,,,1.43464e-06
2742,,,,,,0.000127123
2743,,,,,,1.60201e-06
2744,,,,,,0.00015593
2745,,,,,,2.01109e-06
2746,,,,,,0.00010713
2747,,,,,,1.48477e-06
2748,,,,,,0.000115486
2749,,,,,,1.39575e-06
2750,,,,,,0.000144609
2751,,,,,,1.80317e-06
2752,,,,,,0.000135462
2753,,,,,,1.6647e-06
2754,,,,,,0.000162318
2755,,,,,,2.02914e-06
2756,,,,,,0.000103019
2757,,,,,,1.36198e-06
2758,,,,,,0.00012573
2759,,,,,,1.54132e-06
2760,,,,,,0.000120967
2761,,,,,,1.46491e-06
2762,,,,,,0.000150569
2763,,,,,,1.92032e-06
2764,,,,,,0.000152188
2765,,,,,,1.86977e-06
2766,,,,,,0.000106068
2767,,,,,,1.4205e-06
2768,,,,,,0.000114606
2769,,,,,,1.4089e-06
2770,,,,,,0.000143292
2771,,,,,,1.8246e-06
2772,,,,,,0.000144602
2773,,,,,,1.8359e-06
2774,,,,,,9.88338e-05
2775,,,,,,1.38262e-06
2776,,,,,,0.000122328
2777,,,,,,1.49949e-06
2778,,,,,,0.00012587
2779,,,,,,1.51644e-06
2780,,,,,,0.00014104
2781,,,,,,1.70071e-06
2782,,,,,,0.00014327
2783,,,,,,1.69746e-06
2784,,,,,,0.000105179
2785,,,,,,1.3584e-06
2786,,,,,,0.000115718
2787,,,,,,1.35951e-06
2788,,,,,,0.000133011
2789,,,,,,1.55341e-06
2790,,,,,,0.000136883
2791,,,,,,1.64281e-06
2792,,,,,,0.000162095
2793,,,,,,1.93825e-06
2794,,,,,,9.53646e-05
2795,,,,,,1.2455e-06
2796,,,,,,0.00011636
2797,,,,,,1.36831e-06
2798,,,,,,0.000123566
2799,,,,,,1.51284e-06
2800,,,,,,0.000141297
2801,,,,,,1.67827e-06
2802,,,,,,0.000144014
2803,,,,,,1.65854e-06
2804,,,,,,0.000106301
2805,,,,,,1.36178e-06
2806,,,,,,0.000115409
2807,,,,,,1.37872e-06
2808,,,,,,0.000133147
2809,,,,,,1.55831e-06
2810,,,,,,0.000137013
2811,,,,,,1.63706e-06
2812,,,,,,9.98538e-05
2813,,,,,,1.34391e-06
2814,,,,,,0.000116587
2815,,,,,,1.38246e-06
2816,,,,,,0.00012111
2817,,,,,,1.40165e-06
2818,,,,,,0.000126235
2819,,,,,,1.5786e-06
2820,,,,,,0.000144223
2821,,,,,,1.68869e-06
2822,,,,,,0.000103855
2823,,,,,,1.35252e-06
2824,,,,,,0.000113424
2825,,,,,,1.32895e-06
2826,,,,,,0.000132414
2827,,,,,,1.51097e-06
2828,,,,,,0.000136809
2829,,,,,,1.61704e-06
2830,,,,,,0.000162506
2831,,,,,,1.93303e-06
2832,,,,,,9.56516e-05
2833,,,,,,1.22928e-06
2834,,,,,,0.000117597
2835,,,,,,1.36929e-06
2836,,,,,,0.000124455
2837,,,,,,1.48232e-06
2838,,,,,,0.000141794
2839,,,,,,1.64987e-06
2840,,,,,,0.000143663
2841,,,,,,1.637e-06
2842,,,,,,0.000105396
2843,,,,,,1.37533e-06
2844,,,,,,0.000115279
2845,,,,,,1.3775e-06
2846,,,,,,0.000131959
2847,,,,,,1.53333e-06
2848,,,,,,0.000136513
2849,,,,,,1.61953e-06
2850,,,,,,0.000163096
2851,,,,,,1.90052e-06
2852,,,,,,9.92625e-05
2853,,,,,,1.29949e-06
2854,,,,,,0.000122142
2855,,,,,,1.45393e-06
2856,,,,,,0.000128283
2857,,,,,,1.57746e-06
2858,,,,,,0.000146613
2859,,,,,,1.73612e-06
2860,,,,,,9.33697e-05
2861,,,,,,1.26102e-06
2862,,,,,,0.00011556
2863,,,,,,1.39566e-06
2864,,,,,,0.000120635
2865,,,,,,1.46412e-06
2866,,,,,,0.000137991
2867,,,,,,1.67273e-06
2868,,,,,,0.00013894
2869,,,,,,1.64599e-06
2870,,,,,,0.000101252
2871,,,,,,1.33907e-06
2872,,,,,,0.000121899
2873,,,,,,1.43086e-06
2874,,,,,,0.000128981
2875,,,,,,1.52376e-06
2876,,,,,,0.000157757
2877,,,,,,1.93624e-06
2878,,,,,,0.000145362
2879,,,,,,1.64465e-06
2880,,,,,,0.00010529
2881,,,,,,1.35675e-06
2882,,,,,,0.000114529
2883,,,,,,1.36468e-06
2884,,,,,,0.000141409
2885,,,,,,1.74439e-06
2886,,,,,,0.000132617
2887,,,,,,1.58447e-06
2888,,,,,,0.000160428
2889,,,,,,1.88926e-06
2890,,,,,,0.000104618
2891,,,,,,1.40442e-06
2892,,,,,,0.000128502
2893,,,,,,1.59354e-06
2894,,,,,,0.000123089
2895,,,,,,1.49836e-06
2896,,,,,,0.000153803
2897,,,,,,1.89809e-06
2898,,,,,,9.8216e-05
2899,,,,,,1.32469e-06
2900,,,,,,0.000119583
2901,,,,,,1.44449e-06
2902,,,,,,0.000113525
2903,,,,,,1.33125e-06
2904,,,,,,0.000143752
2905,,,,,,1.79241e-06
2906,,,,,,0.000144037
2907,,,,,,1.76943e-06
2908,,,,,,0.000100129
2909,,,,,,1.34392e-06
2910,,,,,,0.000128498
2911,,,,,,1.52408e-06
2912,,,,,,0.000135038
2913,,,,,,1.63007e-06
2914,,,,,,0.000162344
2915,,,,,,2.01197e-06
2916,,,,,,0.000149214
2917,,,,,,1.71324e-06
2918,,,,,,0.000108221
2919,,,,,,1.41985e-06
2920,,,,,,0.000117348
2921,,,,,,1.43259e-06
2922,,,,,,0.000144779
2923,,,,,,1.8287e-06
2924,,,,,,0.000135953
2925,,,,,,1.65876e-06
2926,,,,,,0.000101951
2927,,,,,,1.36992e-06
2928,,,,,,0.000109639
2929,,,,,,1.33722e-06
2930,,,,,,0.00013774
2931,,,,,,1.66558e-06
2932,,,,,,0.000126522
2933,,,,,,1.51232e-06
2934,,,,,,0.000156615
2935,,,,,,1.8762e-06
2936,,,,,,9.94703e-05
2937,,,,,,1.31782e-06
2938,,,,,,0.000125178
2939,,,,,,1.52307e-06
2940,,,,,,0.000122027
2941,,,,,,1.45899e-06
2942,,,,,,0.000154683
2943,,,,,,1.92194e-06
2944,,,,,,9.79574e-05
2945,,,,,,1.32835e-06
2946,,,,,,0.000120212
2947,,,,,,1.45001e-06
2948,,,,,,0.00013565
2949,,,,,,1.58614e-06
2950,,,,,,0.000135482
2951,,,,,,1.62246e-06
2952,,,,,,0.000138359
2953,,,,,,1.6566e-06
2954,,,,,,0.000100687
2955,,,,,,1.30614e-06
2956,,,,,,0.000128752
2957,,,,,,1.55467e-06
2958,,,,,,0.000136183
2959,,,,,,1.66462e-06
2960,,,,,,0.000162917
2961,,,,,,2.04063e-06
2962,,,,,,0.000149146
2963,,,,,,1.71216e-06
2964,,,,,,0.000107937
2965,,,,,,1.41248e-06
2966,,,,,,0.000116484
2967,,,,,,1.46769e-06
2968,,,,,,0.000144393
2969,,,,,,1.84442e-06
2970,,,,,,0.000136197
2971,,,,,,1.68126e-06
2972,,,,,,0.000105018
2973,,,,,,1.4064e-06
2974,,,,,,0.000112977
2975,,,,,,1.36708e-06
2976,,,,,,0.000140049
2977,,,,,,1.71526e-06
2978,,,,,,0.000128702
2979,,,,,,1.55832e-06
2980,,,,,,0.000157613
2981,,,,,,1.90669e-06
2982,,,,,,0.000101006
2983,,,,,,1.3571e-06
2984,,,,,,0.000125849
2985,,,,,,1.55932e-06
2986,,,,,,0.00012327
2987,,,,,,1.51191e-06
2988,,,,,,0.000155526
2989,,,,,,1.97056e-06
2990,,,,,,0.000100592
2991,,,,,,1.34595e-06
2992,,,,,,0.000122318
2993,,,,,,1.47787e-06
2994,,,,,,0.00011458
2995,,,,,,1.33924e-06
2996,,,,,,0.000144004
2997,,,,,,1.76109e-06
2998,,,,,,0.00014392
2999,,,,,,1.74784e-06
3000,,,,,,0.000102454
3001,,,,,,1.36224e-06
3002,,,,,,0.000112067
3003,,,,,,1.39321e-06
3004,,,,,,0.000144327
3005,,,,,,1.78255e-06
3006,,,,,,0.000146853
3007,,,,,,1.82935e-06
3008,,,,,,0.000162757
3009,,,,,,1.96244e-06
3010,,,,,,0.000102015
3011,,,,,,1.37301e-06
3012,,,,,,0.000126575
3013,,,,,,1.5403e-06
3014,,,,,,0.000132449
3015,,,,,,1.66659e-06
3016,,,,,,0.000150356
3017,,,,,,1.86411e-06
3018,,,,,,0.00010083
3019,,,,,,1.345e-06
3020,,,,,,0.000123855
3021,,,,,,1.52013e-06
3022,,,,,,0.000128951
3023,,,,,,1.55536e-06
3024,,,,,,0.000144989
3025,,,,,,1.72675e-06
3026,,,,,,0.000145327
3027,,,,,,1.71415e-06
3028,,,,,,0.000107035
3029,,,,,,1.44501e-06
3030,,,,,,0.000135641
3031,,,,,,1.64371e-06
3032,,,,,,0.00013111
3033,,,,,,1.52711e-06
3034,,,,,,0.000160489
3035,,,,,,1.93706e-06
3036,,,,,,0.000104768
3037,,,,,,1.37628e-06
3038,,,,,,0.000125751
3039,,,,,,1.54318e-06
3040,,,,,,0.000118221
3041,,,,,,1.35393e-06
3042,,,,,,0.000145133
3043,,,,,,1.68791e-06
3044,,,,,,0.000145501
3045,,,,,,1.70103e-06
3046,,,,,,0.000101878
3047,,,,,,1.36647e-06
3048,,,,,,0.000111526
3049,,,,,,1.38961e-06
3050,,,,,,0.000142334
3051,,,,,,1.70168e-06
3052,,,,,,0.000133742
3053,,,,,,1.53857e-06
3054,,,,,,0.000163713
3055,,,,,,1.90605e-06
3056,,,,,,0.000103296
3057,,,,,,1.4366e-06
3058,,,,,,0.000126885
3059,,,,,,1.60197e-06
3060,,,,,,0.000121767
3061,,,,,,1.45396e-06
3062,,,,,,0.000152836
3063,,,,,,1.83865e-06
3064,,,,,,0.000101113
3065,,,,,,1.37912e-06
3066,,,,,,0.000123296
3067,,,,,,1.57988e-06
3068,,,,,,0.000117604
3069,,,,,,1.40528e-06
3070,,,,,,0.000147087
3071,,,,,,1.75647e-06
3072,,,,,,0.000146486
3073,,,,,,1.72384e-06
3074,,,,,,0.000100871
3075,,,,,,1.37785e-06
3076,,,,,,0.00010954
3077,,,,,,1.38364e-06
3078,,,,,,0.000141557
3079,,,,,,1.73661e-06
3080,,,,,,0.000133244
3081,,,,,,1.58081e-06
3082,,,,,,0.000100587
3083,,,,,,1.3881e-06
3084,,,,,,0.000126949
3085,,,,,,1.56353e-06
3086,,,,,,0.000128176
3087,,,,,,1.53421e-06
3088,,,,,,0.000142125
3089,,,,,,1.61785e-06
3090,,,,,,0.000143501
3091,,,,,,1.61303e-06
3092,,,,,,0.000107457
3093,,,,,,1.41481e-06
3094,,,,,,0.000109962
3095,,,,,,1.31738e-06
3096,,,,,,0.000140764
3097,,,,,,1.6576e-06
3098,,,,,,0.000143782
3099,,,,,,1.70006e-06
3100,,,,,,0.00015834
3101,,,,,,1.84318e-06
3102,,,,,,9.82789e-05
3103,,,,,,1.36442e-06
3104,,,,,,0.00012118
3105,,,,,,1.52834e-06
3106,,,,,,0.000127514
3107,,,,,,1.56236e-06
3108,,,,,,0.000145546
3109,,,,,,1.71839e-06
3110,,,,,,9.74172e-05
3111,,,,,,1.32856e-06
3112,,,,,,0.000120256
3113,,,,,,1.51195e-06
3114,,,,,,0.00011413
3115,,,,,,1.34348e-06
3116,,,,,,0.000144699
3117,,,,,,1.71537e-06
3118,,,,,,0.000143755
3119,,,,,,1.68596e-06
3120,,,,,,9.79923e-05
3121,,,,,,1.36717e-06
3122,,,,,,0.000106822
3123,,,,,,1.34607e-06
3124,,,,,,0.000138174
3125,,,,,,1.68339e-06
3126,,,,,,0.000130473
3127,,,,,,1.51816e-06
3128,,,,,,0.000162776
3129,,,,,,1.92314e-06
3130,,,,,,0.000101949
3131,,,,,,1.42749e-06
3132,,,,,,0.000125747
3133,,,,,,1.57455e-06
3134,,,,,,0.000119962
3135,,,,,,1.41784e-06
3136,,,,,,0.000151535
3137,,,,,,1.81174e-06
3138,,,,,,9.83723e-05
3139,,,,,,1.36436e-06
3140,,,,,,0.000112646
3141,,,,,,1.43149e-06
3142,,,,,,0.000118097
3143,,,,,,1.42512e-06
3144,,,,,,0.000148126
3145,,,,,,1.78992e-06
3146,,,,,,0.000136577
3147,,,,,,1.55363e-06
3148,,,,,,0.000100885
3149,,,,,,1.44801e-06
3150,,,,,,0.000111403
3151,,,,,,1.41444e-06
3152,,,,,,0.00013155
3153,,,,,,1.54376e-06
3154,,,,,,0.000136201
3155,,,,,,1.59617e-06
3156,,,,,,0.000166663
3157,,,,,,1.97461e-06
3158,,,,,,9.88949e-05
3159,,,,,,1.42182e-06
3160,,,,,,0.000121448
3161,,,,,,1.55645e-06
3162,,,,,,0.000127681
3163,,,,,,1.55391e-06
3164,,,,,,0.000146264
3165,,,,,,1.69302e-06
3166,,,,,,9.53174e-05
3167,,,,,,1.36207e-06
3168,,,,,,0.000118765
3169,,,,,,1.57808e-06
3170,,,,,,0.000123383
3171,,,,,,1.54206e-06
3172,,,,,,0.000139518
3173,,,,,,1.65873e-06
3174,,,,,,0.000140291
3175,,,,,,1.58897e-06
3176,,,,,,9.88053e-05
3177,,,,,,1.43699e-06
3178,,,,,,0.000108116
3179,,,,,,1.3963e-06
3180,,,,,,0.000138751
3181,,,,,,1.73564e-06
3182,,,,,,0.000130198
3183,,,,,,1.51053e-06
3184,,,,,,0.000160681
3185,,,,,,1.82846e-06
3186,,,,,,0.000100515
3187,,,,,,1.43984e-06
3188,,,,,,0.000124308
3189,,,,,,1.61956e-06
3190,,,,,,0.000119051
3191,,,,,,1.42598e-06
3192,,,,,,0.000149484
3193,,,,,,1.74494e-06
3194,,,,,,0.000150339
3195,,,,,,1.74146e-06
3196,,,,,,0.000106277
3197,,,,,,1.56077e-06
3198,,,,,,0.000114945
3199,,,,,,1.48816e-06
3200,,,,,,0.000143311
3201,,,,,,1.77764e-06
3202,,,,,,0.000134164
3203,,,,,,1.52638e-06
3204,,,,,,9.97042e-05
3205,,,,,,1.44503e-06
3206,,,,,,0.000107424
3207,,,,,,1.42497e-06
3208,,,,,,0.000124445
3209,,,,,,1.56914e-06
3210,,,,,,0.000128281
3211,,,,,,1.56513e-06
3212,,,,,,0.000156878
3213,,,,,,1.83806e-06
3214,,,,,,9.52292e-05
3215,,,,,,1.36377e-06
3216,,,,,,0.000119247
3217,,,,,,1.57758e-06
3218,,,,,,0.000127325
3219,,,,,,1.61152e-06
3220,,,,,,0.000144869
3221,,,,,,1.71175e-06
3222,,,,,,0.000145789
3223,,,,,,1.65775e-06
3224,,,,,,0.000104341
3225,,,,,,1.51344e-06
3226,,,,,,0.000113786
3227,,,,,,1.49463e-06
3228,,,,,,0.000130631
3229,,,,,,1.61891e-06
3230,,,,,,0.000135681
3231,,,,,,1.58537e-06
3232,,,,,,0.000163146
3233,,,,,,1.8992e-06
3234,,,,,,0.000100515
3235,,,,,,1.47396e-06
3236,,,,,,0.000123633
3237,,,,,,1.63271e-06
3238,,,,,,0.000129554
3239,,,,,,1.62315e-06
3240,,,,,,0.000146206
3241,,,,,,1.69241e-06
3242,,,,,,0.000147083
3243,,,,,,1.70715e-06
3244,,,,,,0.000108083
3245,,,,,,1.60789e-06
3246,,,,,,0.000117979
3247,,,,,,1.59227e-06
3248,,,,,,0.000135431
3249,,,,,,1.65603e-06
3250,,,,,,0.000140228
3251,,,,,,1.65756e-06
3252,,,,,,0.00010278
3253,,,,,,1.49198e-06
3254,,,,,,0.000110672
3255,,,,,,1.48693e-06
3256,,,,,,0.000126622
3257,,,,,,1.58948e-06
3258,,,,,,0.000128813
3259,,,,,,1.5596e-06
3260,,,,,,0.000155865
3261,,,,,,1.82134e-06
3262,,,,,,9.39459e-05
3263,,,,,,1.36788e-06
3264,,,,,,0.000117354
3265,,,,,,1.54773e-06
3266,,,,,,0.00012531
3267,,,,,,1.60029e-06
3268,,,,,,0.000144062
3269,,,,,,1.66762e-06
3270,,,,,,0.000145227
3271,,,,,,1.68746e-06
3272,,,,,,0.000103153
3273,,,,,,1.5191e-06
3274,,,,,,0.000112262
3275,,,,,,1.50737e-06
3276,,,,,,0.000129423
3277,,,,,,1.56329e-06
3278,,,,,,0.00013391
3279,,,,,,1.55455e-06
3280,,,,,,0.000161637
3281,,,,,,1.92008e-06
3282,,,,,,9.95858e-05
3283,,,,,,1.4703e-06
3284,,,,,,0.000122631
3285,,,,,,1.59446e-06
3286,,,,,,0.000128753
3287,,,,,,1.60283e-06
3288,,,,,,0.000155709
3289,,,,,,1.85009e-06
3290,,,,,,0.000142699
3291,,,,,,1.70575e-06
3292,,,,,,0.000106485
3293,,,,,,1.59244e-06
3294,,,,,,0.000116213
3295,,,,,,1.56232e-06
3296,,,,,,0.000143838
3297,,,,,,1.79336e-06
3298,,,,,,0.000135464
3299,,,,,,1.59598e-06
3300,,,,,,0.000100784
3301,,,,,,1.50618e-06
3302,,,,,,0.000126317
3303,,,,,,1.6882e-06
3304,,,,,,0.000128303
3305,,,,,,1.61648e-06
3306,,,,,,0.000140728
3307,,,,,,1.62016e-06
3308,,,,,,0.000141751
3309,,,,,,1.66665e-06
3310,,,,,,0.000104157
3311,,,,,,1.508e-06
3312,,,,,,0.000115308
3313,,,,,,1.49969e-06
3314,,,,,,0.000131825
3315,,,,,,1.59073e-06
3316,,,,,,0.000135856
3317,,,,,,1.58548e-06
3318,,,,,,0.000160817
3319,,,,,,1.98696e-06
3320,,,,,,9.46515e-05
3321,,,,,,1.38343e-06
3322,,,,,,0.000115116
3323,,,,,,1.46601e-06
3324,,,,,,0.000121816
3325,,,,,,1.49967e-06
3326,,,,,,0.000148076
3327,,,,,,1.82139e-06
3328,,,,,,0.000137903
3329,,,,,,1.67458e-06
3330,,,,,,0.000104059
3331,,,,,,1.53746e-06
3332,,,,,,0.000113779
3333,,,,,,1.48528e-06
3334,,,,,,0.000130686
3335,,,,,,1.54289e-06
3336,,,,,,0.000134629
3337,,,,,,1.60379e-06
3338,,,,,,0.000161392
3339,,,,,,2.05667e-06
3340,,,,,,0.000103564
3341,,,,,,1.50582e-06
3342,,,,,,0.000116637
3343,,,,,,1.47104e-06
3344,,,,,,0.000123991
3345,,,,,,1.49768e-06
3346,,,,,,0.000153525
3347,,,,,,1.92159e-06
3348,,,,,,0.000152404
3349,,,,,,1.9352e-06
3350,,,,,,0.000106508
3351,,,,,,1.57298e-06
3352,,,,,,0.000132291
3353,,,,,,1.68718e-06
3354,,,,,,0.000136052
3355,,,,,,1.6679e-06
3356,,,,,,0.000160131
3357,,,,,,2.0233e-06
3358,,,,,,9.83116e-05
3359,,,,,,1.39835e-06
3360,,,,,,0.00011665
3361,,,,,,1.50532e-06
3362,,,,,,0.000122368
3363,,,,,,1.54068e-06
3364,,,,,,0.000136215
3365,,,,,,1.61915e-06
3366,,,,,,0.000138008
3367,,,,,,1.6437e-06
3368,,,,,,9.91745e-05
3369,,,,,,1.38952e-06
3370,,,,,,0.000110058
3371,,,,,,1.40464e-06
3372,,,,,,0.000127097
3373,,,,,,1.5049e-06
3374,,,,,,0.000131758
3375,,,,,,1.56602e-06
3376,,,,,,0.000158724
3377,,,,,,1.93542e-06
3378,,,,,,9.34944e-05
3379,,,,,,1.30091e-06
3380,,,,,,0.000114595
3381,,,,,,1.4448e-06
3382,,,,,,0.000121461
3383,,,,,,1.48283e-06
3384,,,,,,0.000137901
3385,,,,,,1.62213e-06
3386,,,,,,0.000140187
3387,,,,,,1.67588e-06
3388,,,,,,0.00010299
3389,,,,,,1.44081e-06
3390,,,,,,0.000113135
3391,,,,,,1.41051e-06
3392,,,,,,0.000130227
3393,,,,,,1.52708e-06
3394,,,,,,0.000134405
3395,,,,,,1.59079e-06
3396,,,,,,0.00016114
3397,,,,,,1.95285e-06
3398,,,,,,9.76719e-05
3399,,,,,,1.34489e-06
3400,,,,,,0.000119827
3401,,,,,,1.46345e-06
3402,,,,,,0.000126467
3403,,,,,,1.5285e-06
3404,,,,,,0.000154118
3405,,,,,,1.87927e-06
3406,,,,,,0.000165073
3407,,,,,,1.96399e-06
3408,,,,,,0.000105446
3409,,,,,,1.42192e-06
3410,,,,,,0.000129974
3411,,,,,,1.5849e-06
3412,,,,,,0.000135725
3413,,,,,,1.64106e-06
3414,,,,,,0.000150468
3415,,,,,,1.77324e-06
3416,,,,,,9.77778e-05
3417,,,,,,1.33209e-06
3418,,,,,,0.00011839
3419,,,,,,1.47487e-06
3420,,,,,,0.000122635
3421,,,,,,1.4817e-06
3422,,,,,,0.000136866
3423,,,,,,1.5875e-06
3424,,,,,,0.000137778
3425,,,,,,1.56985e-06
3426,,,,,,0.000100025
3427,,,,,,1.37158e-06
3428,,,,,,0.000128294
3429,,,,,,1.56875e-06
3430,,,,,,0.000124203
3431,,,,,,1.39241e-06
3432,,,,,,0.000153168
3433,,,,,,1.78822e-06
3434,,,,,,0.000152541
3435,,,,,,1.75018e-06
3436,,,,,,0.00010176
3437,,,,,,1.35382e-06
3438,,,,,,0.000109316
3439,,,,,,1.30397e-06
3440,,,,,,0.000137587
3441,,,,,,1.65636e-06
3442,,,,,,0.000139196
3443,,,,,,1.65722e-06
3444,,,,,,0.000153819
3445,,,,,,1.76127e-06
3446,,,,,,0.000100218
3447,,,,,,1.36315e-06
3448,,,,,,0.000124282
3449,,,,,,1.52716e-06
3450,,,,,,0.000130608
3451,,,,,,1.57236e-06
3452,,,,,,0.000148656
3453,,,,,,1.71916e-06
3454,,,,,,0.000105839
3455,,,,,,1.43098e-06
3456,,,,,,0.000111973
3457,,,,,,1.36152e-06
3458,,,,,,0.000138368
3459,,,,,,1.6647e-06
3460,,,,,,0.000127068
3461,,,,,,1.44116e-06
3462,,,,,,0.000155396
3463,,,,,,1.80068e-06
3464,,,,,,0.000100906
3465,,,,,,1.33126e-06
3466,,,,,,0.000124751
3467,,,,,,1.52697e-06
3468,,,,,,0.000120827
3469,,,,,,1.36943e-06
3470,,,,,,0.000151102
3471,,,,,,1.80561e-06
3472,,,,,,0.000150206
3473,,,,,,1.75283e-06
3474,,,,,,0.000100108
3475,,,,,,1.34158e-06
3476,,,,,,0.000126019
3477,,,,,,1.51114e-06
3478,,,,,,0.000132037
3479,,,,,,1.55454e-06
3480,,,,,,0.000158344
3481,,,,,,1.88781e-06
3482,,,,,,9.74953e-05
3483,,,,,,1.24987e-06
3484,,,,,,0.000117533
3485,,,,,,1.40322e-06
3486,,,,,,0.000123082
3487,,,,,,1.45435e-06
3488,,,,,,0.00014835
3489,,,,,,1.80536e-06
3490,,,,,,0.000135198
3491,,,,,,1.49766e-06
3492,,,,,,9.88516e-05
3493,,,,,,1.32167e-06
3494,,,,,,0.000109297
3495,,,,,,1.3169e-06
3496,,,,,,0.00012854
3497,,,,,,1.46782e-06
3498,,,,,,0.000134351
3499,,,,,,1.53436e-06
3500,,,,,,0.000163661
3501,,,,,,1.92286e-06
3502,,,,,,0.000101892
3503,,,,,,1.37647e-06
3504,,,,,,0.000115778
3505,,,,,,1.37173e-06
3506,,,,,,0.000122209
3507,,,,,,1.39444e-06
3508,,,,,,0.000152529
3509,,,,,,1.78113e-06
3510,,,,,,9.85694e-05
3511,,,,,,1.3403e-06
3512,,,,,,0.000111204
3513,,,,,,1.35472e-06
3514,,,,,,0.000117119
3515,,,,,,1.36262e-06
3516,,,,,,0.000146249
3517,,,,,,1.73899e-06
3518,,,,,,0.000134313
3519,,,,,,1.46943e-06
3520,,,,,,9.94695e-05
3521,,,,,,1.36806e-06
3522,,,,,,0.000129007
3523,,,,,,1.59276e-06
3524,,,,,,0.000134064
3525,,,,,,1.56537e-06
3526,,,,,,0.000149927
3527,,,,,,1.68256e-06
3528,,,,,,0.000150305
3529,,,,,,1.69676e-06
3530,,,,,,0.000109707
3531,,,,,,1.53047e-06
3532,,,,,,0.000118661
3533,,,,,,1.46994e-06
3534,,,,,,0.000134487
3535,,,,,,1.53112e-06
3536,,,,,,0.00013804
3537,,,,,,1.56479e-06
3538,,,,,,0.000102865
3539,,,,,,1.43932e-06
3540,,,,,,0.00011033
3541,,,,,,1.38966e-06
3542,,,,,,0.000125797
3543,,,,,,1.45823e-06
3544,,,,,,0.000128474
3545,,,,,,1.45601e-06
3546,,,,,,0.000156936
3547,,,,,,1.7878e-06
3548,,,,,,9.52175e-05
3549,,,,,,1.3302e-06
3550,,,,,,0.000118788
3551,,,,,,1.47873e-06
3552,,,,,,0.000126759
3553,,,,,,1.51896e-06
3554,,,,,,0.000145521
3555,,,,,,1.63833e-06
3556,,,,,,0.000146141
3557,,,,,,1.64146e-06
3558,,,,,,0.000105175
3559,,,,,,1.49564e-06
3560,,,,,,0.000132942
3561,,,,,,1.67612e-06
3562,,,,,,0.000125662
3563,,,,,,1.42922e-06
3564,,,,,,0.00015527
3565,,,,,,1.76054e-06
3566,,,,,,0.000101884
3567,,,,,,1.38589e-06
3568,,,,,,0.000124696
3569,,,,,,1.55786e-06
3570,,,,,,0.000117599
3571,,,,,,1.36014e-06
3572,,,,,,0.000145528
3573,,,,,,1.69688e-06
3574,,,,,,0.000144239
3575,,,,,,1.63723e-06
3576,,,,,,9.77084e-05
3577,,,,,,1.36239e-06
3578,,,,,,0.000107729
3579,,,,,,1.35089e-06
3580,,,,,,0.000138284
3581,,,,,,1.69235e-06
3582,,,,,,0.000140621
3583,,,,,,1.68966e-06
3584,,,,,,9.77325e-05
3585,,,,,,1.34253e-06
3586,,,,,,0.000122072
3587,,,,,,1.50472e-06
3588,,,,,,0.000123605
3589,,,,,,1.49969e-06
3590,,,,,,0.000137022
3591,,,,,,1.59159e-06
3592,,,,,,0.000138019
3593,,,,,,1.56998e-06
3594,,,,,,0.00010426
3595,,,,,,1.40641e-06
3596,,,,,,0.000115575
3597,,,,,,1.42521e-06
3598,,,,,,0.000132815
3599,,,,,,1.57829e-06
3600,,,,,,0.000136727
3601,,,,,,1.60929e-06
3602,,,,,,0.000163589
3603,,,,,,1.92662e-06
3604,,,,,,9.53924e-05
3605,,,,,,1.32517e-06
3606,,,,,,0.000116719
3607,,,,,,1.48092e-06
3608,,,,,,0.000123235
3609,,,,,,1.55681e-06
3610,,,,,,0.000151754
3611,,,,,,1.89696e-06
3612,,,,,,9.45352e-05
3613,,,,,,1.29225e-06
3614,,,,,,0.000114951
3615,,,,,,1.45836e-06
3616,,,,,,0.000142851
3617,,,,,,1.80657e-06
3618,,,,,,0.000128642
3619,,,,,,1.55225e-06
3620,,,,,,0.000154687
3621,,,,,,1.85049e-06
3622,,,,,,9.93417e-05
3623,,,,,,1.34703e-06
3624,,,,,,0.000123856
3625,,,,,,1.58434e-06
3626,,,,,,0.000119876
3627,,,,,,1.47799e-06
3628,,,,,,0.000150199
3629,,,,,,1.86357e-06
3630,,,,,,0.000149785
3631,,,,,,1.82098e-06
3632,,,,,,0.000101703
3633,,,,,,1.49971e-06
3634,,,,,,0.000108632
3635,,,,,,1.42765e-06
3636,,,,,,0.000136698
3637,,,,,,1.76603e-06
3638,,,,,,0.000126976
3639,,,,,,1.581e-06
3640,,,,,,9.77553e-05
3641,,,,,,1.39365e-06
3642,,,,,,0.000105962
3643,,,,,,1.36061e-06
3644,,,,,,0.000133962
3645,,,,,,1.69919e-06
3646,,,,,,0.000122146
3647,,,,,,1.52627e-06
3648,,,,,,0.00015184
3649,,,,,,1.84666e-06
3650,,,,,,9.2457e-05
3651,,,,,,1.32636e-06
3652,,,,,,0.000114505
3653,,,,,,1.49114e-06
3654,,,,,,0.000122599
3655,,,,,,1.56673e-06
3656,,,,,,0.000141289
3657,,,,,,1.71059e-06
3658,,,,,,0.000143029
3659,,,,,,1.68599e-06
3660,,,,,,0.000103869
3661,,,,,,1.5004e-06
3662,,,,,,0.000111725
3663,,,,,,1.46614e-06
3664,,,,,,0.000130052
3665,,,,,,1.59266e-06
3666,,,,,,0.00013362
3667,,,,,,1.65375e-06
3668,,,,,,0.000101458
3669,,,,,,1.46326e-06
3670,,,,,,0.000100492
3671,,,,,,1.33002e-06
3672,,,,,,0.00012971
3673,,,,,,1.64024e-06
3674,,,,,,0.000130402
3675,,,,,,1.65207e-06
3676,,,,,,0.000147283
3677,,,,,,1.753e-06
3678,,,,,,9.36774e-05
3679,,,,,,1.34078e-06
3680,,,,,,0.000118934
3681,,,,,,1.59011e-06
3682,,,,,,0.000115956
3683,,,,,,1.46826e-06
3684,,,,,,0.000149328
3685,,,,,,1.86675e-06
3686,,,,,,0.000149321
3687,,,,,,1.82747e-06
3688,,,,,,0.000102011
3689,,,,,,1.51222e-06
3690,,,,,,0.000109119
3691,,,,,,1.47446e-06
3692,,,,,,0.000138769
3693,,,,,,1.81073e-06
3694,,,,,,0.000129343
3695,,,,,,1.59658e-06
3696,,,,,,9.88711e-05
3697,,,,,,1.4394e-06
3698,,,,,,0.000107217
3699,,,,,,1.41953e-06
3700,,,,,,0.000134775
3701,,,,,,1.76138e-06
3702,,,,,,0.000123391
3703,,,,,,1.56029e-06
3704,,,,,,0.000152778
3705,,,,,,1.87282e-06
3706,,,,,,9.39826e-05
3707,,,,,,1.35273e-06
3708,,,,,,0.000116099
3709,,,,,,1.5559e-06
3710,,,,,,0.000124432
3711,,,,,,1.62694e-06
3712,,,,,,0.000143136
3713,,,,,,1.76151e-06
3714,,,,,,0.000144466
3715,,,,,,1.7419e-06
3716,,,,,,0.000104881
3717,,,,,,1.55723e-06
3718,,,,,,0.000113412
3719,,,,,,1.5248e-06
3720,,,,,,0.000131096
3721,,,,,,1.67583e-06
3722,,,,,,0.000135496
3723,,,,,,1.69109e-06
3724,,,,,,0.000102287
3725,,,,,,1.49321e-06
3726,,,,,,0.000101609
3727,,,,,,1.38262e-06
3728,,,,,,0.000129927
3729,,,,,,1.71094e-06
3730,,,,,,0.000131863
3731,,,,,,1.71162e-06
3732,,,,,,0.000148306
3733,,,,,,1.81525e-06
3734,,,,,,9.40325e-05
3735,,,,,,1.38184e-06
3736,,,,,,0.000118644
3737,,,,,,1.61402e-06
3738,,,,,,0.000116167
3739,,,,,,1.51113e-06
3740,,,,,,0.000149207
3741,,,,,,1.90934e-06
3742,,,,,,0.000149772
3743,,,,,,1.85728e-06
3744,,,,,,0.000101556
3745,,,,,,1.50096e-06
3746,,,,,,0.000109181
3747,,,,,,1.49803e-06
3748,,,,,,0.000138757
3749,,,,,,1.82975e-06
3750,,,,,,0.000140251
3751,,,,,,1.78279e-06
3752,,,,,,9.74602e-05
3753,,,,,,1.43543e-06
3754,,,,,,0.000104137
3755,,,,,,1.41097e-06
3756,,,,,,0.000132511
3757,,,,,,1.77336e-06
3758,,,,,,0.000122664
3759,,,,,,1.58001e-06
3760,,,,,,0.000153522
3761,,,,,,1.86395e-06
3762,,,,,,9.66015e-05
3763,,,,,,1.37668e-06
3764,,,,,,0.000112747
3765,,,,,,1.50642e-06
3766,,,,,,0.000121268
3767,,,,,,1.56461e-06
3768,,,,,,0.000153087
3769,,,,,,1.93844e-06
3770,,,,,,0.00014135
3771,,,,,,1.66991e-06
3772,,,,,,0.000102961
3773,,,,,,1.51436e-06
3774,,,,,,0.000112266
3775,,,,,,1.52664e-06
3776,,,,,,0.00014116
3777,,,,,,1.84435e-06
3778,,,,,,0.000131963
3779,,,,,,1.63329e-06
3780,,,,,,9.93779e-05
3781,,,,,,1.42772e-06
3782,,,,,,0.000107025
3783,,,,,,1.43075e-06
3784,,,,,,0.000125118
3785,,,,,,1.61745e-06
3786,,,,,,0.00012849
3787,,,,,,1.63258e-06
3788,,,,,,0.000158196
3789,,,,,,1.9004e-06
3790,,,,,,9.37282e-05
3791,,,,,,1.32736e-06
3792,,,,,,0.000117359
3793,,,,,,1.52855e-06
3794,,,,,,0.000125568
3795,,,,,,1.6214e-06
3796,,,,,,0.000145123
3797,,,,,,1.78505e-06
3798,,,,,,0.000146927
3799,,,,,,1.71833e-06
3800,,,,,,0.000105895
3801,,,,,,1.51016e-06
3802,,,,,,0.000114521
3803,,,,,,1.49592e-06
3804,,,,,,0.00013286
3805,,,,,,1.66062e-06
3806,,,,,,0.000137179
3807,,,,,,1.65113e-06
3808,,,,,,0.000102269
3809,,,,,,1.44078e-06
3810,,,,,,0.000129001
3811,,,,,,1.66148e-06
3812,,,,,,0.000120646
3813,,,,,,1.49311e-06
3814,,,,,,0.000148352
3815,,,,,,1.79361e-06
3816,,,,,,0.00014792
3817,,,,,,1.70264e-06
3818,,,,,,0.000102104
3819,,,,,,1.40365e-06
3820,,,,,,0.000110733
3821,,,,,,1.39082e-06
3822,,,,,,0.000141192
3823,,,,,,1.78703e-06
3824,,,,,,0.000142952
3825,,,,,,1.76266e-06
3826,,,,,,0.000157665
3827,,,,,,1.77463e-06
3828,,,,,,9.76369e-05
3829,,,,,,1.3719e-06
3830,,,,,,0.000121374
3831,,,,,,1.58784e-06
3832,,,,,,0.000116338
3833,,,,,,1.46449e-06
3834,,,,,,0.000149329
3835,,,,,,1.78465e-06
3836,,,,,,9.60966e-05
3837,,,,,,1.30903e-06
3838,,,,,,0.000118872
3839,,,,,,1.52678e-06
3840,,,,,,0.000112265
3841,,,,,,1.40888e-06
3842,,,,,,0.000143016
3843,,,,,,1.78281e-06
3844,,,,,,0.000142401
3845,,,,,,1.66345e-06
3846,,,,,,9.69571e-05
3847,,,,,,1.34668e-06
3848,,,,,,0.00010632
3849,,,,,,1.39235e-06
3850,,,,,,0.00013882
3851,,,,,,1.81742e-06
3852,,,,,,0.00013034
3853,,,,,,1.61534e-06
3854,,,,,,0.000161963
3855,,,,,,1.86849e-06
3856,,,,,,9.84314e-05
3857,,,,,,1.39678e-06
3858,,,,,,0.000123659
3859,,,,,,1.63452e-06
3860,,,,,,0.000117719
3861,,,,,,1.50412e-06
3862,,,,,,0.000150599
3863,,,,,,1.84104e-06
3864,,,,,,9.56392e-05
3865,,,,,,1.31052e-06
3866,,,,,,0.000119087
3867,,,,,,1.54303e-06
3868,,,,,,0.000112494
3869,,,,,,1.44493e-06
3870,,,,,,0.000144006
3871,,,,,,1.83413e-06
3872,,,,,,0.000143244
3873,,,,,,1.71222e-06
3874,,,,,,9.71065e-05
3875,,,,,,1.34056e-06
3876,,,,,,0.000105575
3877,,,,,,1.36765e-06
3878,,,,,,0.000138189
3879,,,,,,1.83013e-06
3880,,,,,,0.000130149
3881,,,,,,1.61256e-06
3882,,,,,,0.000161775
3883,,,,,,1.86711e-06
3884,,,,,,9.82359e-05
3885,,,,,,1.38529e-06
3886,,,,,,0.000123241
3887,,,,,,1.64064e-06
3888,,,,,,0.000117587
3889,,,,,,1.50883e-06
3890,,,,,,0.000150475
3891,,,,,,1.87652e-06
3892,,,,,,9.5322e-05
3893,,,,,,1.3251e-06
3894,,,,,,0.000118724
3895,,,,,,1.51237e-06
3896,,,,,,0.000112315
3897,,,,,,1.4259e-06
3898,,,,,,0.000143413
3899,,,,,,1.84674e-06
3900,,,,,,0.000143158
3901,,,,,,1.70927e-06
3902,,,,,,9.72007e-05
3903,,,,,,1.33227e-06
3904,,,,,,0.00010565
3905,,,,,,1.36973e-06
3906,,,,,,0.000138223
3907,,,,,,1.81255e-06
3908,,,,,,0.000129702
3909,,,,,,1.60859e-06
3910,,,,,,0.000160975
3911,,,,,,1.90352e-06
3912,,,,,,9.8248e-05
3913,,,,,,1.40005e-06
3914,,,,,,0.000123056
3915,,,,,,1.59619e-06
3916,,,,,,0.000117584
3917,,,,,,1.47426e-06
3918,,,,,,0.000149723
3919,,,,,,1.8333e-06
3920,,,,,,0.000150438
3921,,,,,,1.73932e-06
3922,,,,,,0.000104624
3923,,,,,,1.47161e-06
3924,,,,,,0.000112357
3925,,,,,,1.48838e-06
3926,,,,,,0.000143424
3927,,,,,,1.863e-06
3928,,,,,,0.000144993
3929,,,,,,1.80416e-06
3930,,,,,,9.78999e-05
3931,,,,,,1.38848e-06
3932,,,,,,0.000122811
3933,,,,,,1.54225e-06
3934,,,,,,0.000125831
3935,,,,,,1.633e-06
3936,,,,,,0.000141078
3937,,,,,,1.71529e-06
3938,,,,,,0.000144055
3939,,,,,,1.65162e-06
3940,,,,,,0.000105522
3941,,,,,,1.42093e-06
3942,,,,,,0.000115757
3943,,,,,,1.48784e-06
3944,,,,,,0.000133693
3945,,,,,,1.6327e-06
3946,,,,,,0.000137927
3947,,,,,,1.67134e-06
3948,,,,,,0.000164036
3949,,,,,,1.93108e-06
3950,,,,,,0.000100193
3951,,,,,,1.42363e-06
3952,,,,,,0.000113441
3953,,,,,,1.42143e-06
3954,,,,,,0.000120688
3955,,,,,,1.51962e-06
3956,,,,,,0.000151531
3957,,,,,,1.87171e-06
3958,,,,,,0.000150781
3959,,,,,,1.75776e-06
3960,,,,,,0.000104533
3961,,,,,,1.43127e-06
3962,,,,,,0.000111724
3963,,,,,,1.44764e-06
3964,,,,,,0.00014084
3965,,,,,,1.80931e-06
3966,,,,,,0.000142109
3967,,,,,,1.76517e-06
3968,,,,,,9.63267e-05
3969,,,,,,1.34667e-06
3970,,,,,,0.000120612
3971,,,,,,1.48095e-06
3972,,,,,,0.000123999
3973,,,,,,1.57615e-06
3974,,,,,,0.000139866
3975,,,,,,1.68704e-06
3976,,,,,,0.000142526
3977,,,,,,1.64341e-06
3978,,,,,,0.000104059
3979,,,,,,1.35977e-06
3980,,,,,,0.000114273
3981,,,,,,1.42467e-06
3982,,,,,,0.000132239
3983,,,,,,1.58793e-06
3984,,,,,,0.000136362
3985,,,,,,1.63828e-06
3986,,,,,,0.000162937
3987,,,,,,1.90752e-06
3988,,,,,,9.97096e-05
3989,,,,,,1.35447e-06
3990,,,,,,0.000112962
3991,,,,,,1.37308e-06
3992,,,,,,0.000120474
3993,,,,,,1.47521e-06
3994,,,,,,0.000150919
3995,,,,,,1.86264e-06
3996,,,,,,0.000150542
3997,,,,,,1.7594e-06
3998,,,,,,0.000104266
3999,,,,,,1.39484e-06
