# Force and moment coefficients
# dragDir     : (9.985742e-01 0.000000e+00 -5.338206e-02)
# sideDir     : (-0.000000e+00 1.000000e+00 0.000000e+00)
# liftDir     : (5.338206e-02 0.000000e+00 9.985742e-01)
# rollAxis    : (9.985742e-01 0.000000e+00 -5.338206e-02)
# pitchAxis   : (-0.000000e+00 1.000000e+00 0.000000e+00)
# yawAxis     : (5.338206e-02 0.000000e+00 9.985742e-01)
# magUInf     : 1.020000e+02
# lRef        : 8.059000e-01
# Aref        : 9.290304e-02
# CofR        : (2.037250e-01 0.000000e+00 9.120000e-02)
#
# Time        	Cd            	Cd(f)         	Cd(r)         	Cl            	Cl(f)         	Cl(r)         	CmPitch       	CmRoll        	CmYaw         	Cs            	Cs(f)         	Cs(r)         
1             	2.058482e+00	-2.202857e+00	4.261339e+00	-4.950960e+00	3.831827e-01	-5.334143e+00	2.858663e+00	-3.232098e+00	-1.534379e+00	-8.631801e-01	-1.965969e+00	1.102789e+00
2             	2.458709e+00	-3.060324e+00	5.519033e+00	-6.612875e+00	4.285145e-01	-7.041390e+00	3.734952e+00	-4.289679e+00	-1.830236e+00	-9.889426e-01	-2.324708e+00	1.335765e+00
3             	2.121629e+00	-2.865141e+00	4.986769e+00	-6.076241e+00	2.960405e-01	-6.372281e+00	3.334161e+00	-3.925955e+00	-1.567595e+00	-8.130730e-01	-1.974132e+00	1.161059e+00
4             	1.420479e+00	-2.103608e+00	3.524087e+00	-4.366676e+00	7.597886e-02	-4.442655e+00	2.259317e+00	-2.813848e+00	-1.029162e+00	-4.919818e-01	-1.275153e+00	7.831715e-01
5             	6.561221e-01	-1.191195e+00	1.847317e+00	-2.361152e+00	-1.568120e-01	-2.204340e+00	1.023764e+00	-1.519256e+00	-4.431858e-01	-1.528679e-01	-5.196197e-01	3.667518e-01
6             	2.982384e-02	-4.255894e-01	4.554132e-01	-6.835580e-01	-3.394908e-01	-3.440672e-01	2.288222e-03	-4.405013e-01	3.685198e-02	1.190124e-01	9.635820e-02	2.265423e-02
7             	-3.631736e-01	3.856507e-02	-4.017386e-01	3.477256e-01	-4.362869e-01	7.840126e-01	-6.101498e-01	2.201519e-01	3.373449e-01	2.840697e-01	4.793798e-01	-1.953101e-01
8             	-5.135922e-01	1.724776e-01	-6.860699e-01	6.774700e-01	-4.421502e-01	1.119620e+00	-7.808852e-01	4.292737e-01	4.505113e-01	3.403754e-01	6.206990e-01	-2.803236e-01
9             	-4.709236e-01	3.863191e-02	-5.095555e-01	4.396963e-01	-3.775457e-01	8.172419e-01	-5.973938e-01	2.740937e-01	4.143572e-01	3.119068e-01	5.703105e-01	-2.584038e-01
10            	-3.115064e-01	-2.521046e-01	-5.940175e-02	-1.335103e-01	-2.756410e-01	1.421307e-01	-2.088859e-01	-9.635145e-02	2.881835e-01	2.342641e-01	4.053155e-01	-1.710514e-01
11            	-1.108998e-01	-5.821786e-01	4.712788e-01	-7.999165e-01	-1.720010e-01	-6.279155e-01	2.279572e-01	-5.267287e-01	1.309522e-01	1.417228e-01	2.018137e-01	-6.009082e-02
12            	7.271780e-02	-8.590788e-01	9.317966e-01	-1.370051e+00	-9.496433e-02	-1.275087e+00	5.900612e-01	-8.954377e-01	-1.190741e-02	5.987403e-02	1.802961e-02	4.184442e-02
13            	2.062743e-01	-1.034538e+00	1.240812e+00	-1.743100e+00	-5.863982e-02	-1.684460e+00	8.129103e-01	-1.137675e+00	-1.146676e-01	2.708562e-03	-1.133133e-01	1.160218e-01
14            	2.803879e-01	-1.104963e+00	1.385351e+00	-1.906143e+00	-6.157802e-02	-1.844565e+00	8.914935e-01	-1.245157e+00	-1.703240e-01	-2.639474e-02	-1.835214e-01	1.571267e-01
15            	3.021875e-01	-1.095975e+00	1.398162e+00	-1.904862e+00	-9.220410e-02	-1.812658e+00	8.602270e-01	-1.247069e+00	-1.848487e-01	-3.143084e-02	-2.005641e-01	1.691332e-01
16            	2.865416e-01	-1.042719e+00	1.329261e+00	-1.805887e+00	-1.355872e-01	-1.670300e+00	7.673564e-01	-1.185990e+00	-1.702748e-01	-1.988009e-02	-1.802148e-01	1.603347e-01
17            	2.498481e-01	-9.778883e-01	1.227736e+00	-1.673346e+00	-1.780987e-01	-1.495247e+00	6.585742e-01	-1.102812e+00	-1.397585e-01	2.290545e-04	-1.396440e-01	1.398730e-01
18            	2.063071e-01	-9.244607e-01	1.130768e+00	-1.554384e+00	-2.105155e-01	-1.343869e+00	5.666765e-01	-1.027614e+00	-1.045696e-01	2.215267e-02	-9.349327e-02	1.156459e-01
19            	1.660046e-01	-8.935532e-01	1.059558e+00	-1.474039e+00	-2.289204e-01	-1.245119e+00	5.080993e-01	-9.765555e-01	-7.260327e-02	4.130503e-02	-5.195076e-02	9.325578e-02
20            	1.348228e-01	-8.864250e-01	1.021248e+00	-1.438473e+00	-2.339406e-01	-1.204532e+00	4.852957e-01	-9.538364e-01	-4.832428e-02	5.529626e-02	-2.067615e-02	7.597241e-02
21            	1.149041e-01	-8.976393e-01	1.012543e+00	-1.440337e+00	-2.291829e-01	-1.211154e+00	4.909858e-01	-9.550914e-01	-3.320206e-02	6.357910e-02	-1.412509e-03	6.499161e-02
22            	1.057079e-01	-9.189382e-01	1.024646e+00	-1.465890e+00	-2.193836e-01	-1.246506e+00	5.135612e-01	-9.717921e-01	-2.659737e-02	6.684640e-02	6.825833e-03	6.002057e-02
23            	1.050782e-01	-9.424261e-01	1.047504e+00	-1.500934e+00	-2.089029e-01	-1.292031e+00	5.415640e-01	-9.949652e-01	-2.664248e-02	6.643733e-02	6.576179e-03	5.986115e-02
24            	1.101317e-01	-9.623695e-01	1.072501e+00	-1.534322e+00	-2.008408e-01	-1.333481e+00	5.663201e-01	-1.017435e+00	-3.096227e-02	6.386386e-02	9.696557e-04	6.289421e-02
25            	1.179692e-01	-9.759621e-01	1.093931e+00	-1.559678e+00	-1.967174e-01	-1.362961e+00	5.831215e-01	-1.034947e+00	-3.723325e-02	6.048181e-02	-6.992349e-03	6.747416e-02
26            	1.261088e-01	-9.829095e-01	1.109018e+00	-1.574949e+00	-1.966766e-01	-1.378272e+00	5.907978e-01	-1.045964e+00	-4.351558e-02	5.731734e-02	-1.485691e-02	7.217425e-02
27            	1.327882e-01	-9.846242e-01	1.117412e+00	-1.581315e+00	-1.999147e-01	-1.381400e+00	5.907427e-01	-1.051018e+00	-4.846440e-02	5.501113e-02	-2.095883e-02	7.596996e-02
28            	1.370247e-01	-9.831645e-01	1.120189e+00	-1.581458e+00	-2.052083e-01	-1.376250e+00	5.855208e-01	-1.051677e+00	-5.136412e-02	5.383710e-02	-2.444557e-02	7.828267e-02
29            	1.385419e-01	-9.805040e-01	1.119046e+00	-1.578314e+00	-2.113090e-01	-1.367005e+00	5.778481e-01	-1.049775e+00	-5.205853e-02	5.378233e-02	-2.516737e-02	7.894970e-02
30            	1.376292e-01	-9.780313e-01	1.115661e+00	-1.574194e+00	-2.172361e-01	-1.356958e+00	5.698609e-01	-1.046846e+00	-5.082900e-02	5.464034e-02	-2.350884e-02	7.814917e-02
31            	1.349378e-01	-9.764609e-01	1.111399e+00	-1.570534e+00	-2.223756e-01	-1.348158e+00	5.628912e-01	-1.043930e+00	-4.822968e-02	5.610771e-02	-2.017582e-02	7.628353e-02
32            	1.312605e-01	-9.758869e-01	1.107147e+00	-1.567868e+00	-2.264858e-01	-1.341382e+00	5.574481e-01	-1.041517e+00	-4.491230e-02	5.786659e-02	-1.597900e-02	7.384559e-02
33            	1.273427e-01	-9.760030e-01	1.103346e+00	-1.566087e+00	-2.296109e-01	-1.336476e+00	5.534327e-01	-1.039674e+00	-4.147802e-02	5.964314e-02	-1.165645e-02	7.129959e-02
34            	1.237553e-01	-9.763499e-01	1.100105e+00	-1.564769e+00	-2.319651e-01	-1.332804e+00	5.504194e-01	-1.038228e+00	-3.837833e-02	6.124058e-02	-7.758039e-03	6.899862e-02
35            	1.208354e-01	-9.765155e-01	1.097351e+00	-1.563461e+00	-2.338223e-01	-1.329639e+00	5.479084e-01	-1.036933e+00	-3.587102e-02	6.254924e-02	-4.596398e-03	6.714564e-02
36            	1.186909e-01	-9.762479e-01	1.094939e+00	-1.561858e+00	-2.354348e-01	-1.326423e+00	5.454940e-01	-1.035593e+00	-3.402613e-02	6.353834e-02	-2.256959e-03	6.579530e-02
37            	1.172497e-01	-9.754773e-01	1.092727e+00	-1.559849e+00	-2.369885e-01	-1.322860e+00	5.429358e-01	-1.034102e+00	-3.276889e-02	6.423674e-02	-6.505156e-04	6.488726e-02
38            	1.163327e-01	-9.742975e-01	1.090630e+00	-1.557520e+00	-2.385865e-01	-1.318933e+00	5.401735e-01	-1.032464e+00	-3.193970e-02	6.470895e-02	4.147795e-04	6.429417e-02
39            	1.157222e-01	-9.728909e-01	1.088613e+00	-1.555063e+00	-2.402594e-01	-1.314803e+00	5.372720e-01	-1.030752e+00	-3.135160e-02	6.503216e-02	1.164479e-03	6.386768e-02
40            	1.152192e-01	-9.714501e-01	1.086669e+00	-1.552679e+00	-2.419886e-01	-1.310690e+00	5.343509e-01	-1.029060e+00	-3.083741e-02	6.527858e-02	1.801874e-03	6.347670e-02
41            	1.146788e-01	-9.701253e-01	1.084804e+00	-1.550518e+00	-2.437304e-01	-1.306788e+00	5.315286e-01	-1.027465e+00	-3.027848e-02	6.550428e-02	2.473663e-03	6.303062e-02
42            	1.140230e-01	-9.690011e-01	1.083024e+00	-1.548654e+00	-2.454349e-01	-1.303219e+00	5.288919e-01	-1.026013e+00	-2.961444e-02	6.574473e-02	3.257926e-03	6.248680e-02
43            	1.132355e-01	-9.680993e-01	1.081335e+00	-1.547090e+00	-2.470586e-01	-1.300031e+00	5.264863e-01	-1.024717e+00	-2.883742e-02	6.601563e-02	4.170397e-03	6.184524e-02
44            	1.123439e-01	-9.673954e-01	1.079739e+00	-1.545783e+00	-2.485699e-01	-1.297213e+00	5.243214e-01	-1.023567e+00	-2.797647e-02	6.631735e-02	5.182207e-03	6.113514e-02
45            	1.113991e-01	-9.668439e-01	1.078243e+00	-1.544670e+00	-2.499498e-01	-1.294721e+00	5.223854e-01	-1.022543e+00	-2.707897e-02	6.664054e-02	6.241294e-03	6.039924e-02
46            	1.104556e-01	-9.664022e-01	1.076858e+00	-1.543701e+00	-2.511887e-01	-1.292512e+00	5.206617e-01	-1.021630e+00	-2.619414e-02	6.697170e-02	7.291710e-03	5.967999e-02
47            	1.095588e-01	-9.660452e-01	1.075604e+00	-1.542849e+00	-2.522837e-01	-1.290566e+00	5.191410e-01	-1.020825e+00	-2.536170e-02	6.729749e-02	8.287042e-03	5.901045e-02
48            	1.087386e-01	-9.657713e-01	1.074510e+00	-1.542122e+00	-2.532351e-01	-1.288887e+00	5.178258e-01	-1.020141e+00	-2.460648e-02	6.760740e-02	9.197226e-03	5.841018e-02
49            	1.080085e-01	-9.655999e-01	1.073608e+00	-1.541551e+00	-2.540457e-01	-1.287506e+00	5.167299e-01	-1.019604e+00	-2.393799e-02	6.789492e-02	1.000947e-02	5.788545e-02
50            	1.073688e-01	-9.655628e-01	1.072932e+00	-1.541186e+00	-2.547192e-01	-1.286466e+00	5.158736e-01	-1.019247e+00	-2.335353e-02	6.815746e-02	1.072520e-02	5.743226e-02
51            	1.068114e-01	-9.656950e-01	1.072506e+00	-1.541075e+00	-2.552612e-01	-1.285814e+00	5.152764e-01	-1.019101e+00	-2.284281e-02	6.839557e-02	1.135498e-02	5.704059e-02
52            	1.063246e-01	-9.660259e-01	1.072351e+00	-1.541263e+00	-2.556790e-01	-1.285584e+00	5.149526e-01	-1.019188e+00	-2.239258e-02	6.861180e-02	1.191332e-02	5.669848e-02
53            	1.058973e-01	-9.665743e-01	1.072472e+00	-1.541777e+00	-2.559817e-01	-1.285795e+00	5.149069e-01	-1.019523e+00	-2.199034e-02	6.880961e-02	1.241446e-02	5.639515e-02
54            	1.055208e-01	-9.673457e-01	1.072866e+00	-1.542628e+00	-2.561803e-01	-1.286448e+00	5.151337e-01	-1.020106e+00	-2.162640e-02	6.899258e-02	1.286989e-02	5.612269e-02
55            	1.051894e-01	-9.683332e-01	1.073523e+00	-1.543809e+00	-2.562870e-01	-1.287522e+00	5.156177e-01	-1.020928e+00	-2.129456e-02	6.916384e-02	1.328735e-02	5.587648e-02
56            	1.048999e-01	-9.695200e-01	1.074420e+00	-1.545303e+00	-2.563148e-01	-1.288988e+00	5.163365e-01	-1.021970e+00	-2.099171e-02	6.932587e-02	1.367122e-02	5.565465e-02
57            	1.046509e-01	-9.708830e-01	1.075534e+00	-1.547078e+00	-2.562767e-01	-1.290802e+00	5.172625e-01	-1.023208e+00	-2.071676e-02	6.948050e-02	1.402349e-02	5.545701e-02
58            	1.044411e-01	-9.723961e-01	1.076837e+00	-1.549103e+00	-2.561851e-01	-1.292918e+00	5.183664e-01	-1.024617e+00	-2.046948e-02	6.962901e-02	1.434502e-02	5.528398e-02
59            	1.042688e-01	-9.740333e-01	1.078302e+00	-1.551340e+00	-2.560513e-01	-1.295289e+00	5.196188e-01	-1.026168e+00	-2.024956e-02	6.977232e-02	1.463660e-02	5.513572e-02
60            	1.041313e-01	-9.757703e-01	1.079902e+00	-1.553755e+00	-2.558854e-01	-1.297870e+00	5.209922e-01	-1.027836e+00	-2.005600e-02	6.991111e-02	1.489955e-02	5.501156e-02
61            	1.040249e-01	-9.775823e-01	1.081607e+00	-1.556308e+00	-2.556963e-01	-1.300612e+00	5.224578e-01	-1.029595e+00	-1.988682e-02	7.004584e-02	1.513610e-02	5.490974e-02
62            	1.039459e-01	-9.794563e-01	1.083402e+00	-1.558978e+00	-2.554908e-01	-1.303488e+00	5.239984e-01	-1.031429e+00	-1.973964e-02	7.017713e-02	1.534892e-02	5.482820e-02
63            	1.038900e-01	-9.813761e-01	1.085266e+00	-1.561739e+00	-2.552755e-01	-1.306463e+00	5.255938e-01	-1.033321e+00	-1.961163e-02	7.030530e-02	1.554102e-02	5.476428e-02
64            	1.038534e-01	-9.833272e-01	1.087181e+00	-1.564563e+00	-2.550556e-01	-1.309508e+00	5.272261e-01	-1.035254e+00	-1.949999e-02	7.043058e-02	1.571530e-02	5.471528e-02
65            	1.038330e-01	-9.852971e-01	1.089130e+00	-1.567431e+00	-2.548354e-01	-1.312595e+00	5.288800e-01	-1.037214e+00	-1.940219e-02	7.055307e-02	1.587435e-02	5.467872e-02
66            	1.038260e-01	-9.872749e-01	1.091101e+00	-1.570323e+00	-2.546184e-01	-1.315704e+00	5.305429e-01	-1.039188e+00	-1.931618e-02	7.067286e-02	1.602025e-02	5.465261e-02
67            	1.038309e-01	-9.892517e-01	1.093083e+00	-1.573224e+00	-2.544071e-01	-1.318817e+00	5.322047e-01	-1.041167e+00	-1.924046e-02	7.078994e-02	1.615451e-02	5.463543e-02
68            	1.038462e-01	-9.912203e-01	1.095066e+00	-1.576122e+00	-2.542033e-01	-1.321919e+00	5.338579e-01	-1.043143e+00	-1.917399e-02	7.090431e-02	1.627816e-02	5.462615e-02
69            	1.038711e-01	-9.931749e-01	1.097046e+00	-1.579009e+00	-2.540078e-01	-1.325001e+00	5.354968e-01	-1.045110e+00	-1.911609e-02	7.101600e-02	1.639191e-02	5.462408e-02
70            	1.039050e-01	-9.951114e-01	1.099016e+00	-1.581878e+00	-2.538211e-01	-1.328056e+00	5.371176e-01	-1.047064e+00	-1.906623e-02	7.112502e-02	1.649628e-02	5.462875e-02
71            	1.039471e-01	-9.970269e-01	1.100974e+00	-1.584722e+00	-2.536432e-01	-1.331079e+00	5.387179e-01	-1.049000e+00	-1.902396e-02	7.123149e-02	1.659178e-02	5.463971e-02
72            	1.039965e-01	-9.989194e-01	1.102916e+00	-1.587539e+00	-2.534734e-01	-1.334066e+00	5.402961e-01	-1.050918e+00	-1.898873e-02	7.133554e-02	1.667904e-02	5.465650e-02
73            	1.040523e-01	-1.000788e+00	1.104840e+00	-1.590325e+00	-2.533111e-01	-1.337014e+00	5.418515e-01	-1.052814e+00	-1.895987e-02	7.143736e-02	1.675881e-02	5.467855e-02
74            	1.041134e-01	-1.002633e+00	1.106746e+00	-1.593079e+00	-2.531556e-01	-1.339923e+00	5.433839e-01	-1.054689e+00	-1.893659e-02	7.153716e-02	1.683199e-02	5.470518e-02
75            	1.041785e-01	-1.004453e+00	1.108632e+00	-1.595798e+00	-2.530060e-01	-1.342792e+00	5.448932e-01	-1.056543e+00	-1.891803e-02	7.163518e-02	1.689956e-02	5.473562e-02
76            	1.042468e-01	-1.006253e+00	1.110500e+00	-1.598487e+00	-2.528612e-01	-1.345626e+00	5.463825e-01	-1.058377e+00	-1.890336e-02	7.173168e-02	1.696248e-02	5.476920e-02
77            	1.043168e-01	-1.008028e+00	1.112345e+00	-1.601136e+00	-2.527210e-01	-1.348415e+00	5.478471e-01	-1.060187e+00	-1.889160e-02	7.182671e-02	1.702176e-02	5.480496e-02
78            	1.043877e-01	-1.009778e+00	1.114165e+00	-1.603744e+00	-2.525846e-01	-1.351159e+00	5.492873e-01	-1.061972e+00	-1.888200e-02	7.192038e-02	1.707819e-02	5.484220e-02
79            	1.044589e-01	-1.011502e+00	1.115961e+00	-1.606311e+00	-2.524518e-01	-1.353859e+00	5.507035e-01	-1.063732e+00	-1.887400e-02	7.201275e-02	1.713237e-02	5.488038e-02
80            	1.045314e-01	-1.013205e+00	1.117737e+00	-1.608854e+00	-2.523246e-01	-1.356530e+00	5.521026e-01	-1.065471e+00	-1.886773e-02	7.210380e-02	1.718417e-02	5.491963e-02
81            	1.046040e-01	-1.014883e+00	1.119487e+00	-1.611363e+00	-2.522019e-01	-1.359161e+00	5.534794e-01	-1.067185e+00	-1.886270e-02	7.219322e-02	1.723391e-02	5.495931e-02
82            	1.046829e-01	-1.016534e+00	1.121217e+00	-1.613837e+00	-2.520682e-01	-1.361769e+00	5.548505e-01	-1.068876e+00	-1.886510e-02	7.227890e-02	1.727435e-02	5.500455e-02
83            	1.047624e-01	-1.018142e+00	1.122904e+00	-1.616245e+00	-2.519328e-01	-1.364312e+00	5.561898e-01	-1.070523e+00	-1.887018e-02	7.236161e-02	1.731062e-02	5.505098e-02
84            	1.048384e-01	-1.019701e+00	1.124539e+00	-1.618573e+00	-2.518027e-01	-1.366770e+00	5.574837e-01	-1.072120e+00	-1.887444e-02	7.244222e-02	1.734667e-02	5.509556e-02
85            	1.049091e-01	-1.021213e+00	1.126122e+00	-1.620823e+00	-2.516820e-01	-1.369141e+00	5.587295e-01	-1.073668e+00	-1.887607e-02	7.252146e-02	1.738466e-02	5.513680e-02
86            	1.049747e-01	-1.022687e+00	1.127662e+00	-1.623008e+00	-2.515716e-01	-1.371436e+00	5.599324e-01	-1.075174e+00	-1.887477e-02	7.259975e-02	1.742510e-02	5.517465e-02
87            	1.050360e-01	-1.024126e+00	1.129162e+00	-1.625137e+00	-2.514708e-01	-1.373666e+00	5.610975e-01	-1.076644e+00	-1.887112e-02	7.267716e-02	1.746745e-02	5.520970e-02
88            	1.050948e-01	-1.025542e+00	1.130637e+00	-1.627229e+00	-2.513775e-01	-1.375851e+00	5.622368e-01	-1.078089e+00	-1.886631e-02	7.275371e-02	1.751055e-02	5.524316e-02
89            	1.051523e-01	-1.026936e+00	1.132088e+00	-1.629290e+00	-2.512900e-01	-1.378000e+00	5.633548e-01	-1.079512e+00	-1.886124e-02	7.282927e-02	1.755340e-02	5.527587e-02
90            	1.052091e-01	-1.028305e+00	1.133514e+00	-1.631318e+00	-2.512072e-01	-1.380111e+00	5.644520e-01	-1.080910e+00	-1.885644e-02	7.290364e-02	1.759538e-02	5.530826e-02
91            	1.052652e-01	-1.029647e+00	1.134912e+00	-1.633310e+00	-2.511286e-01	-1.382181e+00	5.655263e-01	-1.082280e+00	-1.885201e-02	7.297667e-02	1.763632e-02	5.534035e-02
92            	1.053200e-01	-1.030957e+00	1.136277e+00	-1.635257e+00	-2.510548e-01	-1.384202e+00	5.665737e-01	-1.083617e+00	-1.884767e-02	7.304835e-02	1.767650e-02	5.537185e-02
93            	1.053731e-01	-1.032231e+00	1.137604e+00	-1.637153e+00	-2.509862e-01	-1.386167e+00	5.675904e-01	-1.084917e+00	-1.884305e-02	7.311866e-02	1.771628e-02	5.540239e-02
94            	1.054240e-01	-1.033466e+00	1.138890e+00	-1.638994e+00	-2.509235e-01	-1.388070e+00	5.685733e-01	-1.086178e+00	-1.883776e-02	7.318762e-02	1.775605e-02	5.543158e-02
95            	1.054654e-01	-1.034622e+00	1.140087e+00	-1.640704e+00	-2.508752e-01	-1.389829e+00	5.694768e-01	-1.087354e+00	-1.882718e-02	7.325500e-02	1.780033e-02	5.545468e-02
96            	1.055010e-01	-1.035717e+00	1.141219e+00	-1.642319e+00	-2.508365e-01	-1.391483e+00	5.703230e-01	-1.088468e+00	-1.881371e-02	7.332082e-02	1.784670e-02	5.547412e-02
97            	1.055344e-01	-1.036773e+00	1.142308e+00	-1.643876e+00	-2.508032e-01	-1.393073e+00	5.711347e-01	-1.089541e+00	-1.879951e-02	7.338517e-02	1.789307e-02	5.549210e-02
98            	1.055674e-01	-1.037799e+00	1.143366e+00	-1.645391e+00	-2.507726e-01	-1.394618e+00	5.719229e-01	-1.090583e+00	-1.878595e-02	7.344800e-02	1.793805e-02	5.550995e-02
99            	1.056008e-01	-1.038798e+00	1.144399e+00	-1.646872e+00	-2.507440e-01	-1.396128e+00	5.726920e-01	-1.091598e+00	-1.877349e-02	7.350931e-02	1.798116e-02	5.552815e-02
100           	1.056346e-01	-1.039774e+00	1.145408e+00	-1.648324e+00	-2.507176e-01	-1.397606e+00	5.734442e-01	-1.092591e+00	-1.876208e-02	7.356923e-02	1.802253e-02	5.554669e-02
101           	1.056681e-01	-1.040723e+00	1.146391e+00	-1.649740e+00	-2.506944e-01	-1.399045e+00	5.741755e-01	-1.093557e+00	-1.875114e-02	7.362781e-02	1.806277e-02	5.556504e-02
102           	1.057001e-01	-1.041641e+00	1.147341e+00	-1.651112e+00	-2.506755e-01	-1.400436e+00	5.748803e-01	-1.094491e+00	-1.873998e-02	7.368509e-02	1.810257e-02	5.558252e-02
103           	1.057300e-01	-1.042524e+00	1.148254e+00	-1.652431e+00	-2.506616e-01	-1.401769e+00	5.755539e-01	-1.095389e+00	-1.872803e-02	7.374107e-02	1.814251e-02	5.559856e-02
104           	1.057571e-01	-1.043368e+00	1.149125e+00	-1.653694e+00	-2.506531e-01	-1.403041e+00	5.761938e-01	-1.096246e+00	-1.871495e-02	7.379575e-02	1.818293e-02	5.561282e-02
105           	1.057813e-01	-1.044173e+00	1.149955e+00	-1.654899e+00	-2.506497e-01	-1.404249e+00	5.767996e-01	-1.097064e+00	-1.870065e-02	7.384910e-02	1.822390e-02	5.562520e-02
106           	1.058028e-01	-1.044941e+00	1.150744e+00	-1.656048e+00	-2.506510e-01	-1.405397e+00	5.773729e-01	-1.097843e+00	-1.868524e-02	7.390111e-02	1.826531e-02	5.563580e-02
107           	1.058220e-01	-1.045674e+00	1.151496e+00	-1.657145e+00	-2.506562e-01	-1.406489e+00	5.779163e-01	-1.098585e+00	-1.866896e-02	7.395176e-02	1.830692e-02	5.564484e-02
108           	1.058392e-01	-1.046374e+00	1.152213e+00	-1.658195e+00	-2.506644e-01	-1.407530e+00	5.784329e-01	-1.099294e+00	-1.865209e-02	7.400106e-02	1.834844e-02	5.565262e-02
109           	1.058550e-01	-1.047044e+00	1.152899e+00	-1.659201e+00	-2.506751e-01	-1.408526e+00	5.789256e-01	-1.099972e+00	-1.863487e-02	7.404899e-02	1.838962e-02	5.565937e-02
110           	1.058695e-01	-1.047686e+00	1.153556e+00	-1.660169e+00	-2.506876e-01	-1.409481e+00	5.793969e-01	-1.100621e+00	-1.861753e-02	7.409558e-02	1.843026e-02	5.566531e-02
111           	1.058830e-01	-1.048303e+00	1.154186e+00	-1.661100e+00	-2.507015e-01	-1.410399e+00	5.798486e-01	-1.101244e+00	-1.860018e-02	7.414083e-02	1.847023e-02	5.567060e-02
112           	1.058956e-01	-1.048894e+00	1.154790e+00	-1.661997e+00	-2.507167e-01	-1.411281e+00	5.802819e-01	-1.101842e+00	-1.858293e-02	7.418476e-02	1.850945e-02	5.567531e-02
113           	1.059075e-01	-1.049462e+00	1.155370e+00	-1.662861e+00	-2.507330e-01	-1.412128e+00	5.806977e-01	-1.102416e+00	-1.856581e-02	7.422740e-02	1.854789e-02	5.567950e-02
114           	1.059185e-01	-1.050007e+00	1.155926e+00	-1.663694e+00	-2.507502e-01	-1.412943e+00	5.810966e-01	-1.102967e+00	-1.854882e-02	7.426876e-02	1.858556e-02	5.568320e-02
115           	1.059289e-01	-1.050530e+00	1.156459e+00	-1.664495e+00	-2.507683e-01	-1.413727e+00	5.814791e-01	-1.103495e+00	-1.853199e-02	7.430889e-02	1.862246e-02	5.568643e-02
116           	1.059384e-01	-1.051029e+00	1.156968e+00	-1.665262e+00	-2.507873e-01	-1.414475e+00	5.818439e-01	-1.103999e+00	-1.851526e-02	7.434772e-02	1.865861e-02	5.568912e-02
117           	1.059474e-01	-1.051509e+00	1.157457e+00	-1.666003e+00	-2.508068e-01	-1.415196e+00	5.821947e-01	-1.104483e+00	-1.849874e-02	7.438539e-02	1.869395e-02	5.569144e-02
118           	1.059519e-01	-1.051940e+00	1.157892e+00	-1.666659e+00	-2.508307e-01	-1.415828e+00	5.824986e-01	-1.104916e+00	-1.848054e-02	7.442136e-02	1.873014e-02	5.569122e-02
119           	1.059544e-01	-1.052338e+00	1.158292e+00	-1.667260e+00	-2.508560e-01	-1.416404e+00	5.827739e-01	-1.105315e+00	-1.846188e-02	7.445579e-02	1.876602e-02	5.568978e-02
120           	1.059565e-01	-1.052712e+00	1.158669e+00	-1.667828e+00	-2.508807e-01	-1.416947e+00	5.830331e-01	-1.105691e+00	-1.844369e-02	7.448883e-02	1.880073e-02	5.568810e-02
121           	1.059598e-01	-1.053078e+00	1.159038e+00	-1.668389e+00	-2.509034e-01	-1.417486e+00	5.832913e-01	-1.106058e+00	-1.842671e-02	7.452074e-02	1.883366e-02	5.568708e-02
122           	1.059647e-01	-1.053441e+00	1.159406e+00	-1.668954e+00	-2.509235e-01	-1.418030e+00	5.835534e-01	-1.106424e+00	-1.841120e-02	7.455166e-02	1.886463e-02	5.568703e-02
123           	1.059712e-01	-1.053801e+00	1.159772e+00	-1.669520e+00	-2.509416e-01	-1.418579e+00	5.838186e-01	-1.106787e+00	-1.839706e-02	7.458167e-02	1.889378e-02	5.568790e-02
124           	1.059785e-01	-1.054155e+00	1.160134e+00	-1.670083e+00	-2.509583e-01	-1.419124e+00	5.840830e-01	-1.107144e+00	-1.838397e-02	7.461080e-02	1.892143e-02	5.568937e-02
125           	1.059862e-01	-1.054499e+00	1.160485e+00	-1.670632e+00	-2.509744e-01	-1.419658e+00	5.843416e-01	-1.107492e+00	-1.837154e-02	7.463905e-02	1.894798e-02	5.569106e-02
126           	1.059936e-01	-1.054829e+00	1.160823e+00	-1.671162e+00	-2.509906e-01	-1.420171e+00	5.845902e-01	-1.107826e+00	-1.835945e-02	7.466641e-02	1.897376e-02	5.569265e-02
127           	1.059999e-01	-1.055146e+00	1.161146e+00	-1.671669e+00	-2.510097e-01	-1.420660e+00	5.848250e-01	-1.108146e+00	-1.834707e-02	7.469319e-02	1.899953e-02	5.569366e-02
128           	1.060054e-01	-1.055452e+00	1.161458e+00	-1.672157e+00	-2.510303e-01	-1.421127e+00	5.850483e-01	-1.108455e+00	-1.833457e-02	7.471936e-02	1.902511e-02	5.569424e-02
129           	1.060104e-01	-1.055747e+00	1.161757e+00	-1.672628e+00	-2.510514e-01	-1.421576e+00	5.852624e-01	-1.108752e+00	-1.832212e-02	7.474483e-02	1.905030e-02	5.569454e-02
130           	1.060152e-01	-1.056030e+00	1.162046e+00	-1.673081e+00	-2.510718e-01	-1.422009e+00	5.854687e-01	-1.109038e+00	-1.830997e-02	7.476953e-02	1.907480e-02	5.569474e-02
131           	1.060198e-01	-1.056303e+00	1.162323e+00	-1.673518e+00	-2.510911e-01	-1.422427e+00	5.856681e-01	-1.109313e+00	-1.829824e-02	7.479340e-02	1.909846e-02	5.569494e-02
132           	1.060245e-01	-1.056565e+00	1.162589e+00	-1.673941e+00	-2.511091e-01	-1.422832e+00	5.858613e-01	-1.109577e+00	-1.828700e-02	7.481642e-02	1.912121e-02	5.569521e-02
133           	1.060292e-01	-1.056816e+00	1.162846e+00	-1.674349e+00	-2.511259e-01	-1.423223e+00	5.860485e-01	-1.109831e+00	-1.827625e-02	7.483860e-02	1.914305e-02	5.569554e-02
134           	1.060339e-01	-1.057059e+00	1.163093e+00	-1.674744e+00	-2.511416e-01	-1.423602e+00	5.862301e-01	-1.110076e+00	-1.826598e-02	7.485999e-02	1.916401e-02	5.569597e-02
135           	1.060387e-01	-1.057294e+00	1.163332e+00	-1.675126e+00	-2.511567e-01	-1.423970e+00	5.864065e-01	-1.110313e+00	-1.825618e-02	7.488063e-02	1.918414e-02	5.569650e-02
136           	1.060435e-01	-1.057521e+00	1.163565e+00	-1.675498e+00	-2.511713e-01	-1.424327e+00	5.865779e-01	-1.110543e+00	-1.824682e-02	7.490059e-02	1.920348e-02	5.569711e-02
137           	1.060482e-01	-1.057743e+00	1.163791e+00	-1.675861e+00	-2.511857e-01	-1.424675e+00	5.867447e-01	-1.110767e+00	-1.823778e-02	7.491991e-02	1.922218e-02	5.569773e-02
138           	1.060529e-01	-1.057958e+00	1.164011e+00	-1.676213e+00	-2.511998e-01	-1.425013e+00	5.869066e-01	-1.110984e+00	-1.822910e-02	7.493861e-02	1.924020e-02	5.569841e-02
139           	1.060576e-01	-1.058168e+00	1.164226e+00	-1.676557e+00	-2.512137e-01	-1.425343e+00	5.870647e-01	-1.111197e+00	-1.822080e-02	7.495675e-02	1.925757e-02	5.569918e-02
140           	1.060623e-01	-1.058374e+00	1.164436e+00	-1.676893e+00	-2.512274e-01	-1.425665e+00	5.872190e-01	-1.111405e+00	-1.821286e-02	7.497433e-02	1.927431e-02	5.570002e-02
141           	1.060672e-01	-1.058573e+00	1.164641e+00	-1.677221e+00	-2.512391e-01	-1.425982e+00	5.873712e-01	-1.111607e+00	-1.820552e-02	7.499120e-02	1.929008e-02	5.570111e-02
142           	1.060722e-01	-1.058766e+00	1.164838e+00	-1.677538e+00	-2.512497e-01	-1.426288e+00	5.875192e-01	-1.111802e+00	-1.819860e-02	7.500738e-02	1.930509e-02	5.570229e-02
143           	1.060771e-01	-1.058952e+00	1.165029e+00	-1.677844e+00	-2.512599e-01	-1.426584e+00	5.876621e-01	-1.111990e+00	-1.819196e-02	7.502296e-02	1.931952e-02	5.570344e-02
144           	1.060817e-01	-1.059131e+00	1.165213e+00	-1.678140e+00	-2.512702e-01	-1.426870e+00	5.877997e-01	-1.112172e+00	-1.818553e-02	7.503802e-02	1.933349e-02	5.570454e-02
145           	1.060831e-01	-1.059282e+00	1.165365e+00	-1.678378e+00	-2.512840e-01	-1.427094e+00	5.879049e-01	-1.112324e+00	-1.817777e-02	7.505232e-02	1.934839e-02	5.570393e-02
146           	1.060831e-01	-1.059416e+00	1.165499e+00	-1.678584e+00	-2.512994e-01	-1.427284e+00	5.879925e-01	-1.112457e+00	-1.816957e-02	7.506596e-02	1.936341e-02	5.570254e-02
147           	1.060830e-01	-1.059544e+00	1.165627e+00	-1.678780e+00	-2.513143e-01	-1.427465e+00	5.880755e-01	-1.112585e+00	-1.816166e-02	7.507905e-02	1.937787e-02	5.570118e-02
148           	1.060839e-01	-1.059673e+00	1.165757e+00	-1.678981e+00	-2.513274e-01	-1.427654e+00	5.881633e-01	-1.112715e+00	-1.815455e-02	7.509170e-02	1.939131e-02	5.570040e-02
149           	1.060860e-01	-1.059809e+00	1.165895e+00	-1.679197e+00	-2.513382e-01	-1.427859e+00	5.882602e-01	-1.112852e+00	-1.814827e-02	7.510400e-02	1.940373e-02	5.570027e-02
150           	1.060894e-01	-1.059951e+00	1.166040e+00	-1.679426e+00	-2.513467e-01	-1.428079e+00	5.883663e-01	-1.112996e+00	-1.814294e-02	7.511600e-02	1.941506e-02	5.570095e-02
151           	1.060938e-01	-1.060097e+00	1.166191e+00	-1.679665e+00	-2.513536e-01	-1.428312e+00	5.884791e-01	-1.113144e+00	-1.813836e-02	7.512774e-02	1.942551e-02	5.570223e-02
152           	1.060985e-01	-1.060241e+00	1.166340e+00	-1.679902e+00	-2.513595e-01	-1.428543e+00	5.885915e-01	-1.113290e+00	-1.813411e-02	7.513914e-02	1.943546e-02	5.570368e-02
153           	1.061035e-01	-1.060384e+00	1.166487e+00	-1.680137e+00	-2.513650e-01	-1.428772e+00	5.887036e-01	-1.113436e+00	-1.813025e-02	7.515031e-02	1.944490e-02	5.570540e-02
154           	1.061080e-01	-1.060522e+00	1.166630e+00	-1.680365e+00	-2.513704e-01	-1.428995e+00	5.888123e-01	-1.113576e+00	-1.812625e-02	7.516123e-02	1.945436e-02	5.570686e-02
155           	1.061123e-01	-1.060655e+00	1.166767e+00	-1.680584e+00	-2.513762e-01	-1.429208e+00	5.889157e-01	-1.113711e+00	-1.812233e-02	7.517187e-02	1.946360e-02	5.570827e-02
156           	1.061162e-01	-1.060783e+00	1.166899e+00	-1.680793e+00	-2.513823e-01	-1.429411e+00	5.890142e-01	-1.113841e+00	-1.811834e-02	7.518225e-02	1.947278e-02	5.570947e-02
157           	1.061196e-01	-1.060904e+00	1.167024e+00	-1.680991e+00	-2.513886e-01	-1.429603e+00	5.891070e-01	-1.113964e+00	-1.811428e-02	7.519231e-02	1.948187e-02	5.571044e-02
158           	1.061226e-01	-1.061020e+00	1.167143e+00	-1.681181e+00	-2.513950e-01	-1.429786e+00	5.891955e-01	-1.114082e+00	-1.811023e-02	7.520205e-02	1.949080e-02	5.571125e-02
159           	1.061254e-01	-1.061133e+00	1.167258e+00	-1.681364e+00	-2.514013e-01	-1.429963e+00	5.892808e-01	-1.114195e+00	-1.810612e-02	7.521149e-02	1.949963e-02	5.571186e-02
160           	1.061281e-01	-1.061242e+00	1.167371e+00	-1.681543e+00	-2.514072e-01	-1.430136e+00	5.893642e-01	-1.114306e+00	-1.810216e-02	7.522063e-02	1.950815e-02	5.571248e-02
161           	1.061308e-01	-1.061350e+00	1.167481e+00	-1.681718e+00	-2.514128e-01	-1.430306e+00	5.894464e-01	-1.114416e+00	-1.809841e-02	7.522950e-02	1.951634e-02	5.571316e-02
162           	1.061337e-01	-1.061457e+00	1.167590e+00	-1.681892e+00	-2.514180e-01	-1.430474e+00	5.895280e-01	-1.114523e+00	-1.809487e-02	7.523810e-02	1.952418e-02	5.571393e-02
163           	1.061366e-01	-1.061562e+00	1.167698e+00	-1.682064e+00	-2.514227e-01	-1.430641e+00	5.896091e-01	-1.114630e+00	-1.809155e-02	7.524647e-02	1.953169e-02	5.571479e-02
164           	1.061393e-01	-1.061662e+00	1.167801e+00	-1.682226e+00	-2.514273e-01	-1.430799e+00	5.896860e-01	-1.114731e+00	-1.808830e-02	7.525451e-02	1.953896e-02	5.571555e-02
165           	1.061425e-01	-1.061763e+00	1.167906e+00	-1.682395e+00	-2.514319e-01	-1.430963e+00	5.897654e-01	-1.114834e+00	-1.808540e-02	7.526235e-02	1.954577e-02	5.571657e-02
166           	1.061459e-01	-1.061865e+00	1.168011e+00	-1.682564e+00	-2.514364e-01	-1.431128e+00	5.898456e-01	-1.114938e+00	-1.808276e-02	7.526996e-02	1.955222e-02	5.571774e-02
167           	1.061493e-01	-1.061965e+00	1.168114e+00	-1.682732e+00	-2.514408e-01	-1.431291e+00	5.899250e-01	-1.115040e+00	-1.808030e-02	7.527735e-02	1.955838e-02	5.571897e-02
168           	1.061526e-01	-1.062063e+00	1.168216e+00	-1.682895e+00	-2.514451e-01	-1.431450e+00	5.900025e-01	-1.115139e+00	-1.807793e-02	7.528452e-02	1.956433e-02	5.572019e-02
169           	1.061557e-01	-1.062158e+00	1.168314e+00	-1.683053e+00	-2.514492e-01	-1.431604e+00	5.900774e-01	-1.115236e+00	-1.807562e-02	7.529148e-02	1.957012e-02	5.572136e-02
170           	1.061586e-01	-1.062251e+00	1.168410e+00	-1.683206e+00	-2.514532e-01	-1.431753e+00	5.901497e-01	-1.115330e+00	-1.807334e-02	7.529826e-02	1.957579e-02	5.572247e-02
171           	1.061616e-01	-1.062341e+00	1.168503e+00	-1.683353e+00	-2.514570e-01	-1.431897e+00	5.902198e-01	-1.115422e+00	-1.807126e-02	7.530486e-02	1.958117e-02	5.572369e-02
172           	1.061643e-01	-1.062429e+00	1.168594e+00	-1.683497e+00	-2.514606e-01	-1.432037e+00	5.902880e-01	-1.115511e+00	-1.806906e-02	7.531130e-02	1.958659e-02	5.572471e-02
173           	1.061668e-01	-1.062516e+00	1.168683e+00	-1.683638e+00	-2.514641e-01	-1.432174e+00	5.903550e-01	-1.115599e+00	-1.806692e-02	7.531760e-02	1.959188e-02	5.572572e-02
174           	1.061694e-01	-1.062601e+00	1.168770e+00	-1.683776e+00	-2.514674e-01	-1.432309e+00	5.904208e-01	-1.115685e+00	-1.806486e-02	7.532375e-02	1.959702e-02	5.572673e-02
175           	1.061719e-01	-1.062684e+00	1.168856e+00	-1.683912e+00	-2.514706e-01	-1.432442e+00	5.904857e-01	-1.115770e+00	-1.806287e-02	7.532976e-02	1.960201e-02	5.572775e-02
176           	1.061744e-01	-1.062767e+00	1.168941e+00	-1.684047e+00	-2.514736e-01	-1.432573e+00	5.905497e-01	-1.115854e+00	-1.806095e-02	7.533563e-02	1.960686e-02	5.572877e-02
177           	1.061769e-01	-1.062847e+00	1.169024e+00	-1.684178e+00	-2.514765e-01	-1.432702e+00	5.906127e-01	-1.115936e+00	-1.805911e-02	7.534136e-02	1.961157e-02	5.572979e-02
178           	1.061765e-01	-1.062905e+00	1.169081e+00	-1.684263e+00	-2.514829e-01	-1.432780e+00	5.906485e-01	-1.115993e+00	-1.805578e-02	7.534677e-02	1.961761e-02	5.572916e-02
179           	1.061744e-01	-1.062948e+00	1.169122e+00	-1.684319e+00	-2.514908e-01	-1.432828e+00	5.906685e-01	-1.116035e+00	-1.805171e-02	7.535184e-02	1.962420e-02	5.572763e-02
180           	1.061720e-01	-1.062984e+00	1.169156e+00	-1.684362e+00	-2.514984e-01	-1.432864e+00	5.906827e-01	-1.116070e+00	-1.804761e-02	7.535658e-02	1.963068e-02	5.572590e-02
181           	1.061701e-01	-1.063020e+00	1.169190e+00	-1.684408e+00	-2.515047e-01	-1.432903e+00	5.906992e-01	-1.116105e+00	-1.804396e-02	7.536104e-02	1.963656e-02	5.572448e-02
182           	1.061692e-01	-1.063056e+00	1.169225e+00	-1.684456e+00	-2.515091e-01	-1.432947e+00	5.907189e-01	-1.116140e+00	-1.804097e-02	7.536515e-02	1.964161e-02	5.572354e-02
183           	1.061695e-01	-1.063100e+00	1.169270e+00	-1.684522e+00	-2.515110e-01	-1.433011e+00	5.907498e-01	-1.116185e+00	-1.803879e-02	7.536915e-02	1.964578e-02	5.572337e-02
184           	1.061708e-01	-1.063148e+00	1.169319e+00	-1.684597e+00	-2.515110e-01	-1.433086e+00	5.907876e-01	-1.116234e+00	-1.803729e-02	7.537295e-02	1.964918e-02	5.572377e-02
185           	1.061729e-01	-1.063200e+00	1.169373e+00	-1.684680e+00	-2.515099e-01	-1.433170e+00	5.908302e-01	-1.116286e+00	-1.803629e-02	7.537659e-02	1.965200e-02	5.572459e-02
186           	1.061753e-01	-1.063252e+00	1.169427e+00	-1.684766e+00	-2.515084e-01	-1.433257e+00	5.908744e-01	-1.116339e+00	-1.803555e-02	7.538012e-02	1.965451e-02	5.572560e-02
187           	1.061775e-01	-1.063299e+00	1.169477e+00	-1.684846e+00	-2.515075e-01	-1.433338e+00	5.909154e-01	-1.116388e+00	-1.803481e-02	7.538343e-02	1.965691e-02	5.572652e-02
188           	1.061801e-01	-1.063349e+00	1.169529e+00	-1.684931e+00	-2.515071e-01	-1.433424e+00	5.909584e-01	-1.116439e+00	-1.803423e-02	7.538674e-02	1.965914e-02	5.572760e-02
189           	1.061821e-01	-1.063394e+00	1.169576e+00	-1.685007e+00	-2.515074e-01	-1.433500e+00	5.909964e-01	-1.116485e+00	-1.803346e-02	7.538989e-02	1.966148e-02	5.572841e-02
190           	1.061838e-01	-1.063436e+00	1.169620e+00	-1.685079e+00	-2.515082e-01	-1.433570e+00	5.910311e-01	-1.116528e+00	-1.803256e-02	7.539298e-02	1.966393e-02	5.572905e-02
191           	1.061849e-01	-1.063472e+00	1.169657e+00	-1.685137e+00	-2.515095e-01	-1.433628e+00	5.910591e-01	-1.116565e+00	-1.803140e-02	7.539586e-02	1.966653e-02	5.572933e-02
192           	1.061857e-01	-1.063507e+00	1.169692e+00	-1.685193e+00	-2.515110e-01	-1.433682e+00	5.910854e-01	-1.116599e+00	-1.803020e-02	7.539869e-02	1.966915e-02	5.572954e-02
193           	1.061866e-01	-1.063541e+00	1.169727e+00	-1.685247e+00	-2.515124e-01	-1.433735e+00	5.911112e-01	-1.116634e+00	-1.802901e-02	7.540148e-02	1.967173e-02	5.572975e-02
194           	1.061875e-01	-1.063575e+00	1.169763e+00	-1.685302e+00	-2.515137e-01	-1.433789e+00	5.911375e-01	-1.116669e+00	-1.802789e-02	7.540424e-02	1.967423e-02	5.573001e-02
195           	1.061884e-01	-1.063610e+00	1.169799e+00	-1.685358e+00	-2.515148e-01	-1.433844e+00	5.911644e-01	-1.116705e+00	-1.802684e-02	7.540697e-02	1.967664e-02	5.573033e-02
196           	1.061894e-01	-1.063646e+00	1.169835e+00	-1.685415e+00	-2.515157e-01	-1.433899e+00	5.911916e-01	-1.116740e+00	-1.802587e-02	7.540964e-02	1.967895e-02	5.573069e-02
197           	1.061905e-01	-1.063681e+00	1.169871e+00	-1.685470e+00	-2.515164e-01	-1.433954e+00	5.912188e-01	-1.116776e+00	-1.802496e-02	7.541225e-02	1.968116e-02	5.573109e-02
198           	1.061916e-01	-1.063715e+00	1.169906e+00	-1.685526e+00	-2.515170e-01	-1.434009e+00	5.912458e-01	-1.116811e+00	-1.802412e-02	7.541479e-02	1.968328e-02	5.573151e-02
199           	1.061927e-01	-1.063748e+00	1.169941e+00	-1.685580e+00	-2.515175e-01	-1.434063e+00	5.912726e-01	-1.116845e+00	-1.802332e-02	7.541726e-02	1.968532e-02	5.573195e-02
200           	1.061938e-01	-1.063782e+00	1.169975e+00	-1.685634e+00	-2.515180e-01	-1.434116e+00	5.912990e-01	-1.116879e+00	-1.802256e-02	7.541968e-02	1.968728e-02	5.573240e-02
201           	1.061949e-01	-1.063814e+00	1.170009e+00	-1.685687e+00	-2.515185e-01	-1.434169e+00	5.913250e-01	-1.116912e+00	-1.802183e-02	7.542203e-02	1.968918e-02	5.573285e-02
202           	1.061960e-01	-1.063846e+00	1.170042e+00	-1.685739e+00	-2.515190e-01	-1.434220e+00	5.913506e-01	-1.116944e+00	-1.802113e-02	7.542434e-02	1.969104e-02	5.573330e-02
203           	1.061971e-01	-1.063878e+00	1.170075e+00	-1.685791e+00	-2.515196e-01	-1.434271e+00	5.913757e-01	-1.116976e+00	-1.802044e-02	7.542660e-02	1.969287e-02	5.573374e-02
204           	1.061981e-01	-1.063909e+00	1.170107e+00	-1.685841e+00	-2.515203e-01	-1.434321e+00	5.914003e-01	-1.117008e+00	-1.801976e-02	7.542882e-02	1.969465e-02	5.573417e-02
205           	1.061991e-01	-1.063939e+00	1.170138e+00	-1.685891e+00	-2.515209e-01	-1.434370e+00	5.914243e-01	-1.117039e+00	-1.801909e-02	7.543100e-02	1.969641e-02	5.573459e-02
206           	1.062001e-01	-1.063969e+00	1.170169e+00	-1.685939e+00	-2.515216e-01	-1.434418e+00	5.914480e-01	-1.117069e+00	-1.801844e-02	7.543314e-02	1.969813e-02	5.573501e-02
207           	1.062011e-01	-1.063999e+00	1.170200e+00	-1.685987e+00	-2.515223e-01	-1.434465e+00	5.914714e-01	-1.117099e+00	-1.801781e-02	7.543523e-02	1.969981e-02	5.573543e-02
208           	1.062025e-01	-1.064029e+00	1.170231e+00	-1.686037e+00	-2.515223e-01	-1.434514e+00	5.914960e-01	-1.117130e+00	-1.801756e-02	7.543721e-02	1.970104e-02	5.573616e-02
209           	1.062038e-01	-1.064058e+00	1.170262e+00	-1.686085e+00	-2.515217e-01	-1.434564e+00	5.915210e-01	-1.117160e+00	-1.801725e-02	7.543909e-02	1.970229e-02	5.573680e-02
210           	1.062051e-01	-1.064087e+00	1.170292e+00	-1.686133e+00	-2.515210e-01	-1.434612e+00	5.915453e-01	-1.117189e+00	-1.801700e-02	7.544087e-02	1.970344e-02	5.573743e-02
211           	1.062063e-01	-1.064114e+00	1.170320e+00	-1.686178e+00	-2.515204e-01	-1.434657e+00	5.915685e-01	-1.117217e+00	-1.801673e-02	7.544258e-02	1.970456e-02	5.573802e-02
212           	1.062096e-01	-1.064158e+00	1.170368e+00	-1.686257e+00	-2.515175e-01	-1.434740e+00	5.916110e-01	-1.117263e+00	-1.801762e-02	7.544446e-02	1.970460e-02	5.573985e-02
213           	1.062118e-01	-1.064194e+00	1.170406e+00	-1.686320e+00	-2.515162e-01	-1.434804e+00	5.916437e-01	-1.117300e+00	-1.801791e-02	7.544626e-02	1.970523e-02	5.574104e-02
214           	1.062131e-01	-1.064222e+00	1.170435e+00	-1.686368e+00	-2.515163e-01	-1.434851e+00	5.916675e-01	-1.117329e+00	-1.801767e-02	7.544800e-02	1.970633e-02	5.574167e-02
215           	1.062137e-01	-1.064245e+00	1.170459e+00	-1.686405e+00	-2.515173e-01	-1.434888e+00	5.916851e-01	-1.117352e+00	-1.801707e-02	7.544969e-02	1.970778e-02	5.574191e-02
216           	1.062139e-01	-1.064266e+00	1.170480e+00	-1.686436e+00	-2.515189e-01	-1.434918e+00	5.916993e-01	-1.117373e+00	-1.801626e-02	7.545135e-02	1.970941e-02	5.574194e-02
217           	1.062139e-01	-1.064285e+00	1.170499e+00	-1.686466e+00	-2.515208e-01	-1.434945e+00	5.917121e-01	-1.117392e+00	-1.801537e-02	7.545300e-02	1.971113e-02	5.574187e-02
218           	1.062139e-01	-1.064304e+00	1.170518e+00	-1.686495e+00	-2.515227e-01	-1.434972e+00	5.917246e-01	-1.117411e+00	-1.801448e-02	7.545463e-02	1.971284e-02	5.574179e-02
219           	1.062140e-01	-1.064324e+00	1.170538e+00	-1.686525e+00	-2.515245e-01	-1.435000e+00	5.917379e-01	-1.117431e+00	-1.801365e-02	7.545623e-02	1.971447e-02	5.574177e-02
220           	1.062143e-01	-1.064345e+00	1.170559e+00	-1.686557e+00	-2.515261e-01	-1.435031e+00	5.917525e-01	-1.117452e+00	-1.801294e-02	7.545781e-02	1.971596e-02	5.574184e-02
221           	1.062147e-01	-1.064367e+00	1.170582e+00	-1.686592e+00	-2.515273e-01	-1.435065e+00	5.917688e-01	-1.117474e+00	-1.801236e-02	7.545935e-02	1.971732e-02	5.574204e-02
222           	1.062154e-01	-1.064391e+00	1.170606e+00	-1.686630e+00	-2.515282e-01	-1.435102e+00	5.917869e-01	-1.117499e+00	-1.801193e-02	7.546088e-02	1.971851e-02	5.574237e-02
223           	1.062184e-01	-1.064433e+00	1.170651e+00	-1.686704e+00	-2.515268e-01	-1.435178e+00	5.918254e-01	-1.117542e+00	-1.801272e-02	7.546258e-02	1.971857e-02	5.574401e-02
224           	1.062205e-01	-1.064469e+00	1.170690e+00	-1.686767e+00	-2.515262e-01	-1.435240e+00	5.918571e-01	-1.117579e+00	-1.801310e-02	7.546423e-02	1.971901e-02	5.574522e-02
225           	1.062220e-01	-1.064499e+00	1.170721e+00	-1.686817e+00	-2.515265e-01	-1.435291e+00	5.918820e-01	-1.117610e+00	-1.801311e-02	7.546581e-02	1.971980e-02	5.574601e-02
226           	1.062228e-01	-1.064525e+00	1.170747e+00	-1.686858e+00	-2.515273e-01	-1.435330e+00	5.919014e-01	-1.117636e+00	-1.801281e-02	7.546734e-02	1.972086e-02	5.574648e-02
227           	1.062233e-01	-1.064546e+00	1.170770e+00	-1.686892e+00	-2.515286e-01	-1.435363e+00	5.919173e-01	-1.117658e+00	-1.801231e-02	7.546883e-02	1.972211e-02	5.574672e-02
228           	1.062239e-01	-1.064568e+00	1.170792e+00	-1.686927e+00	-2.515304e-01	-1.435397e+00	5.919331e-01	-1.117680e+00	-1.801182e-02	7.547029e-02	1.972332e-02	5.574697e-02
229           	1.062242e-01	-1.064588e+00	1.170812e+00	-1.686958e+00	-2.515322e-01	-1.435426e+00	5.919470e-01	-1.117700e+00	-1.801125e-02	7.547171e-02	1.972460e-02	5.574711e-02
230           	1.062244e-01	-1.064607e+00	1.170832e+00	-1.686988e+00	-2.515337e-01	-1.435454e+00	5.919603e-01	-1.117719e+00	-1.801066e-02	7.547309e-02	1.972588e-02	5.574721e-02
231           	1.062247e-01	-1.064627e+00	1.170852e+00	-1.687018e+00	-2.515351e-01	-1.435483e+00	5.919740e-01	-1.117739e+00	-1.801010e-02	7.547447e-02	1.972713e-02	5.574734e-02
232           	1.062268e-01	-1.064662e+00	1.170889e+00	-1.687079e+00	-2.515343e-01	-1.435544e+00	5.920050e-01	-1.117775e+00	-1.801057e-02	7.547599e-02	1.972743e-02	5.574856e-02
233           	1.062283e-01	-1.064692e+00	1.170920e+00	-1.687129e+00	-2.515342e-01	-1.435595e+00	5.920301e-01	-1.117806e+00	-1.801067e-02	7.547748e-02	1.972807e-02	5.574941e-02
234           	1.062296e-01	-1.064720e+00	1.170949e+00	-1.687176e+00	-2.515350e-01	-1.435640e+00	5.920527e-01	-1.117835e+00	-1.801064e-02	7.547893e-02	1.972882e-02	5.575011e-02
235           	1.062303e-01	-1.064743e+00	1.170974e+00	-1.687213e+00	-2.515361e-01	-1.435677e+00	5.920705e-01	-1.117858e+00	-1.801036e-02	7.548032e-02	1.972981e-02	5.575052e-02
236           	1.062307e-01	-1.064764e+00	1.170994e+00	-1.687245e+00	-2.515375e-01	-1.435707e+00	5.920850e-01	-1.117879e+00	-1.800990e-02	7.548168e-02	1.973094e-02	5.575074e-02
237           	1.062312e-01	-1.064784e+00	1.171015e+00	-1.687277e+00	-2.515391e-01	-1.435738e+00	5.920995e-01	-1.117900e+00	-1.800946e-02	7.548300e-02	1.973204e-02	5.575096e-02
238           	1.062314e-01	-1.064802e+00	1.171034e+00	-1.687306e+00	-2.515406e-01	-1.435765e+00	5.921122e-01	-1.117918e+00	-1.800894e-02	7.548428e-02	1.973320e-02	5.575108e-02
239           	1.062316e-01	-1.064820e+00	1.171052e+00	-1.687332e+00	-2.515419e-01	-1.435791e+00	5.921243e-01	-1.117936e+00	-1.800839e-02	7.548554e-02	1.973438e-02	5.575115e-02
240           	1.062334e-01	-1.064852e+00	1.171085e+00	-1.687387e+00	-2.515412e-01	-1.435846e+00	5.921523e-01	-1.117969e+00	-1.800875e-02	7.548694e-02	1.973473e-02	5.575222e-02
241           	1.062349e-01	-1.064881e+00	1.171116e+00	-1.687436e+00	-2.515414e-01	-1.435895e+00	5.921768e-01	-1.117999e+00	-1.800891e-02	7.548831e-02	1.973524e-02	5.575307e-02
242           	1.062358e-01	-1.064905e+00	1.171140e+00	-1.687475e+00	-2.515421e-01	-1.435932e+00	5.921951e-01	-1.118023e+00	-1.800874e-02	7.548962e-02	1.973607e-02	5.575355e-02
243           	1.062362e-01	-1.064924e+00	1.171160e+00	-1.687505e+00	-2.515432e-01	-1.435962e+00	5.922094e-01	-1.118042e+00	-1.800835e-02	7.549088e-02	1.973709e-02	5.575379e-02
244           	1.062366e-01	-1.064944e+00	1.171180e+00	-1.687536e+00	-2.515446e-01	-1.435991e+00	5.922233e-01	-1.118062e+00	-1.800796e-02	7.549212e-02	1.973810e-02	5.575402e-02
245           	1.062368e-01	-1.064961e+00	1.171198e+00	-1.687562e+00	-2.515460e-01	-1.436016e+00	5.922352e-01	-1.118080e+00	-1.800747e-02	7.549332e-02	1.973919e-02	5.575413e-02
246           	1.062372e-01	-1.064979e+00	1.171216e+00	-1.687591e+00	-2.515475e-01	-1.436043e+00	5.922479e-01	-1.118098e+00	-1.800705e-02	7.549451e-02	1.974020e-02	5.575431e-02
247           	1.062389e-01	-1.065009e+00	1.171248e+00	-1.687642e+00	-2.515470e-01	-1.436095e+00	5.922739e-01	-1.118128e+00	-1.800739e-02	7.549579e-02	1.974051e-02	5.575528e-02
248           	1.062399e-01	-1.065033e+00	1.171273e+00	-1.687682e+00	-2.515471e-01	-1.436135e+00	5.922937e-01	-1.118153e+00	-1.800735e-02	7.549703e-02	1.974116e-02	5.575587e-02
249           	1.062407e-01	-1.065055e+00	1.171296e+00	-1.687718e+00	-2.515480e-01	-1.436170e+00	5.923111e-01	-1.118176e+00	-1.800720e-02	7.549824e-02	1.974192e-02	5.575633e-02
250           	1.062411e-01	-1.065074e+00	1.171315e+00	-1.687747e+00	-2.515490e-01	-1.436198e+00	5.923245e-01	-1.118194e+00	-1.800684e-02	7.549941e-02	1.974287e-02	5.575654e-02
251           	1.062415e-01	-1.065092e+00	1.171333e+00	-1.687776e+00	-2.515504e-01	-1.436225e+00	5.923374e-01	-1.118213e+00	-1.800646e-02	7.550056e-02	1.974381e-02	5.575674e-02
252           	1.062416e-01	-1.065108e+00	1.171349e+00	-1.687800e+00	-2.515517e-01	-1.436248e+00	5.923483e-01	-1.118229e+00	-1.800599e-02	7.550167e-02	1.974484e-02	5.575683e-02
253           	1.062417e-01	-1.065123e+00	1.171365e+00	-1.687823e+00	-2.515528e-01	-1.436270e+00	5.923587e-01	-1.118244e+00	-1.800549e-02	7.550278e-02	1.974590e-02	5.575688e-02
254           	1.062433e-01	-1.065151e+00	1.171394e+00	-1.687871e+00	-2.515524e-01	-1.436318e+00	5.923829e-01	-1.118273e+00	-1.800582e-02	7.550397e-02	1.974616e-02	5.575780e-02
255           	1.062443e-01	-1.065174e+00	1.171418e+00	-1.687908e+00	-2.515525e-01	-1.436355e+00	5.924015e-01	-1.118296e+00	-1.800581e-02	7.550511e-02	1.974675e-02	5.575837e-02
256           	1.062451e-01	-1.065195e+00	1.171440e+00	-1.687942e+00	-2.515532e-01	-1.436389e+00	5.924179e-01	-1.118317e+00	-1.800570e-02	7.550623e-02	1.974742e-02	5.575881e-02
257           	1.062455e-01	-1.065211e+00	1.171457e+00	-1.687969e+00	-2.515541e-01	-1.436415e+00	5.924302e-01	-1.118334e+00	-1.800536e-02	7.550731e-02	1.974830e-02	5.575901e-02
258           	1.062458e-01	-1.065228e+00	1.171474e+00	-1.687995e+00	-2.515554e-01	-1.436440e+00	5.924422e-01	-1.118351e+00	-1.800502e-02	7.550838e-02	1.974917e-02	5.575920e-02
259           	1.062458e-01	-1.065240e+00	1.171486e+00	-1.688013e+00	-2.515566e-01	-1.436457e+00	5.924501e-01	-1.118363e+00	-1.800452e-02	7.550933e-02	1.975015e-02	5.575918e-02
260           	1.062471e-01	-1.065266e+00	1.171513e+00	-1.688056e+00	-2.515562e-01	-1.436500e+00	5.924717e-01	-1.118389e+00	-1.800469e-02	7.551048e-02	1.975055e-02	5.575993e-02
261           	1.062481e-01	-1.065288e+00	1.171537e+00	-1.688094e+00	-2.515565e-01	-1.436537e+00	5.924903e-01	-1.118412e+00	-1.800471e-02	7.551160e-02	1.975109e-02	5.576051e-02
262           	1.062486e-01	-1.065306e+00	1.171555e+00	-1.688122e+00	-2.515573e-01	-1.436565e+00	5.925038e-01	-1.118431e+00	-1.800444e-02	7.551268e-02	1.975190e-02	5.576077e-02
263           	1.062490e-01	-1.065323e+00	1.171572e+00	-1.688149e+00	-2.515585e-01	-1.436590e+00	5.925159e-01	-1.118448e+00	-1.800412e-02	7.551371e-02	1.975273e-02	5.576098e-02
264           	1.062489e-01	-1.065335e+00	1.171584e+00	-1.688166e+00	-2.515596e-01	-1.436607e+00	5.925235e-01	-1.118459e+00	-1.800363e-02	7.551463e-02	1.975368e-02	5.576095e-02
265           	1.062492e-01	-1.065350e+00	1.171599e+00	-1.688190e+00	-2.515609e-01	-1.436629e+00	5.925341e-01	-1.118475e+00	-1.800326e-02	7.551564e-02	1.975456e-02	5.576108e-02
266           	1.062492e-01	-1.065361e+00	1.171611e+00	-1.688207e+00	-2.515620e-01	-1.436645e+00	5.925414e-01	-1.118486e+00	-1.800278e-02	7.551653e-02	1.975548e-02	5.576105e-02
267           	1.062507e-01	-1.065387e+00	1.171638e+00	-1.688252e+00	-2.515618e-01	-1.436690e+00	5.925640e-01	-1.118513e+00	-1.800310e-02	7.551762e-02	1.975571e-02	5.576191e-02
268           	1.062515e-01	-1.065408e+00	1.171659e+00	-1.688285e+00	-2.515620e-01	-1.436724e+00	5.925808e-01	-1.118534e+00	-1.800309e-02	7.551865e-02	1.975624e-02	5.576241e-02
269           	1.062522e-01	-1.065426e+00	1.171678e+00	-1.688316e+00	-2.515627e-01	-1.436753e+00	5.925951e-01	-1.118552e+00	-1.800296e-02	7.551964e-02	1.975686e-02	5.576278e-02
270           	1.062525e-01	-1.065441e+00	1.171693e+00	-1.688338e+00	-2.515636e-01	-1.436774e+00	5.926055e-01	-1.118567e+00	-1.800264e-02	7.552058e-02	1.975766e-02	5.576293e-02
271           	1.062526e-01	-1.065452e+00	1.171705e+00	-1.688356e+00	-2.515646e-01	-1.436791e+00	5.926133e-01	-1.118578e+00	-1.800224e-02	7.552143e-02	1.975847e-02	5.576296e-02
272           	1.062526e-01	-1.065463e+00	1.171716e+00	-1.688372e+00	-2.515657e-01	-1.436806e+00	5.926203e-01	-1.118589e+00	-1.800180e-02	7.552227e-02	1.975934e-02	5.576293e-02
273           	1.062536e-01	-1.065484e+00	1.171738e+00	-1.688408e+00	-2.515653e-01	-1.436842e+00	5.926384e-01	-1.118611e+00	-1.800193e-02	7.552328e-02	1.975971e-02	5.576357e-02
274           	1.062543e-01	-1.065501e+00	1.171755e+00	-1.688435e+00	-2.515657e-01	-1.436869e+00	5.926517e-01	-1.118628e+00	-1.800183e-02	7.552419e-02	1.976027e-02	5.576393e-02
275           	1.062547e-01	-1.065518e+00	1.171772e+00	-1.688461e+00	-2.515663e-01	-1.436895e+00	5.926641e-01	-1.118645e+00	-1.800163e-02	7.552516e-02	1.976095e-02	5.576421e-02
276           	1.062551e-01	-1.065533e+00	1.171788e+00	-1.688485e+00	-2.515673e-01	-1.436918e+00	5.926752e-01	-1.118660e+00	-1.800139e-02	7.552608e-02	1.976165e-02	5.576443e-02
277           	1.062552e-01	-1.065543e+00	1.171798e+00	-1.688500e+00	-2.515682e-01	-1.436932e+00	5.926821e-01	-1.118671e+00	-1.800099e-02	7.552690e-02	1.976246e-02	5.576443e-02
278           	1.062553e-01	-1.065555e+00	1.171810e+00	-1.688518e+00	-2.515692e-01	-1.436949e+00	5.926898e-01	-1.118682e+00	-1.800063e-02	7.552772e-02	1.976323e-02	5.576449e-02
279           	1.062564e-01	-1.065576e+00	1.171833e+00	-1.688554e+00	-2.515689e-01	-1.436986e+00	5.927083e-01	-1.118704e+00	-1.800079e-02	7.552869e-02	1.976355e-02	5.576514e-02
280           	1.062573e-01	-1.065595e+00	1.171852e+00	-1.688586e+00	-2.515692e-01	-1.437017e+00	5.927239e-01	-1.118724e+00	-1.800082e-02	7.552961e-02	1.976399e-02	5.576562e-02
281           	1.062575e-01	-1.065607e+00	1.171864e+00	-1.688605e+00	-2.515698e-01	-1.437035e+00	5.927326e-01	-1.118736e+00	-1.800052e-02	7.553041e-02	1.976469e-02	5.576572e-02
282           	1.062577e-01	-1.065619e+00	1.171876e+00	-1.688623e+00	-2.515706e-01	-1.437052e+00	5.927409e-01	-1.118747e+00	-1.800022e-02	7.553119e-02	1.976538e-02	5.576582e-02
283           	1.062577e-01	-1.065629e+00	1.171887e+00	-1.688638e+00	-2.515714e-01	-1.437067e+00	5.927478e-01	-1.118758e+00	-1.799985e-02	7.553197e-02	1.976614e-02	5.576583e-02
284           	1.062587e-01	-1.065649e+00	1.171907e+00	-1.688671e+00	-2.515711e-01	-1.437100e+00	5.927645e-01	-1.118778e+00	-1.799996e-02	7.553289e-02	1.976648e-02	5.576641e-02
285           	1.062594e-01	-1.065666e+00	1.171926e+00	-1.688700e+00	-2.515713e-01	-1.437129e+00	5.927787e-01	-1.118796e+00	-1.799996e-02	7.553378e-02	1.976693e-02	5.576685e-02
286           	1.062597e-01	-1.065680e+00	1.171940e+00	-1.688721e+00	-2.515718e-01	-1.437149e+00	5.927886e-01	-1.118810e+00	-1.799973e-02	7.553462e-02	1.976758e-02	5.576703e-02
287           	1.062598e-01	-1.065690e+00	1.171949e+00	-1.688736e+00	-2.515726e-01	-1.437163e+00	5.927952e-01	-1.118819e+00	-1.799940e-02	7.553534e-02	1.976827e-02	5.576707e-02
288           	1.062602e-01	-1.065701e+00	1.171962e+00	-1.688754e+00	-2.515726e-01	-1.437181e+00	5.928044e-01	-1.118832e+00	-1.799922e-02	7.553606e-02	1.976881e-02	5.576725e-02
289           	1.062602e-01	-1.065710e+00	1.171970e+00	-1.688767e+00	-2.515730e-01	-1.437194e+00	5.928106e-01	-1.118840e+00	-1.799894e-02	7.553669e-02	1.976940e-02	5.576729e-02
290           	1.062612e-01	-1.065727e+00	1.171989e+00	-1.688796e+00	-2.515725e-01	-1.437224e+00	5.928257e-01	-1.118858e+00	-1.799911e-02	7.553747e-02	1.976963e-02	5.576784e-02
291           	1.062619e-01	-1.065742e+00	1.172004e+00	-1.688822e+00	-2.515726e-01	-1.437249e+00	5.928382e-01	-1.118873e+00	-1.799911e-02	7.553824e-02	1.977001e-02	5.576823e-02
292           	1.062619e-01	-1.065751e+00	1.172013e+00	-1.688835e+00	-2.515732e-01	-1.437262e+00	5.928445e-01	-1.118882e+00	-1.799881e-02	7.553890e-02	1.977065e-02	5.576826e-02
293           	1.062622e-01	-1.065764e+00	1.172026e+00	-1.688854e+00	-2.515740e-01	-1.437280e+00	5.928532e-01	-1.118895e+00	-1.799858e-02	7.553967e-02	1.977125e-02	5.576842e-02
294           	1.062622e-01	-1.065772e+00	1.172034e+00	-1.688866e+00	-2.515749e-01	-1.437292e+00	5.928583e-01	-1.118903e+00	-1.799822e-02	7.554035e-02	1.977196e-02	5.576839e-02
295           	1.062634e-01	-1.065791e+00	1.172054e+00	-1.688899e+00	-2.515740e-01	-1.437325e+00	5.928754e-01	-1.118922e+00	-1.799852e-02	7.554109e-02	1.977203e-02	5.576906e-02
296           	1.062640e-01	-1.065805e+00	1.172069e+00	-1.688922e+00	-2.515739e-01	-1.437348e+00	5.928870e-01	-1.118937e+00	-1.799851e-02	7.554180e-02	1.977239e-02	5.576941e-02
297           	1.062643e-01	-1.065817e+00	1.172082e+00	-1.688942e+00	-2.515743e-01	-1.437367e+00	5.928965e-01	-1.118949e+00	-1.799838e-02	7.554250e-02	1.977287e-02	5.576963e-02
298           	1.062643e-01	-1.065825e+00	1.172089e+00	-1.688953e+00	-2.515749e-01	-1.437378e+00	5.929014e-01	-1.118957e+00	-1.799804e-02	7.554312e-02	1.977352e-02	5.576960e-02
299           	1.062644e-01	-1.065835e+00	1.172099e+00	-1.688967e+00	-2.515758e-01	-1.437391e+00	5.929078e-01	-1.118967e+00	-1.799774e-02	7.554381e-02	1.977417e-02	5.576964e-02
300           	1.062651e-01	-1.065850e+00	1.172115e+00	-1.688992e+00	-2.515758e-01	-1.437416e+00	5.929203e-01	-1.118982e+00	-1.799776e-02	7.554456e-02	1.977452e-02	5.577004e-02
301           	1.062656e-01	-1.065864e+00	1.172129e+00	-1.689015e+00	-2.515761e-01	-1.437439e+00	5.929312e-01	-1.118997e+00	-1.799770e-02	7.554529e-02	1.977494e-02	5.577035e-02
302           	1.062660e-01	-1.065875e+00	1.172141e+00	-1.689033e+00	-2.515760e-01	-1.437457e+00	5.929405e-01	-1.119008e+00	-1.799763e-02	7.554593e-02	1.977534e-02	5.577059e-02
303           	1.062662e-01	-1.065883e+00	1.172149e+00	-1.689045e+00	-2.515764e-01	-1.437469e+00	5.929464e-01	-1.119016e+00	-1.799741e-02	7.554649e-02	1.977583e-02	5.577066e-02
304           	1.062662e-01	-1.065891e+00	1.172157e+00	-1.689057e+00	-2.515768e-01	-1.437480e+00	5.929515e-01	-1.119024e+00	-1.799714e-02	7.554707e-02	1.977639e-02	5.577068e-02
305           	1.062671e-01	-1.065907e+00	1.172174e+00	-1.689084e+00	-2.515767e-01	-1.437507e+00	5.929653e-01	-1.119040e+00	-1.799727e-02	7.554778e-02	1.977662e-02	5.577116e-02
306           	1.062675e-01	-1.065919e+00	1.172187e+00	-1.689103e+00	-2.515769e-01	-1.437527e+00	5.929749e-01	-1.119053e+00	-1.799716e-02	7.554847e-02	1.977707e-02	5.577140e-02
307           	1.062678e-01	-1.065930e+00	1.172198e+00	-1.689122e+00	-2.515775e-01	-1.437544e+00	5.929833e-01	-1.119064e+00	-1.799700e-02	7.554914e-02	1.977757e-02	5.577157e-02
308           	1.062681e-01	-1.065941e+00	1.172209e+00	-1.689137e+00	-2.515775e-01	-1.437560e+00	5.929912e-01	-1.119075e+00	-1.799687e-02	7.554975e-02	1.977801e-02	5.577174e-02
309           	1.062682e-01	-1.065947e+00	1.172216e+00	-1.689148e+00	-2.515779e-01	-1.437570e+00	5.929960e-01	-1.119082e+00	-1.799662e-02	7.555027e-02	1.977852e-02	5.577175e-02
310           	1.062688e-01	-1.065961e+00	1.172229e+00	-1.689170e+00	-2.515777e-01	-1.437592e+00	5.930072e-01	-1.119095e+00	-1.799666e-02	7.555092e-02	1.977880e-02	5.577212e-02
311           	1.062691e-01	-1.065971e+00	1.172240e+00	-1.689187e+00	-2.515779e-01	-1.437609e+00	5.930154e-01	-1.119106e+00	-1.799652e-02	7.555156e-02	1.977926e-02	5.577230e-02
312           	1.062694e-01	-1.065981e+00	1.172251e+00	-1.689202e+00	-2.515785e-01	-1.437624e+00	5.930227e-01	-1.119116e+00	-1.799633e-02	7.555220e-02	1.977977e-02	5.577243e-02
313           	1.062694e-01	-1.065988e+00	1.172257e+00	-1.689212e+00	-2.515792e-01	-1.437633e+00	5.930268e-01	-1.119123e+00	-1.799602e-02	7.555277e-02	1.978037e-02	5.577240e-02
314           	1.062695e-01	-1.065995e+00	1.172265e+00	-1.689223e+00	-2.515795e-01	-1.437644e+00	5.930321e-01	-1.119130e+00	-1.799582e-02	7.555328e-02	1.978082e-02	5.577246e-02
315           	1.062703e-01	-1.066009e+00	1.172280e+00	-1.689247e+00	-2.515792e-01	-1.437668e+00	5.930444e-01	-1.119144e+00	-1.799593e-02	7.555393e-02	1.978103e-02	5.577289e-02
316           	1.062708e-01	-1.066022e+00	1.172293e+00	-1.689268e+00	-2.515794e-01	-1.437689e+00	5.930546e-01	-1.119157e+00	-1.799592e-02	7.555455e-02	1.978135e-02	5.577320e-02
317           	1.062710e-01	-1.066031e+00	1.172302e+00	-1.689282e+00	-2.515799e-01	-1.437702e+00	5.930610e-01	-1.119166e+00	-1.799573e-02	7.555514e-02	1.978184e-02	5.577330e-02
318           	1.062712e-01	-1.066039e+00	1.172310e+00	-1.689295e+00	-2.515805e-01	-1.437715e+00	5.930671e-01	-1.119175e+00	-1.799551e-02	7.555572e-02	1.978235e-02	5.577337e-02
319           	1.062711e-01	-1.066045e+00	1.172316e+00	-1.689304e+00	-2.515812e-01	-1.437723e+00	5.930707e-01	-1.119181e+00	-1.799520e-02	7.555624e-02	1.978292e-02	5.577332e-02
320           	1.062716e-01	-1.066056e+00	1.172327e+00	-1.689322e+00	-2.515810e-01	-1.437741e+00	5.930799e-01	-1.119191e+00	-1.799522e-02	7.555676e-02	1.978316e-02	5.577360e-02
321           	1.062721e-01	-1.066067e+00	1.172339e+00	-1.689340e+00	-2.515810e-01	-1.437759e+00	5.930890e-01	-1.119203e+00	-1.799521e-02	7.555733e-02	1.978346e-02	5.577387e-02
322           	1.062725e-01	-1.066076e+00	1.172349e+00	-1.689356e+00	-2.515814e-01	-1.437775e+00	5.930967e-01	-1.119213e+00	-1.799512e-02	7.555789e-02	1.978383e-02	5.577406e-02
323           	1.062725e-01	-1.066083e+00	1.172355e+00	-1.689365e+00	-2.515819e-01	-1.437784e+00	5.931008e-01	-1.119219e+00	-1.799487e-02	7.555839e-02	1.978433e-02	5.577406e-02
324           	1.062730e-01	-1.066094e+00	1.172367e+00	-1.689385e+00	-2.515820e-01	-1.437803e+00	5.931105e-01	-1.119231e+00	-1.799484e-02	7.555901e-02	1.978466e-02	5.577435e-02
325           	1.062733e-01	-1.066103e+00	1.172376e+00	-1.689399e+00	-2.515825e-01	-1.437816e+00	5.931168e-01	-1.119239e+00	-1.799468e-02	7.555955e-02	1.978509e-02	5.577446e-02
326           	1.062736e-01	-1.066112e+00	1.172386e+00	-1.689414e+00	-2.515826e-01	-1.437831e+00	5.931244e-01	-1.119249e+00	-1.799460e-02	7.556010e-02	1.978545e-02	5.577465e-02
327           	1.062737e-01	-1.066119e+00	1.172392e+00	-1.689423e+00	-2.515829e-01	-1.437840e+00	5.931287e-01	-1.119255e+00	-1.799440e-02	7.556056e-02	1.978588e-02	5.577468e-02
328           	1.062737e-01	-1.066124e+00	1.172398e+00	-1.689431e+00	-2.515834e-01	-1.437848e+00	5.931322e-01	-1.119261e+00	-1.799414e-02	7.556103e-02	1.978638e-02	5.577465e-02
329           	1.062743e-01	-1.066136e+00	1.172410e+00	-1.689451e+00	-2.515836e-01	-1.437867e+00	5.931420e-01	-1.119273e+00	-1.799417e-02	7.556160e-02	1.978663e-02	5.577497e-02
330           	1.062747e-01	-1.066143e+00	1.172417e+00	-1.689462e+00	-2.515840e-01	-1.437878e+00	5.931472e-01	-1.119280e+00	-1.799418e-02	7.556210e-02	1.978687e-02	5.577522e-02
331           	1.062749e-01	-1.066150e+00	1.172425e+00	-1.689474e+00	-2.515842e-01	-1.437890e+00	5.931528e-01	-1.119287e+00	-1.799406e-02	7.556254e-02	1.978721e-02	5.577533e-02
332           	1.062751e-01	-1.066157e+00	1.172432e+00	-1.689486e+00	-2.515845e-01	-1.437901e+00	5.931583e-01	-1.119295e+00	-1.799391e-02	7.556303e-02	1.978760e-02	5.577543e-02
333           	1.062752e-01	-1.066164e+00	1.172439e+00	-1.689497e+00	-2.515851e-01	-1.437912e+00	5.931632e-01	-1.119302e+00	-1.799375e-02	7.556350e-02	1.978800e-02	5.577550e-02
334           	1.062755e-01	-1.066173e+00	1.172448e+00	-1.689510e+00	-2.515853e-01	-1.437925e+00	5.931699e-01	-1.119310e+00	-1.799368e-02	7.556398e-02	1.978831e-02	5.577567e-02
335           	1.062759e-01	-1.066182e+00	1.172458e+00	-1.689526e+00	-2.515857e-01	-1.437941e+00	5.931776e-01	-1.119320e+00	-1.799363e-02	7.556450e-02	1.978862e-02	5.577588e-02
336           	1.062762e-01	-1.066190e+00	1.172466e+00	-1.689539e+00	-2.515858e-01	-1.437953e+00	5.931837e-01	-1.119328e+00	-1.799355e-02	7.556495e-02	1.978892e-02	5.577603e-02
337           	1.062762e-01	-1.066195e+00	1.172471e+00	-1.689547e+00	-2.515861e-01	-1.437961e+00	5.931874e-01	-1.119333e+00	-1.799338e-02	7.556534e-02	1.978929e-02	5.577605e-02
338           	1.062762e-01	-1.066200e+00	1.172476e+00	-1.689554e+00	-2.515865e-01	-1.437968e+00	5.931906e-01	-1.119338e+00	-1.799316e-02	7.556575e-02	1.978971e-02	5.577603e-02
339           	1.062766e-01	-1.066208e+00	1.172485e+00	-1.689568e+00	-2.515867e-01	-1.437981e+00	5.931973e-01	-1.119346e+00	-1.799310e-02	7.556620e-02	1.979000e-02	5.577620e-02
340           	1.062767e-01	-1.066215e+00	1.172492e+00	-1.689579e+00	-2.515870e-01	-1.437992e+00	5.932025e-01	-1.119353e+00	-1.799295e-02	7.556665e-02	1.979037e-02	5.577628e-02
341           	1.062770e-01	-1.066222e+00	1.172499e+00	-1.689590e+00	-2.515872e-01	-1.438003e+00	5.932080e-01	-1.119360e+00	-1.799287e-02	7.556706e-02	1.979066e-02	5.577640e-02
342           	1.062772e-01	-1.066229e+00	1.172507e+00	-1.689602e+00	-2.515875e-01	-1.438015e+00	5.932136e-01	-1.119368e+00	-1.799275e-02	7.556752e-02	1.979101e-02	5.577651e-02
343           	1.062773e-01	-1.066235e+00	1.172512e+00	-1.689610e+00	-2.515880e-01	-1.438022e+00	5.932172e-01	-1.119373e+00	-1.799257e-02	7.556791e-02	1.979139e-02	5.577653e-02
344           	1.062776e-01	-1.066242e+00	1.172520e+00	-1.689623e+00	-2.515882e-01	-1.438035e+00	5.932233e-01	-1.119381e+00	-1.799250e-02	7.556836e-02	1.979168e-02	5.577668e-02
345           	1.062778e-01	-1.066249e+00	1.172527e+00	-1.689635e+00	-2.515886e-01	-1.438046e+00	5.932288e-01	-1.119388e+00	-1.799240e-02	7.556880e-02	1.979200e-02	5.577680e-02
346           	1.062781e-01	-1.066257e+00	1.172535e+00	-1.689648e+00	-2.515887e-01	-1.438059e+00	5.932351e-01	-1.119396e+00	-1.799234e-02	7.556923e-02	1.979227e-02	5.577696e-02
347           	1.062782e-01	-1.066262e+00	1.172540e+00	-1.689656e+00	-2.515891e-01	-1.438066e+00	5.932387e-01	-1.119401e+00	-1.799219e-02	7.556960e-02	1.979261e-02	5.577699e-02
348           	1.062782e-01	-1.066267e+00	1.172545e+00	-1.689662e+00	-2.515894e-01	-1.438073e+00	5.932417e-01	-1.119406e+00	-1.799200e-02	7.556998e-02	1.979299e-02	5.577699e-02
349           	1.062785e-01	-1.066274e+00	1.172552e+00	-1.689674e+00	-2.515896e-01	-1.438085e+00	5.932476e-01	-1.119413e+00	-1.799194e-02	7.557038e-02	1.979326e-02	5.577713e-02
350           	1.062786e-01	-1.066280e+00	1.172559e+00	-1.689684e+00	-2.515899e-01	-1.438094e+00	5.932522e-01	-1.119419e+00	-1.799180e-02	7.557079e-02	1.979360e-02	5.577719e-02
351           	1.062789e-01	-1.066287e+00	1.172566e+00	-1.689696e+00	-2.515900e-01	-1.438106e+00	5.932578e-01	-1.119426e+00	-1.799172e-02	7.557120e-02	1.979388e-02	5.577732e-02
352           	1.062790e-01	-1.066292e+00	1.172571e+00	-1.689703e+00	-2.515903e-01	-1.438113e+00	5.932612e-01	-1.119431e+00	-1.799157e-02	7.557156e-02	1.979421e-02	5.577735e-02
353           	1.062790e-01	-1.066296e+00	1.172575e+00	-1.689710e+00	-2.515907e-01	-1.438119e+00	5.932643e-01	-1.119436e+00	-1.799139e-02	7.557192e-02	1.979457e-02	5.577735e-02
354           	1.062793e-01	-1.066303e+00	1.172582e+00	-1.689721e+00	-2.515910e-01	-1.438130e+00	5.932696e-01	-1.119443e+00	-1.799133e-02	7.557231e-02	1.979483e-02	5.577748e-02
355           	1.062794e-01	-1.066309e+00	1.172588e+00	-1.689731e+00	-2.515913e-01	-1.438139e+00	5.932740e-01	-1.119448e+00	-1.799121e-02	7.557270e-02	1.979514e-02	5.577756e-02
356           	1.062796e-01	-1.066316e+00	1.172595e+00	-1.689742e+00	-2.515918e-01	-1.438150e+00	5.932791e-01	-1.119455e+00	-1.799111e-02	7.557312e-02	1.979545e-02	5.577767e-02
357           	1.062797e-01	-1.066320e+00	1.172600e+00	-1.689749e+00	-2.515920e-01	-1.438157e+00	5.932827e-01	-1.119460e+00	-1.799099e-02	7.557346e-02	1.979574e-02	5.577772e-02
358           	1.062801e-01	-1.066327e+00	1.172607e+00	-1.689761e+00	-2.515919e-01	-1.438169e+00	5.932887e-01	-1.119467e+00	-1.799099e-02	7.557382e-02	1.979592e-02	5.577790e-02
359           	1.062803e-01	-1.066333e+00	1.172613e+00	-1.689771e+00	-2.515921e-01	-1.438179e+00	5.932933e-01	-1.119473e+00	-1.799090e-02	7.557417e-02	1.979618e-02	5.577799e-02
360           	1.062805e-01	-1.066339e+00	1.172620e+00	-1.689781e+00	-2.515924e-01	-1.438189e+00	5.932982e-01	-1.119480e+00	-1.799082e-02	7.557454e-02	1.979645e-02	5.577809e-02
361           	1.062807e-01	-1.066345e+00	1.172626e+00	-1.689790e+00	-2.515925e-01	-1.438198e+00	5.933026e-01	-1.119485e+00	-1.799074e-02	7.557488e-02	1.979670e-02	5.577818e-02
362           	1.062807e-01	-1.066349e+00	1.172629e+00	-1.689796e+00	-2.515928e-01	-1.438203e+00	5.933052e-01	-1.119489e+00	-1.799060e-02	7.557517e-02	1.979698e-02	5.577819e-02
363           	1.062809e-01	-1.066354e+00	1.172635e+00	-1.689805e+00	-2.515930e-01	-1.438212e+00	5.933093e-01	-1.119494e+00	-1.799052e-02	7.557550e-02	1.979723e-02	5.577827e-02
364           	1.062809e-01	-1.066358e+00	1.172639e+00	-1.689811e+00	-2.515933e-01	-1.438218e+00	5.933123e-01	-1.119498e+00	-1.799038e-02	7.557583e-02	1.979754e-02	5.577829e-02
365           	1.062810e-01	-1.066362e+00	1.172643e+00	-1.689818e+00	-2.515938e-01	-1.438224e+00	5.933150e-01	-1.119503e+00	-1.799023e-02	7.557616e-02	1.979785e-02	5.577831e-02
366           	1.062811e-01	-1.066366e+00	1.172647e+00	-1.689824e+00	-2.515940e-01	-1.438230e+00	5.933179e-01	-1.119507e+00	-1.799010e-02	7.557647e-02	1.979813e-02	5.577834e-02
367           	1.062811e-01	-1.066370e+00	1.172651e+00	-1.689830e+00	-2.515943e-01	-1.438235e+00	5.933206e-01	-1.119510e+00	-1.798997e-02	7.557677e-02	1.979842e-02	5.577835e-02
368           	1.062813e-01	-1.066376e+00	1.172657e+00	-1.689839e+00	-2.515944e-01	-1.438245e+00	5.933251e-01	-1.119516e+00	-1.798990e-02	7.557710e-02	1.979865e-02	5.577845e-02
369           	1.062815e-01	-1.066381e+00	1.172662e+00	-1.689848e+00	-2.515946e-01	-1.438253e+00	5.933293e-01	-1.119522e+00	-1.798982e-02	7.557743e-02	1.979890e-02	5.577854e-02
370           	1.062816e-01	-1.066385e+00	1.172667e+00	-1.689855e+00	-2.515949e-01	-1.438260e+00	5.933326e-01	-1.119526e+00	-1.798969e-02	7.557775e-02	1.979918e-02	5.577857e-02
371           	1.062817e-01	-1.066390e+00	1.172672e+00	-1.689862e+00	-2.515951e-01	-1.438267e+00	5.933361e-01	-1.119531e+00	-1.798961e-02	7.557804e-02	1.979941e-02	5.577863e-02
372           	1.062818e-01	-1.066394e+00	1.172676e+00	-1.689869e+00	-2.515953e-01	-1.438274e+00	5.933391e-01	-1.119535e+00	-1.798950e-02	7.557832e-02	1.979966e-02	5.577866e-02
373           	1.062821e-01	-1.066400e+00	1.172682e+00	-1.689879e+00	-2.515954e-01	-1.438284e+00	5.933441e-01	-1.119541e+00	-1.798949e-02	7.557864e-02	1.979983e-02	5.577881e-02
374           	1.062822e-01	-1.066405e+00	1.172687e+00	-1.689887e+00	-2.515957e-01	-1.438291e+00	5.933478e-01	-1.119546e+00	-1.798941e-02	7.557894e-02	1.980006e-02	5.577888e-02
375           	1.062824e-01	-1.066409e+00	1.172692e+00	-1.689895e+00	-2.515958e-01	-1.438299e+00	5.933515e-01	-1.119551e+00	-1.798937e-02	7.557922e-02	1.980024e-02	5.577898e-02
376           	1.062825e-01	-1.066413e+00	1.172696e+00	-1.689901e+00	-2.515960e-01	-1.438305e+00	5.933545e-01	-1.119555e+00	-1.798928e-02	7.557949e-02	1.980046e-02	5.577903e-02
377           	1.062826e-01	-1.066417e+00	1.172700e+00	-1.689907e+00	-2.515963e-01	-1.438311e+00	5.933572e-01	-1.119558e+00	-1.798918e-02	7.557976e-02	1.980070e-02	5.577906e-02
378           	1.062827e-01	-1.066422e+00	1.172705e+00	-1.689915e+00	-2.515964e-01	-1.438319e+00	5.933613e-01	-1.119563e+00	-1.798912e-02	7.558005e-02	1.980091e-02	5.577914e-02
379           	1.062829e-01	-1.066427e+00	1.172710e+00	-1.689923e+00	-2.515966e-01	-1.438326e+00	5.933649e-01	-1.119568e+00	-1.798904e-02	7.558034e-02	1.980113e-02	5.577921e-02
380           	1.062830e-01	-1.066431e+00	1.172714e+00	-1.689930e+00	-2.515967e-01	-1.438333e+00	5.933681e-01	-1.119572e+00	-1.798896e-02	7.558060e-02	1.980133e-02	5.577926e-02
381           	1.062831e-01	-1.066435e+00	1.172718e+00	-1.689936e+00	-2.515969e-01	-1.438339e+00	5.933710e-01	-1.119576e+00	-1.798888e-02	7.558085e-02	1.980155e-02	5.577930e-02
382           	1.062832e-01	-1.066438e+00	1.172721e+00	-1.689941e+00	-2.515972e-01	-1.438344e+00	5.933732e-01	-1.119579e+00	-1.798876e-02	7.558111e-02	1.980179e-02	5.577931e-02
383           	1.062834e-01	-1.066442e+00	1.172726e+00	-1.689948e+00	-2.515974e-01	-1.438351e+00	5.933768e-01	-1.119584e+00	-1.798871e-02	7.558138e-02	1.980198e-02	5.577940e-02
384           	1.062835e-01	-1.066447e+00	1.172730e+00	-1.689955e+00	-2.515975e-01	-1.438358e+00	5.933803e-01	-1.119588e+00	-1.798867e-02	7.558164e-02	1.980215e-02	5.577949e-02
385           	1.062836e-01	-1.066450e+00	1.172734e+00	-1.689961e+00	-2.515977e-01	-1.438364e+00	5.933830e-01	-1.119592e+00	-1.798859e-02	7.558189e-02	1.980235e-02	5.577954e-02
386           	1.062837e-01	-1.066453e+00	1.172737e+00	-1.689966e+00	-2.515980e-01	-1.438368e+00	5.933852e-01	-1.119595e+00	-1.798848e-02	7.558214e-02	1.980258e-02	5.577955e-02
387           	1.062837e-01	-1.066457e+00	1.172740e+00	-1.689971e+00	-2.515983e-01	-1.438373e+00	5.933873e-01	-1.119598e+00	-1.798837e-02	7.558238e-02	1.980282e-02	5.577956e-02
388           	1.062839e-01	-1.066461e+00	1.172745e+00	-1.689978e+00	-2.515983e-01	-1.438380e+00	5.933908e-01	-1.119603e+00	-1.798833e-02	7.558262e-02	1.980298e-02	5.577964e-02
389           	1.062840e-01	-1.066465e+00	1.172749e+00	-1.689985e+00	-2.515984e-01	-1.438386e+00	5.933940e-01	-1.119607e+00	-1.798827e-02	7.558286e-02	1.980316e-02	5.577970e-02
390           	1.062841e-01	-1.066468e+00	1.172752e+00	-1.689990e+00	-2.515986e-01	-1.438392e+00	5.933965e-01	-1.119610e+00	-1.798818e-02	7.558309e-02	1.980337e-02	5.577973e-02
391           	1.062842e-01	-1.066472e+00	1.172756e+00	-1.689997e+00	-2.515989e-01	-1.438398e+00	5.933994e-01	-1.119614e+00	-1.798810e-02	7.558336e-02	1.980358e-02	5.577978e-02
392           	1.062842e-01	-1.066475e+00	1.172759e+00	-1.690001e+00	-2.515993e-01	-1.438402e+00	5.934013e-01	-1.119617e+00	-1.798798e-02	7.558359e-02	1.980381e-02	5.577978e-02
393           	1.062844e-01	-1.066479e+00	1.172763e+00	-1.690008e+00	-2.515993e-01	-1.438408e+00	5.934046e-01	-1.119621e+00	-1.798796e-02	7.558382e-02	1.980395e-02	5.577987e-02
394           	1.062845e-01	-1.066482e+00	1.172767e+00	-1.690013e+00	-2.515994e-01	-1.438414e+00	5.934073e-01	-1.119624e+00	-1.798790e-02	7.558404e-02	1.980412e-02	5.577992e-02
395           	1.062846e-01	-1.066486e+00	1.172771e+00	-1.690019e+00	-2.515996e-01	-1.438420e+00	5.934101e-01	-1.119628e+00	-1.798783e-02	7.558430e-02	1.980432e-02	5.577998e-02
396           	1.062846e-01	-1.066489e+00	1.172773e+00	-1.690024e+00	-2.515999e-01	-1.438424e+00	5.934121e-01	-1.119631e+00	-1.798773e-02	7.558452e-02	1.980453e-02	5.577999e-02
397           	1.062846e-01	-1.066491e+00	1.172776e+00	-1.690028e+00	-2.516002e-01	-1.438428e+00	5.934138e-01	-1.119634e+00	-1.798761e-02	7.558475e-02	1.980477e-02	5.577998e-02
398           	1.062848e-01	-1.066495e+00	1.172780e+00	-1.690034e+00	-2.516002e-01	-1.438434e+00	5.934171e-01	-1.119638e+00	-1.798758e-02	7.558496e-02	1.980490e-02	5.578006e-02
399           	1.062849e-01	-1.066499e+00	1.172783e+00	-1.690040e+00	-2.516003e-01	-1.438440e+00	5.934197e-01	-1.119641e+00	-1.798752e-02	7.558516e-02	1.980506e-02	5.578010e-02
400           	1.062850e-01	-1.066502e+00	1.172787e+00	-1.690045e+00	-2.516004e-01	-1.438445e+00	5.934221e-01	-1.119644e+00	-1.798745e-02	7.558537e-02	1.980523e-02	5.578014e-02
401           	1.062850e-01	-1.066504e+00	1.172790e+00	-1.690050e+00	-2.516006e-01	-1.438449e+00	5.934242e-01	-1.119647e+00	-1.798737e-02	7.558558e-02	1.980542e-02	5.578015e-02
402           	1.062852e-01	-1.066508e+00	1.172794e+00	-1.690056e+00	-2.516008e-01	-1.438456e+00	5.934274e-01	-1.119651e+00	-1.798734e-02	7.558580e-02	1.980556e-02	5.578024e-02
403           	1.062853e-01	-1.066512e+00	1.172797e+00	-1.690062e+00	-2.516009e-01	-1.438461e+00	5.934300e-01	-1.119655e+00	-1.798728e-02	7.558603e-02	1.980574e-02	5.578029e-02
404           	1.062854e-01	-1.066515e+00	1.172801e+00	-1.690067e+00	-2.516011e-01	-1.438466e+00	5.934327e-01	-1.119658e+00	-1.798724e-02	7.558623e-02	1.980588e-02	5.578035e-02
405           	1.062855e-01	-1.066518e+00	1.172803e+00	-1.690072e+00	-2.516012e-01	-1.438470e+00	5.934346e-01	-1.119661e+00	-1.798716e-02	7.558643e-02	1.980605e-02	5.578038e-02
406           	1.062855e-01	-1.066520e+00	1.172806e+00	-1.690076e+00	-2.516015e-01	-1.438474e+00	5.934364e-01	-1.119663e+00	-1.798708e-02	7.558662e-02	1.980623e-02	5.578039e-02
407           	1.062857e-01	-1.066524e+00	1.172810e+00	-1.690082e+00	-2.516016e-01	-1.438480e+00	5.934392e-01	-1.119667e+00	-1.798703e-02	7.558683e-02	1.980638e-02	5.578045e-02
408           	1.062857e-01	-1.066527e+00	1.172813e+00	-1.690087e+00	-2.516018e-01	-1.438485e+00	5.934415e-01	-1.119670e+00	-1.798696e-02	7.558703e-02	1.980656e-02	5.578048e-02
409           	1.062858e-01	-1.066530e+00	1.172816e+00	-1.690091e+00	-2.516019e-01	-1.438489e+00	5.934438e-01	-1.119673e+00	-1.798691e-02	7.558722e-02	1.980670e-02	5.578052e-02
410           	1.062859e-01	-1.066532e+00	1.172818e+00	-1.690095e+00	-2.516020e-01	-1.438493e+00	5.934456e-01	-1.119675e+00	-1.798684e-02	7.558740e-02	1.980686e-02	5.578053e-02
411           	1.062859e-01	-1.066535e+00	1.172820e+00	-1.690099e+00	-2.516022e-01	-1.438497e+00	5.934472e-01	-1.119678e+00	-1.798676e-02	7.558757e-02	1.980702e-02	5.578055e-02
412           	1.062860e-01	-1.066538e+00	1.172824e+00	-1.690104e+00	-2.516023e-01	-1.438501e+00	5.934496e-01	-1.119681e+00	-1.798672e-02	7.558776e-02	1.980716e-02	5.578060e-02
413           	1.062861e-01	-1.066540e+00	1.172826e+00	-1.690108e+00	-2.516025e-01	-1.438506e+00	5.934517e-01	-1.119683e+00	-1.798666e-02	7.558796e-02	1.980731e-02	5.578064e-02
414           	1.062862e-01	-1.066543e+00	1.172829e+00	-1.690112e+00	-2.516026e-01	-1.438510e+00	5.934535e-01	-1.119686e+00	-1.798661e-02	7.558813e-02	1.980746e-02	5.578067e-02
415           	1.062862e-01	-1.066545e+00	1.172831e+00	-1.690116e+00	-2.516027e-01	-1.438513e+00	5.934552e-01	-1.119688e+00	-1.798655e-02	7.558830e-02	1.980760e-02	5.578070e-02
416           	1.062862e-01	-1.066547e+00	1.172833e+00	-1.690119e+00	-2.516029e-01	-1.438517e+00	5.934568e-01	-1.119690e+00	-1.798647e-02	7.558848e-02	1.980777e-02	5.578070e-02
417           	1.062864e-01	-1.066550e+00	1.172837e+00	-1.690125e+00	-2.516031e-01	-1.438522e+00	5.934593e-01	-1.119693e+00	-1.798643e-02	7.558866e-02	1.980790e-02	5.578076e-02
418           	1.062864e-01	-1.066553e+00	1.172839e+00	-1.690129e+00	-2.516032e-01	-1.438526e+00	5.934613e-01	-1.119696e+00	-1.798637e-02	7.558883e-02	1.980805e-02	5.578078e-02
419           	1.062865e-01	-1.066556e+00	1.172842e+00	-1.690133e+00	-2.516033e-01	-1.438530e+00	5.934634e-01	-1.119699e+00	-1.798633e-02	7.558899e-02	1.980817e-02	5.578082e-02
420           	1.062866e-01	-1.066558e+00	1.172844e+00	-1.690137e+00	-2.516034e-01	-1.438534e+00	5.934652e-01	-1.119701e+00	-1.798627e-02	7.558915e-02	1.980830e-02	5.578085e-02
421           	1.062866e-01	-1.066560e+00	1.172847e+00	-1.690141e+00	-2.516036e-01	-1.438537e+00	5.934667e-01	-1.119703e+00	-1.798621e-02	7.558931e-02	1.980844e-02	5.578087e-02
422           	1.062870e-01	-1.066563e+00	1.172850e+00	-1.690145e+00	-2.516036e-01	-1.438541e+00	5.934689e-01	-1.119706e+00	-1.798638e-02	7.558947e-02	1.980836e-02	5.578111e-02
423           	1.062870e-01	-1.066565e+00	1.172852e+00	-1.690149e+00	-2.516038e-01	-1.438545e+00	5.934707e-01	-1.119709e+00	-1.798633e-02	7.558964e-02	1.980849e-02	5.578115e-02
424           	1.062871e-01	-1.066567e+00	1.172855e+00	-1.690153e+00	-2.516038e-01	-1.438549e+00	5.934726e-01	-1.119711e+00	-1.798629e-02	7.558979e-02	1.980860e-02	5.578119e-02
425           	1.062872e-01	-1.066570e+00	1.172857e+00	-1.690156e+00	-2.516039e-01	-1.438552e+00	5.934742e-01	-1.119713e+00	-1.798625e-02	7.558994e-02	1.980872e-02	5.578122e-02
426           	1.062873e-01	-1.066572e+00	1.172860e+00	-1.690161e+00	-2.516040e-01	-1.438557e+00	5.934766e-01	-1.119716e+00	-1.798624e-02	7.559009e-02	1.980880e-02	5.578129e-02
427           	1.062874e-01	-1.066575e+00	1.172862e+00	-1.690165e+00	-2.516041e-01	-1.438561e+00	5.934785e-01	-1.119719e+00	-1.798620e-02	7.559024e-02	1.980891e-02	5.578132e-02
428           	1.062874e-01	-1.066577e+00	1.172865e+00	-1.690169e+00	-2.516043e-01	-1.438565e+00	5.934802e-01	-1.119721e+00	-1.798616e-02	7.559038e-02	1.980903e-02	5.578135e-02
429           	1.062875e-01	-1.066579e+00	1.172867e+00	-1.690172e+00	-2.516044e-01	-1.438568e+00	5.934818e-01	-1.119723e+00	-1.798612e-02	7.559051e-02	1.980913e-02	5.578138e-02
430           	1.062875e-01	-1.066581e+00	1.172869e+00	-1.690175e+00	-2.516045e-01	-1.438571e+00	5.934832e-01	-1.119725e+00	-1.798608e-02	7.559063e-02	1.980924e-02	5.578140e-02
431           	1.062876e-01	-1.066583e+00	1.172871e+00	-1.690179e+00	-2.516045e-01	-1.438575e+00	5.934851e-01	-1.119727e+00	-1.798606e-02	7.559077e-02	1.980933e-02	5.578144e-02
432           	1.062877e-01	-1.066586e+00	1.172873e+00	-1.690182e+00	-2.516047e-01	-1.438578e+00	5.934866e-01	-1.119729e+00	-1.798601e-02	7.559092e-02	1.980945e-02	5.578147e-02
433           	1.062878e-01	-1.066588e+00	1.172875e+00	-1.690186e+00	-2.516047e-01	-1.438581e+00	5.934882e-01	-1.119731e+00	-1.798597e-02	7.559105e-02	1.980955e-02	5.578150e-02
434           	1.062878e-01	-1.066589e+00	1.172877e+00	-1.690189e+00	-2.516048e-01	-1.438584e+00	5.934894e-01	-1.119733e+00	-1.798592e-02	7.559118e-02	1.980967e-02	5.578151e-02
435           	1.062878e-01	-1.066591e+00	1.172879e+00	-1.690191e+00	-2.516050e-01	-1.438586e+00	5.934906e-01	-1.119735e+00	-1.798585e-02	7.559131e-02	1.980980e-02	5.578151e-02
436           	1.062879e-01	-1.066593e+00	1.172881e+00	-1.690195e+00	-2.516051e-01	-1.438590e+00	5.934924e-01	-1.119737e+00	-1.798581e-02	7.559146e-02	1.980991e-02	5.578154e-02
437           	1.062879e-01	-1.066595e+00	1.172883e+00	-1.690199e+00	-2.516053e-01	-1.438593e+00	5.934941e-01	-1.119739e+00	-1.798577e-02	7.559160e-02	1.981003e-02	5.578157e-02
438           	1.062880e-01	-1.066597e+00	1.172885e+00	-1.690202e+00	-2.516054e-01	-1.438597e+00	5.934956e-01	-1.119741e+00	-1.798573e-02	7.559172e-02	1.981013e-02	5.578159e-02
439           	1.062880e-01	-1.066599e+00	1.172887e+00	-1.690205e+00	-2.516055e-01	-1.438599e+00	5.934970e-01	-1.119743e+00	-1.798569e-02	7.559184e-02	1.981023e-02	5.578161e-02
440           	1.062881e-01	-1.066601e+00	1.172889e+00	-1.690208e+00	-2.516056e-01	-1.438602e+00	5.934982e-01	-1.119745e+00	-1.798565e-02	7.559197e-02	1.981034e-02	5.578163e-02
441           	1.062882e-01	-1.066603e+00	1.172891e+00	-1.690211e+00	-2.516057e-01	-1.438606e+00	5.935000e-01	-1.119747e+00	-1.798563e-02	7.559210e-02	1.981042e-02	5.578168e-02
442           	1.062882e-01	-1.066605e+00	1.172893e+00	-1.690215e+00	-2.516057e-01	-1.438609e+00	5.935016e-01	-1.119749e+00	-1.798561e-02	7.559221e-02	1.981050e-02	5.578171e-02
443           	1.062883e-01	-1.066607e+00	1.172895e+00	-1.690217e+00	-2.516058e-01	-1.438612e+00	5.935029e-01	-1.119751e+00	-1.798557e-02	7.559233e-02	1.981059e-02	5.578174e-02
444           	1.062883e-01	-1.066608e+00	1.172897e+00	-1.690220e+00	-2.516059e-01	-1.438614e+00	5.935041e-01	-1.119753e+00	-1.798552e-02	7.559245e-02	1.981070e-02	5.578175e-02
445           	1.062883e-01	-1.066610e+00	1.172898e+00	-1.690223e+00	-2.516061e-01	-1.438616e+00	5.935052e-01	-1.119754e+00	-1.798546e-02	7.559257e-02	1.981082e-02	5.578175e-02
446           	1.062884e-01	-1.066612e+00	1.172901e+00	-1.690226e+00	-2.516061e-01	-1.438620e+00	5.935070e-01	-1.119756e+00	-1.798545e-02	7.559269e-02	1.981089e-02	5.578180e-02
447           	1.062885e-01	-1.066614e+00	1.172902e+00	-1.690229e+00	-2.516061e-01	-1.438623e+00	5.935085e-01	-1.119758e+00	-1.798542e-02	7.559281e-02	1.981098e-02	5.578183e-02
448           	1.062885e-01	-1.066616e+00	1.172904e+00	-1.690232e+00	-2.516062e-01	-1.438626e+00	5.935098e-01	-1.119760e+00	-1.798539e-02	7.559292e-02	1.981107e-02	5.578185e-02
449           	1.062885e-01	-1.066617e+00	1.172906e+00	-1.690234e+00	-2.516063e-01	-1.438628e+00	5.935109e-01	-1.119762e+00	-1.798534e-02	7.559303e-02	1.981117e-02	5.578186e-02
450           	1.062886e-01	-1.066619e+00	1.172907e+00	-1.690237e+00	-2.516065e-01	-1.438630e+00	5.935119e-01	-1.119763e+00	-1.798530e-02	7.559315e-02	1.981127e-02	5.578187e-02
451           	1.062887e-01	-1.066621e+00	1.172909e+00	-1.690240e+00	-2.516065e-01	-1.438633e+00	5.935134e-01	-1.119765e+00	-1.798529e-02	7.559325e-02	1.981134e-02	5.578191e-02
452           	1.062887e-01	-1.066622e+00	1.172911e+00	-1.690243e+00	-2.516066e-01	-1.438636e+00	5.935147e-01	-1.119767e+00	-1.798526e-02	7.559336e-02	1.981142e-02	5.578194e-02
453           	1.062888e-01	-1.066624e+00	1.172913e+00	-1.690245e+00	-2.516067e-01	-1.438638e+00	5.935158e-01	-1.119768e+00	-1.798522e-02	7.559346e-02	1.981151e-02	5.578195e-02
454           	1.062888e-01	-1.066625e+00	1.172914e+00	-1.690247e+00	-2.516069e-01	-1.438641e+00	5.935168e-01	-1.119770e+00	-1.798516e-02	7.559358e-02	1.981162e-02	5.578195e-02
455           	1.062889e-01	-1.066627e+00	1.172916e+00	-1.690251e+00	-2.516069e-01	-1.438644e+00	5.935185e-01	-1.119772e+00	-1.798515e-02	7.559368e-02	1.981169e-02	5.578200e-02
456           	1.062889e-01	-1.066629e+00	1.172918e+00	-1.690253e+00	-2.516069e-01	-1.438647e+00	5.935198e-01	-1.119773e+00	-1.798513e-02	7.559379e-02	1.981177e-02	5.578202e-02
457           	1.062889e-01	-1.066630e+00	1.172919e+00	-1.690256e+00	-2.516070e-01	-1.438649e+00	5.935210e-01	-1.119775e+00	-1.798509e-02	7.559390e-02	1.981185e-02	5.578204e-02
458           	1.062890e-01	-1.066632e+00	1.172921e+00	-1.690258e+00	-2.516071e-01	-1.438651e+00	5.935220e-01	-1.119776e+00	-1.798505e-02	7.559400e-02	1.981194e-02	5.578205e-02
459           	1.062890e-01	-1.066633e+00	1.172922e+00	-1.690261e+00	-2.516072e-01	-1.438653e+00	5.935231e-01	-1.119778e+00	-1.798503e-02	7.559409e-02	1.981201e-02	5.578207e-02
460           	1.062891e-01	-1.066635e+00	1.172924e+00	-1.690263e+00	-2.516072e-01	-1.438656e+00	5.935244e-01	-1.119779e+00	-1.798502e-02	7.559418e-02	1.981207e-02	5.578211e-02
461           	1.062891e-01	-1.066636e+00	1.172926e+00	-1.690266e+00	-2.516073e-01	-1.438658e+00	5.935256e-01	-1.119781e+00	-1.798499e-02	7.559427e-02	1.981214e-02	5.578213e-02
462           	1.062892e-01	-1.066638e+00	1.172927e+00	-1.690268e+00	-2.516075e-01	-1.438661e+00	5.935265e-01	-1.119782e+00	-1.798496e-02	7.559437e-02	1.981223e-02	5.578214e-02
463           	1.062892e-01	-1.066639e+00	1.172928e+00	-1.690270e+00	-2.516076e-01	-1.438663e+00	5.935275e-01	-1.119784e+00	-1.798493e-02	7.559445e-02	1.981230e-02	5.578215e-02
464           	1.062892e-01	-1.066640e+00	1.172929e+00	-1.690272e+00	-2.516076e-01	-1.438664e+00	5.935284e-01	-1.119785e+00	-1.798488e-02	7.559454e-02	1.981239e-02	5.578216e-02
465           	1.062893e-01	-1.066642e+00	1.172931e+00	-1.690275e+00	-2.516077e-01	-1.438667e+00	5.935296e-01	-1.119786e+00	-1.798486e-02	7.559464e-02	1.981246e-02	5.578219e-02
466           	1.062893e-01	-1.066643e+00	1.172933e+00	-1.690277e+00	-2.516077e-01	-1.438669e+00	5.935308e-01	-1.119788e+00	-1.798483e-02	7.559475e-02	1.981254e-02	5.578220e-02
467           	1.062893e-01	-1.066645e+00	1.172934e+00	-1.690279e+00	-2.516077e-01	-1.438672e+00	5.935319e-01	-1.119789e+00	-1.798481e-02	7.559484e-02	1.981261e-02	5.578223e-02
468           	1.062894e-01	-1.066646e+00	1.172935e+00	-1.690281e+00	-2.516078e-01	-1.438673e+00	5.935328e-01	-1.119791e+00	-1.798478e-02	7.559493e-02	1.981268e-02	5.578225e-02
469           	1.062894e-01	-1.066647e+00	1.172936e+00	-1.690283e+00	-2.516079e-01	-1.438675e+00	5.935336e-01	-1.119792e+00	-1.798475e-02	7.559501e-02	1.981276e-02	5.578226e-02
470           	1.062894e-01	-1.066648e+00	1.172938e+00	-1.690285e+00	-2.516080e-01	-1.438677e+00	5.935347e-01	-1.119793e+00	-1.798473e-02	7.559510e-02	1.981282e-02	5.578228e-02
471           	1.062895e-01	-1.066650e+00	1.172939e+00	-1.690288e+00	-2.516082e-01	-1.438679e+00	5.935356e-01	-1.119794e+00	-1.798470e-02	7.559519e-02	1.981290e-02	5.578229e-02
472           	1.062896e-01	-1.066651e+00	1.172941e+00	-1.690290e+00	-2.516083e-01	-1.438681e+00	5.935366e-01	-1.119796e+00	-1.798468e-02	7.559527e-02	1.981296e-02	5.578231e-02
473           	1.062896e-01	-1.066652e+00	1.172942e+00	-1.690292e+00	-2.516083e-01	-1.438683e+00	5.935374e-01	-1.119797e+00	-1.798464e-02	7.559534e-02	1.981303e-02	5.578231e-02
474           	1.062896e-01	-1.066653e+00	1.172943e+00	-1.690293e+00	-2.516084e-01	-1.438685e+00	5.935382e-01	-1.119798e+00	-1.798461e-02	7.559543e-02	1.981311e-02	5.578232e-02
475           	1.062896e-01	-1.066655e+00	1.172944e+00	-1.690296e+00	-2.516084e-01	-1.438687e+00	5.935394e-01	-1.119799e+00	-1.798458e-02	7.559552e-02	1.981318e-02	5.578234e-02
476           	1.062896e-01	-1.066656e+00	1.172946e+00	-1.690298e+00	-2.516084e-01	-1.438689e+00	5.935404e-01	-1.119801e+00	-1.798456e-02	7.559561e-02	1.981325e-02	5.578236e-02
477           	1.062897e-01	-1.066657e+00	1.172947e+00	-1.690300e+00	-2.516084e-01	-1.438691e+00	5.935414e-01	-1.119802e+00	-1.798454e-02	7.559570e-02	1.981331e-02	5.578239e-02
478           	1.062897e-01	-1.066658e+00	1.172948e+00	-1.690301e+00	-2.516084e-01	-1.438693e+00	5.935423e-01	-1.119803e+00	-1.798451e-02	7.559578e-02	1.981338e-02	5.578240e-02
479           	1.062897e-01	-1.066660e+00	1.172950e+00	-1.690304e+00	-2.516085e-01	-1.438695e+00	5.935434e-01	-1.119805e+00	-1.798450e-02	7.559586e-02	1.981343e-02	5.578243e-02
480           	1.062898e-01	-1.066661e+00	1.172951e+00	-1.690306e+00	-2.516086e-01	-1.438697e+00	5.935443e-01	-1.119806e+00	-1.798448e-02	7.559593e-02	1.981349e-02	5.578244e-02
481           	1.062899e-01	-1.066662e+00	1.172952e+00	-1.690308e+00	-2.516087e-01	-1.438699e+00	5.935452e-01	-1.119807e+00	-1.798446e-02	7.559600e-02	1.981354e-02	5.578246e-02
482           	1.062899e-01	-1.066663e+00	1.172953e+00	-1.690310e+00	-2.516088e-01	-1.438701e+00	5.935460e-01	-1.119808e+00	-1.798443e-02	7.559606e-02	1.981360e-02	5.578247e-02
483           	1.062899e-01	-1.066664e+00	1.172954e+00	-1.690311e+00	-2.516089e-01	-1.438702e+00	5.935467e-01	-1.119809e+00	-1.798440e-02	7.559613e-02	1.981366e-02	5.578247e-02
484           	1.062899e-01	-1.066665e+00	1.172955e+00	-1.690313e+00	-2.516090e-01	-1.438704e+00	5.935476e-01	-1.119810e+00	-1.798438e-02	7.559621e-02	1.981372e-02	5.578248e-02
485           	1.062900e-01	-1.066666e+00	1.172956e+00	-1.690315e+00	-2.516089e-01	-1.438706e+00	5.935486e-01	-1.119811e+00	-1.798436e-02	7.559628e-02	1.981377e-02	5.578250e-02
486           	1.062900e-01	-1.066668e+00	1.172957e+00	-1.690317e+00	-2.516089e-01	-1.438708e+00	5.935494e-01	-1.119813e+00	-1.798434e-02	7.559635e-02	1.981384e-02	5.578251e-02
487           	1.062900e-01	-1.066668e+00	1.172958e+00	-1.690318e+00	-2.516090e-01	-1.438709e+00	5.935500e-01	-1.119813e+00	-1.798431e-02	7.559642e-02	1.981390e-02	5.578252e-02
488           	1.062900e-01	-1.066669e+00	1.172959e+00	-1.690319e+00	-2.516090e-01	-1.438710e+00	5.935507e-01	-1.119814e+00	-1.798429e-02	7.559649e-02	1.981396e-02	5.578254e-02
489           	1.062900e-01	-1.066670e+00	1.172961e+00	-1.690321e+00	-2.516091e-01	-1.438712e+00	5.935516e-01	-1.119815e+00	-1.798428e-02	7.559656e-02	1.981400e-02	5.578256e-02
490           	1.062901e-01	-1.066671e+00	1.172962e+00	-1.690323e+00	-2.516092e-01	-1.438714e+00	5.935523e-01	-1.119816e+00	-1.798426e-02	7.559662e-02	1.981405e-02	5.578257e-02
491           	1.062901e-01	-1.066672e+00	1.172962e+00	-1.690325e+00	-2.516093e-01	-1.438715e+00	5.935530e-01	-1.119817e+00	-1.798424e-02	7.559668e-02	1.981410e-02	5.578258e-02
492           	1.062902e-01	-1.066673e+00	1.172963e+00	-1.690326e+00	-2.516094e-01	-1.438717e+00	5.935536e-01	-1.119818e+00	-1.798421e-02	7.559673e-02	1.981415e-02	5.578258e-02
493           	1.062902e-01	-1.066674e+00	1.172964e+00	-1.690327e+00	-2.516095e-01	-1.438718e+00	5.935542e-01	-1.119819e+00	-1.798419e-02	7.559679e-02	1.981421e-02	5.578258e-02
494           	1.062902e-01	-1.066675e+00	1.172965e+00	-1.690329e+00	-2.516095e-01	-1.438720e+00	5.935551e-01	-1.119820e+00	-1.798417e-02	7.559686e-02	1.981426e-02	5.578260e-02
495           	1.062902e-01	-1.066676e+00	1.172966e+00	-1.690331e+00	-2.516096e-01	-1.438721e+00	5.935558e-01	-1.119821e+00	-1.798415e-02	7.559694e-02	1.981432e-02	5.578262e-02
496           	1.062902e-01	-1.066677e+00	1.172967e+00	-1.690332e+00	-2.516096e-01	-1.438723e+00	5.935566e-01	-1.119822e+00	-1.798413e-02	7.559701e-02	1.981437e-02	5.578263e-02
497           	1.062902e-01	-1.066678e+00	1.172968e+00	-1.690334e+00	-2.516096e-01	-1.438724e+00	5.935572e-01	-1.119823e+00	-1.798411e-02	7.559707e-02	1.981443e-02	5.578265e-02
498           	1.062903e-01	-1.066679e+00	1.172969e+00	-1.690335e+00	-2.516096e-01	-1.438725e+00	5.935578e-01	-1.119824e+00	-1.798409e-02	7.559714e-02	1.981448e-02	5.578266e-02
499           	1.062903e-01	-1.066680e+00	1.172970e+00	-1.690337e+00	-2.516096e-01	-1.438727e+00	5.935587e-01	-1.119825e+00	-1.798408e-02	7.559720e-02	1.981452e-02	5.578268e-02
500           	1.062903e-01	-1.066681e+00	1.172971e+00	-1.690338e+00	-2.516097e-01	-1.438729e+00	5.935594e-01	-1.119826e+00	-1.798407e-02	7.559725e-02	1.981456e-02	5.578270e-02
501           	1.062904e-01	-1.066682e+00	1.172972e+00	-1.690340e+00	-2.516098e-01	-1.438730e+00	5.935600e-01	-1.119827e+00	-1.798405e-02	7.559730e-02	1.981460e-02	5.578270e-02
502           	1.062904e-01	-1.066682e+00	1.172973e+00	-1.690341e+00	-2.516099e-01	-1.438731e+00	5.935606e-01	-1.119828e+00	-1.798402e-02	7.559736e-02	1.981465e-02	5.578270e-02
503           	1.062904e-01	-1.066683e+00	1.172974e+00	-1.690342e+00	-2.516099e-01	-1.438732e+00	5.935612e-01	-1.119828e+00	-1.798400e-02	7.559740e-02	1.981470e-02	5.578270e-02
504           	1.062905e-01	-1.066684e+00	1.172975e+00	-1.690344e+00	-2.516099e-01	-1.438734e+00	5.935620e-01	-1.119829e+00	-1.798399e-02	7.559747e-02	1.981474e-02	5.578272e-02
505           	1.062905e-01	-1.066685e+00	1.172976e+00	-1.690345e+00	-2.516100e-01	-1.438735e+00	5.935628e-01	-1.119830e+00	-1.798397e-02	7.559753e-02	1.981479e-02	5.578274e-02
506           	1.062905e-01	-1.066686e+00	1.172976e+00	-1.690347e+00	-2.516100e-01	-1.438737e+00	5.935634e-01	-1.119831e+00	-1.798395e-02	7.559760e-02	1.981485e-02	5.578275e-02
507           	1.062905e-01	-1.066687e+00	1.172977e+00	-1.690348e+00	-2.516100e-01	-1.438738e+00	5.935640e-01	-1.119832e+00	-1.798393e-02	7.559766e-02	1.981490e-02	5.578276e-02
508           	1.062905e-01	-1.066688e+00	1.172978e+00	-1.690350e+00	-2.516100e-01	-1.438740e+00	5.935648e-01	-1.119833e+00	-1.798392e-02	7.559772e-02	1.981494e-02	5.578278e-02
509           	1.062905e-01	-1.066688e+00	1.172979e+00	-1.690351e+00	-2.516101e-01	-1.438741e+00	5.935655e-01	-1.119834e+00	-1.798391e-02	7.559778e-02	1.981498e-02	5.578280e-02
510           	1.062906e-01	-1.066689e+00	1.172980e+00	-1.690352e+00	-2.516101e-01	-1.438742e+00	5.935660e-01	-1.119835e+00	-1.798389e-02	7.559783e-02	1.981502e-02	5.578280e-02
511           	1.062906e-01	-1.066690e+00	1.172981e+00	-1.690353e+00	-2.516102e-01	-1.438743e+00	5.935665e-01	-1.119835e+00	-1.798387e-02	7.559787e-02	1.981506e-02	5.578280e-02
512           	1.062906e-01	-1.066691e+00	1.172981e+00	-1.690355e+00	-2.516103e-01	-1.438744e+00	5.935670e-01	-1.119836e+00	-1.798385e-02	7.559791e-02	1.981511e-02	5.578280e-02
513           	1.062907e-01	-1.066691e+00	1.172982e+00	-1.690356e+00	-2.516103e-01	-1.438746e+00	5.935677e-01	-1.119837e+00	-1.798384e-02	7.559796e-02	1.981514e-02	5.578282e-02
514           	1.062907e-01	-1.066692e+00	1.172983e+00	-1.690357e+00	-2.516104e-01	-1.438747e+00	5.935683e-01	-1.119838e+00	-1.798382e-02	7.559801e-02	1.981519e-02	5.578282e-02
515           	1.062907e-01	-1.066693e+00	1.172984e+00	-1.690359e+00	-2.516104e-01	-1.438748e+00	5.935689e-01	-1.119838e+00	-1.798380e-02	7.559806e-02	1.981522e-02	5.578283e-02
516           	1.062907e-01	-1.066694e+00	1.172984e+00	-1.690360e+00	-2.516105e-01	-1.438749e+00	5.935695e-01	-1.119839e+00	-1.798379e-02	7.559811e-02	1.981527e-02	5.578284e-02
517           	1.062907e-01	-1.066694e+00	1.172985e+00	-1.690361e+00	-2.516105e-01	-1.438750e+00	5.935699e-01	-1.119840e+00	-1.798377e-02	7.559816e-02	1.981531e-02	5.578285e-02
518           	1.062907e-01	-1.066695e+00	1.172986e+00	-1.690362e+00	-2.516105e-01	-1.438752e+00	5.935706e-01	-1.119841e+00	-1.798377e-02	7.559821e-02	1.981534e-02	5.578287e-02
519           	1.062908e-01	-1.066696e+00	1.172987e+00	-1.690363e+00	-2.516105e-01	-1.438753e+00	5.935712e-01	-1.119841e+00	-1.798376e-02	7.559826e-02	1.981537e-02	5.578289e-02
520           	1.062908e-01	-1.066697e+00	1.172987e+00	-1.690364e+00	-2.516105e-01	-1.438754e+00	5.935717e-01	-1.119842e+00	-1.798374e-02	7.559830e-02	1.981541e-02	5.578289e-02
521           	1.062908e-01	-1.066697e+00	1.172988e+00	-1.690365e+00	-2.516106e-01	-1.438755e+00	5.935721e-01	-1.119843e+00	-1.798372e-02	7.559834e-02	1.981545e-02	5.578289e-02
522           	1.062909e-01	-1.066698e+00	1.172989e+00	-1.690366e+00	-2.516106e-01	-1.438756e+00	5.935725e-01	-1.119843e+00	-1.798371e-02	7.559837e-02	1.981548e-02	5.578289e-02
523           	1.062909e-01	-1.066699e+00	1.172989e+00	-1.690368e+00	-2.516107e-01	-1.438757e+00	5.935732e-01	-1.119844e+00	-1.798370e-02	7.559842e-02	1.981551e-02	5.578291e-02
524           	1.062909e-01	-1.066699e+00	1.172990e+00	-1.690369e+00	-2.516107e-01	-1.438758e+00	5.935738e-01	-1.119845e+00	-1.798369e-02	7.559847e-02	1.981555e-02	5.578292e-02
525           	1.062909e-01	-1.066700e+00	1.172991e+00	-1.690370e+00	-2.516108e-01	-1.438759e+00	5.935743e-01	-1.119845e+00	-1.798367e-02	7.559852e-02	1.981559e-02	5.578293e-02
526           	1.062909e-01	-1.066700e+00	1.172991e+00	-1.690371e+00	-2.516108e-01	-1.438760e+00	5.935748e-01	-1.119846e+00	-1.798366e-02	7.559857e-02	1.981563e-02	5.578294e-02
527           	1.062910e-01	-1.066701e+00	1.172992e+00	-1.690372e+00	-2.516108e-01	-1.438762e+00	5.935754e-01	-1.119847e+00	-1.798365e-02	7.559862e-02	1.981566e-02	5.578296e-02
528           	1.062910e-01	-1.066702e+00	1.172993e+00	-1.690374e+00	-2.516108e-01	-1.438763e+00	5.935760e-01	-1.119847e+00	-1.798364e-02	7.559867e-02	1.981570e-02	5.578298e-02
529           	1.062910e-01	-1.066703e+00	1.172994e+00	-1.690375e+00	-2.516108e-01	-1.438764e+00	5.935765e-01	-1.119848e+00	-1.798363e-02	7.559872e-02	1.981573e-02	5.578299e-02
530           	1.062910e-01	-1.066703e+00	1.172994e+00	-1.690375e+00	-2.516108e-01	-1.438765e+00	5.935769e-01	-1.119849e+00	-1.798361e-02	7.559876e-02	1.981576e-02	5.578299e-02
531           	1.062910e-01	-1.066704e+00	1.172995e+00	-1.690376e+00	-2.516109e-01	-1.438765e+00	5.935772e-01	-1.119849e+00	-1.798360e-02	7.559879e-02	1.981580e-02	5.578299e-02
532           	1.062910e-01	-1.066704e+00	1.172995e+00	-1.690377e+00	-2.516109e-01	-1.438766e+00	5.935777e-01	-1.119850e+00	-1.798359e-02	7.559882e-02	1.981583e-02	5.578300e-02
533           	1.062911e-01	-1.066705e+00	1.172996e+00	-1.690378e+00	-2.516110e-01	-1.438767e+00	5.935782e-01	-1.119851e+00	-1.798357e-02	7.559886e-02	1.981586e-02	5.578300e-02
534           	1.062911e-01	-1.066706e+00	1.172997e+00	-1.690379e+00	-2.516111e-01	-1.438768e+00	5.935787e-01	-1.119851e+00	-1.798356e-02	7.559890e-02	1.981589e-02	5.578301e-02
535           	1.062911e-01	-1.066706e+00	1.172997e+00	-1.690380e+00	-2.516111e-01	-1.438769e+00	5.935791e-01	-1.119852e+00	-1.798355e-02	7.559893e-02	1.981592e-02	5.578301e-02
536           	1.062911e-01	-1.066707e+00	1.172998e+00	-1.690381e+00	-2.516111e-01	-1.438770e+00	5.935795e-01	-1.119852e+00	-1.798353e-02	7.559897e-02	1.981596e-02	5.578302e-02
537           	1.062911e-01	-1.066707e+00	1.172998e+00	-1.690382e+00	-2.516111e-01	-1.438771e+00	5.935801e-01	-1.119853e+00	-1.798353e-02	7.559902e-02	1.981598e-02	5.578303e-02
538           	1.062912e-01	-1.066708e+00	1.172999e+00	-1.690383e+00	-2.516111e-01	-1.438772e+00	5.935806e-01	-1.119853e+00	-1.798352e-02	7.559906e-02	1.981601e-02	5.578305e-02
539           	1.062912e-01	-1.066708e+00	1.173000e+00	-1.690384e+00	-2.516111e-01	-1.438773e+00	5.935810e-01	-1.119854e+00	-1.798351e-02	7.559909e-02	1.981604e-02	5.578305e-02
540           	1.062912e-01	-1.066709e+00	1.173000e+00	-1.690385e+00	-2.516112e-01	-1.438774e+00	5.935813e-01	-1.119855e+00	-1.798349e-02	7.559913e-02	1.981607e-02	5.578305e-02
541           	1.062912e-01	-1.066710e+00	1.173001e+00	-1.690386e+00	-2.516112e-01	-1.438775e+00	5.935818e-01	-1.119855e+00	-1.798349e-02	7.559916e-02	1.981609e-02	5.578306e-02
542           	1.062912e-01	-1.066710e+00	1.173001e+00	-1.690387e+00	-2.516113e-01	-1.438776e+00	5.935822e-01	-1.119856e+00	-1.798348e-02	7.559919e-02	1.981612e-02	5.578307e-02
543           	1.062913e-01	-1.066711e+00	1.173002e+00	-1.690388e+00	-2.516113e-01	-1.438777e+00	5.935826e-01	-1.119856e+00	-1.798346e-02	7.559922e-02	1.981615e-02	5.578307e-02
544           	1.062913e-01	-1.066711e+00	1.173002e+00	-1.690389e+00	-2.516114e-01	-1.438777e+00	5.935830e-01	-1.119857e+00	-1.798345e-02	7.559925e-02	1.981618e-02	5.578307e-02
545           	1.062913e-01	-1.066712e+00	1.173003e+00	-1.690389e+00	-2.516114e-01	-1.438778e+00	5.935833e-01	-1.119857e+00	-1.798344e-02	7.559928e-02	1.981620e-02	5.578308e-02
546           	1.062913e-01	-1.066712e+00	1.173003e+00	-1.690390e+00	-2.516114e-01	-1.438779e+00	5.935838e-01	-1.119858e+00	-1.798343e-02	7.559933e-02	1.981623e-02	5.578309e-02
547           	1.062913e-01	-1.066713e+00	1.173004e+00	-1.690391e+00	-2.516114e-01	-1.438780e+00	5.935843e-01	-1.119858e+00	-1.798342e-02	7.559937e-02	1.981626e-02	5.578311e-02
548           	1.062913e-01	-1.066713e+00	1.173005e+00	-1.690392e+00	-2.516114e-01	-1.438781e+00	5.935847e-01	-1.119859e+00	-1.798341e-02	7.559941e-02	1.981629e-02	5.578312e-02
549           	1.062913e-01	-1.066714e+00	1.173005e+00	-1.690393e+00	-2.516114e-01	-1.438781e+00	5.935850e-01	-1.119859e+00	-1.798340e-02	7.559944e-02	1.981632e-02	5.578312e-02
550           	1.062913e-01	-1.066714e+00	1.173005e+00	-1.690393e+00	-2.516114e-01	-1.438782e+00	5.935852e-01	-1.119860e+00	-1.798339e-02	7.559947e-02	1.981635e-02	5.578312e-02
551           	1.062913e-01	-1.066715e+00	1.173006e+00	-1.690394e+00	-2.516115e-01	-1.438783e+00	5.935856e-01	-1.119860e+00	-1.798338e-02	7.559950e-02	1.981637e-02	5.578313e-02
552           	1.062914e-01	-1.066715e+00	1.173006e+00	-1.690395e+00	-2.516116e-01	-1.438783e+00	5.935859e-01	-1.119861e+00	-1.798338e-02	7.559952e-02	1.981639e-02	5.578314e-02
553           	1.062914e-01	-1.066715e+00	1.173007e+00	-1.690396e+00	-2.516116e-01	-1.438784e+00	5.935862e-01	-1.119861e+00	-1.798336e-02	7.559955e-02	1.981641e-02	5.578314e-02
554           	1.062914e-01	-1.066716e+00	1.173007e+00	-1.690396e+00	-2.516117e-01	-1.438785e+00	5.935865e-01	-1.119862e+00	-1.798335e-02	7.559958e-02	1.981643e-02	5.578314e-02
555           	1.062914e-01	-1.066716e+00	1.173008e+00	-1.690397e+00	-2.516117e-01	-1.438785e+00	5.935868e-01	-1.119862e+00	-1.798334e-02	7.559961e-02	1.981646e-02	5.578315e-02
556           	1.062914e-01	-1.066717e+00	1.173008e+00	-1.690398e+00	-2.516117e-01	-1.438786e+00	5.935873e-01	-1.119863e+00	-1.798334e-02	7.559964e-02	1.981648e-02	5.578316e-02
557           	1.062914e-01	-1.066717e+00	1.173009e+00	-1.690399e+00	-2.516116e-01	-1.438787e+00	5.935877e-01	-1.119863e+00	-1.798333e-02	7.559968e-02	1.981651e-02	5.578317e-02
558           	1.062914e-01	-1.066718e+00	1.173009e+00	-1.690399e+00	-2.516116e-01	-1.438788e+00	5.935880e-01	-1.119863e+00	-1.798332e-02	7.559972e-02	1.981654e-02	5.578318e-02
559           	1.062914e-01	-1.066718e+00	1.173010e+00	-1.690400e+00	-2.516116e-01	-1.438788e+00	5.935883e-01	-1.119864e+00	-1.798331e-02	7.559975e-02	1.981657e-02	5.578318e-02
560           	1.062914e-01	-1.066719e+00	1.173010e+00	-1.690401e+00	-2.516117e-01	-1.438789e+00	5.935887e-01	-1.119864e+00	-1.798330e-02	7.559977e-02	1.981659e-02	5.578319e-02
561           	1.062915e-01	-1.066719e+00	1.173011e+00	-1.690402e+00	-2.516118e-01	-1.438790e+00	5.935889e-01	-1.119865e+00	-1.798329e-02	7.559980e-02	1.981661e-02	5.578319e-02
562           	1.062915e-01	-1.066719e+00	1.173011e+00	-1.690402e+00	-2.516119e-01	-1.438790e+00	5.935892e-01	-1.119865e+00	-1.798328e-02	7.559982e-02	1.981663e-02	5.578319e-02
563           	1.062915e-01	-1.066720e+00	1.173011e+00	-1.690403e+00	-2.516120e-01	-1.438791e+00	5.935895e-01	-1.119866e+00	-1.798327e-02	7.559984e-02	1.981665e-02	5.578319e-02
564           	1.062915e-01	-1.066720e+00	1.173012e+00	-1.690403e+00	-2.516120e-01	-1.438791e+00	5.935897e-01	-1.119866e+00	-1.798326e-02	7.559987e-02	1.981668e-02	5.578319e-02
565           	1.062915e-01	-1.066721e+00	1.173012e+00	-1.690404e+00	-2.516120e-01	-1.438792e+00	5.935902e-01	-1.119866e+00	-1.798325e-02	7.559989e-02	1.981669e-02	5.578320e-02
566           	1.062915e-01	-1.066721e+00	1.173013e+00	-1.690405e+00	-2.516119e-01	-1.438793e+00	5.935905e-01	-1.119867e+00	-1.798325e-02	7.559993e-02	1.981672e-02	5.578321e-02
567           	1.062915e-01	-1.066722e+00	1.173013e+00	-1.690405e+00	-2.516119e-01	-1.438794e+00	5.935908e-01	-1.119867e+00	-1.798324e-02	7.559996e-02	1.981674e-02	5.578321e-02
568           	1.062915e-01	-1.066722e+00	1.173013e+00	-1.690406e+00	-2.516118e-01	-1.438794e+00	5.935911e-01	-1.119868e+00	-1.798323e-02	7.559999e-02	1.981677e-02	5.578322e-02
569           	1.062915e-01	-1.066722e+00	1.173014e+00	-1.690406e+00	-2.516119e-01	-1.438794e+00	5.935913e-01	-1.119868e+00	-1.798321e-02	7.560001e-02	1.981679e-02	5.578322e-02
570           	1.062915e-01	-1.066723e+00	1.173014e+00	-1.690407e+00	-2.516119e-01	-1.438795e+00	5.935916e-01	-1.119868e+00	-1.798321e-02	7.560003e-02	1.981681e-02	5.578323e-02
571           	1.062916e-01	-1.066723e+00	1.173014e+00	-1.690408e+00	-2.516120e-01	-1.438796e+00	5.935918e-01	-1.119869e+00	-1.798320e-02	7.560005e-02	1.981683e-02	5.578323e-02
572           	1.062916e-01	-1.066723e+00	1.173015e+00	-1.690408e+00	-2.516121e-01	-1.438796e+00	5.935920e-01	-1.119869e+00	-1.798319e-02	7.560007e-02	1.981684e-02	5.578323e-02
573           	1.062916e-01	-1.066724e+00	1.173015e+00	-1.690409e+00	-2.516121e-01	-1.438797e+00	5.935923e-01	-1.119869e+00	-1.798319e-02	7.560009e-02	1.981686e-02	5.578323e-02
574           	1.062916e-01	-1.066724e+00	1.173016e+00	-1.690410e+00	-2.516121e-01	-1.438797e+00	5.935926e-01	-1.119870e+00	-1.798318e-02	7.560012e-02	1.981687e-02	5.578324e-02
575           	1.062916e-01	-1.066724e+00	1.173016e+00	-1.690410e+00	-2.516121e-01	-1.438798e+00	5.935930e-01	-1.119870e+00	-1.798318e-02	7.560015e-02	1.981690e-02	5.578325e-02
576           	1.062916e-01	-1.066725e+00	1.173016e+00	-1.690411e+00	-2.516121e-01	-1.438799e+00	5.935933e-01	-1.119871e+00	-1.798317e-02	7.560017e-02	1.981692e-02	5.578326e-02
577           	1.062916e-01	-1.066725e+00	1.173017e+00	-1.690411e+00	-2.516121e-01	-1.438799e+00	5.935935e-01	-1.119871e+00	-1.798316e-02	7.560020e-02	1.981694e-02	5.578326e-02
578           	1.062916e-01	-1.066725e+00	1.173017e+00	-1.690412e+00	-2.516121e-01	-1.438800e+00	5.935937e-01	-1.119871e+00	-1.798315e-02	7.560023e-02	1.981696e-02	5.578327e-02
579           	1.062916e-01	-1.066726e+00	1.173017e+00	-1.690412e+00	-2.516121e-01	-1.438800e+00	5.935940e-01	-1.119872e+00	-1.798315e-02	7.560025e-02	1.981698e-02	5.578328e-02
580           	1.062916e-01	-1.066726e+00	1.173018e+00	-1.690413e+00	-2.516121e-01	-1.438801e+00	5.935943e-01	-1.119872e+00	-1.798315e-02	7.560027e-02	1.981699e-02	5.578328e-02
581           	1.062917e-01	-1.066726e+00	1.173018e+00	-1.690413e+00	-2.516122e-01	-1.438801e+00	5.935945e-01	-1.119872e+00	-1.798314e-02	7.560029e-02	1.981701e-02	5.578328e-02
582           	1.062917e-01	-1.066727e+00	1.173018e+00	-1.690414e+00	-2.516122e-01	-1.438802e+00	5.935947e-01	-1.119873e+00	-1.798313e-02	7.560031e-02	1.981702e-02	5.578328e-02
583           	1.062917e-01	-1.066727e+00	1.173019e+00	-1.690415e+00	-2.516122e-01	-1.438802e+00	5.935951e-01	-1.119873e+00	-1.798313e-02	7.560032e-02	1.981703e-02	5.578329e-02
584           	1.062917e-01	-1.066727e+00	1.173019e+00	-1.690415e+00	-2.516123e-01	-1.438803e+00	5.935954e-01	-1.119873e+00	-1.798312e-02	7.560034e-02	1.981705e-02	5.578329e-02
585           	1.062917e-01	-1.066728e+00	1.173019e+00	-1.690416e+00	-2.516123e-01	-1.438804e+00	5.935956e-01	-1.119874e+00	-1.798311e-02	7.560037e-02	1.981707e-02	5.578330e-02
586           	1.062917e-01	-1.066728e+00	1.173020e+00	-1.690416e+00	-2.516123e-01	-1.438804e+00	5.935959e-01	-1.119874e+00	-1.798311e-02	7.560040e-02	1.981709e-02	5.578330e-02
587           	1.062917e-01	-1.066728e+00	1.173020e+00	-1.690417e+00	-2.516123e-01	-1.438804e+00	5.935961e-01	-1.119874e+00	-1.798310e-02	7.560042e-02	1.981711e-02	5.578331e-02
588           	1.062917e-01	-1.066729e+00	1.173020e+00	-1.690417e+00	-2.516123e-01	-1.438805e+00	5.935963e-01	-1.119875e+00	-1.798309e-02	7.560045e-02	1.981713e-02	5.578332e-02
589           	1.062917e-01	-1.066729e+00	1.173021e+00	-1.690418e+00	-2.516123e-01	-1.438805e+00	5.935966e-01	-1.119875e+00	-1.798308e-02	7.560047e-02	1.981715e-02	5.578332e-02
590           	1.062917e-01	-1.066729e+00	1.173021e+00	-1.690418e+00	-2.516123e-01	-1.438806e+00	5.935968e-01	-1.119875e+00	-1.798308e-02	7.560049e-02	1.981717e-02	5.578332e-02
591           	1.062918e-01	-1.066729e+00	1.173021e+00	-1.690419e+00	-2.516123e-01	-1.438806e+00	5.935970e-01	-1.119875e+00	-1.798307e-02	7.560050e-02	1.981718e-02	5.578332e-02
592           	1.062918e-01	-1.066730e+00	1.173021e+00	-1.690419e+00	-2.516123e-01	-1.438807e+00	5.935972e-01	-1.119876e+00	-1.798306e-02	7.560052e-02	1.981720e-02	5.578332e-02
593           	1.062918e-01	-1.066730e+00	1.173022e+00	-1.690420e+00	-2.516124e-01	-1.438807e+00	5.935975e-01	-1.119876e+00	-1.798306e-02	7.560053e-02	1.981721e-02	5.578332e-02
594           	1.062918e-01	-1.066730e+00	1.173022e+00	-1.690420e+00	-2.516124e-01	-1.438808e+00	5.935978e-01	-1.119876e+00	-1.798305e-02	7.560055e-02	1.981723e-02	5.578333e-02
595           	1.062918e-01	-1.066731e+00	1.173022e+00	-1.690421e+00	-2.516124e-01	-1.438808e+00	5.935980e-01	-1.119877e+00	-1.798304e-02	7.560057e-02	1.981725e-02	5.578333e-02
596           	1.062918e-01	-1.066731e+00	1.173023e+00	-1.690421e+00	-2.516124e-01	-1.438809e+00	5.935982e-01	-1.119877e+00	-1.798303e-02	7.560060e-02	1.981727e-02	5.578333e-02
597           	1.062918e-01	-1.066731e+00	1.173023e+00	-1.690422e+00	-2.516124e-01	-1.438809e+00	5.935984e-01	-1.119877e+00	-1.798303e-02	7.560062e-02	1.981728e-02	5.578334e-02
598           	1.062918e-01	-1.066732e+00	1.173023e+00	-1.690422e+00	-2.516124e-01	-1.438810e+00	5.935987e-01	-1.119877e+00	-1.798302e-02	7.560064e-02	1.981729e-02	5.578334e-02
599           	1.062918e-01	-1.066732e+00	1.173024e+00	-1.690422e+00	-2.516124e-01	-1.438810e+00	5.935989e-01	-1.119878e+00	-1.798302e-02	7.560065e-02	1.981731e-02	5.578334e-02
600           	1.062918e-01	-1.066732e+00	1.173024e+00	-1.690423e+00	-2.516124e-01	-1.438810e+00	5.935991e-01	-1.119878e+00	-1.798301e-02	7.560067e-02	1.981732e-02	5.578334e-02
601           	1.062918e-01	-1.066732e+00	1.173024e+00	-1.690423e+00	-2.516124e-01	-1.438811e+00	5.935993e-01	-1.119878e+00	-1.798301e-02	7.560068e-02	1.981733e-02	5.578335e-02
602           	1.062919e-01	-1.066733e+00	1.173024e+00	-1.690424e+00	-2.516124e-01	-1.438812e+00	5.935996e-01	-1.119879e+00	-1.798301e-02	7.560069e-02	1.981734e-02	5.578335e-02
603           	1.062919e-01	-1.066733e+00	1.173025e+00	-1.690425e+00	-2.516125e-01	-1.438812e+00	5.935998e-01	-1.119879e+00	-1.798301e-02	7.560071e-02	1.981735e-02	5.578336e-02
604           	1.062919e-01	-1.066733e+00	1.173025e+00	-1.690425e+00	-2.516126e-01	-1.438812e+00	5.936000e-01	-1.119879e+00	-1.798300e-02	7.560072e-02	1.981736e-02	5.578336e-02
605           	1.062919e-01	-1.066733e+00	1.173025e+00	-1.690425e+00	-2.516126e-01	-1.438813e+00	5.936001e-01	-1.119879e+00	-1.798300e-02	7.560074e-02	1.981737e-02	5.578337e-02
606           	1.062919e-01	-1.066734e+00	1.173026e+00	-1.690426e+00	-2.516126e-01	-1.438813e+00	5.936004e-01	-1.119880e+00	-1.798300e-02	7.560075e-02	1.981738e-02	5.578337e-02
607           	1.062919e-01	-1.066734e+00	1.173026e+00	-1.690426e+00	-2.516126e-01	-1.438814e+00	5.936006e-01	-1.119880e+00	-1.798299e-02	7.560077e-02	1.981739e-02	5.578338e-02
608           	1.062919e-01	-1.066734e+00	1.173026e+00	-1.690427e+00	-2.516125e-01	-1.438814e+00	5.936007e-01	-1.119880e+00	-1.798299e-02	7.560079e-02	1.981741e-02	5.578338e-02
609           	1.062919e-01	-1.066734e+00	1.173026e+00	-1.690427e+00	-2.516125e-01	-1.438814e+00	5.936008e-01	-1.119880e+00	-1.798298e-02	7.560081e-02	1.981743e-02	5.578338e-02
610           	1.062919e-01	-1.066734e+00	1.173026e+00	-1.690427e+00	-2.516125e-01	-1.438814e+00	5.936010e-01	-1.119880e+00	-1.798297e-02	7.560082e-02	1.981744e-02	5.578338e-02
611           	1.062919e-01	-1.066735e+00	1.173027e+00	-1.690427e+00	-2.516125e-01	-1.438815e+00	5.936012e-01	-1.119881e+00	-1.798297e-02	7.560084e-02	1.981745e-02	5.578339e-02
612           	1.062919e-01	-1.066735e+00	1.173027e+00	-1.690428e+00	-2.516126e-01	-1.438815e+00	5.936014e-01	-1.119881e+00	-1.798297e-02	7.560085e-02	1.981746e-02	5.578339e-02
613           	1.062920e-01	-1.066735e+00	1.173027e+00	-1.690428e+00	-2.516126e-01	-1.438816e+00	5.936016e-01	-1.119881e+00	-1.798296e-02	7.560086e-02	1.981747e-02	5.578339e-02
614           	1.062920e-01	-1.066735e+00	1.173027e+00	-1.690429e+00	-2.516126e-01	-1.438816e+00	5.936018e-01	-1.119881e+00	-1.798296e-02	7.560088e-02	1.981748e-02	5.578340e-02
615           	1.062920e-01	-1.066736e+00	1.173028e+00	-1.690429e+00	-2.516126e-01	-1.438817e+00	5.936020e-01	-1.119882e+00	-1.798295e-02	7.560089e-02	1.981750e-02	5.578340e-02
616           	1.062919e-01	-1.066736e+00	1.173028e+00	-1.690430e+00	-2.516126e-01	-1.438817e+00	5.936022e-01	-1.119882e+00	-1.798294e-02	7.560091e-02	1.981751e-02	5.578340e-02
617           	1.062919e-01	-1.066736e+00	1.173028e+00	-1.690430e+00	-2.516126e-01	-1.438817e+00	5.936024e-01	-1.119882e+00	-1.798294e-02	7.560093e-02	1.981753e-02	5.578340e-02
618           	1.062919e-01	-1.066736e+00	1.173028e+00	-1.690430e+00	-2.516126e-01	-1.438818e+00	5.936025e-01	-1.119882e+00	-1.798293e-02	7.560095e-02	1.981754e-02	5.578340e-02
619           	1.062919e-01	-1.066736e+00	1.173028e+00	-1.690430e+00	-2.516126e-01	-1.438818e+00	5.936026e-01	-1.119882e+00	-1.798292e-02	7.560096e-02	1.981756e-02	5.578340e-02
620           	1.062920e-01	-1.066737e+00	1.173029e+00	-1.690431e+00	-2.516126e-01	-1.438818e+00	5.936028e-01	-1.119883e+00	-1.798292e-02	7.560097e-02	1.981756e-02	5.578341e-02
621           	1.062920e-01	-1.066737e+00	1.173029e+00	-1.690431e+00	-2.516127e-01	-1.438819e+00	5.936030e-01	-1.119883e+00	-1.798292e-02	7.560098e-02	1.981757e-02	5.578341e-02
622           	1.062920e-01	-1.066737e+00	1.173029e+00	-1.690432e+00	-2.516127e-01	-1.438819e+00	5.936032e-01	-1.119883e+00	-1.798292e-02	7.560099e-02	1.981758e-02	5.578342e-02
623           	1.062920e-01	-1.066737e+00	1.173029e+00	-1.690432e+00	-2.516127e-01	-1.438820e+00	5.936034e-01	-1.119883e+00	-1.798292e-02	7.560100e-02	1.981759e-02	5.578342e-02
624           	1.062920e-01	-1.066738e+00	1.173030e+00	-1.690433e+00	-2.516127e-01	-1.438820e+00	5.936036e-01	-1.119884e+00	-1.798291e-02	7.560101e-02	1.981760e-02	5.578342e-02
625           	1.062920e-01	-1.066738e+00	1.173030e+00	-1.690433e+00	-2.516127e-01	-1.438820e+00	5.936038e-01	-1.119884e+00	-1.798291e-02	7.560103e-02	1.981761e-02	5.578342e-02
626           	1.062920e-01	-1.066738e+00	1.173030e+00	-1.690433e+00	-2.516127e-01	-1.438821e+00	5.936040e-01	-1.119884e+00	-1.798290e-02	7.560104e-02	1.981762e-02	5.578342e-02
627           	1.062920e-01	-1.066738e+00	1.173030e+00	-1.690434e+00	-2.516127e-01	-1.438821e+00	5.936040e-01	-1.119884e+00	-1.798290e-02	7.560105e-02	1.981763e-02	5.578342e-02
628           	1.062920e-01	-1.066738e+00	1.173030e+00	-1.690434e+00	-2.516128e-01	-1.438821e+00	5.936041e-01	-1.119884e+00	-1.798289e-02	7.560107e-02	1.981764e-02	5.578342e-02
629           	1.062920e-01	-1.066739e+00	1.173031e+00	-1.690434e+00	-2.516128e-01	-1.438821e+00	5.936042e-01	-1.119885e+00	-1.798289e-02	7.560108e-02	1.981765e-02	5.578343e-02
630           	1.062920e-01	-1.066739e+00	1.173031e+00	-1.690434e+00	-2.516128e-01	-1.438822e+00	5.936044e-01	-1.119885e+00	-1.798289e-02	7.560110e-02	1.981766e-02	5.578344e-02
631           	1.062921e-01	-1.066739e+00	1.173031e+00	-1.690435e+00	-2.516128e-01	-1.438822e+00	5.936046e-01	-1.119885e+00	-1.798289e-02	7.560111e-02	1.981766e-02	5.578344e-02
632           	1.062921e-01	-1.066739e+00	1.173031e+00	-1.690435e+00	-2.516128e-01	-1.438822e+00	5.936047e-01	-1.119885e+00	-1.798289e-02	7.560112e-02	1.981767e-02	5.578345e-02
633           	1.062921e-01	-1.066739e+00	1.173031e+00	-1.690435e+00	-2.516128e-01	-1.438823e+00	5.936049e-01	-1.119885e+00	-1.798288e-02	7.560113e-02	1.981768e-02	5.578345e-02
634           	1.062921e-01	-1.066739e+00	1.173032e+00	-1.690436e+00	-2.516128e-01	-1.438823e+00	5.936051e-01	-1.119886e+00	-1.798288e-02	7.560114e-02	1.981769e-02	5.578345e-02
635           	1.062921e-01	-1.066740e+00	1.173032e+00	-1.690436e+00	-2.516128e-01	-1.438823e+00	5.936052e-01	-1.119886e+00	-1.798287e-02	7.560115e-02	1.981770e-02	5.578345e-02
636           	1.062921e-01	-1.066740e+00	1.173032e+00	-1.690436e+00	-2.516128e-01	-1.438824e+00	5.936053e-01	-1.119886e+00	-1.798287e-02	7.560116e-02	1.981771e-02	5.578345e-02
637           	1.062921e-01	-1.066740e+00	1.173032e+00	-1.690437e+00	-2.516129e-01	-1.438824e+00	5.936054e-01	-1.119886e+00	-1.798287e-02	7.560117e-02	1.981772e-02	5.578345e-02
638           	1.062921e-01	-1.066740e+00	1.173032e+00	-1.690437e+00	-2.516129e-01	-1.438824e+00	5.936055e-01	-1.119886e+00	-1.798287e-02	7.560119e-02	1.981773e-02	5.578346e-02
639           	1.062921e-01	-1.066740e+00	1.173032e+00	-1.690437e+00	-2.516129e-01	-1.438824e+00	5.936056e-01	-1.119886e+00	-1.798287e-02	7.560120e-02	1.981773e-02	5.578347e-02
640           	1.062921e-01	-1.066740e+00	1.173033e+00	-1.690437e+00	-2.516128e-01	-1.438824e+00	5.936057e-01	-1.119886e+00	-1.798287e-02	7.560121e-02	1.981774e-02	5.578347e-02
641           	1.062921e-01	-1.066741e+00	1.173033e+00	-1.690437e+00	-2.516128e-01	-1.438825e+00	5.936059e-01	-1.119887e+00	-1.798286e-02	7.560122e-02	1.981775e-02	5.578347e-02
642           	1.062921e-01	-1.066741e+00	1.173033e+00	-1.690438e+00	-2.516128e-01	-1.438825e+00	5.936061e-01	-1.119887e+00	-1.798286e-02	7.560123e-02	1.981776e-02	5.578347e-02
643           	1.062921e-01	-1.066741e+00	1.173033e+00	-1.690438e+00	-2.516129e-01	-1.438825e+00	5.936063e-01	-1.119887e+00	-1.798285e-02	7.560124e-02	1.981776e-02	5.578347e-02
644           	1.062921e-01	-1.066741e+00	1.173033e+00	-1.690439e+00	-2.516129e-01	-1.438826e+00	5.936065e-01	-1.119887e+00	-1.798285e-02	7.560125e-02	1.981777e-02	5.578347e-02
645           	1.062922e-01	-1.066741e+00	1.173034e+00	-1.690439e+00	-2.516129e-01	-1.438826e+00	5.936066e-01	-1.119887e+00	-1.798285e-02	7.560125e-02	1.981778e-02	5.578347e-02
646           	1.062922e-01	-1.066742e+00	1.173034e+00	-1.690439e+00	-2.516130e-01	-1.438826e+00	5.936066e-01	-1.119888e+00	-1.798284e-02	7.560126e-02	1.981779e-02	5.578347e-02
647           	1.062922e-01	-1.066742e+00	1.173034e+00	-1.690439e+00	-2.516130e-01	-1.438826e+00	5.936066e-01	-1.119888e+00	-1.798284e-02	7.560127e-02	1.981780e-02	5.578347e-02
648           	1.062922e-01	-1.066742e+00	1.173034e+00	-1.690439e+00	-2.516130e-01	-1.438826e+00	5.936067e-01	-1.119888e+00	-1.798284e-02	7.560129e-02	1.981780e-02	5.578348e-02
649           	1.062922e-01	-1.066742e+00	1.173034e+00	-1.690439e+00	-2.516130e-01	-1.438827e+00	5.936068e-01	-1.119888e+00	-1.798284e-02	7.560130e-02	1.981781e-02	5.578349e-02
650           	1.062922e-01	-1.066742e+00	1.173034e+00	-1.690440e+00	-2.516129e-01	-1.438827e+00	5.936069e-01	-1.119888e+00	-1.798283e-02	7.560131e-02	1.981783e-02	5.578349e-02
651           	1.062922e-01	-1.066742e+00	1.173034e+00	-1.690440e+00	-2.516129e-01	-1.438827e+00	5.936070e-01	-1.119888e+00	-1.798283e-02	7.560133e-02	1.981784e-02	5.578349e-02
652           	1.062922e-01	-1.066742e+00	1.173034e+00	-1.690440e+00	-2.516130e-01	-1.438827e+00	5.936072e-01	-1.119888e+00	-1.798282e-02	7.560133e-02	1.981785e-02	5.578349e-02
653           	1.062922e-01	-1.066742e+00	1.173035e+00	-1.690441e+00	-2.516130e-01	-1.438828e+00	5.936074e-01	-1.119889e+00	-1.798282e-02	7.560134e-02	1.981786e-02	5.578349e-02
654           	1.062922e-01	-1.066743e+00	1.173035e+00	-1.690441e+00	-2.516131e-01	-1.438828e+00	5.936076e-01	-1.119889e+00	-1.798281e-02	7.560135e-02	1.981786e-02	5.578349e-02
655           	1.062922e-01	-1.066743e+00	1.173035e+00	-1.690442e+00	-2.516131e-01	-1.438828e+00	5.936077e-01	-1.119889e+00	-1.798281e-02	7.560135e-02	1.981787e-02	5.578349e-02
656           	1.062922e-01	-1.066743e+00	1.173035e+00	-1.690442e+00	-2.516131e-01	-1.438828e+00	5.936077e-01	-1.119889e+00	-1.798281e-02	7.560136e-02	1.981787e-02	5.578349e-02
657           	1.062922e-01	-1.066743e+00	1.173035e+00	-1.690442e+00	-2.516131e-01	-1.438829e+00	5.936077e-01	-1.119889e+00	-1.798281e-02	7.560137e-02	1.981787e-02	5.578349e-02
658           	1.062922e-01	-1.066743e+00	1.173035e+00	-1.690442e+00	-2.516131e-01	-1.438829e+00	5.936077e-01	-1.119889e+00	-1.798281e-02	7.560138e-02	1.981788e-02	5.578350e-02
659           	1.062922e-01	-1.066743e+00	1.173035e+00	-1.690442e+00	-2.516130e-01	-1.438829e+00	5.936078e-01	-1.119889e+00	-1.798280e-02	7.560139e-02	1.981789e-02	5.578350e-02
660           	1.062922e-01	-1.066743e+00	1.173035e+00	-1.690442e+00	-2.516130e-01	-1.438829e+00	5.936079e-01	-1.119889e+00	-1.798280e-02	7.560140e-02	1.981790e-02	5.578350e-02
661           	1.062922e-01	-1.066743e+00	1.173036e+00	-1.690442e+00	-2.516130e-01	-1.438829e+00	5.936080e-01	-1.119890e+00	-1.798280e-02	7.560141e-02	1.981791e-02	5.578350e-02
662           	1.062922e-01	-1.066744e+00	1.173036e+00	-1.690442e+00	-2.516130e-01	-1.438829e+00	5.936082e-01	-1.119890e+00	-1.798279e-02	7.560142e-02	1.981792e-02	5.578350e-02
663           	1.062922e-01	-1.066744e+00	1.173036e+00	-1.690443e+00	-2.516131e-01	-1.438830e+00	5.936083e-01	-1.119890e+00	-1.798279e-02	7.560142e-02	1.981792e-02	5.578350e-02
664           	1.062922e-01	-1.066744e+00	1.173036e+00	-1.690443e+00	-2.516132e-01	-1.438830e+00	5.936084e-01	-1.119890e+00	-1.798279e-02	7.560143e-02	1.981793e-02	5.578350e-02
665           	1.062922e-01	-1.066744e+00	1.173036e+00	-1.690443e+00	-2.516132e-01	-1.438830e+00	5.936085e-01	-1.119890e+00	-1.798279e-02	7.560143e-02	1.981793e-02	5.578350e-02
666           	1.062922e-01	-1.066744e+00	1.173036e+00	-1.690443e+00	-2.516132e-01	-1.438830e+00	5.936084e-01	-1.119890e+00	-1.798278e-02	7.560144e-02	1.981794e-02	5.578350e-02
667           	1.062922e-01	-1.066744e+00	1.173036e+00	-1.690443e+00	-2.516132e-01	-1.438830e+00	5.936085e-01	-1.119890e+00	-1.798278e-02	7.560144e-02	1.981794e-02	5.578351e-02
668           	1.062922e-01	-1.066744e+00	1.173036e+00	-1.690443e+00	-2.516132e-01	-1.438830e+00	5.936084e-01	-1.119890e+00	-1.798278e-02	7.560145e-02	1.981795e-02	5.578351e-02
669           	1.062922e-01	-1.066744e+00	1.173036e+00	-1.690443e+00	-2.516131e-01	-1.438830e+00	5.936085e-01	-1.119890e+00	-1.798277e-02	7.560147e-02	1.981796e-02	5.578351e-02
670           	1.062922e-01	-1.066744e+00	1.173037e+00	-1.690443e+00	-2.516131e-01	-1.438830e+00	5.936085e-01	-1.119890e+00	-1.798277e-02	7.560148e-02	1.981797e-02	5.578351e-02
671           	1.062922e-01	-1.066745e+00	1.173037e+00	-1.690444e+00	-2.516131e-01	-1.438831e+00	5.936087e-01	-1.119891e+00	-1.798276e-02	7.560149e-02	1.981798e-02	5.578351e-02
672           	1.062922e-01	-1.066745e+00	1.173037e+00	-1.690444e+00	-2.516132e-01	-1.438831e+00	5.936089e-01	-1.119891e+00	-1.798276e-02	7.560150e-02	1.981799e-02	5.578351e-02
673           	1.062922e-01	-1.066745e+00	1.173037e+00	-1.690444e+00	-2.516132e-01	-1.438831e+00	5.936090e-01	-1.119891e+00	-1.798276e-02	7.560150e-02	1.981799e-02	5.578351e-02
674           	1.062922e-01	-1.066745e+00	1.173037e+00	-1.690445e+00	-2.516132e-01	-1.438832e+00	5.936091e-01	-1.119891e+00	-1.798276e-02	7.560151e-02	1.981799e-02	5.578351e-02
675           	1.062922e-01	-1.066745e+00	1.173037e+00	-1.690445e+00	-2.516133e-01	-1.438832e+00	5.936092e-01	-1.119891e+00	-1.798276e-02	7.560151e-02	1.981799e-02	5.578352e-02
676           	1.062922e-01	-1.066745e+00	1.173037e+00	-1.690445e+00	-2.516133e-01	-1.438832e+00	5.936092e-01	-1.119891e+00	-1.798276e-02	7.560151e-02	1.981799e-02	5.578352e-02
677           	1.062922e-01	-1.066745e+00	1.173037e+00	-1.690445e+00	-2.516132e-01	-1.438832e+00	5.936092e-01	-1.119891e+00	-1.798276e-02	7.560152e-02	1.981800e-02	5.578352e-02
678           	1.062922e-01	-1.066745e+00	1.173037e+00	-1.690445e+00	-2.516132e-01	-1.438832e+00	5.936091e-01	-1.119891e+00	-1.798275e-02	7.560153e-02	1.981801e-02	5.578352e-02
679           	1.062922e-01	-1.066745e+00	1.173037e+00	-1.690445e+00	-2.516132e-01	-1.438832e+00	5.936091e-01	-1.119891e+00	-1.798275e-02	7.560154e-02	1.981802e-02	5.578352e-02
680           	1.062922e-01	-1.066745e+00	1.173038e+00	-1.690445e+00	-2.516132e-01	-1.438832e+00	5.936092e-01	-1.119891e+00	-1.798274e-02	7.560155e-02	1.981803e-02	5.578352e-02
681           	1.062922e-01	-1.066746e+00	1.173038e+00	-1.690445e+00	-2.516132e-01	-1.438832e+00	5.936094e-01	-1.119892e+00	-1.798274e-02	7.560156e-02	1.981804e-02	5.578352e-02
682           	1.062922e-01	-1.066746e+00	1.173038e+00	-1.690446e+00	-2.516132e-01	-1.438832e+00	5.936096e-01	-1.119892e+00	-1.798274e-02	7.560157e-02	1.981805e-02	5.578352e-02
683           	1.062922e-01	-1.066746e+00	1.173038e+00	-1.690446e+00	-2.516132e-01	-1.438833e+00	5.936097e-01	-1.119892e+00	-1.798274e-02	7.560157e-02	1.981805e-02	5.578352e-02
684           	1.062922e-01	-1.066746e+00	1.173038e+00	-1.690446e+00	-2.516132e-01	-1.438833e+00	5.936098e-01	-1.119892e+00	-1.798274e-02	7.560157e-02	1.981805e-02	5.578353e-02
685           	1.062923e-01	-1.066746e+00	1.173038e+00	-1.690446e+00	-2.516133e-01	-1.438833e+00	5.936098e-01	-1.119892e+00	-1.798274e-02	7.560158e-02	1.981805e-02	5.578353e-02
686           	1.062923e-01	-1.066746e+00	1.173038e+00	-1.690446e+00	-2.516133e-01	-1.438833e+00	5.936098e-01	-1.119892e+00	-1.798274e-02	7.560158e-02	1.981805e-02	5.578353e-02
687           	1.062923e-01	-1.066746e+00	1.173038e+00	-1.690446e+00	-2.516133e-01	-1.438833e+00	5.936098e-01	-1.119892e+00	-1.798274e-02	7.560158e-02	1.981805e-02	5.578353e-02
688           	1.062922e-01	-1.066746e+00	1.173038e+00	-1.690446e+00	-2.516133e-01	-1.438833e+00	5.936098e-01	-1.119892e+00	-1.798273e-02	7.560159e-02	1.981806e-02	5.578353e-02
689           	1.062922e-01	-1.066746e+00	1.173038e+00	-1.690446e+00	-2.516133e-01	-1.438833e+00	5.936098e-01	-1.119892e+00	-1.798273e-02	7.560160e-02	1.981808e-02	5.578353e-02
690           	1.062922e-01	-1.066746e+00	1.173038e+00	-1.690446e+00	-2.516133e-01	-1.438833e+00	5.936099e-01	-1.119892e+00	-1.798272e-02	7.560161e-02	1.981808e-02	5.578353e-02
691           	1.062922e-01	-1.066746e+00	1.173039e+00	-1.690447e+00	-2.516133e-01	-1.438833e+00	5.936101e-01	-1.119892e+00	-1.798272e-02	7.560162e-02	1.981809e-02	5.578353e-02
692           	1.062923e-01	-1.066747e+00	1.173039e+00	-1.690447e+00	-2.516132e-01	-1.438834e+00	5.936102e-01	-1.119893e+00	-1.798272e-02	7.560163e-02	1.981809e-02	5.578353e-02
693           	1.062923e-01	-1.066747e+00	1.173039e+00	-1.690447e+00	-2.516132e-01	-1.438834e+00	5.936104e-01	-1.119893e+00	-1.798272e-02	7.560163e-02	1.981809e-02	5.578354e-02
694           	1.062923e-01	-1.066747e+00	1.173039e+00	-1.690448e+00	-2.516132e-01	-1.438834e+00	5.936105e-01	-1.119893e+00	-1.798273e-02	7.560163e-02	1.981809e-02	5.578354e-02
695           	1.062923e-01	-1.066747e+00	1.173039e+00	-1.690448e+00	-2.516133e-01	-1.438834e+00	5.936105e-01	-1.119893e+00	-1.798273e-02	7.560163e-02	1.981809e-02	5.578354e-02
696           	1.062923e-01	-1.066747e+00	1.173039e+00	-1.690448e+00	-2.516133e-01	-1.438834e+00	5.936105e-01	-1.119893e+00	-1.798272e-02	7.560163e-02	1.981809e-02	5.578354e-02
697           	1.062923e-01	-1.066747e+00	1.173039e+00	-1.690448e+00	-2.516133e-01	-1.438834e+00	5.936105e-01	-1.119893e+00	-1.798272e-02	7.560164e-02	1.981810e-02	5.578354e-02
698           	1.062923e-01	-1.066747e+00	1.173039e+00	-1.690448e+00	-2.516133e-01	-1.438834e+00	5.936104e-01	-1.119893e+00	-1.798271e-02	7.560165e-02	1.981811e-02	5.578353e-02
699           	1.062923e-01	-1.066747e+00	1.173039e+00	-1.690448e+00	-2.516133e-01	-1.438834e+00	5.936105e-01	-1.119893e+00	-1.798270e-02	7.560165e-02	1.981812e-02	5.578353e-02
700           	1.062923e-01	-1.066747e+00	1.173039e+00	-1.690448e+00	-2.516133e-01	-1.438835e+00	5.936106e-01	-1.119893e+00	-1.798270e-02	7.560167e-02	1.981813e-02	5.578353e-02
701           	1.062923e-01	-1.066747e+00	1.173039e+00	-1.690448e+00	-2.516133e-01	-1.438835e+00	5.936108e-01	-1.119893e+00	-1.798270e-02	7.560167e-02	1.981814e-02	5.578353e-02
702           	1.062923e-01	-1.066747e+00	1.173040e+00	-1.690449e+00	-2.516133e-01	-1.438835e+00	5.936110e-01	-1.119894e+00	-1.798270e-02	7.560168e-02	1.981814e-02	5.578354e-02
703           	1.062923e-01	-1.066747e+00	1.173040e+00	-1.690449e+00	-2.516133e-01	-1.438835e+00	5.936111e-01	-1.119894e+00	-1.798270e-02	7.560168e-02	1.981814e-02	5.578354e-02
704           	1.062923e-01	-1.066748e+00	1.173040e+00	-1.690449e+00	-2.516133e-01	-1.438836e+00	5.936112e-01	-1.119894e+00	-1.798271e-02	7.560168e-02	1.981814e-02	5.578355e-02
705           	1.062923e-01	-1.066748e+00	1.173040e+00	-1.690449e+00	-2.516133e-01	-1.438836e+00	5.936112e-01	-1.119894e+00	-1.798271e-02	7.560168e-02	1.981813e-02	5.578355e-02
706           	1.062923e-01	-1.066748e+00	1.173040e+00	-1.690449e+00	-2.516133e-01	-1.438835e+00	5.936111e-01	-1.119894e+00	-1.798271e-02	7.560169e-02	1.981814e-02	5.578355e-02
707           	1.062923e-01	-1.066748e+00	1.173040e+00	-1.690449e+00	-2.516133e-01	-1.438835e+00	5.936110e-01	-1.119894e+00	-1.798270e-02	7.560169e-02	1.981814e-02	5.578355e-02
708           	1.062923e-01	-1.066748e+00	1.173040e+00	-1.690449e+00	-2.516133e-01	-1.438835e+00	5.936110e-01	-1.119894e+00	-1.798270e-02	7.560169e-02	1.981815e-02	5.578354e-02
709           	1.062923e-01	-1.066748e+00	1.173040e+00	-1.690449e+00	-2.516133e-01	-1.438836e+00	5.936111e-01	-1.119894e+00	-1.798269e-02	7.560170e-02	1.981816e-02	5.578354e-02
710           	1.062923e-01	-1.066748e+00	1.173040e+00	-1.690449e+00	-2.516133e-01	-1.438836e+00	5.936113e-01	-1.119894e+00	-1.798269e-02	7.560171e-02	1.981816e-02	5.578355e-02
711           	1.062923e-01	-1.066748e+00	1.173040e+00	-1.690449e+00	-2.516133e-01	-1.438836e+00	5.936114e-01	-1.119894e+00	-1.798269e-02	7.560172e-02	1.981817e-02	5.578355e-02
712           	1.062923e-01	-1.066748e+00	1.173040e+00	-1.690450e+00	-2.516132e-01	-1.438836e+00	5.936116e-01	-1.119894e+00	-1.798270e-02	7.560172e-02	1.981816e-02	5.578356e-02
713           	1.062923e-01	-1.066748e+00	1.173040e+00	-1.690450e+00	-2.516132e-01	-1.438837e+00	5.936117e-01	-1.119894e+00	-1.798270e-02	7.560173e-02	1.981816e-02	5.578357e-02
714           	1.062923e-01	-1.066748e+00	1.173041e+00	-1.690450e+00	-2.516133e-01	-1.438837e+00	5.936118e-01	-1.119894e+00	-1.798271e-02	7.560173e-02	1.981816e-02	5.578357e-02
715           	1.062924e-01	-1.066748e+00	1.173041e+00	-1.690450e+00	-2.516133e-01	-1.438837e+00	5.936118e-01	-1.119894e+00	-1.798271e-02	7.560173e-02	1.981816e-02	5.578357e-02
716           	1.062924e-01	-1.066748e+00	1.173041e+00	-1.690450e+00	-2.516133e-01	-1.438837e+00	5.936118e-01	-1.119894e+00	-1.798270e-02	7.560173e-02	1.981816e-02	5.578357e-02
717           	1.062924e-01	-1.066748e+00	1.173041e+00	-1.690450e+00	-2.516134e-01	-1.438837e+00	5.936117e-01	-1.119894e+00	-1.798270e-02	7.560173e-02	1.981817e-02	5.578356e-02
718           	1.062924e-01	-1.066748e+00	1.173041e+00	-1.690450e+00	-2.516134e-01	-1.438837e+00	5.936118e-01	-1.119894e+00	-1.798269e-02	7.560173e-02	1.981818e-02	5.578356e-02
719           	1.062924e-01	-1.066748e+00	1.173041e+00	-1.690450e+00	-2.516133e-01	-1.438837e+00	5.936119e-01	-1.119895e+00	-1.798269e-02	7.560174e-02	1.981818e-02	5.578356e-02
720           	1.062923e-01	-1.066749e+00	1.173041e+00	-1.690451e+00	-2.516133e-01	-1.438837e+00	5.936121e-01	-1.119895e+00	-1.798268e-02	7.560175e-02	1.981819e-02	5.578356e-02
721           	1.062923e-01	-1.066749e+00	1.173041e+00	-1.690451e+00	-2.516132e-01	-1.438838e+00	5.936122e-01	-1.119895e+00	-1.798268e-02	7.560176e-02	1.981820e-02	5.578356e-02
722           	1.062923e-01	-1.066749e+00	1.173041e+00	-1.690451e+00	-2.516132e-01	-1.438838e+00	5.936124e-01	-1.119895e+00	-1.798269e-02	7.560177e-02	1.981820e-02	5.578357e-02
723           	1.062924e-01	-1.066749e+00	1.173041e+00	-1.690451e+00	-2.516132e-01	-1.438838e+00	5.936124e-01	-1.119895e+00	-1.798269e-02	7.560177e-02	1.981820e-02	5.578358e-02
724           	1.062924e-01	-1.066749e+00	1.173041e+00	-1.690451e+00	-2.516132e-01	-1.438838e+00	5.936125e-01	-1.119895e+00	-1.798269e-02	7.560177e-02	1.981819e-02	5.578358e-02
725           	1.062924e-01	-1.066749e+00	1.173041e+00	-1.690451e+00	-2.516133e-01	-1.438838e+00	5.936124e-01	-1.119895e+00	-1.798270e-02	7.560177e-02	1.981819e-02	5.578358e-02
726           	1.062924e-01	-1.066749e+00	1.173041e+00	-1.690451e+00	-2.516133e-01	-1.438838e+00	5.936124e-01	-1.119895e+00	-1.798269e-02	7.560177e-02	1.981819e-02	5.578358e-02
727           	1.062924e-01	-1.066749e+00	1.173041e+00	-1.690452e+00	-2.516134e-01	-1.438838e+00	5.936124e-01	-1.119895e+00	-1.798269e-02	7.560177e-02	1.981819e-02	5.578357e-02
728           	1.062924e-01	-1.066749e+00	1.173041e+00	-1.690452e+00	-2.516133e-01	-1.438838e+00	5.936124e-01	-1.119895e+00	-1.798269e-02	7.560177e-02	1.981820e-02	5.578357e-02
729           	1.062924e-01	-1.066749e+00	1.173041e+00	-1.690452e+00	-2.516133e-01	-1.438838e+00	5.936126e-01	-1.119895e+00	-1.798268e-02	7.560178e-02	1.981820e-02	5.578357e-02
730           	1.062924e-01	-1.066749e+00	1.173042e+00	-1.690452e+00	-2.516133e-01	-1.438839e+00	5.936127e-01	-1.119895e+00	-1.798268e-02	7.560179e-02	1.981821e-02	5.578358e-02
731           	1.062924e-01	-1.066749e+00	1.173042e+00	-1.690452e+00	-2.516132e-01	-1.438839e+00	5.936129e-01	-1.119896e+00	-1.798268e-02	7.560180e-02	1.981821e-02	5.578358e-02
732           	1.062924e-01	-1.066749e+00	1.173042e+00	-1.690452e+00	-2.516132e-01	-1.438839e+00	5.936130e-01	-1.119896e+00	-1.798269e-02	7.560180e-02	1.981822e-02	5.578359e-02
733           	1.062924e-01	-1.066749e+00	1.173042e+00	-1.690453e+00	-2.516133e-01	-1.438839e+00	5.936130e-01	-1.119896e+00	-1.798269e-02	7.560181e-02	1.981821e-02	5.578359e-02
734           	1.062924e-01	-1.066749e+00	1.173042e+00	-1.690453e+00	-2.516133e-01	-1.438839e+00	5.936130e-01	-1.119896e+00	-1.798269e-02	7.560181e-02	1.981821e-02	5.578360e-02
735           	1.062924e-01	-1.066749e+00	1.173042e+00	-1.690453e+00	-2.516134e-01	-1.438839e+00	5.936130e-01	-1.119896e+00	-1.798269e-02	7.560181e-02	1.981821e-02	5.578360e-02
736           	1.062924e-01	-1.066749e+00	1.173042e+00	-1.690453e+00	-2.516134e-01	-1.438839e+00	5.936130e-01	-1.119896e+00	-1.798269e-02	7.560181e-02	1.981821e-02	5.578359e-02
737           	1.062924e-01	-1.066750e+00	1.173042e+00	-1.690453e+00	-2.516134e-01	-1.438839e+00	5.936130e-01	-1.119896e+00	-1.798269e-02	7.560181e-02	1.981822e-02	5.578359e-02
738           	1.062924e-01	-1.066750e+00	1.173042e+00	-1.690453e+00	-2.516134e-01	-1.438839e+00	5.936130e-01	-1.119896e+00	-1.798268e-02	7.560181e-02	1.981822e-02	5.578359e-02
739           	1.062924e-01	-1.066750e+00	1.173042e+00	-1.690453e+00	-2.516134e-01	-1.438840e+00	5.936131e-01	-1.119896e+00	-1.798268e-02	7.560181e-02	1.981823e-02	5.578358e-02
740           	1.062924e-01	-1.066750e+00	1.173042e+00	-1.690453e+00	-2.516133e-01	-1.438840e+00	5.936132e-01	-1.119896e+00	-1.798268e-02	7.560182e-02	1.981824e-02	5.578359e-02
741           	1.062924e-01	-1.066750e+00	1.173042e+00	-1.690453e+00	-2.516133e-01	-1.438840e+00	5.936132e-01	-1.119896e+00	-1.798267e-02	7.560183e-02	1.981824e-02	5.578359e-02
742           	1.062924e-01	-1.066750e+00	1.173042e+00	-1.690453e+00	-2.516133e-01	-1.438840e+00	5.936133e-01	-1.119896e+00	-1.798267e-02	7.560184e-02	1.981824e-02	5.578359e-02
743           	1.062924e-01	-1.066750e+00	1.173042e+00	-1.690453e+00	-2.516133e-01	-1.438840e+00	5.936132e-01	-1.119896e+00	-1.798268e-02	7.560184e-02	1.981824e-02	5.578360e-02
744           	1.062924e-01	-1.066750e+00	1.173042e+00	-1.690453e+00	-2.516134e-01	-1.438840e+00	5.936132e-01	-1.119896e+00	-1.798268e-02	7.560184e-02	1.981824e-02	5.578360e-02
745           	1.062924e-01	-1.066750e+00	1.173042e+00	-1.690453e+00	-2.516135e-01	-1.438840e+00	5.936131e-01	-1.119896e+00	-1.798268e-02	7.560184e-02	1.981824e-02	5.578360e-02
746           	1.062924e-01	-1.066750e+00	1.173042e+00	-1.690453e+00	-2.516135e-01	-1.438840e+00	5.936131e-01	-1.119896e+00	-1.798268e-02	7.560184e-02	1.981824e-02	5.578359e-02
747           	1.062924e-01	-1.066750e+00	1.173042e+00	-1.690453e+00	-2.516135e-01	-1.438840e+00	5.936131e-01	-1.119896e+00	-1.798267e-02	7.560184e-02	1.981825e-02	5.578359e-02
748           	1.062924e-01	-1.066750e+00	1.173042e+00	-1.690453e+00	-2.516135e-01	-1.438840e+00	5.936131e-01	-1.119896e+00	-1.798267e-02	7.560184e-02	1.981825e-02	5.578359e-02
749           	1.062924e-01	-1.066750e+00	1.173043e+00	-1.690453e+00	-2.516134e-01	-1.438840e+00	5.936132e-01	-1.119896e+00	-1.798266e-02	7.560184e-02	1.981826e-02	5.578359e-02
750           	1.062924e-01	-1.066750e+00	1.173043e+00	-1.690453e+00	-2.516134e-01	-1.438840e+00	5.936133e-01	-1.119896e+00	-1.798266e-02	7.560185e-02	1.981826e-02	5.578359e-02
751           	1.062924e-01	-1.066750e+00	1.173043e+00	-1.690453e+00	-2.516134e-01	-1.438840e+00	5.936133e-01	-1.119896e+00	-1.798266e-02	7.560186e-02	1.981827e-02	5.578359e-02
752           	1.062924e-01	-1.066750e+00	1.173043e+00	-1.690453e+00	-2.516134e-01	-1.438840e+00	5.936133e-01	-1.119897e+00	-1.798266e-02	7.560187e-02	1.981827e-02	5.578360e-02
753           	1.062924e-01	-1.066750e+00	1.173043e+00	-1.690454e+00	-2.516135e-01	-1.438840e+00	5.936133e-01	-1.119896e+00	-1.798267e-02	7.560187e-02	1.981827e-02	5.578360e-02
754           	1.062924e-01	-1.066750e+00	1.173043e+00	-1.690454e+00	-2.516135e-01	-1.438840e+00	5.936133e-01	-1.119896e+00	-1.798267e-02	7.560187e-02	1.981827e-02	5.578360e-02
755           	1.062924e-01	-1.066750e+00	1.173043e+00	-1.690454e+00	-2.516135e-01	-1.438840e+00	5.936132e-01	-1.119896e+00	-1.798267e-02	7.560187e-02	1.981827e-02	5.578360e-02
756           	1.062924e-01	-1.066750e+00	1.173043e+00	-1.690453e+00	-2.516135e-01	-1.438840e+00	5.936132e-01	-1.119896e+00	-1.798266e-02	7.560187e-02	1.981827e-02	5.578360e-02
757           	1.062924e-01	-1.066750e+00	1.173043e+00	-1.690454e+00	-2.516135e-01	-1.438840e+00	5.936132e-01	-1.119897e+00	-1.798266e-02	7.560187e-02	1.981828e-02	5.578360e-02
758           	1.062924e-01	-1.066750e+00	1.173043e+00	-1.690454e+00	-2.516135e-01	-1.438840e+00	5.936133e-01	-1.119897e+00	-1.798265e-02	7.560188e-02	1.981829e-02	5.578359e-02
759           	1.062924e-01	-1.066751e+00	1.173043e+00	-1.690454e+00	-2.516135e-01	-1.438840e+00	5.936133e-01	-1.119897e+00	-1.798265e-02	7.560188e-02	1.981829e-02	5.578359e-02
760           	1.062924e-01	-1.066751e+00	1.173043e+00	-1.690454e+00	-2.516134e-01	-1.438840e+00	5.936134e-01	-1.119897e+00	-1.798265e-02	7.560189e-02	1.981830e-02	5.578359e-02
761           	1.062924e-01	-1.066751e+00	1.173043e+00	-1.690454e+00	-2.516134e-01	-1.438840e+00	5.936134e-01	-1.119897e+00	-1.798264e-02	7.560189e-02	1.981830e-02	5.578359e-02
762           	1.062924e-01	-1.066751e+00	1.173043e+00	-1.690454e+00	-2.516134e-01	-1.438840e+00	5.936134e-01	-1.119897e+00	-1.798265e-02	7.560190e-02	1.981830e-02	5.578360e-02
763           	1.062924e-01	-1.066751e+00	1.173043e+00	-1.690454e+00	-2.516135e-01	-1.438840e+00	5.936134e-01	-1.119897e+00	-1.798265e-02	7.560190e-02	1.981830e-02	5.578360e-02
764           	1.062924e-01	-1.066751e+00	1.173043e+00	-1.690454e+00	-2.516135e-01	-1.438840e+00	5.936134e-01	-1.119897e+00	-1.798265e-02	7.560190e-02	1.981830e-02	5.578360e-02
765           	1.062924e-01	-1.066751e+00	1.173043e+00	-1.690454e+00	-2.516135e-01	-1.438840e+00	5.936134e-01	-1.119897e+00	-1.798265e-02	7.560190e-02	1.981830e-02	5.578360e-02
766           	1.062924e-01	-1.066751e+00	1.173043e+00	-1.690454e+00	-2.516135e-01	-1.438840e+00	5.936135e-01	-1.119897e+00	-1.798264e-02	7.560189e-02	1.981830e-02	5.578359e-02
767           	1.062924e-01	-1.066751e+00	1.173043e+00	-1.690454e+00	-2.516135e-01	-1.438841e+00	5.936135e-01	-1.119897e+00	-1.798264e-02	7.560189e-02	1.981831e-02	5.578359e-02
768           	1.062924e-01	-1.066751e+00	1.173043e+00	-1.690454e+00	-2.516135e-01	-1.438841e+00	5.936136e-01	-1.119897e+00	-1.798263e-02	7.560189e-02	1.981831e-02	5.578358e-02
769           	1.062924e-01	-1.066751e+00	1.173043e+00	-1.690454e+00	-2.516135e-01	-1.438841e+00	5.936136e-01	-1.119897e+00	-1.798263e-02	7.560189e-02	1.981832e-02	5.578358e-02
770           	1.062924e-01	-1.066751e+00	1.173043e+00	-1.690454e+00	-2.516135e-01	-1.438841e+00	5.936137e-01	-1.119897e+00	-1.798263e-02	7.560190e-02	1.981832e-02	5.578358e-02
771           	1.062924e-01	-1.066751e+00	1.173043e+00	-1.690454e+00	-2.516135e-01	-1.438841e+00	5.936137e-01	-1.119897e+00	-1.798263e-02	7.560191e-02	1.981832e-02	5.578359e-02
772           	1.062924e-01	-1.066751e+00	1.173043e+00	-1.690454e+00	-2.516135e-01	-1.438841e+00	5.936137e-01	-1.119897e+00	-1.798264e-02	7.560191e-02	1.981832e-02	5.578359e-02
773           	1.062924e-01	-1.066751e+00	1.173043e+00	-1.690454e+00	-2.516135e-01	-1.438841e+00	5.936137e-01	-1.119897e+00	-1.798264e-02	7.560191e-02	1.981832e-02	5.578359e-02
774           	1.062924e-01	-1.066751e+00	1.173043e+00	-1.690454e+00	-2.516135e-01	-1.438841e+00	5.936137e-01	-1.119897e+00	-1.798264e-02	7.560191e-02	1.981832e-02	5.578360e-02
775           	1.062924e-01	-1.066751e+00	1.173043e+00	-1.690454e+00	-2.516135e-01	-1.438841e+00	5.936136e-01	-1.119897e+00	-1.798264e-02	7.560192e-02	1.981832e-02	5.578360e-02
776           	1.062924e-01	-1.066751e+00	1.173043e+00	-1.690454e+00	-2.516135e-01	-1.438841e+00	5.936137e-01	-1.119897e+00	-1.798263e-02	7.560191e-02	1.981832e-02	5.578359e-02
777           	1.062924e-01	-1.066751e+00	1.173043e+00	-1.690454e+00	-2.516135e-01	-1.438841e+00	5.936137e-01	-1.119897e+00	-1.798263e-02	7.560192e-02	1.981833e-02	5.578359e-02
778           	1.062924e-01	-1.066751e+00	1.173043e+00	-1.690455e+00	-2.516135e-01	-1.438841e+00	5.936138e-01	-1.119897e+00	-1.798263e-02	7.560192e-02	1.981833e-02	5.578359e-02
779           	1.062924e-01	-1.066751e+00	1.173043e+00	-1.690455e+00	-2.516135e-01	-1.438841e+00	5.936139e-01	-1.119897e+00	-1.798263e-02	7.560192e-02	1.981833e-02	5.578359e-02
780           	1.062924e-01	-1.066751e+00	1.173044e+00	-1.690455e+00	-2.516135e-01	-1.438841e+00	5.936139e-01	-1.119897e+00	-1.798263e-02	7.560192e-02	1.981834e-02	5.578359e-02
781           	1.062924e-01	-1.066751e+00	1.173044e+00	-1.690455e+00	-2.516134e-01	-1.438841e+00	5.936139e-01	-1.119897e+00	-1.798263e-02	7.560193e-02	1.981833e-02	5.578360e-02
782           	1.062924e-01	-1.066751e+00	1.173044e+00	-1.690455e+00	-2.516134e-01	-1.438841e+00	5.936140e-01	-1.119897e+00	-1.798263e-02	7.560194e-02	1.981833e-02	5.578360e-02
783           	1.062924e-01	-1.066751e+00	1.173044e+00	-1.690455e+00	-2.516134e-01	-1.438841e+00	5.936140e-01	-1.119897e+00	-1.798264e-02	7.560194e-02	1.981833e-02	5.578361e-02
784           	1.062924e-01	-1.066751e+00	1.173043e+00	-1.690455e+00	-2.516134e-01	-1.438841e+00	5.936140e-01	-1.119897e+00	-1.798264e-02	7.560194e-02	1.981833e-02	5.578361e-02
785           	1.062924e-01	-1.066751e+00	1.173044e+00	-1.690455e+00	-2.516134e-01	-1.438841e+00	5.936140e-01	-1.119897e+00	-1.798264e-02	7.560194e-02	1.981833e-02	5.578361e-02
786           	1.062924e-01	-1.066751e+00	1.173044e+00	-1.690455e+00	-2.516135e-01	-1.438842e+00	5.936141e-01	-1.119897e+00	-1.798263e-02	7.560194e-02	1.981834e-02	5.578360e-02
787           	1.062924e-01	-1.066751e+00	1.173044e+00	-1.690455e+00	-2.516135e-01	-1.438842e+00	5.936141e-01	-1.119898e+00	-1.798263e-02	7.560194e-02	1.981834e-02	5.578360e-02
788           	1.062924e-01	-1.066751e+00	1.173044e+00	-1.690455e+00	-2.516136e-01	-1.438842e+00	5.936142e-01	-1.119898e+00	-1.798263e-02	7.560194e-02	1.981834e-02	5.578359e-02
789           	1.062924e-01	-1.066751e+00	1.173044e+00	-1.690456e+00	-2.516136e-01	-1.438842e+00	5.936142e-01	-1.119898e+00	-1.798262e-02	7.560194e-02	1.981835e-02	5.578359e-02
790           	1.062924e-01	-1.066751e+00	1.173044e+00	-1.690456e+00	-2.516135e-01	-1.438842e+00	5.936142e-01	-1.119898e+00	-1.798263e-02	7.560194e-02	1.981834e-02	5.578360e-02
791           	1.062924e-01	-1.066751e+00	1.173044e+00	-1.690455e+00	-2.516135e-01	-1.438842e+00	5.936142e-01	-1.119898e+00	-1.798263e-02	7.560195e-02	1.981834e-02	5.578360e-02
792           	1.062924e-01	-1.066751e+00	1.173044e+00	-1.690455e+00	-2.516134e-01	-1.438842e+00	5.936142e-01	-1.119898e+00	-1.798263e-02	7.560195e-02	1.981834e-02	5.578361e-02
793           	1.062924e-01	-1.066751e+00	1.173044e+00	-1.690455e+00	-2.516134e-01	-1.438842e+00	5.936142e-01	-1.119898e+00	-1.798263e-02	7.560195e-02	1.981834e-02	5.578361e-02
794           	1.062924e-01	-1.066751e+00	1.173044e+00	-1.690455e+00	-2.516134e-01	-1.438842e+00	5.936142e-01	-1.119898e+00	-1.798263e-02	7.560195e-02	1.981835e-02	5.578361e-02
795           	1.062924e-01	-1.066751e+00	1.173044e+00	-1.690455e+00	-2.516134e-01	-1.438842e+00	5.936142e-01	-1.119898e+00	-1.798263e-02	7.560195e-02	1.981835e-02	5.578360e-02
796           	1.062924e-01	-1.066751e+00	1.173044e+00	-1.690455e+00	-2.516135e-01	-1.438842e+00	5.936143e-01	-1.119898e+00	-1.798262e-02	7.560195e-02	1.981835e-02	5.578360e-02
797           	1.062924e-01	-1.066752e+00	1.173044e+00	-1.690456e+00	-2.516135e-01	-1.438842e+00	5.936143e-01	-1.119898e+00	-1.798262e-02	7.560195e-02	1.981836e-02	5.578360e-02
798           	1.062924e-01	-1.066752e+00	1.173044e+00	-1.690456e+00	-2.516136e-01	-1.438842e+00	5.936144e-01	-1.119898e+00	-1.798262e-02	7.560195e-02	1.981836e-02	5.578359e-02
799           	1.062924e-01	-1.066752e+00	1.173044e+00	-1.690456e+00	-2.516136e-01	-1.438842e+00	5.936144e-01	-1.119898e+00	-1.798262e-02	7.560195e-02	1.981836e-02	5.578359e-02
800           	1.062924e-01	-1.066752e+00	1.173044e+00	-1.690456e+00	-2.516135e-01	-1.438842e+00	5.936144e-01	-1.119898e+00	-1.798262e-02	7.560195e-02	1.981836e-02	5.578360e-02
801           	1.062924e-01	-1.066752e+00	1.173044e+00	-1.690456e+00	-2.516134e-01	-1.438842e+00	5.936144e-01	-1.119898e+00	-1.798262e-02	7.560196e-02	1.981836e-02	5.578360e-02
802           	1.062924e-01	-1.066752e+00	1.173044e+00	-1.690455e+00	-2.516134e-01	-1.438842e+00	5.936143e-01	-1.119898e+00	-1.798262e-02	7.560196e-02	1.981836e-02	5.578360e-02
803           	1.062924e-01	-1.066752e+00	1.173044e+00	-1.690455e+00	-2.516134e-01	-1.438842e+00	5.936143e-01	-1.119898e+00	-1.798262e-02	7.560197e-02	1.981836e-02	5.578361e-02
804           	1.062924e-01	-1.066752e+00	1.173044e+00	-1.690455e+00	-2.516134e-01	-1.438842e+00	5.936143e-01	-1.119898e+00	-1.798262e-02	7.560197e-02	1.981837e-02	5.578360e-02
805           	1.062924e-01	-1.066752e+00	1.173044e+00	-1.690456e+00	-2.516135e-01	-1.438842e+00	5.936144e-01	-1.119898e+00	-1.798262e-02	7.560197e-02	1.981837e-02	5.578360e-02
806           	1.062924e-01	-1.066752e+00	1.173044e+00	-1.690456e+00	-2.516136e-01	-1.438842e+00	5.936144e-01	-1.119898e+00	-1.798261e-02	7.560197e-02	1.981837e-02	5.578360e-02
807           	1.062924e-01	-1.066752e+00	1.173044e+00	-1.690456e+00	-2.516136e-01	-1.438843e+00	5.936145e-01	-1.119898e+00	-1.798261e-02	7.560197e-02	1.981837e-02	5.578360e-02
808           	1.062924e-01	-1.066752e+00	1.173044e+00	-1.690456e+00	-2.516136e-01	-1.438843e+00	5.936145e-01	-1.119898e+00	-1.798261e-02	7.560197e-02	1.981837e-02	5.578360e-02
809           	1.062924e-01	-1.066752e+00	1.173044e+00	-1.690456e+00	-2.516136e-01	-1.438843e+00	5.936145e-01	-1.119898e+00	-1.798262e-02	7.560197e-02	1.981837e-02	5.578360e-02
810           	1.062924e-01	-1.066752e+00	1.173044e+00	-1.690456e+00	-2.516135e-01	-1.438842e+00	5.936144e-01	-1.119898e+00	-1.798262e-02	7.560197e-02	1.981837e-02	5.578361e-02
811           	1.062924e-01	-1.066752e+00	1.173044e+00	-1.690456e+00	-2.516135e-01	-1.438842e+00	5.936144e-01	-1.119898e+00	-1.798262e-02	7.560197e-02	1.981837e-02	5.578361e-02
812           	1.062924e-01	-1.066752e+00	1.173044e+00	-1.690455e+00	-2.516134e-01	-1.438842e+00	5.936143e-01	-1.119898e+00	-1.798262e-02	7.560198e-02	1.981837e-02	5.578361e-02
813           	1.062924e-01	-1.066752e+00	1.173044e+00	-1.690455e+00	-2.516134e-01	-1.438842e+00	5.936143e-01	-1.119898e+00	-1.798262e-02	7.560198e-02	1.981837e-02	5.578361e-02
814           	1.062924e-01	-1.066752e+00	1.173044e+00	-1.690456e+00	-2.516134e-01	-1.438842e+00	5.936143e-01	-1.119898e+00	-1.798261e-02	7.560198e-02	1.981838e-02	5.578361e-02
815           	1.062924e-01	-1.066752e+00	1.173044e+00	-1.690456e+00	-2.516135e-01	-1.438842e+00	5.936144e-01	-1.119898e+00	-1.798261e-02	7.560198e-02	1.981838e-02	5.578360e-02
816           	1.062924e-01	-1.066752e+00	1.173044e+00	-1.690456e+00	-2.516136e-01	-1.438843e+00	5.936145e-01	-1.119898e+00	-1.798261e-02	7.560198e-02	1.981838e-02	5.578360e-02
817           	1.062924e-01	-1.066752e+00	1.173044e+00	-1.690456e+00	-2.516136e-01	-1.438843e+00	5.936145e-01	-1.119898e+00	-1.798261e-02	7.560198e-02	1.981838e-02	5.578360e-02
818           	1.062924e-01	-1.066752e+00	1.173044e+00	-1.690456e+00	-2.516137e-01	-1.438843e+00	5.936146e-01	-1.119898e+00	-1.798261e-02	7.560198e-02	1.981838e-02	5.578360e-02
819           	1.062924e-01	-1.066752e+00	1.173044e+00	-1.690456e+00	-2.516136e-01	-1.438843e+00	5.936145e-01	-1.119898e+00	-1.798261e-02	7.560198e-02	1.981838e-02	5.578360e-02
820           	1.062924e-01	-1.066752e+00	1.173044e+00	-1.690456e+00	-2.516136e-01	-1.438842e+00	5.936144e-01	-1.119898e+00	-1.798261e-02	7.560198e-02	1.981838e-02	5.578360e-02
821           	1.062924e-01	-1.066752e+00	1.173044e+00	-1.690456e+00	-2.516135e-01	-1.438842e+00	5.936144e-01	-1.119898e+00	-1.798261e-02	7.560198e-02	1.981838e-02	5.578361e-02
822           	1.062924e-01	-1.066752e+00	1.173044e+00	-1.690456e+00	-2.516135e-01	-1.438842e+00	5.936143e-01	-1.119898e+00	-1.798261e-02	7.560199e-02	1.981838e-02	5.578361e-02
823           	1.062924e-01	-1.066752e+00	1.173044e+00	-1.690456e+00	-2.516135e-01	-1.438842e+00	5.936143e-01	-1.119898e+00	-1.798261e-02	7.560199e-02	1.981839e-02	5.578361e-02
824           	1.062924e-01	-1.066752e+00	1.173044e+00	-1.690456e+00	-2.516135e-01	-1.438842e+00	5.936144e-01	-1.119898e+00	-1.798261e-02	7.560199e-02	1.981839e-02	5.578361e-02
825           	1.062924e-01	-1.066752e+00	1.173044e+00	-1.690456e+00	-2.516135e-01	-1.438843e+00	5.936145e-01	-1.119898e+00	-1.798261e-02	7.560200e-02	1.981839e-02	5.578360e-02
826           	1.062924e-01	-1.066752e+00	1.173044e+00	-1.690456e+00	-2.516136e-01	-1.438843e+00	5.936145e-01	-1.119898e+00	-1.798261e-02	7.560200e-02	1.981839e-02	5.578360e-02
827           	1.062924e-01	-1.066752e+00	1.173045e+00	-1.690456e+00	-2.516136e-01	-1.438843e+00	5.936146e-01	-1.119898e+00	-1.798260e-02	7.560200e-02	1.981839e-02	5.578360e-02
828           	1.062924e-01	-1.066752e+00	1.173045e+00	-1.690456e+00	-2.516136e-01	-1.438843e+00	5.936145e-01	-1.119898e+00	-1.798261e-02	7.560200e-02	1.981839e-02	5.578361e-02
829           	1.062924e-01	-1.066752e+00	1.173044e+00	-1.690456e+00	-2.516136e-01	-1.438843e+00	5.936145e-01	-1.119898e+00	-1.798261e-02	7.560199e-02	1.981839e-02	5.578361e-02
830           	1.062924e-01	-1.066752e+00	1.173044e+00	-1.690456e+00	-2.516135e-01	-1.438842e+00	5.936144e-01	-1.119898e+00	-1.798261e-02	7.560199e-02	1.981839e-02	5.578361e-02
831           	1.062924e-01	-1.066752e+00	1.173044e+00	-1.690456e+00	-2.516135e-01	-1.438842e+00	5.936143e-01	-1.119898e+00	-1.798261e-02	7.560199e-02	1.981839e-02	5.578361e-02
832           	1.062924e-01	-1.066752e+00	1.173044e+00	-1.690456e+00	-2.516135e-01	-1.438842e+00	5.936143e-01	-1.119898e+00	-1.798261e-02	7.560200e-02	1.981839e-02	5.578360e-02
833           	1.062924e-01	-1.066752e+00	1.173044e+00	-1.690456e+00	-2.516135e-01	-1.438842e+00	5.936144e-01	-1.119898e+00	-1.798260e-02	7.560200e-02	1.981840e-02	5.578360e-02
834           	1.062924e-01	-1.066752e+00	1.173044e+00	-1.690456e+00	-2.516135e-01	-1.438842e+00	5.936145e-01	-1.119898e+00	-1.798260e-02	7.560200e-02	1.981840e-02	5.578360e-02
835           	1.062924e-01	-1.066752e+00	1.173045e+00	-1.690456e+00	-2.516135e-01	-1.438843e+00	5.936145e-01	-1.119898e+00	-1.798260e-02	7.560200e-02	1.981840e-02	5.578360e-02
836           	1.062924e-01	-1.066752e+00	1.173045e+00	-1.690456e+00	-2.516135e-01	-1.438843e+00	5.936146e-01	-1.119898e+00	-1.798260e-02	7.560200e-02	1.981840e-02	5.578359e-02
837           	1.062924e-01	-1.066752e+00	1.173045e+00	-1.690456e+00	-2.516136e-01	-1.438843e+00	5.936147e-01	-1.119898e+00	-1.798260e-02	7.560199e-02	1.981840e-02	5.578360e-02
838           	1.062924e-01	-1.066752e+00	1.173045e+00	-1.690456e+00	-2.516136e-01	-1.438843e+00	5.936146e-01	-1.119898e+00	-1.798260e-02	7.560199e-02	1.981840e-02	5.578360e-02
839           	1.062924e-01	-1.066752e+00	1.173045e+00	-1.690456e+00	-2.516136e-01	-1.438843e+00	5.936145e-01	-1.119898e+00	-1.798260e-02	7.560200e-02	1.981840e-02	5.578360e-02
840           	1.062924e-01	-1.066752e+00	1.173044e+00	-1.690456e+00	-2.516136e-01	-1.438842e+00	5.936144e-01	-1.119898e+00	-1.798260e-02	7.560200e-02	1.981840e-02	5.578360e-02
841           	1.062924e-01	-1.066752e+00	1.173044e+00	-1.690456e+00	-2.516135e-01	-1.438842e+00	5.936144e-01	-1.119898e+00	-1.798260e-02	7.560200e-02	1.981840e-02	5.578360e-02
842           	1.062924e-01	-1.066752e+00	1.173044e+00	-1.690456e+00	-2.516135e-01	-1.438842e+00	5.936144e-01	-1.119898e+00	-1.798259e-02	7.560200e-02	1.981841e-02	5.578360e-02
843           	1.062924e-01	-1.066752e+00	1.173045e+00	-1.690456e+00	-2.516135e-01	-1.438842e+00	5.936145e-01	-1.119898e+00	-1.798259e-02	7.560201e-02	1.981841e-02	5.578359e-02
844           	1.062924e-01	-1.066752e+00	1.173045e+00	-1.690456e+00	-2.516135e-01	-1.438843e+00	5.936146e-01	-1.119898e+00	-1.798259e-02	7.560201e-02	1.981841e-02	5.578359e-02
845           	1.062924e-01	-1.066752e+00	1.173045e+00	-1.690456e+00	-2.516135e-01	-1.438843e+00	5.936146e-01	-1.119898e+00	-1.798259e-02	7.560201e-02	1.981841e-02	5.578359e-02
846           	1.062924e-01	-1.066752e+00	1.173045e+00	-1.690456e+00	-2.516135e-01	-1.438843e+00	5.936146e-01	-1.119898e+00	-1.798259e-02	7.560201e-02	1.981841e-02	5.578360e-02
847           	1.062924e-01	-1.066752e+00	1.173045e+00	-1.690456e+00	-2.516135e-01	-1.438843e+00	5.936146e-01	-1.119898e+00	-1.798259e-02	7.560201e-02	1.981841e-02	5.578360e-02
848           	1.062924e-01	-1.066752e+00	1.173045e+00	-1.690456e+00	-2.516136e-01	-1.438843e+00	5.936145e-01	-1.119898e+00	-1.798260e-02	7.560201e-02	1.981841e-02	5.578360e-02
849           	1.062924e-01	-1.066752e+00	1.173045e+00	-1.690456e+00	-2.516136e-01	-1.438843e+00	5.936145e-01	-1.119898e+00	-1.798260e-02	7.560201e-02	1.981841e-02	5.578361e-02
850           	1.062924e-01	-1.066752e+00	1.173044e+00	-1.690456e+00	-2.516136e-01	-1.438842e+00	5.936144e-01	-1.119898e+00	-1.798260e-02	7.560201e-02	1.981841e-02	5.578361e-02
851           	1.062924e-01	-1.066752e+00	1.173044e+00	-1.690456e+00	-2.516136e-01	-1.438842e+00	5.936144e-01	-1.119898e+00	-1.798260e-02	7.560202e-02	1.981841e-02	5.578361e-02
852           	1.062924e-01	-1.066752e+00	1.173045e+00	-1.690456e+00	-2.516135e-01	-1.438842e+00	5.936144e-01	-1.119898e+00	-1.798260e-02	7.560202e-02	1.981841e-02	5.578361e-02
853           	1.062924e-01	-1.066752e+00	1.173045e+00	-1.690456e+00	-2.516135e-01	-1.438842e+00	5.936145e-01	-1.119898e+00	-1.798260e-02	7.560202e-02	1.981841e-02	5.578361e-02
854           	1.062924e-01	-1.066752e+00	1.173045e+00	-1.690456e+00	-2.516134e-01	-1.438843e+00	5.936146e-01	-1.119898e+00	-1.798260e-02	7.560202e-02	1.981841e-02	5.578360e-02
855           	1.062924e-01	-1.066752e+00	1.173045e+00	-1.690456e+00	-2.516135e-01	-1.438843e+00	5.936146e-01	-1.119898e+00	-1.798260e-02	7.560202e-02	1.981841e-02	5.578361e-02
856           	1.062924e-01	-1.066752e+00	1.173045e+00	-1.690456e+00	-2.516135e-01	-1.438843e+00	5.936146e-01	-1.119899e+00	-1.798260e-02	7.560202e-02	1.981841e-02	5.578361e-02
857           	1.062924e-01	-1.066752e+00	1.173045e+00	-1.690456e+00	-2.516136e-01	-1.438843e+00	5.936146e-01	-1.119898e+00	-1.798260e-02	7.560202e-02	1.981840e-02	5.578361e-02
858           	1.062924e-01	-1.066752e+00	1.173045e+00	-1.690456e+00	-2.516136e-01	-1.438843e+00	5.936145e-01	-1.119898e+00	-1.798260e-02	7.560202e-02	1.981841e-02	5.578361e-02
859           	1.062924e-01	-1.066752e+00	1.173045e+00	-1.690456e+00	-2.516136e-01	-1.438842e+00	5.936144e-01	-1.119898e+00	-1.798260e-02	7.560202e-02	1.981841e-02	5.578361e-02
860           	1.062924e-01	-1.066752e+00	1.173045e+00	-1.690456e+00	-2.516136e-01	-1.438842e+00	5.936144e-01	-1.119898e+00	-1.798260e-02	7.560202e-02	1.981841e-02	5.578361e-02
861           	1.062924e-01	-1.066752e+00	1.173045e+00	-1.690456e+00	-2.516136e-01	-1.438842e+00	5.936144e-01	-1.119898e+00	-1.798259e-02	7.560202e-02	1.981841e-02	5.578360e-02
862           	1.062924e-01	-1.066752e+00	1.173045e+00	-1.690456e+00	-2.516135e-01	-1.438842e+00	5.936144e-01	-1.119898e+00	-1.798259e-02	7.560202e-02	1.981842e-02	5.578360e-02
863           	1.062924e-01	-1.066752e+00	1.173045e+00	-1.690456e+00	-2.516135e-01	-1.438842e+00	5.936145e-01	-1.119898e+00	-1.798259e-02	7.560202e-02	1.981842e-02	5.578360e-02
864           	1.062924e-01	-1.066752e+00	1.173045e+00	-1.690456e+00	-2.516134e-01	-1.438843e+00	5.936145e-01	-1.119899e+00	-1.798258e-02	7.560202e-02	1.981843e-02	5.578359e-02
865           	1.062924e-01	-1.066752e+00	1.173045e+00	-1.690456e+00	-2.516135e-01	-1.438843e+00	5.936146e-01	-1.119899e+00	-1.798258e-02	7.560202e-02	1.981843e-02	5.578359e-02
866           	1.062924e-01	-1.066752e+00	1.173045e+00	-1.690456e+00	-2.516135e-01	-1.438843e+00	5.936146e-01	-1.119899e+00	-1.798258e-02	7.560202e-02	1.981843e-02	5.578359e-02
867           	1.062924e-01	-1.066752e+00	1.173045e+00	-1.690456e+00	-2.516136e-01	-1.438843e+00	5.936145e-01	-1.119898e+00	-1.798258e-02	7.560203e-02	1.981843e-02	5.578359e-02
868           	1.062924e-01	-1.066752e+00	1.173045e+00	-1.690456e+00	-2.516137e-01	-1.438843e+00	5.936145e-01	-1.119898e+00	-1.798258e-02	7.560202e-02	1.981843e-02	5.578359e-02
869           	1.062924e-01	-1.066752e+00	1.173045e+00	-1.690456e+00	-2.516137e-01	-1.438843e+00	5.936144e-01	-1.119898e+00	-1.798258e-02	7.560202e-02	1.981843e-02	5.578359e-02
870           	1.062924e-01	-1.066752e+00	1.173045e+00	-1.690456e+00	-2.516137e-01	-1.438842e+00	5.936144e-01	-1.119898e+00	-1.798258e-02	7.560202e-02	1.981843e-02	5.578359e-02
871           	1.062924e-01	-1.066752e+00	1.173045e+00	-1.690456e+00	-2.516136e-01	-1.438842e+00	5.936144e-01	-1.119898e+00	-1.798258e-02	7.560202e-02	1.981843e-02	5.578359e-02
872           	1.062924e-01	-1.066752e+00	1.173045e+00	-1.690456e+00	-2.516135e-01	-1.438842e+00	5.936144e-01	-1.119898e+00	-1.798258e-02	7.560202e-02	1.981843e-02	5.578359e-02
873           	1.062924e-01	-1.066752e+00	1.173045e+00	-1.690456e+00	-2.516134e-01	-1.438842e+00	5.936145e-01	-1.119898e+00	-1.798258e-02	7.560202e-02	1.981843e-02	5.578359e-02
874           	1.062924e-01	-1.066752e+00	1.173045e+00	-1.690456e+00	-2.516134e-01	-1.438842e+00	5.936145e-01	-1.119899e+00	-1.798258e-02	7.560202e-02	1.981843e-02	5.578359e-02
875           	1.062924e-01	-1.066752e+00	1.173045e+00	-1.690456e+00	-2.516135e-01	-1.438843e+00	5.936145e-01	-1.119899e+00	-1.798258e-02	7.560202e-02	1.981843e-02	5.578359e-02
876           	1.062924e-01	-1.066752e+00	1.173045e+00	-1.690456e+00	-2.516135e-01	-1.438843e+00	5.936145e-01	-1.119899e+00	-1.798259e-02	7.560202e-02	1.981842e-02	5.578360e-02
877           	1.062924e-01	-1.066752e+00	1.173045e+00	-1.690456e+00	-2.516136e-01	-1.438843e+00	5.936145e-01	-1.119898e+00	-1.798259e-02	7.560202e-02	1.981842e-02	5.578360e-02
878           	1.062924e-01	-1.066752e+00	1.173045e+00	-1.690456e+00	-2.516137e-01	-1.438843e+00	5.936144e-01	-1.119898e+00	-1.798259e-02	7.560202e-02	1.981842e-02	5.578361e-02
879           	1.062924e-01	-1.066752e+00	1.173045e+00	-1.690456e+00	-2.516137e-01	-1.438842e+00	5.936144e-01	-1.119898e+00	-1.798260e-02	7.560202e-02	1.981841e-02	5.578361e-02
880           	1.062924e-01	-1.066752e+00	1.173045e+00	-1.690456e+00	-2.516136e-01	-1.438842e+00	5.936144e-01	-1.119898e+00	-1.798260e-02	7.560202e-02	1.981841e-02	5.578361e-02
881           	1.062924e-01	-1.066752e+00	1.173045e+00	-1.690456e+00	-2.516136e-01	-1.438842e+00	5.936144e-01	-1.119898e+00	-1.798260e-02	7.560202e-02	1.981841e-02	5.578361e-02
882           	1.062924e-01	-1.066752e+00	1.173045e+00	-1.690456e+00	-2.516135e-01	-1.438842e+00	5.936144e-01	-1.119898e+00	-1.798259e-02	7.560202e-02	1.981842e-02	5.578360e-02
883           	1.062924e-01	-1.066752e+00	1.173045e+00	-1.690456e+00	-2.516134e-01	-1.438842e+00	5.936144e-01	-1.119899e+00	-1.798259e-02	7.560202e-02	1.981842e-02	5.578360e-02
884           	1.062924e-01	-1.066752e+00	1.173045e+00	-1.690456e+00	-2.516135e-01	-1.438842e+00	5.936145e-01	-1.119899e+00	-1.798259e-02	7.560202e-02	1.981842e-02	5.578360e-02
885           	1.062924e-01	-1.066752e+00	1.173045e+00	-1.690456e+00	-2.516135e-01	-1.438843e+00	5.936146e-01	-1.119899e+00	-1.798259e-02	7.560202e-02	1.981842e-02	5.578361e-02
886           	1.062924e-01	-1.066752e+00	1.173045e+00	-1.690456e+00	-2.516136e-01	-1.438843e+00	5.936146e-01	-1.119899e+00	-1.798260e-02	7.560203e-02	1.981842e-02	5.578361e-02
887           	1.062924e-01	-1.066752e+00	1.173045e+00	-1.690456e+00	-2.516136e-01	-1.438843e+00	5.936146e-01	-1.119899e+00	-1.798260e-02	7.560203e-02	1.981842e-02	5.578361e-02
888           	1.062924e-01	-1.066752e+00	1.173045e+00	-1.690456e+00	-2.516136e-01	-1.438843e+00	5.936145e-01	-1.119898e+00	-1.798260e-02	7.560203e-02	1.981842e-02	5.578361e-02
889           	1.062924e-01	-1.066752e+00	1.173045e+00	-1.690456e+00	-2.516136e-01	-1.438843e+00	5.936145e-01	-1.119898e+00	-1.798260e-02	7.560203e-02	1.981842e-02	5.578361e-02
890           	1.062924e-01	-1.066752e+00	1.173045e+00	-1.690456e+00	-2.516136e-01	-1.438843e+00	5.936146e-01	-1.119899e+00	-1.798259e-02	7.560203e-02	1.981842e-02	5.578361e-02
891           	1.062924e-01	-1.066752e+00	1.173045e+00	-1.690456e+00	-2.516136e-01	-1.438843e+00	5.936146e-01	-1.119899e+00	-1.798259e-02	7.560203e-02	1.981842e-02	5.578360e-02
892           	1.062924e-01	-1.066752e+00	1.173045e+00	-1.690456e+00	-2.516135e-01	-1.438843e+00	5.936146e-01	-1.119899e+00	-1.798258e-02	7.560203e-02	1.981843e-02	5.578360e-02
893           	1.062924e-01	-1.066752e+00	1.173045e+00	-1.690456e+00	-2.516135e-01	-1.438843e+00	5.936146e-01	-1.119899e+00	-1.798258e-02	7.560203e-02	1.981843e-02	5.578360e-02
894           	1.062924e-01	-1.066752e+00	1.173045e+00	-1.690456e+00	-2.516135e-01	-1.438843e+00	5.936147e-01	-1.119899e+00	-1.798258e-02	7.560203e-02	1.981843e-02	5.578360e-02
895           	1.062924e-01	-1.066752e+00	1.173045e+00	-1.690456e+00	-2.516135e-01	-1.438843e+00	5.936147e-01	-1.119899e+00	-1.798259e-02	7.560203e-02	1.981843e-02	5.578360e-02
896           	1.062924e-01	-1.066752e+00	1.173045e+00	-1.690457e+00	-2.516135e-01	-1.438843e+00	5.936147e-01	-1.119899e+00	-1.798259e-02	7.560203e-02	1.981843e-02	5.578360e-02
897           	1.062924e-01	-1.066752e+00	1.173045e+00	-1.690457e+00	-2.516136e-01	-1.438843e+00	5.936147e-01	-1.119899e+00	-1.798259e-02	7.560203e-02	1.981842e-02	5.578361e-02
898           	1.062924e-01	-1.066752e+00	1.173045e+00	-1.690457e+00	-2.516136e-01	-1.438843e+00	5.936147e-01	-1.119899e+00	-1.798259e-02	7.560203e-02	1.981842e-02	5.578361e-02
899           	1.062924e-01	-1.066752e+00	1.173045e+00	-1.690457e+00	-2.516136e-01	-1.438843e+00	5.936147e-01	-1.119899e+00	-1.798259e-02	7.560202e-02	1.981842e-02	5.578361e-02
900           	1.062924e-01	-1.066752e+00	1.173045e+00	-1.690456e+00	-2.516136e-01	-1.438843e+00	5.936147e-01	-1.119899e+00	-1.798259e-02	7.560202e-02	1.981842e-02	5.578360e-02
901           	1.062924e-01	-1.066752e+00	1.173045e+00	-1.690456e+00	-2.516135e-01	-1.438843e+00	5.936147e-01	-1.119899e+00	-1.798259e-02	7.560202e-02	1.981842e-02	5.578360e-02
902           	1.062924e-01	-1.066753e+00	1.173045e+00	-1.690456e+00	-2.516135e-01	-1.438843e+00	5.936147e-01	-1.119899e+00	-1.798259e-02	7.560202e-02	1.981843e-02	5.578360e-02
903           	1.062924e-01	-1.066753e+00	1.173045e+00	-1.690457e+00	-2.516135e-01	-1.438843e+00	5.936148e-01	-1.119899e+00	-1.798259e-02	7.560202e-02	1.981842e-02	5.578360e-02
904           	1.062924e-01	-1.066753e+00	1.173045e+00	-1.690457e+00	-2.516135e-01	-1.438843e+00	5.936148e-01	-1.119899e+00	-1.798259e-02	7.560202e-02	1.981842e-02	5.578360e-02
905           	1.062924e-01	-1.066752e+00	1.173045e+00	-1.690457e+00	-2.516135e-01	-1.438843e+00	5.936149e-01	-1.119899e+00	-1.798259e-02	7.560202e-02	1.981842e-02	5.578360e-02
906           	1.062924e-01	-1.066752e+00	1.173045e+00	-1.690457e+00	-2.516135e-01	-1.438843e+00	5.936149e-01	-1.119899e+00	-1.798260e-02	7.560202e-02	1.981841e-02	5.578361e-02
907           	1.062925e-01	-1.066752e+00	1.173045e+00	-1.690457e+00	-2.516135e-01	-1.438843e+00	5.936149e-01	-1.119899e+00	-1.798260e-02	7.560202e-02	1.981841e-02	5.578361e-02
908           	1.062925e-01	-1.066752e+00	1.173045e+00	-1.690457e+00	-2.516135e-01	-1.438843e+00	5.936149e-01	-1.119899e+00	-1.798260e-02	7.560202e-02	1.981841e-02	5.578361e-02
909           	1.062925e-01	-1.066752e+00	1.173045e+00	-1.690457e+00	-2.516135e-01	-1.438843e+00	5.936149e-01	-1.119899e+00	-1.798260e-02	7.560202e-02	1.981841e-02	5.578361e-02
910           	1.062924e-01	-1.066753e+00	1.173045e+00	-1.690457e+00	-2.516135e-01	-1.438843e+00	5.936150e-01	-1.119899e+00	-1.798260e-02	7.560202e-02	1.981841e-02	5.578361e-02
911           	1.062924e-01	-1.066753e+00	1.173045e+00	-1.690457e+00	-2.516135e-01	-1.438843e+00	5.936150e-01	-1.119899e+00	-1.798260e-02	7.560203e-02	1.981842e-02	5.578361e-02
912           	1.062924e-01	-1.066753e+00	1.173045e+00	-1.690457e+00	-2.516135e-01	-1.438844e+00	5.936150e-01	-1.119899e+00	-1.798259e-02	7.560203e-02	1.981842e-02	5.578361e-02
913           	1.062924e-01	-1.066753e+00	1.173045e+00	-1.690457e+00	-2.516135e-01	-1.438844e+00	5.936150e-01	-1.119899e+00	-1.798260e-02	7.560203e-02	1.981842e-02	5.578361e-02
914           	1.062924e-01	-1.066753e+00	1.173045e+00	-1.690457e+00	-2.516135e-01	-1.438844e+00	5.936151e-01	-1.119899e+00	-1.798260e-02	7.560203e-02	1.981842e-02	5.578362e-02
915           	1.062925e-01	-1.066753e+00	1.173045e+00	-1.690457e+00	-2.516134e-01	-1.438844e+00	5.936151e-01	-1.119899e+00	-1.798260e-02	7.560203e-02	1.981841e-02	5.578362e-02
916           	1.062925e-01	-1.066753e+00	1.173045e+00	-1.690457e+00	-2.516134e-01	-1.438844e+00	5.936151e-01	-1.119899e+00	-1.798261e-02	7.560203e-02	1.981841e-02	5.578362e-02
917           	1.062925e-01	-1.066753e+00	1.173045e+00	-1.690457e+00	-2.516135e-01	-1.438844e+00	5.936151e-01	-1.119899e+00	-1.798261e-02	7.560203e-02	1.981841e-02	5.578362e-02
918           	1.062925e-01	-1.066753e+00	1.173045e+00	-1.690457e+00	-2.516135e-01	-1.438844e+00	5.936151e-01	-1.119899e+00	-1.798261e-02	7.560203e-02	1.981841e-02	5.578362e-02
919           	1.062925e-01	-1.066753e+00	1.173045e+00	-1.690457e+00	-2.516135e-01	-1.438844e+00	5.936151e-01	-1.119899e+00	-1.798261e-02	7.560203e-02	1.981841e-02	5.578362e-02
920           	1.062925e-01	-1.066753e+00	1.173045e+00	-1.690457e+00	-2.516136e-01	-1.438844e+00	5.936151e-01	-1.119899e+00	-1.798260e-02	7.560203e-02	1.981841e-02	5.578362e-02
921           	1.062925e-01	-1.066753e+00	1.173045e+00	-1.690457e+00	-2.516136e-01	-1.438844e+00	5.936151e-01	-1.119899e+00	-1.798260e-02	7.560203e-02	1.981842e-02	5.578361e-02
922           	1.062925e-01	-1.066753e+00	1.173045e+00	-1.690457e+00	-2.516136e-01	-1.438844e+00	5.936151e-01	-1.119899e+00	-1.798260e-02	7.560203e-02	1.981842e-02	5.578362e-02
923           	1.062925e-01	-1.066753e+00	1.173045e+00	-1.690457e+00	-2.516135e-01	-1.438844e+00	5.936151e-01	-1.119899e+00	-1.798260e-02	7.560203e-02	1.981841e-02	5.578362e-02
924           	1.062925e-01	-1.066753e+00	1.173045e+00	-1.690457e+00	-2.516135e-01	-1.438844e+00	5.936152e-01	-1.119899e+00	-1.798260e-02	7.560203e-02	1.981841e-02	5.578362e-02
925           	1.062925e-01	-1.066753e+00	1.173045e+00	-1.690457e+00	-2.516134e-01	-1.438844e+00	5.936152e-01	-1.119899e+00	-1.798261e-02	7.560203e-02	1.981841e-02	5.578362e-02
926           	1.062925e-01	-1.066753e+00	1.173045e+00	-1.690457e+00	-2.516134e-01	-1.438844e+00	5.936152e-01	-1.119899e+00	-1.798261e-02	7.560203e-02	1.981841e-02	5.578363e-02
927           	1.062925e-01	-1.066753e+00	1.173045e+00	-1.690457e+00	-2.516135e-01	-1.438844e+00	5.936152e-01	-1.119899e+00	-1.798261e-02	7.560203e-02	1.981841e-02	5.578363e-02
928           	1.062925e-01	-1.066753e+00	1.173045e+00	-1.690458e+00	-2.516135e-01	-1.438844e+00	5.936152e-01	-1.119899e+00	-1.798261e-02	7.560204e-02	1.981841e-02	5.578363e-02
929           	1.062925e-01	-1.066753e+00	1.173045e+00	-1.690458e+00	-2.516136e-01	-1.438844e+00	5.936152e-01	-1.119899e+00	-1.798261e-02	7.560204e-02	1.981841e-02	5.578363e-02
930           	1.062925e-01	-1.066753e+00	1.173045e+00	-1.690458e+00	-2.516136e-01	-1.438844e+00	5.936152e-01	-1.119899e+00	-1.798260e-02	7.560204e-02	1.981841e-02	5.578362e-02
931           	1.062925e-01	-1.066753e+00	1.173045e+00	-1.690458e+00	-2.516136e-01	-1.438844e+00	5.936152e-01	-1.119899e+00	-1.798260e-02	7.560204e-02	1.981842e-02	5.578362e-02
932           	1.062925e-01	-1.066753e+00	1.173045e+00	-1.690458e+00	-2.516136e-01	-1.438844e+00	5.936152e-01	-1.119899e+00	-1.798260e-02	7.560204e-02	1.981842e-02	5.578362e-02
933           	1.062925e-01	-1.066753e+00	1.173045e+00	-1.690457e+00	-2.516135e-01	-1.438844e+00	5.936152e-01	-1.119899e+00	-1.798260e-02	7.560204e-02	1.981842e-02	5.578362e-02
934           	1.062925e-01	-1.066753e+00	1.173045e+00	-1.690457e+00	-2.516135e-01	-1.438844e+00	5.936152e-01	-1.119899e+00	-1.798260e-02	7.560204e-02	1.981841e-02	5.578362e-02
935           	1.062925e-01	-1.066753e+00	1.173045e+00	-1.690457e+00	-2.516135e-01	-1.438844e+00	5.936152e-01	-1.119899e+00	-1.798261e-02	7.560204e-02	1.981841e-02	5.578363e-02
936           	1.062925e-01	-1.066753e+00	1.173045e+00	-1.690458e+00	-2.516135e-01	-1.438844e+00	5.936153e-01	-1.119899e+00	-1.798261e-02	7.560204e-02	1.981841e-02	5.578363e-02
937           	1.062925e-01	-1.066753e+00	1.173045e+00	-1.690458e+00	-2.516135e-01	-1.438844e+00	5.936153e-01	-1.119899e+00	-1.798261e-02	7.560204e-02	1.981841e-02	5.578363e-02
938           	1.062925e-01	-1.066753e+00	1.173045e+00	-1.690458e+00	-2.516135e-01	-1.438844e+00	5.936153e-01	-1.119899e+00	-1.798261e-02	7.560204e-02	1.981841e-02	5.578363e-02
939           	1.062925e-01	-1.066753e+00	1.173045e+00	-1.690458e+00	-2.516136e-01	-1.438844e+00	5.936153e-01	-1.119899e+00	-1.798261e-02	7.560204e-02	1.981842e-02	5.578363e-02
940           	1.062925e-01	-1.066753e+00	1.173045e+00	-1.690458e+00	-2.516136e-01	-1.438844e+00	5.936153e-01	-1.119899e+00	-1.798260e-02	7.560204e-02	1.981842e-02	5.578362e-02
941           	1.062925e-01	-1.066753e+00	1.173045e+00	-1.690458e+00	-2.516136e-01	-1.438844e+00	5.936152e-01	-1.119899e+00	-1.798260e-02	7.560204e-02	1.981842e-02	5.578362e-02
942           	1.062924e-01	-1.066753e+00	1.173045e+00	-1.690457e+00	-2.516136e-01	-1.438844e+00	5.936152e-01	-1.119899e+00	-1.798260e-02	7.560204e-02	1.981842e-02	5.578362e-02
943           	1.062924e-01	-1.066753e+00	1.173045e+00	-1.690457e+00	-2.516135e-01	-1.438844e+00	5.936152e-01	-1.119899e+00	-1.798260e-02	7.560204e-02	1.981842e-02	5.578362e-02
944           	1.062924e-01	-1.066753e+00	1.173045e+00	-1.690457e+00	-2.516135e-01	-1.438844e+00	5.936152e-01	-1.119899e+00	-1.798260e-02	7.560204e-02	1.981842e-02	5.578362e-02
945           	1.062925e-01	-1.066753e+00	1.173045e+00	-1.690457e+00	-2.516135e-01	-1.438844e+00	5.936152e-01	-1.119899e+00	-1.798261e-02	7.560205e-02	1.981842e-02	5.578363e-02
946           	1.062925e-01	-1.066753e+00	1.173045e+00	-1.690458e+00	-2.516135e-01	-1.438844e+00	5.936152e-01	-1.119899e+00	-1.798261e-02	7.560205e-02	1.981842e-02	5.578363e-02
947           	1.062925e-01	-1.066753e+00	1.173045e+00	-1.690458e+00	-2.516136e-01	-1.438844e+00	5.936153e-01	-1.119899e+00	-1.798261e-02	7.560205e-02	1.981842e-02	5.578363e-02
948           	1.062925e-01	-1.066753e+00	1.173045e+00	-1.690458e+00	-2.516136e-01	-1.438844e+00	5.936153e-01	-1.119899e+00	-1.798260e-02	7.560205e-02	1.981842e-02	5.578363e-02
949           	1.062925e-01	-1.066753e+00	1.173045e+00	-1.690458e+00	-2.516136e-01	-1.438844e+00	5.936153e-01	-1.119899e+00	-1.798260e-02	7.560205e-02	1.981842e-02	5.578363e-02
950           	1.062925e-01	-1.066753e+00	1.173045e+00	-1.690458e+00	-2.516136e-01	-1.438844e+00	5.936153e-01	-1.119899e+00	-1.798260e-02	7.560204e-02	1.981842e-02	5.578362e-02
951           	1.062925e-01	-1.066753e+00	1.173045e+00	-1.690458e+00	-2.516136e-01	-1.438844e+00	5.936153e-01	-1.119899e+00	-1.798260e-02	7.560204e-02	1.981842e-02	5.578362e-02
952           	1.062925e-01	-1.066753e+00	1.173045e+00	-1.690458e+00	-2.516136e-01	-1.438844e+00	5.936152e-01	-1.119899e+00	-1.798260e-02	7.560204e-02	1.981842e-02	5.578362e-02
953           	1.062925e-01	-1.066753e+00	1.173045e+00	-1.690458e+00	-2.516136e-01	-1.438844e+00	5.936152e-01	-1.119899e+00	-1.798260e-02	7.560204e-02	1.981842e-02	5.578362e-02
954           	1.062925e-01	-1.066753e+00	1.173045e+00	-1.690458e+00	-2.516136e-01	-1.438844e+00	5.936152e-01	-1.119899e+00	-1.798260e-02	7.560205e-02	1.981842e-02	5.578362e-02
955           	1.062925e-01	-1.066753e+00	1.173045e+00	-1.690458e+00	-2.516136e-01	-1.438844e+00	5.936153e-01	-1.119899e+00	-1.798260e-02	7.560205e-02	1.981842e-02	5.578363e-02
956           	1.062925e-01	-1.066753e+00	1.173045e+00	-1.690458e+00	-2.516136e-01	-1.438844e+00	5.936153e-01	-1.119899e+00	-1.798260e-02	7.560205e-02	1.981842e-02	5.578363e-02
957           	1.062925e-01	-1.066753e+00	1.173045e+00	-1.690458e+00	-2.516136e-01	-1.438844e+00	5.936154e-01	-1.119899e+00	-1.798260e-02	7.560205e-02	1.981842e-02	5.578363e-02
958           	1.062925e-01	-1.066753e+00	1.173045e+00	-1.690458e+00	-2.516135e-01	-1.438844e+00	5.936154e-01	-1.119899e+00	-1.798260e-02	7.560205e-02	1.981842e-02	5.578363e-02
959           	1.062925e-01	-1.066753e+00	1.173045e+00	-1.690458e+00	-2.516135e-01	-1.438844e+00	5.936153e-01	-1.119899e+00	-1.798260e-02	7.560205e-02	1.981843e-02	5.578363e-02
960           	1.062924e-01	-1.066753e+00	1.173045e+00	-1.690458e+00	-2.516135e-01	-1.438844e+00	5.936153e-01	-1.119899e+00	-1.798260e-02	7.560205e-02	1.981843e-02	5.578362e-02
961           	1.062924e-01	-1.066753e+00	1.173045e+00	-1.690458e+00	-2.516136e-01	-1.438844e+00	5.936152e-01	-1.119899e+00	-1.798260e-02	7.560205e-02	1.981843e-02	5.578362e-02
962           	1.062924e-01	-1.066753e+00	1.173045e+00	-1.690457e+00	-2.516136e-01	-1.438844e+00	5.936152e-01	-1.119899e+00	-1.798260e-02	7.560205e-02	1.981843e-02	5.578362e-02
963           	1.062924e-01	-1.066753e+00	1.173045e+00	-1.690457e+00	-2.516136e-01	-1.438844e+00	5.936151e-01	-1.119899e+00	-1.798260e-02	7.560205e-02	1.981843e-02	5.578362e-02
964           	1.062924e-01	-1.066753e+00	1.173045e+00	-1.690457e+00	-2.516136e-01	-1.438844e+00	5.936151e-01	-1.119899e+00	-1.798260e-02	7.560205e-02	1.981843e-02	5.578363e-02
965           	1.062924e-01	-1.066753e+00	1.173045e+00	-1.690458e+00	-2.516136e-01	-1.438844e+00	5.936152e-01	-1.119899e+00	-1.798260e-02	7.560206e-02	1.981843e-02	5.578363e-02
966           	1.062925e-01	-1.066753e+00	1.173045e+00	-1.690458e+00	-2.516136e-01	-1.438844e+00	5.936153e-01	-1.119899e+00	-1.798260e-02	7.560206e-02	1.981843e-02	5.578363e-02
967           	1.062925e-01	-1.066753e+00	1.173045e+00	-1.690458e+00	-2.516136e-01	-1.438844e+00	5.936153e-01	-1.119899e+00	-1.798260e-02	7.560206e-02	1.981843e-02	5.578363e-02
968           	1.062925e-01	-1.066753e+00	1.173045e+00	-1.690458e+00	-2.516136e-01	-1.438844e+00	5.936154e-01	-1.119899e+00	-1.798260e-02	7.560206e-02	1.981843e-02	5.578363e-02
969           	1.062925e-01	-1.066753e+00	1.173045e+00	-1.690458e+00	-2.516135e-01	-1.438844e+00	5.936153e-01	-1.119899e+00	-1.798260e-02	7.560206e-02	1.981843e-02	5.578363e-02
970           	1.062924e-01	-1.066753e+00	1.173045e+00	-1.690458e+00	-2.516136e-01	-1.438844e+00	5.936153e-01	-1.119899e+00	-1.798260e-02	7.560205e-02	1.981843e-02	5.578362e-02
971           	1.062924e-01	-1.066753e+00	1.173045e+00	-1.690458e+00	-2.516136e-01	-1.438844e+00	5.936152e-01	-1.119899e+00	-1.798259e-02	7.560205e-02	1.981843e-02	5.578362e-02
972           	1.062924e-01	-1.066753e+00	1.173045e+00	-1.690458e+00	-2.516136e-01	-1.438844e+00	5.936152e-01	-1.119899e+00	-1.798259e-02	7.560205e-02	1.981843e-02	5.578362e-02
973           	1.062924e-01	-1.066753e+00	1.173045e+00	-1.690458e+00	-2.516136e-01	-1.438844e+00	5.936152e-01	-1.119899e+00	-1.798259e-02	7.560205e-02	1.981843e-02	5.578362e-02
974           	1.062925e-01	-1.066753e+00	1.173045e+00	-1.690458e+00	-2.516136e-01	-1.438844e+00	5.936152e-01	-1.119899e+00	-1.798260e-02	7.560206e-02	1.981843e-02	5.578362e-02
975           	1.062925e-01	-1.066753e+00	1.173045e+00	-1.690458e+00	-2.516136e-01	-1.438844e+00	5.936153e-01	-1.119899e+00	-1.798260e-02	7.560206e-02	1.981843e-02	5.578363e-02
976           	1.062925e-01	-1.066753e+00	1.173045e+00	-1.690458e+00	-2.516135e-01	-1.438844e+00	5.936154e-01	-1.119899e+00	-1.798260e-02	7.560206e-02	1.981843e-02	5.578363e-02
977           	1.062925e-01	-1.066753e+00	1.173045e+00	-1.690458e+00	-2.516135e-01	-1.438844e+00	5.936154e-01	-1.119899e+00	-1.798260e-02	7.560206e-02	1.981843e-02	5.578363e-02
978           	1.062925e-01	-1.066753e+00	1.173045e+00	-1.690458e+00	-2.516135e-01	-1.438844e+00	5.936154e-01	-1.119899e+00	-1.798260e-02	7.560206e-02	1.981843e-02	5.578363e-02
979           	1.062925e-01	-1.066753e+00	1.173045e+00	-1.690458e+00	-2.516135e-01	-1.438844e+00	5.936153e-01	-1.119899e+00	-1.798260e-02	7.560205e-02	1.981843e-02	5.578363e-02
980           	1.062925e-01	-1.066753e+00	1.173045e+00	-1.690458e+00	-2.516135e-01	-1.438844e+00	5.936153e-01	-1.119899e+00	-1.798260e-02	7.560205e-02	1.981843e-02	5.578362e-02
981           	1.062925e-01	-1.066753e+00	1.173045e+00	-1.690458e+00	-2.516135e-01	-1.438844e+00	5.936153e-01	-1.119899e+00	-1.798260e-02	7.560205e-02	1.981843e-02	5.578362e-02
982           	1.062925e-01	-1.066753e+00	1.173045e+00	-1.690458e+00	-2.516136e-01	-1.438844e+00	5.936152e-01	-1.119899e+00	-1.798260e-02	7.560205e-02	1.981843e-02	5.578362e-02
983           	1.062925e-01	-1.066753e+00	1.173045e+00	-1.690458e+00	-2.516136e-01	-1.438844e+00	5.936152e-01	-1.119899e+00	-1.798260e-02	7.560205e-02	1.981843e-02	5.578362e-02
984           	1.062925e-01	-1.066753e+00	1.173045e+00	-1.690458e+00	-2.516136e-01	-1.438844e+00	5.936153e-01	-1.119899e+00	-1.798260e-02	7.560206e-02	1.981843e-02	5.578363e-02
985           	1.062925e-01	-1.066753e+00	1.173046e+00	-1.690458e+00	-2.516136e-01	-1.438844e+00	5.936154e-01	-1.119899e+00	-1.798261e-02	7.560206e-02	1.981842e-02	5.578363e-02
986           	1.062925e-01	-1.066753e+00	1.173046e+00	-1.690458e+00	-2.516135e-01	-1.438844e+00	5.936155e-01	-1.119899e+00	-1.798261e-02	7.560206e-02	1.981842e-02	5.578364e-02
987           	1.062925e-01	-1.066753e+00	1.173046e+00	-1.690458e+00	-2.516135e-01	-1.438845e+00	5.936155e-01	-1.119899e+00	-1.798261e-02	7.560206e-02	1.981842e-02	5.578364e-02
988           	1.062925e-01	-1.066753e+00	1.173046e+00	-1.690458e+00	-2.516135e-01	-1.438845e+00	5.936155e-01	-1.119899e+00	-1.798261e-02	7.560206e-02	1.981842e-02	5.578364e-02
989           	1.062925e-01	-1.066753e+00	1.173045e+00	-1.690458e+00	-2.516135e-01	-1.438844e+00	5.936155e-01	-1.119899e+00	-1.798260e-02	7.560206e-02	1.981843e-02	5.578363e-02
990           	1.062925e-01	-1.066753e+00	1.173045e+00	-1.690458e+00	-2.516136e-01	-1.438844e+00	5.936154e-01	-1.119899e+00	-1.798260e-02	7.560205e-02	1.981843e-02	5.578363e-02
991           	1.062925e-01	-1.066753e+00	1.173045e+00	-1.690458e+00	-2.516136e-01	-1.438844e+00	5.936153e-01	-1.119899e+00	-1.798260e-02	7.560205e-02	1.981843e-02	5.578363e-02
992           	1.062925e-01	-1.066753e+00	1.173045e+00	-1.690458e+00	-2.516137e-01	-1.438844e+00	5.936153e-01	-1.119899e+00	-1.798260e-02	7.560205e-02	1.981843e-02	5.578363e-02
993           	1.062925e-01	-1.066753e+00	1.173045e+00	-1.690458e+00	-2.516137e-01	-1.438844e+00	5.936153e-01	-1.119899e+00	-1.798260e-02	7.560205e-02	1.981842e-02	5.578363e-02
994           	1.062925e-01	-1.066753e+00	1.173046e+00	-1.690458e+00	-2.516136e-01	-1.438844e+00	5.936153e-01	-1.119899e+00	-1.798260e-02	7.560205e-02	1.981842e-02	5.578363e-02
995           	1.062925e-01	-1.066753e+00	1.173046e+00	-1.690458e+00	-2.516135e-01	-1.438844e+00	5.936154e-01	-1.119899e+00	-1.798261e-02	7.560206e-02	1.981842e-02	5.578363e-02
996           	1.062925e-01	-1.066753e+00	1.173046e+00	-1.690458e+00	-2.516135e-01	-1.438844e+00	5.936154e-01	-1.119899e+00	-1.798260e-02	7.560206e-02	1.981842e-02	5.578363e-02
997           	1.062925e-01	-1.066753e+00	1.173046e+00	-1.690458e+00	-2.516135e-01	-1.438844e+00	5.936154e-01	-1.119899e+00	-1.798260e-02	7.560206e-02	1.981843e-02	5.578363e-02
998           	1.062925e-01	-1.066753e+00	1.173045e+00	-1.690458e+00	-2.516135e-01	-1.438844e+00	5.936154e-01	-1.119899e+00	-1.798260e-02	7.560206e-02	1.981843e-02	5.578363e-02
999           	1.062925e-01	-1.066753e+00	1.173045e+00	-1.690458e+00	-2.516135e-01	-1.438844e+00	5.936154e-01	-1.119899e+00	-1.798260e-02	7.560206e-02	1.981843e-02	5.578363e-02
1000          	1.062925e-01	-1.066753e+00	1.173045e+00	-1.690458e+00	-2.516136e-01	-1.438844e+00	5.936153e-01	-1.119899e+00	-1.798260e-02	7.560206e-02	1.981843e-02	5.578363e-02
1001          	1.062925e-01	-1.066753e+00	1.173045e+00	-1.690458e+00	-2.516136e-01	-1.438844e+00	5.936153e-01	-1.119899e+00	-1.798260e-02	7.560205e-02	1.981843e-02	5.578362e-02
1002          	1.062925e-01	-1.066753e+00	1.173045e+00	-1.690458e+00	-2.516136e-01	-1.438844e+00	5.936153e-01	-1.119899e+00	-1.798260e-02	7.560205e-02	1.981843e-02	5.578363e-02
1003          	1.062925e-01	-1.066753e+00	1.173046e+00	-1.690458e+00	-2.516136e-01	-1.438844e+00	5.936153e-01	-1.119899e+00	-1.798260e-02	7.560205e-02	1.981842e-02	5.578363e-02
1004          	1.062925e-01	-1.066753e+00	1.173046e+00	-1.690458e+00	-2.516136e-01	-1.438844e+00	5.936154e-01	-1.119899e+00	-1.798260e-02	7.560206e-02	1.981842e-02	5.578363e-02
1005          	1.062925e-01	-1.066753e+00	1.173046e+00	-1.690458e+00	-2.516135e-01	-1.438844e+00	5.936154e-01	-1.119899e+00	-1.798261e-02	7.560206e-02	1.981842e-02	5.578363e-02
1006          	1.062925e-01	-1.066753e+00	1.173046e+00	-1.690458e+00	-2.516135e-01	-1.438844e+00	5.936154e-01	-1.119899e+00	-1.798261e-02	7.560206e-02	1.981843e-02	5.578364e-02
1007          	1.062925e-01	-1.066753e+00	1.173046e+00	-1.690458e+00	-2.516135e-01	-1.438844e+00	5.936154e-01	-1.119899e+00	-1.798260e-02	7.560206e-02	1.981843e-02	5.578363e-02
1008          	1.062925e-01	-1.066753e+00	1.173046e+00	-1.690458e+00	-2.516135e-01	-1.438844e+00	5.936154e-01	-1.119899e+00	-1.798260e-02	7.560207e-02	1.981843e-02	5.578363e-02
1009          	1.062925e-01	-1.066753e+00	1.173045e+00	-1.690458e+00	-2.516136e-01	-1.438844e+00	5.936154e-01	-1.119899e+00	-1.798260e-02	7.560207e-02	1.981843e-02	5.578363e-02
1010          	1.062925e-01	-1.066753e+00	1.173045e+00	-1.690458e+00	-2.516136e-01	-1.438844e+00	5.936153e-01	-1.119899e+00	-1.798260e-02	7.560206e-02	1.981843e-02	5.578363e-02
1011          	1.062925e-01	-1.066753e+00	1.173045e+00	-1.690458e+00	-2.516136e-01	-1.438844e+00	5.936153e-01	-1.119899e+00	-1.798260e-02	7.560206e-02	1.981843e-02	5.578363e-02
1012          	1.062925e-01	-1.066753e+00	1.173046e+00	-1.690458e+00	-2.516136e-01	-1.438844e+00	5.936152e-01	-1.119899e+00	-1.798260e-02	7.560206e-02	1.981842e-02	5.578363e-02
1013          	1.062925e-01	-1.066753e+00	1.173046e+00	-1.690458e+00	-2.516136e-01	-1.438844e+00	5.936152e-01	-1.119899e+00	-1.798261e-02	7.560206e-02	1.981842e-02	5.578363e-02
1014          	1.062925e-01	-1.066753e+00	1.173046e+00	-1.690458e+00	-2.516136e-01	-1.438844e+00	5.936153e-01	-1.119899e+00	-1.798261e-02	7.560206e-02	1.981842e-02	5.578363e-02
1015          	1.062925e-01	-1.066753e+00	1.173046e+00	-1.690458e+00	-2.516136e-01	-1.438844e+00	5.936153e-01	-1.119899e+00	-1.798260e-02	7.560206e-02	1.981843e-02	5.578363e-02
1016          	1.062925e-01	-1.066753e+00	1.173046e+00	-1.690458e+00	-2.516136e-01	-1.438844e+00	5.936153e-01	-1.119899e+00	-1.798260e-02	7.560206e-02	1.981843e-02	5.578363e-02
1017          	1.062925e-01	-1.066753e+00	1.173045e+00	-1.690458e+00	-2.516136e-01	-1.438844e+00	5.936153e-01	-1.119899e+00	-1.798260e-02	7.560207e-02	1.981843e-02	5.578363e-02
1018          	1.062925e-01	-1.066753e+00	1.173045e+00	-1.690458e+00	-2.516136e-01	-1.438844e+00	5.936152e-01	-1.119899e+00	-1.798260e-02	7.560207e-02	1.981844e-02	5.578363e-02
1019          	1.062925e-01	-1.066753e+00	1.173045e+00	-1.690458e+00	-2.516136e-01	-1.438844e+00	5.936152e-01	-1.119899e+00	-1.798260e-02	7.560207e-02	1.981844e-02	5.578363e-02
1020          	1.062925e-01	-1.066753e+00	1.173045e+00	-1.690458e+00	-2.516136e-01	-1.438844e+00	5.936152e-01	-1.119899e+00	-1.798260e-02	7.560207e-02	1.981844e-02	5.578363e-02
1021          	1.062925e-01	-1.066753e+00	1.173045e+00	-1.690458e+00	-2.516136e-01	-1.438844e+00	5.936153e-01	-1.119899e+00	-1.798260e-02	7.560206e-02	1.981843e-02	5.578363e-02
1022          	1.062925e-01	-1.066753e+00	1.173046e+00	-1.690458e+00	-2.516136e-01	-1.438844e+00	5.936153e-01	-1.119899e+00	-1.798260e-02	7.560206e-02	1.981843e-02	5.578363e-02
1023          	1.062925e-01	-1.066753e+00	1.173046e+00	-1.690458e+00	-2.516136e-01	-1.438844e+00	5.936153e-01	-1.119899e+00	-1.798260e-02	7.560206e-02	1.981843e-02	5.578363e-02
1024          	1.062925e-01	-1.066753e+00	1.173046e+00	-1.690458e+00	-2.516136e-01	-1.438844e+00	5.936153e-01	-1.119899e+00	-1.798260e-02	7.560206e-02	1.981843e-02	5.578363e-02
1025          	1.062924e-01	-1.066753e+00	1.173046e+00	-1.690458e+00	-2.516136e-01	-1.438844e+00	5.936153e-01	-1.119899e+00	-1.798260e-02	7.560206e-02	1.981843e-02	5.578363e-02
1026          	1.062924e-01	-1.066753e+00	1.173045e+00	-1.690458e+00	-2.516136e-01	-1.438844e+00	5.936152e-01	-1.119899e+00	-1.798259e-02	7.560207e-02	1.981844e-02	5.578363e-02
1027          	1.062924e-01	-1.066753e+00	1.173045e+00	-1.690458e+00	-2.516136e-01	-1.438844e+00	5.936152e-01	-1.119899e+00	-1.798259e-02	7.560207e-02	1.981845e-02	5.578363e-02
1028          	1.062924e-01	-1.066753e+00	1.173045e+00	-1.690458e+00	-2.516136e-01	-1.438844e+00	5.936152e-01	-1.119899e+00	-1.798259e-02	7.560207e-02	1.981845e-02	5.578363e-02
1029          	1.062924e-01	-1.066753e+00	1.173045e+00	-1.690458e+00	-2.516136e-01	-1.438844e+00	5.936152e-01	-1.119899e+00	-1.798259e-02	7.560207e-02	1.981845e-02	5.578363e-02
1030          	1.062924e-01	-1.066753e+00	1.173045e+00	-1.690458e+00	-2.516136e-01	-1.438844e+00	5.936152e-01	-1.119899e+00	-1.798259e-02	7.560207e-02	1.981844e-02	5.578363e-02
1031          	1.062924e-01	-1.066753e+00	1.173045e+00	-1.690458e+00	-2.516136e-01	-1.438844e+00	5.936152e-01	-1.119899e+00	-1.798260e-02	7.560207e-02	1.981844e-02	5.578363e-02
1032          	1.062924e-01	-1.066753e+00	1.173045e+00	-1.690458e+00	-2.516136e-01	-1.438844e+00	5.936152e-01	-1.119899e+00	-1.798260e-02	7.560206e-02	1.981843e-02	5.578363e-02
1033          	1.062924e-01	-1.066753e+00	1.173046e+00	-1.690458e+00	-2.516136e-01	-1.438844e+00	5.936152e-01	-1.119899e+00	-1.798259e-02	7.560206e-02	1.981843e-02	5.578362e-02
1034          	1.062924e-01	-1.066753e+00	1.173045e+00	-1.690458e+00	-2.516136e-01	-1.438844e+00	5.936152e-01	-1.119899e+00	-1.798259e-02	7.560206e-02	1.981844e-02	5.578362e-02
1035          	1.062924e-01	-1.066753e+00	1.173045e+00	-1.690458e+00	-2.516136e-01	-1.438844e+00	5.936152e-01	-1.119899e+00	-1.798259e-02	7.560206e-02	1.981844e-02	5.578362e-02
1036          	1.062924e-01	-1.066753e+00	1.173045e+00	-1.690458e+00	-2.516136e-01	-1.438844e+00	5.936152e-01	-1.119899e+00	-1.798259e-02	7.560206e-02	1.981844e-02	5.578362e-02
1037          	1.062924e-01	-1.066753e+00	1.173045e+00	-1.690458e+00	-2.516136e-01	-1.438844e+00	5.936152e-01	-1.119899e+00	-1.798259e-02	7.560207e-02	1.981845e-02	5.578362e-02
1038          	1.062924e-01	-1.066753e+00	1.173045e+00	-1.690458e+00	-2.516136e-01	-1.438844e+00	5.936152e-01	-1.119899e+00	-1.798259e-02	7.560207e-02	1.981844e-02	5.578363e-02
1039          	1.062924e-01	-1.066753e+00	1.173045e+00	-1.690458e+00	-2.516136e-01	-1.438844e+00	5.936153e-01	-1.119899e+00	-1.798259e-02	7.560207e-02	1.981844e-02	5.578363e-02
1040          	1.062925e-01	-1.066753e+00	1.173045e+00	-1.690458e+00	-2.516135e-01	-1.438844e+00	5.936153e-01	-1.119899e+00	-1.798260e-02	7.560207e-02	1.981844e-02	5.578363e-02
1041          	1.062925e-01	-1.066753e+00	1.173045e+00	-1.690458e+00	-2.516135e-01	-1.438844e+00	5.936153e-01	-1.119899e+00	-1.798260e-02	7.560207e-02	1.981843e-02	5.578364e-02
1042          	1.062925e-01	-1.066753e+00	1.173046e+00	-1.690458e+00	-2.516135e-01	-1.438844e+00	5.936154e-01	-1.119899e+00	-1.798260e-02	7.560206e-02	1.981843e-02	5.578363e-02
1043          	1.062925e-01	-1.066753e+00	1.173046e+00	-1.690458e+00	-2.516135e-01	-1.438844e+00	5.936154e-01	-1.119899e+00	-1.798260e-02	7.560206e-02	1.981843e-02	5.578363e-02
1044          	1.062925e-01	-1.066753e+00	1.173046e+00	-1.690458e+00	-2.516135e-01	-1.438844e+00	5.936153e-01	-1.119899e+00	-1.798260e-02	7.560206e-02	1.981844e-02	5.578363e-02
1045          	1.062925e-01	-1.066753e+00	1.173045e+00	-1.690458e+00	-2.516135e-01	-1.438844e+00	5.936153e-01	-1.119899e+00	-1.798259e-02	7.560206e-02	1.981844e-02	5.578362e-02
1046          	1.062925e-01	-1.066753e+00	1.173045e+00	-1.690458e+00	-2.516135e-01	-1.438844e+00	5.936153e-01	-1.119899e+00	-1.798259e-02	7.560206e-02	1.981844e-02	5.578362e-02
1047          	1.062925e-01	-1.066753e+00	1.173045e+00	-1.690458e+00	-2.516135e-01	-1.438844e+00	5.936153e-01	-1.119899e+00	-1.798259e-02	7.560207e-02	1.981844e-02	5.578363e-02
1048          	1.062925e-01	-1.066753e+00	1.173045e+00	-1.690458e+00	-2.516135e-01	-1.438844e+00	5.936153e-01	-1.119899e+00	-1.798260e-02	7.560207e-02	1.981844e-02	5.578363e-02
1049          	1.062925e-01	-1.066753e+00	1.173045e+00	-1.690458e+00	-2.516135e-01	-1.438844e+00	5.936154e-01	-1.119899e+00	-1.798260e-02	7.560207e-02	1.981843e-02	5.578364e-02
1050          	1.062925e-01	-1.066753e+00	1.173046e+00	-1.690458e+00	-2.516135e-01	-1.438844e+00	5.936154e-01	-1.119899e+00	-1.798260e-02	7.560207e-02	1.981843e-02	5.578364e-02
1051          	1.062925e-01	-1.066753e+00	1.173046e+00	-1.690458e+00	-2.516135e-01	-1.438844e+00	5.936155e-01	-1.119899e+00	-1.798260e-02	7.560207e-02	1.981843e-02	5.578364e-02
1052          	1.062925e-01	-1.066753e+00	1.173046e+00	-1.690458e+00	-2.516136e-01	-1.438845e+00	5.936155e-01	-1.119899e+00	-1.798260e-02	7.560207e-02	1.981843e-02	5.578363e-02
1053          	1.062925e-01	-1.066753e+00	1.173046e+00	-1.690458e+00	-2.516136e-01	-1.438844e+00	5.936154e-01	-1.119899e+00	-1.798260e-02	7.560206e-02	1.981843e-02	5.578363e-02
1054          	1.062925e-01	-1.066753e+00	1.173046e+00	-1.690458e+00	-2.516136e-01	-1.438844e+00	5.936154e-01	-1.119899e+00	-1.798259e-02	7.560206e-02	1.981844e-02	5.578362e-02
1055          	1.062925e-01	-1.066753e+00	1.173045e+00	-1.690458e+00	-2.516135e-01	-1.438844e+00	5.936154e-01	-1.119899e+00	-1.798259e-02	7.560206e-02	1.981844e-02	5.578362e-02
1056          	1.062925e-01	-1.066753e+00	1.173045e+00	-1.690458e+00	-2.516135e-01	-1.438844e+00	5.936154e-01	-1.119899e+00	-1.798259e-02	7.560206e-02	1.981844e-02	5.578362e-02
1057          	1.062925e-01	-1.066753e+00	1.173045e+00	-1.690458e+00	-2.516135e-01	-1.438844e+00	5.936154e-01	-1.119899e+00	-1.798259e-02	7.560207e-02	1.981844e-02	5.578362e-02
1058          	1.062925e-01	-1.066753e+00	1.173045e+00	-1.690458e+00	-2.516135e-01	-1.438844e+00	5.936154e-01	-1.119899e+00	-1.798260e-02	7.560207e-02	1.981844e-02	5.578363e-02
1059          	1.062925e-01	-1.066753e+00	1.173046e+00	-1.690458e+00	-2.516135e-01	-1.438844e+00	5.936155e-01	-1.119899e+00	-1.798260e-02	7.560207e-02	1.981844e-02	5.578363e-02
1060          	1.062925e-01	-1.066753e+00	1.173046e+00	-1.690458e+00	-2.516135e-01	-1.438845e+00	5.936155e-01	-1.119899e+00	-1.798260e-02	7.560207e-02	1.981844e-02	5.578364e-02
1061          	1.062925e-01	-1.066753e+00	1.173046e+00	-1.690458e+00	-2.516136e-01	-1.438845e+00	5.936156e-01	-1.119899e+00	-1.798260e-02	7.560207e-02	1.981843e-02	5.578363e-02
1062          	1.062925e-01	-1.066753e+00	1.173046e+00	-1.690458e+00	-2.516136e-01	-1.438845e+00	5.936155e-01	-1.119899e+00	-1.798260e-02	7.560206e-02	1.981843e-02	5.578363e-02
1063          	1.062925e-01	-1.066753e+00	1.173046e+00	-1.690458e+00	-2.516136e-01	-1.438844e+00	5.936154e-01	-1.119899e+00	-1.798259e-02	7.560206e-02	1.981844e-02	5.578362e-02
1064          	1.062925e-01	-1.066753e+00	1.173046e+00	-1.690458e+00	-2.516136e-01	-1.438844e+00	5.936154e-01	-1.119899e+00	-1.798259e-02	7.560205e-02	1.981844e-02	5.578361e-02
1065          	1.062925e-01	-1.066753e+00	1.173046e+00	-1.690458e+00	-2.516135e-01	-1.438844e+00	5.936153e-01	-1.119899e+00	-1.798258e-02	7.560205e-02	1.981844e-02	5.578361e-02
1066          	1.062925e-01	-1.066753e+00	1.173045e+00	-1.690458e+00	-2.516135e-01	-1.438844e+00	5.936154e-01	-1.119899e+00	-1.798259e-02	7.560205e-02	1.981844e-02	5.578361e-02
1067          	1.062925e-01	-1.066753e+00	1.173045e+00	-1.690458e+00	-2.516135e-01	-1.438844e+00	5.936154e-01	-1.119899e+00	-1.798259e-02	7.560206e-02	1.981844e-02	5.578362e-02
1068          	1.062925e-01	-1.066753e+00	1.173046e+00	-1.690458e+00	-2.516135e-01	-1.438845e+00	5.936155e-01	-1.119899e+00	-1.798259e-02	7.560207e-02	1.981844e-02	5.578363e-02
1069          	1.062925e-01	-1.066753e+00	1.173046e+00	-1.690458e+00	-2.516135e-01	-1.438845e+00	5.936156e-01	-1.119899e+00	-1.798260e-02	7.560207e-02	1.981844e-02	5.578363e-02
1070          	1.062925e-01	-1.066753e+00	1.173046e+00	-1.690458e+00	-2.516136e-01	-1.438845e+00	5.936156e-01	-1.119899e+00	-1.798260e-02	7.560207e-02	1.981844e-02	5.578364e-02
1071          	1.062925e-01	-1.066753e+00	1.173046e+00	-1.690458e+00	-2.516136e-01	-1.438845e+00	5.936156e-01	-1.119899e+00	-1.798260e-02	7.560207e-02	1.981844e-02	5.578363e-02
1072          	1.062925e-01	-1.066753e+00	1.173046e+00	-1.690458e+00	-2.516136e-01	-1.438845e+00	5.936155e-01	-1.119899e+00	-1.798259e-02	7.560206e-02	1.981844e-02	5.578362e-02
1073          	1.062925e-01	-1.066753e+00	1.173046e+00	-1.690458e+00	-2.516136e-01	-1.438844e+00	5.936155e-01	-1.119899e+00	-1.798259e-02	7.560206e-02	1.981844e-02	5.578362e-02
1074          	1.062925e-01	-1.066753e+00	1.173046e+00	-1.690458e+00	-2.516136e-01	-1.438844e+00	5.936154e-01	-1.119899e+00	-1.798258e-02	7.560205e-02	1.981844e-02	5.578361e-02
1075          	1.062925e-01	-1.066753e+00	1.173046e+00	-1.690458e+00	-2.516135e-01	-1.438844e+00	5.936154e-01	-1.119899e+00	-1.798258e-02	7.560205e-02	1.981844e-02	5.578361e-02
1076          	1.062925e-01	-1.066753e+00	1.173046e+00	-1.690458e+00	-2.516135e-01	-1.438844e+00	5.936154e-01	-1.119899e+00	-1.798259e-02	7.560206e-02	1.981844e-02	5.578361e-02
1077          	1.062925e-01	-1.066753e+00	1.173046e+00	-1.690458e+00	-2.516135e-01	-1.438844e+00	5.936154e-01	-1.119899e+00	-1.798259e-02	7.560206e-02	1.981844e-02	5.578362e-02
1078          	1.062924e-01	-1.066753e+00	1.173046e+00	-1.690458e+00	-2.516135e-01	-1.438845e+00	5.936155e-01	-1.119899e+00	-1.798259e-02	7.560207e-02	1.981844e-02	5.578363e-02
1079          	1.062924e-01	-1.066753e+00	1.173046e+00	-1.690458e+00	-2.516135e-01	-1.438845e+00	5.936155e-01	-1.119899e+00	-1.798260e-02	7.560208e-02	1.981844e-02	5.578364e-02
1080          	1.062924e-01	-1.066753e+00	1.173046e+00	-1.690458e+00	-2.516135e-01	-1.438844e+00	5.936155e-01	-1.119899e+00	-1.798260e-02	7.560208e-02	1.981844e-02	5.578364e-02
1081          	1.062924e-01	-1.066753e+00	1.173046e+00	-1.690458e+00	-2.516136e-01	-1.438844e+00	5.936154e-01	-1.119899e+00	-1.798260e-02	7.560207e-02	1.981844e-02	5.578363e-02
1082          	1.062924e-01	-1.066753e+00	1.173046e+00	-1.690458e+00	-2.516136e-01	-1.438844e+00	5.936153e-01	-1.119899e+00	-1.798259e-02	7.560207e-02	1.981844e-02	5.578363e-02
1083          	1.062924e-01	-1.066753e+00	1.173046e+00	-1.690458e+00	-2.516136e-01	-1.438844e+00	5.936152e-01	-1.119899e+00	-1.798259e-02	7.560206e-02	1.981844e-02	5.578362e-02
1084          	1.062924e-01	-1.066753e+00	1.173046e+00	-1.690458e+00	-2.516136e-01	-1.438844e+00	5.936152e-01	-1.119899e+00	-1.798259e-02	7.560205e-02	1.981844e-02	5.578361e-02
1085          	1.062924e-01	-1.066753e+00	1.173046e+00	-1.690458e+00	-2.516136e-01	-1.438844e+00	5.936152e-01	-1.119899e+00	-1.798259e-02	7.560206e-02	1.981844e-02	5.578361e-02
1086          	1.062924e-01	-1.066753e+00	1.173046e+00	-1.690458e+00	-2.516136e-01	-1.438844e+00	5.936152e-01	-1.119899e+00	-1.798259e-02	7.560206e-02	1.981844e-02	5.578362e-02
1087          	1.062924e-01	-1.066753e+00	1.173046e+00	-1.690458e+00	-2.516136e-01	-1.438844e+00	5.936152e-01	-1.119899e+00	-1.798259e-02	7.560207e-02	1.981844e-02	5.578362e-02
1088          	1.062924e-01	-1.066753e+00	1.173046e+00	-1.690458e+00	-2.516135e-01	-1.438844e+00	5.936153e-01	-1.119899e+00	-1.798259e-02	7.560207e-02	1.981844e-02	5.578363e-02
1089          	1.062924e-01	-1.066753e+00	1.173046e+00	-1.690458e+00	-2.516135e-01	-1.438844e+00	5.936153e-01	-1.119899e+00	-1.798259e-02	7.560208e-02	1.981845e-02	5.578363e-02
1090          	1.062924e-01	-1.066753e+00	1.173046e+00	-1.690458e+00	-2.516135e-01	-1.438844e+00	5.936152e-01	-1.119899e+00	-1.798259e-02	7.560208e-02	1.981845e-02	5.578363e-02
1091          	1.062924e-01	-1.066753e+00	1.173045e+00	-1.690458e+00	-2.516136e-01	-1.438844e+00	5.936152e-01	-1.119899e+00	-1.798259e-02	7.560207e-02	1.981845e-02	5.578363e-02
1092          	1.062924e-01	-1.066753e+00	1.173045e+00	-1.690458e+00	-2.516136e-01	-1.438844e+00	5.936151e-01	-1.119899e+00	-1.798258e-02	7.560207e-02	1.981845e-02	5.578362e-02
1093          	1.062924e-01	-1.066753e+00	1.173045e+00	-1.690457e+00	-2.516137e-01	-1.438844e+00	5.936151e-01	-1.119899e+00	-1.798258e-02	7.560206e-02	1.981845e-02	5.578361e-02
1094          	1.062924e-01	-1.066753e+00	1.173045e+00	-1.690457e+00	-2.516137e-01	-1.438844e+00	5.936150e-01	-1.119899e+00	-1.798258e-02	7.560206e-02	1.981845e-02	5.578361e-02
1095          	1.062924e-01	-1.066753e+00	1.173045e+00	-1.690457e+00	-2.516137e-01	-1.438844e+00	5.936150e-01	-1.119899e+00	-1.798258e-02	7.560206e-02	1.981845e-02	5.578361e-02
1096          	1.062924e-01	-1.066753e+00	1.173045e+00	-1.690457e+00	-2.516136e-01	-1.438844e+00	5.936151e-01	-1.119899e+00	-1.798258e-02	7.560206e-02	1.981845e-02	5.578361e-02
1097          	1.062924e-01	-1.066753e+00	1.173045e+00	-1.690457e+00	-2.516136e-01	-1.438844e+00	5.936151e-01	-1.119899e+00	-1.798258e-02	7.560206e-02	1.981845e-02	5.578362e-02
1098          	1.062924e-01	-1.066753e+00	1.173045e+00	-1.690457e+00	-2.516135e-01	-1.438844e+00	5.936151e-01	-1.119899e+00	-1.798258e-02	7.560207e-02	1.981845e-02	5.578362e-02
1099          	1.062924e-01	-1.066753e+00	1.173045e+00	-1.690457e+00	-2.516135e-01	-1.438844e+00	5.936151e-01	-1.119899e+00	-1.798258e-02	7.560207e-02	1.981845e-02	5.578362e-02
1100          	1.062924e-01	-1.066753e+00	1.173045e+00	-1.690457e+00	-2.516135e-01	-1.438844e+00	5.936151e-01	-1.119899e+00	-1.798258e-02	7.560208e-02	1.981846e-02	5.578362e-02
1101          	1.062924e-01	-1.066753e+00	1.173045e+00	-1.690457e+00	-2.516136e-01	-1.438844e+00	5.936151e-01	-1.119899e+00	-1.798258e-02	7.560207e-02	1.981846e-02	5.578361e-02
1102          	1.062924e-01	-1.066753e+00	1.173045e+00	-1.690457e+00	-2.516137e-01	-1.438844e+00	5.936150e-01	-1.119899e+00	-1.798257e-02	7.560207e-02	1.981846e-02	5.578361e-02
1103          	1.062924e-01	-1.066753e+00	1.173045e+00	-1.690457e+00	-2.516137e-01	-1.438844e+00	5.936150e-01	-1.119899e+00	-1.798257e-02	7.560207e-02	1.981846e-02	5.578361e-02
1104          	1.062924e-01	-1.066753e+00	1.173045e+00	-1.690457e+00	-2.516137e-01	-1.438844e+00	5.936150e-01	-1.119899e+00	-1.798258e-02	7.560206e-02	1.981846e-02	5.578361e-02
1105          	1.062924e-01	-1.066753e+00	1.173045e+00	-1.690457e+00	-2.516136e-01	-1.438844e+00	5.936150e-01	-1.119899e+00	-1.798258e-02	7.560206e-02	1.981845e-02	5.578361e-02
1106          	1.062924e-01	-1.066753e+00	1.173045e+00	-1.690457e+00	-2.516136e-01	-1.438844e+00	5.936150e-01	-1.119899e+00	-1.798258e-02	7.560206e-02	1.981845e-02	5.578361e-02
1107          	1.062924e-01	-1.066753e+00	1.173045e+00	-1.690457e+00	-2.516135e-01	-1.438844e+00	5.936151e-01	-1.119899e+00	-1.798258e-02	7.560207e-02	1.981845e-02	5.578361e-02
1108          	1.062924e-01	-1.066753e+00	1.173045e+00	-1.690457e+00	-2.516135e-01	-1.438844e+00	5.936151e-01	-1.119899e+00	-1.798258e-02	7.560207e-02	1.981846e-02	5.578361e-02
1109          	1.062924e-01	-1.066753e+00	1.173045e+00	-1.690457e+00	-2.516135e-01	-1.438844e+00	5.936151e-01	-1.119899e+00	-1.798258e-02	7.560208e-02	1.981846e-02	5.578361e-02
1110          	1.062924e-01	-1.066753e+00	1.173045e+00	-1.690457e+00	-2.516136e-01	-1.438844e+00	5.936151e-01	-1.119899e+00	-1.798257e-02	7.560208e-02	1.981846e-02	5.578361e-02
1111          	1.062924e-01	-1.066753e+00	1.173045e+00	-1.690457e+00	-2.516136e-01	-1.438844e+00	5.936151e-01	-1.119899e+00	-1.798257e-02	7.560208e-02	1.981847e-02	5.578361e-02
1112          	1.062924e-01	-1.066753e+00	1.173045e+00	-1.690457e+00	-2.516137e-01	-1.438844e+00	5.936151e-01	-1.119899e+00	-1.798257e-02	7.560207e-02	1.981846e-02	5.578361e-02
1113          	1.062924e-01	-1.066753e+00	1.173045e+00	-1.690457e+00	-2.516137e-01	-1.438844e+00	5.936150e-01	-1.119899e+00	-1.798258e-02	7.560207e-02	1.981846e-02	5.578361e-02
1114          	1.062924e-01	-1.066753e+00	1.173045e+00	-1.690457e+00	-2.516137e-01	-1.438844e+00	5.936150e-01	-1.119899e+00	-1.798258e-02	7.560206e-02	1.981845e-02	5.578361e-02
1115          	1.062924e-01	-1.066753e+00	1.173045e+00	-1.690457e+00	-2.516136e-01	-1.438844e+00	5.936151e-01	-1.119899e+00	-1.798258e-02	7.560206e-02	1.981844e-02	5.578361e-02
1116          	1.062924e-01	-1.066753e+00	1.173045e+00	-1.690457e+00	-2.516135e-01	-1.438844e+00	5.936151e-01	-1.119899e+00	-1.798258e-02	7.560205e-02	1.981844e-02	5.578361e-02
1117          	1.062924e-01	-1.066753e+00	1.173045e+00	-1.690457e+00	-2.516135e-01	-1.438844e+00	5.936151e-01	-1.119899e+00	-1.798259e-02	7.560205e-02	1.981844e-02	5.578361e-02
1118          	1.062924e-01	-1.066753e+00	1.173045e+00	-1.690457e+00	-2.516135e-01	-1.438844e+00	5.936152e-01	-1.119899e+00	-1.798258e-02	7.560206e-02	1.981845e-02	5.578361e-02
1119          	1.062924e-01	-1.066753e+00	1.173045e+00	-1.690458e+00	-2.516135e-01	-1.438844e+00	5.936152e-01	-1.119899e+00	-1.798258e-02	7.560206e-02	1.981845e-02	5.578361e-02
1120          	1.062924e-01	-1.066753e+00	1.173045e+00	-1.690458e+00	-2.516136e-01	-1.438844e+00	5.936152e-01	-1.119899e+00	-1.798258e-02	7.560207e-02	1.981845e-02	5.578361e-02
1121          	1.062924e-01	-1.066753e+00	1.173045e+00	-1.690458e+00	-2.516136e-01	-1.438844e+00	5.936152e-01	-1.119899e+00	-1.798258e-02	7.560207e-02	1.981845e-02	5.578361e-02
1122          	1.062924e-01	-1.066753e+00	1.173045e+00	-1.690458e+00	-2.516136e-01	-1.438844e+00	5.936152e-01	-1.119899e+00	-1.798258e-02	7.560206e-02	1.981845e-02	5.578361e-02
1123          	1.062924e-01	-1.066753e+00	1.173045e+00	-1.690458e+00	-2.516136e-01	-1.438844e+00	5.936151e-01	-1.119899e+00	-1.798258e-02	7.560205e-02	1.981844e-02	5.578361e-02
1124          	1.062925e-01	-1.066753e+00	1.173045e+00	-1.690457e+00	-2.516136e-01	-1.438844e+00	5.936151e-01	-1.119899e+00	-1.798259e-02	7.560205e-02	1.981844e-02	5.578361e-02
1125          	1.062925e-01	-1.066753e+00	1.173045e+00	-1.690457e+00	-2.516135e-01	-1.438844e+00	5.936152e-01	-1.119899e+00	-1.798259e-02	7.560205e-02	1.981843e-02	5.578361e-02
1126          	1.062925e-01	-1.066753e+00	1.173045e+00	-1.690457e+00	-2.516135e-01	-1.438844e+00	5.936152e-01	-1.119899e+00	-1.798259e-02	7.560205e-02	1.981843e-02	5.578362e-02
1127          	1.062925e-01	-1.066753e+00	1.173045e+00	-1.690458e+00	-2.516135e-01	-1.438844e+00	5.936153e-01	-1.119899e+00	-1.798259e-02	7.560205e-02	1.981843e-02	5.578362e-02
1128          	1.062925e-01	-1.066753e+00	1.173045e+00	-1.690458e+00	-2.516135e-01	-1.438844e+00	5.936153e-01	-1.119899e+00	-1.798259e-02	7.560205e-02	1.981844e-02	5.578362e-02
1129          	1.062924e-01	-1.066753e+00	1.173045e+00	-1.690458e+00	-2.516135e-01	-1.438844e+00	5.936153e-01	-1.119899e+00	-1.798259e-02	7.560206e-02	1.981844e-02	5.578362e-02
1130          	1.062924e-01	-1.066753e+00	1.173045e+00	-1.690458e+00	-2.516135e-01	-1.438844e+00	5.936153e-01	-1.119899e+00	-1.798259e-02	7.560206e-02	1.981844e-02	5.578362e-02
1131          	1.062924e-01	-1.066753e+00	1.173045e+00	-1.690458e+00	-2.516135e-01	-1.438844e+00	5.936153e-01	-1.119899e+00	-1.798259e-02	7.560206e-02	1.981845e-02	5.578362e-02
1132          	1.062924e-01	-1.066753e+00	1.173045e+00	-1.690458e+00	-2.516135e-01	-1.438844e+00	5.936153e-01	-1.119899e+00	-1.798259e-02	7.560206e-02	1.981844e-02	5.578362e-02
1133          	1.062924e-01	-1.066753e+00	1.173045e+00	-1.690458e+00	-2.516135e-01	-1.438844e+00	5.936152e-01	-1.119899e+00	-1.798259e-02	7.560206e-02	1.981844e-02	5.578362e-02
1134          	1.062925e-01	-1.066753e+00	1.173045e+00	-1.690458e+00	-2.516135e-01	-1.438844e+00	5.936152e-01	-1.119899e+00	-1.798260e-02	7.560205e-02	1.981843e-02	5.578362e-02
1135          	1.062925e-01	-1.066753e+00	1.173045e+00	-1.690458e+00	-2.516135e-01	-1.438844e+00	5.936152e-01	-1.119899e+00	-1.798260e-02	7.560205e-02	1.981843e-02	5.578362e-02
1136          	1.062925e-01	-1.066753e+00	1.173045e+00	-1.690458e+00	-2.516135e-01	-1.438844e+00	5.936153e-01	-1.119899e+00	-1.798260e-02	7.560205e-02	1.981843e-02	5.578362e-02
1137          	1.062925e-01	-1.066753e+00	1.173046e+00	-1.690458e+00	-2.516135e-01	-1.438844e+00	5.936154e-01	-1.119899e+00	-1.798260e-02	7.560206e-02	1.981843e-02	5.578362e-02
1138          	1.062924e-01	-1.066753e+00	1.173045e+00	-1.690458e+00	-2.516135e-01	-1.438844e+00	5.936154e-01	-1.119899e+00	-1.798259e-02	7.560206e-02	1.981844e-02	5.578362e-02
1139          	1.062924e-01	-1.066753e+00	1.173045e+00	-1.690458e+00	-2.516135e-01	-1.438844e+00	5.936154e-01	-1.119899e+00	-1.798259e-02	7.560206e-02	1.981845e-02	5.578362e-02
1140          	1.062924e-01	-1.066753e+00	1.173045e+00	-1.690458e+00	-2.516135e-01	-1.438844e+00	5.936154e-01	-1.119899e+00	-1.798258e-02	7.560206e-02	1.981845e-02	5.578362e-02
1141          	1.062924e-01	-1.066753e+00	1.173045e+00	-1.690458e+00	-2.516135e-01	-1.438844e+00	5.936154e-01	-1.119899e+00	-1.798259e-02	7.560206e-02	1.981845e-02	5.578362e-02
1142          	1.062924e-01	-1.066753e+00	1.173045e+00	-1.690458e+00	-2.516136e-01	-1.438844e+00	5.936153e-01	-1.119899e+00	-1.798259e-02	7.560206e-02	1.981844e-02	5.578362e-02
1143          	1.062925e-01	-1.066753e+00	1.173045e+00	-1.690458e+00	-2.516136e-01	-1.438844e+00	5.936153e-01	-1.119899e+00	-1.798259e-02	7.560206e-02	1.981843e-02	5.578362e-02
1144          	1.062925e-01	-1.066753e+00	1.173046e+00	-1.690458e+00	-2.516136e-01	-1.438844e+00	5.936153e-01	-1.119899e+00	-1.798260e-02	7.560206e-02	1.981843e-02	5.578363e-02
1145          	1.062925e-01	-1.066753e+00	1.173046e+00	-1.690458e+00	-2.516136e-01	-1.438844e+00	5.936153e-01	-1.119899e+00	-1.798260e-02	7.560205e-02	1.981843e-02	5.578363e-02
1146          	1.062925e-01	-1.066753e+00	1.173046e+00	-1.690458e+00	-2.516136e-01	-1.438844e+00	5.936153e-01	-1.119899e+00	-1.798260e-02	7.560205e-02	1.981843e-02	5.578363e-02
1147          	1.062925e-01	-1.066753e+00	1.173046e+00	-1.690458e+00	-2.516135e-01	-1.438844e+00	5.936154e-01	-1.119899e+00	-1.798260e-02	7.560205e-02	1.981843e-02	5.578362e-02
1148          	1.062924e-01	-1.066753e+00	1.173046e+00	-1.690458e+00	-2.516135e-01	-1.438844e+00	5.936154e-01	-1.119899e+00	-1.798259e-02	7.560205e-02	1.981844e-02	5.578362e-02
1149          	1.062924e-01	-1.066753e+00	1.173045e+00	-1.690458e+00	-2.516135e-01	-1.438844e+00	5.936154e-01	-1.119899e+00	-1.798258e-02	7.560206e-02	1.981844e-02	5.578361e-02
1150          	1.062924e-01	-1.066753e+00	1.173045e+00	-1.690458e+00	-2.516135e-01	-1.438844e+00	5.936154e-01	-1.119899e+00	-1.798258e-02	7.560206e-02	1.981844e-02	5.578361e-02
1151          	1.062924e-01	-1.066753e+00	1.173045e+00	-1.690458e+00	-2.516135e-01	-1.438844e+00	5.936153e-01	-1.119899e+00	-1.798259e-02	7.560206e-02	1.981844e-02	5.578362e-02
1152          	1.062924e-01	-1.066753e+00	1.173045e+00	-1.690458e+00	-2.516136e-01	-1.438844e+00	5.936152e-01	-1.119899e+00	-1.798259e-02	7.560206e-02	1.981844e-02	5.578362e-02
1153          	1.062924e-01	-1.066753e+00	1.173045e+00	-1.690458e+00	-2.516137e-01	-1.438844e+00	5.936152e-01	-1.119899e+00	-1.798260e-02	7.560206e-02	1.981843e-02	5.578363e-02
1154          	1.062924e-01	-1.066753e+00	1.173046e+00	-1.690458e+00	-2.516137e-01	-1.438844e+00	5.936152e-01	-1.119899e+00	-1.798260e-02	7.560207e-02	1.981843e-02	5.578364e-02
1155          	1.062925e-01	-1.066753e+00	1.173046e+00	-1.690458e+00	-2.516137e-01	-1.438844e+00	5.936152e-01	-1.119899e+00	-1.798261e-02	7.560206e-02	1.981843e-02	5.578364e-02
1156          	1.062924e-01	-1.066753e+00	1.173046e+00	-1.690458e+00	-2.516137e-01	-1.438844e+00	5.936152e-01	-1.119899e+00	-1.798260e-02	7.560206e-02	1.981843e-02	5.578364e-02
1157          	1.062924e-01	-1.066753e+00	1.173046e+00	-1.690458e+00	-2.516136e-01	-1.438844e+00	5.936152e-01	-1.119899e+00	-1.798260e-02	7.560206e-02	1.981843e-02	5.578363e-02
1158          	1.062924e-01	-1.066753e+00	1.173045e+00	-1.690457e+00	-2.516136e-01	-1.438844e+00	5.936152e-01	-1.119899e+00	-1.798259e-02	7.560206e-02	1.981844e-02	5.578362e-02
1159          	1.062924e-01	-1.066753e+00	1.173045e+00	-1.690457e+00	-2.516135e-01	-1.438844e+00	5.936151e-01	-1.119899e+00	-1.798259e-02	7.560206e-02	1.981844e-02	5.578362e-02
1160          	1.062924e-01	-1.066753e+00	1.173045e+00	-1.690457e+00	-2.516136e-01	-1.438844e+00	5.936151e-01	-1.119899e+00	-1.798258e-02	7.560206e-02	1.981845e-02	5.578362e-02
1161          	1.062924e-01	-1.066753e+00	1.173045e+00	-1.690457e+00	-2.516136e-01	-1.438844e+00	5.936150e-01	-1.119899e+00	-1.798259e-02	7.560206e-02	1.981845e-02	5.578362e-02
1162          	1.062924e-01	-1.066753e+00	1.173045e+00	-1.690457e+00	-2.516136e-01	-1.438844e+00	5.936150e-01	-1.119899e+00	-1.798259e-02	7.560207e-02	1.981844e-02	5.578362e-02
1163          	1.062924e-01	-1.066753e+00	1.173045e+00	-1.690457e+00	-2.516137e-01	-1.438844e+00	5.936150e-01	-1.119899e+00	-1.798260e-02	7.560207e-02	1.981844e-02	5.578363e-02
1164          	1.062924e-01	-1.066753e+00	1.173045e+00	-1.690457e+00	-2.516137e-01	-1.438844e+00	5.936150e-01	-1.119899e+00	-1.798260e-02	7.560207e-02	1.981844e-02	5.578363e-02
1165          	1.062924e-01	-1.066753e+00	1.173045e+00	-1.690457e+00	-2.516137e-01	-1.438844e+00	5.936150e-01	-1.119899e+00	-1.798260e-02	7.560207e-02	1.981844e-02	5.578363e-02
1166          	1.062924e-01	-1.066753e+00	1.173045e+00	-1.690457e+00	-2.516137e-01	-1.438844e+00	5.936150e-01	-1.119899e+00	-1.798259e-02	7.560207e-02	1.981844e-02	5.578362e-02
1167          	1.062924e-01	-1.066753e+00	1.173045e+00	-1.690457e+00	-2.516136e-01	-1.438844e+00	5.936150e-01	-1.119899e+00	-1.798258e-02	7.560206e-02	1.981845e-02	5.578362e-02
1168          	1.062924e-01	-1.066753e+00	1.173045e+00	-1.690457e+00	-2.516136e-01	-1.438844e+00	5.936150e-01	-1.119899e+00	-1.798258e-02	7.560206e-02	1.981845e-02	5.578361e-02
1169          	1.062924e-01	-1.066753e+00	1.173045e+00	-1.690457e+00	-2.516136e-01	-1.438844e+00	5.936150e-01	-1.119899e+00	-1.798257e-02	7.560206e-02	1.981846e-02	5.578360e-02
1170          	1.062924e-01	-1.066753e+00	1.173045e+00	-1.690457e+00	-2.516136e-01	-1.438843e+00	5.936149e-01	-1.119899e+00	-1.798258e-02	7.560206e-02	1.981845e-02	5.578361e-02
1171          	1.062924e-01	-1.066753e+00	1.173045e+00	-1.690457e+00	-2.516136e-01	-1.438843e+00	5.936149e-01	-1.119899e+00	-1.798258e-02	7.560206e-02	1.981845e-02	5.578361e-02
1172          	1.062924e-01	-1.066753e+00	1.173045e+00	-1.690457e+00	-2.516136e-01	-1.438844e+00	5.936150e-01	-1.119899e+00	-1.798259e-02	7.560207e-02	1.981845e-02	5.578362e-02
1173          	1.062924e-01	-1.066753e+00	1.173045e+00	-1.690457e+00	-2.516137e-01	-1.438844e+00	5.936150e-01	-1.119899e+00	-1.798259e-02	7.560207e-02	1.981844e-02	5.578363e-02
1174          	1.062924e-01	-1.066753e+00	1.173045e+00	-1.690457e+00	-2.516137e-01	-1.438844e+00	5.936150e-01	-1.119899e+00	-1.798259e-02	7.560207e-02	1.981844e-02	5.578363e-02
1175          	1.062924e-01	-1.066753e+00	1.173045e+00	-1.690457e+00	-2.516137e-01	-1.438844e+00	5.936151e-01	-1.119899e+00	-1.798259e-02	7.560207e-02	1.981844e-02	5.578362e-02
1176          	1.062924e-01	-1.066753e+00	1.173045e+00	-1.690458e+00	-2.516137e-01	-1.438844e+00	5.936151e-01	-1.119899e+00	-1.798259e-02	7.560206e-02	1.981845e-02	5.578362e-02
1177          	1.062924e-01	-1.066753e+00	1.173045e+00	-1.690457e+00	-2.516136e-01	-1.438844e+00	5.936151e-01	-1.119899e+00	-1.798258e-02	7.560206e-02	1.981845e-02	5.578361e-02
1178          	1.062924e-01	-1.066753e+00	1.173045e+00	-1.690457e+00	-2.516136e-01	-1.438844e+00	5.936151e-01	-1.119899e+00	-1.798258e-02	7.560206e-02	1.981845e-02	5.578360e-02
1179          	1.062924e-01	-1.066753e+00	1.173045e+00	-1.690457e+00	-2.516136e-01	-1.438844e+00	5.936151e-01	-1.119899e+00	-1.798258e-02	7.560205e-02	1.981845e-02	5.578360e-02
1180          	1.062924e-01	-1.066753e+00	1.173045e+00	-1.690457e+00	-2.516135e-01	-1.438844e+00	5.936151e-01	-1.119899e+00	-1.798258e-02	7.560205e-02	1.981845e-02	5.578361e-02
1181          	1.062924e-01	-1.066753e+00	1.173045e+00	-1.690457e+00	-2.516135e-01	-1.438844e+00	5.936151e-01	-1.119899e+00	-1.798259e-02	7.560205e-02	1.981844e-02	5.578361e-02
1182          	1.062924e-01	-1.066753e+00	1.173045e+00	-1.690457e+00	-2.516135e-01	-1.438844e+00	5.936152e-01	-1.119899e+00	-1.798259e-02	7.560206e-02	1.981844e-02	5.578362e-02
1183          	1.062924e-01	-1.066753e+00	1.173045e+00	-1.690457e+00	-2.516135e-01	-1.438844e+00	5.936152e-01	-1.119899e+00	-1.798260e-02	7.560206e-02	1.981843e-02	5.578363e-02
1184          	1.062924e-01	-1.066753e+00	1.173045e+00	-1.690458e+00	-2.516135e-01	-1.438844e+00	5.936153e-01	-1.119899e+00	-1.798259e-02	7.560206e-02	1.981844e-02	5.578363e-02
1185          	1.062924e-01	-1.066753e+00	1.173045e+00	-1.690458e+00	-2.516136e-01	-1.438844e+00	5.936153e-01	-1.119899e+00	-1.798259e-02	7.560206e-02	1.981844e-02	5.578362e-02
1186          	1.062924e-01	-1.066753e+00	1.173045e+00	-1.690458e+00	-2.516136e-01	-1.438844e+00	5.936153e-01	-1.119899e+00	-1.798259e-02	7.560206e-02	1.981845e-02	5.578362e-02
1187          	1.062924e-01	-1.066753e+00	1.173045e+00	-1.690458e+00	-2.516136e-01	-1.438844e+00	5.936153e-01	-1.119899e+00	-1.798258e-02	7.560206e-02	1.981845e-02	5.578361e-02
1188          	1.062925e-01	-1.066753e+00	1.173045e+00	-1.690458e+00	-2.516136e-01	-1.438844e+00	5.936153e-01	-1.119899e+00	-1.798258e-02	7.560205e-02	1.981844e-02	5.578361e-02
1189          	1.062925e-01	-1.066753e+00	1.173045e+00	-1.690458e+00	-2.516136e-01	-1.438844e+00	5.936153e-01	-1.119899e+00	-1.798259e-02	7.560205e-02	1.981844e-02	5.578361e-02
1190          	1.062925e-01	-1.066753e+00	1.173045e+00	-1.690458e+00	-2.516135e-01	-1.438844e+00	5.936153e-01	-1.119899e+00	-1.798259e-02	7.560205e-02	1.981843e-02	5.578362e-02
1191          	1.062925e-01	-1.066753e+00	1.173045e+00	-1.690458e+00	-2.516135e-01	-1.438844e+00	5.936154e-01	-1.119899e+00	-1.798260e-02	7.560205e-02	1.981842e-02	5.578363e-02
1192          	1.062925e-01	-1.066753e+00	1.173046e+00	-1.690458e+00	-2.516135e-01	-1.438844e+00	5.936154e-01	-1.119899e+00	-1.798261e-02	7.560205e-02	1.981841e-02	5.578364e-02
1193          	1.062925e-01	-1.066753e+00	1.173046e+00	-1.690458e+00	-2.516135e-01	-1.438844e+00	5.936155e-01	-1.119899e+00	-1.798261e-02	7.560206e-02	1.981841e-02	5.578364e-02
1194          	1.062925e-01	-1.066753e+00	1.173046e+00	-1.690458e+00	-2.516135e-01	-1.438845e+00	5.936155e-01	-1.119899e+00	-1.798261e-02	7.560206e-02	1.981842e-02	5.578364e-02
1195          	1.062925e-01	-1.066753e+00	1.173046e+00	-1.690458e+00	-2.516136e-01	-1.438845e+00	5.936155e-01	-1.119899e+00	-1.798261e-02	7.560206e-02	1.981842e-02	5.578364e-02
1196          	1.062925e-01	-1.066753e+00	1.173046e+00	-1.690458e+00	-2.516136e-01	-1.438845e+00	5.936155e-01	-1.119899e+00	-1.798260e-02	7.560206e-02	1.981843e-02	5.578363e-02
1197          	1.062925e-01	-1.066753e+00	1.173046e+00	-1.690458e+00	-2.516137e-01	-1.438845e+00	5.936154e-01	-1.119899e+00	-1.798260e-02	7.560206e-02	1.981843e-02	5.578363e-02
1198          	1.062925e-01	-1.066753e+00	1.173046e+00	-1.690458e+00	-2.516136e-01	-1.438845e+00	5.936154e-01	-1.119899e+00	-1.798260e-02	7.560205e-02	1.981843e-02	5.578362e-02
1199          	1.062925e-01	-1.066753e+00	1.173046e+00	-1.690458e+00	-2.516136e-01	-1.438844e+00	5.936155e-01	-1.119899e+00	-1.798260e-02	7.560205e-02	1.981843e-02	5.578362e-02
1200          	1.062925e-01	-1.066753e+00	1.173046e+00	-1.690458e+00	-2.516135e-01	-1.438845e+00	5.936155e-01	-1.119899e+00	-1.798260e-02	7.560205e-02	1.981842e-02	5.578363e-02
1201          	1.062925e-01	-1.066753e+00	1.173046e+00	-1.690458e+00	-2.516134e-01	-1.438845e+00	5.936156e-01	-1.119899e+00	-1.798261e-02	7.560205e-02	1.981842e-02	5.578364e-02
1202          	1.062925e-01	-1.066753e+00	1.173046e+00	-1.690458e+00	-2.516134e-01	-1.438845e+00	5.936156e-01	-1.119899e+00	-1.798261e-02	7.560206e-02	1.981842e-02	5.578364e-02
1203          	1.062925e-01	-1.066753e+00	1.173046e+00	-1.690458e+00	-2.516134e-01	-1.438845e+00	5.936156e-01	-1.119899e+00	-1.798261e-02	7.560206e-02	1.981842e-02	5.578364e-02
1204          	1.062925e-01	-1.066753e+00	1.173046e+00	-1.690458e+00	-2.516135e-01	-1.438845e+00	5.936156e-01	-1.119899e+00	-1.798261e-02	7.560207e-02	1.981843e-02	5.578364e-02
1205          	1.062925e-01	-1.066753e+00	1.173046e+00	-1.690458e+00	-2.516136e-01	-1.438845e+00	5.936156e-01	-1.119899e+00	-1.798260e-02	7.560207e-02	1.981844e-02	5.578364e-02
1206          	1.062925e-01	-1.066753e+00	1.173046e+00	-1.690458e+00	-2.516137e-01	-1.438845e+00	5.936155e-01	-1.119899e+00	-1.798259e-02	7.560207e-02	1.981844e-02	5.578363e-02
1207          	1.062925e-01	-1.066753e+00	1.173046e+00	-1.690458e+00	-2.516137e-01	-1.438845e+00	5.936155e-01	-1.119899e+00	-1.798259e-02	7.560207e-02	1.981844e-02	5.578363e-02
1208          	1.062925e-01	-1.066753e+00	1.173046e+00	-1.690458e+00	-2.516137e-01	-1.438845e+00	5.936155e-01	-1.119899e+00	-1.798260e-02	7.560206e-02	1.981843e-02	5.578363e-02
1209          	1.062925e-01	-1.066753e+00	1.173046e+00	-1.690458e+00	-2.516136e-01	-1.438845e+00	5.936155e-01	-1.119899e+00	-1.798260e-02	7.560205e-02	1.981843e-02	5.578363e-02
1210          	1.062925e-01	-1.066753e+00	1.173046e+00	-1.690458e+00	-2.516135e-01	-1.438845e+00	5.936156e-01	-1.119899e+00	-1.798261e-02	7.560205e-02	1.981842e-02	5.578363e-02
1211          	1.062925e-01	-1.066753e+00	1.173046e+00	-1.690458e+00	-2.516134e-01	-1.438845e+00	5.936156e-01	-1.119899e+00	-1.798262e-02	7.560205e-02	1.981841e-02	5.578364e-02
1212          	1.062925e-01	-1.066753e+00	1.173046e+00	-1.690458e+00	-2.516134e-01	-1.438845e+00	5.936157e-01	-1.119899e+00	-1.798262e-02	7.560206e-02	1.981841e-02	5.578365e-02
1213          	1.062925e-01	-1.066753e+00	1.173046e+00	-1.690458e+00	-2.516134e-01	-1.438845e+00	5.936157e-01	-1.119899e+00	-1.798262e-02	7.560206e-02	1.981841e-02	5.578365e-02
1214          	1.062925e-01	-1.066753e+00	1.173046e+00	-1.690458e+00	-2.516135e-01	-1.438845e+00	5.936156e-01	-1.119899e+00	-1.798261e-02	7.560207e-02	1.981842e-02	5.578365e-02
1215          	1.062925e-01	-1.066753e+00	1.173046e+00	-1.690458e+00	-2.516136e-01	-1.438845e+00	5.936156e-01	-1.119899e+00	-1.798261e-02	7.560207e-02	1.981843e-02	5.578364e-02
1216          	1.062925e-01	-1.066753e+00	1.173046e+00	-1.690458e+00	-2.516137e-01	-1.438845e+00	5.936155e-01	-1.119899e+00	-1.798261e-02	7.560207e-02	1.981843e-02	5.578364e-02
1217          	1.062925e-01	-1.066753e+00	1.173046e+00	-1.690458e+00	-2.516137e-01	-1.438845e+00	5.936155e-01	-1.119899e+00	-1.798261e-02	7.560206e-02	1.981843e-02	5.578364e-02
1218          	1.062925e-01	-1.066753e+00	1.173046e+00	-1.690458e+00	-2.516137e-01	-1.438845e+00	5.936155e-01	-1.119899e+00	-1.798261e-02	7.560206e-02	1.981842e-02	5.578364e-02
1219          	1.062925e-01	-1.066753e+00	1.173046e+00	-1.690458e+00	-2.516136e-01	-1.438845e+00	5.936156e-01	-1.119899e+00	-1.798261e-02	7.560206e-02	1.981841e-02	5.578364e-02
1220          	1.062925e-01	-1.066753e+00	1.173046e+00	-1.690458e+00	-2.516135e-01	-1.438845e+00	5.936157e-01	-1.119899e+00	-1.798262e-02	7.560205e-02	1.981841e-02	5.578365e-02
1221          	1.062925e-01	-1.066753e+00	1.173046e+00	-1.690458e+00	-2.516134e-01	-1.438845e+00	5.936157e-01	-1.119900e+00	-1.798262e-02	7.560206e-02	1.981841e-02	5.578365e-02
1222          	1.062925e-01	-1.066753e+00	1.173046e+00	-1.690458e+00	-2.516134e-01	-1.438845e+00	5.936157e-01	-1.119900e+00	-1.798262e-02	7.560206e-02	1.981841e-02	5.578365e-02
1223          	1.062925e-01	-1.066753e+00	1.173046e+00	-1.690458e+00	-2.516135e-01	-1.438845e+00	5.936157e-01	-1.119900e+00	-1.798262e-02	7.560207e-02	1.981842e-02	5.578365e-02
1224          	1.062925e-01	-1.066753e+00	1.173046e+00	-1.690458e+00	-2.516135e-01	-1.438845e+00	5.936156e-01	-1.119899e+00	-1.798261e-02	7.560207e-02	1.981843e-02	5.578364e-02
1225          	1.062925e-01	-1.066753e+00	1.173046e+00	-1.690458e+00	-2.516136e-01	-1.438845e+00	5.936156e-01	-1.119899e+00	-1.798260e-02	7.560208e-02	1.981844e-02	5.578364e-02
1226          	1.062925e-01	-1.066753e+00	1.173046e+00	-1.690459e+00	-2.516137e-01	-1.438845e+00	5.936156e-01	-1.119899e+00	-1.798260e-02	7.560208e-02	1.981844e-02	5.578364e-02
1227          	1.062925e-01	-1.066753e+00	1.173046e+00	-1.690459e+00	-2.516137e-01	-1.438845e+00	5.936156e-01	-1.119899e+00	-1.798260e-02	7.560207e-02	1.981844e-02	5.578363e-02
1228          	1.062925e-01	-1.066753e+00	1.173046e+00	-1.690459e+00	-2.516137e-01	-1.438845e+00	5.936156e-01	-1.119899e+00	-1.798260e-02	7.560207e-02	1.981843e-02	5.578363e-02
1229          	1.062925e-01	-1.066753e+00	1.173046e+00	-1.690459e+00	-2.516136e-01	-1.438845e+00	5.936157e-01	-1.119899e+00	-1.798261e-02	7.560207e-02	1.981843e-02	5.578364e-02
1230          	1.062925e-01	-1.066753e+00	1.173046e+00	-1.690459e+00	-2.516135e-01	-1.438845e+00	5.936157e-01	-1.119900e+00	-1.798261e-02	7.560206e-02	1.981842e-02	5.578364e-02
1231          	1.062925e-01	-1.066753e+00	1.173046e+00	-1.690458e+00	-2.516134e-01	-1.438845e+00	5.936158e-01	-1.119900e+00	-1.798261e-02	7.560207e-02	1.981842e-02	5.578364e-02
1232          	1.062925e-01	-1.066753e+00	1.173046e+00	-1.690458e+00	-2.516134e-01	-1.438845e+00	5.936158e-01	-1.119900e+00	-1.798261e-02	7.560207e-02	1.981843e-02	5.578364e-02
1233          	1.062925e-01	-1.066753e+00	1.173046e+00	-1.690458e+00	-2.516134e-01	-1.438845e+00	5.936158e-01	-1.119900e+00	-1.798260e-02	7.560207e-02	1.981843e-02	5.578364e-02
1234          	1.062925e-01	-1.066753e+00	1.173046e+00	-1.690458e+00	-2.516135e-01	-1.438845e+00	5.936157e-01	-1.119900e+00	-1.798260e-02	7.560207e-02	1.981844e-02	5.578363e-02
1235          	1.062925e-01	-1.066753e+00	1.173046e+00	-1.690458e+00	-2.516135e-01	-1.438845e+00	5.936157e-01	-1.119899e+00	-1.798259e-02	7.560207e-02	1.981845e-02	5.578363e-02
1236          	1.062925e-01	-1.066753e+00	1.173046e+00	-1.690459e+00	-2.516136e-01	-1.438845e+00	5.936157e-01	-1.119899e+00	-1.798259e-02	7.560207e-02	1.981845e-02	5.578363e-02
1237          	1.062925e-01	-1.066753e+00	1.173046e+00	-1.690459e+00	-2.516137e-01	-1.438845e+00	5.936157e-01	-1.119899e+00	-1.798260e-02	7.560207e-02	1.981844e-02	5.578363e-02
1238          	1.062925e-01	-1.066753e+00	1.173046e+00	-1.690459e+00	-2.516137e-01	-1.438845e+00	5.936157e-01	-1.119900e+00	-1.798260e-02	7.560207e-02	1.981843e-02	5.578364e-02
1239          	1.062925e-01	-1.066753e+00	1.173046e+00	-1.690459e+00	-2.516136e-01	-1.438845e+00	5.936158e-01	-1.119900e+00	-1.798261e-02	7.560207e-02	1.981842e-02	5.578364e-02
1240          	1.062925e-01	-1.066753e+00	1.173046e+00	-1.690459e+00	-2.516136e-01	-1.438845e+00	5.936158e-01	-1.119900e+00	-1.798261e-02	7.560206e-02	1.981842e-02	5.578365e-02
1241          	1.062925e-01	-1.066753e+00	1.173046e+00	-1.690459e+00	-2.516135e-01	-1.438845e+00	5.936158e-01	-1.119900e+00	-1.798261e-02	7.560206e-02	1.981842e-02	5.578365e-02
1242          	1.062925e-01	-1.066753e+00	1.173046e+00	-1.690459e+00	-2.516134e-01	-1.438845e+00	5.936158e-01	-1.119900e+00	-1.798261e-02	7.560206e-02	1.981842e-02	5.578364e-02
1243          	1.062925e-01	-1.066753e+00	1.173046e+00	-1.690458e+00	-2.516134e-01	-1.438845e+00	5.936158e-01	-1.119900e+00	-1.798261e-02	7.560206e-02	1.981843e-02	5.578364e-02
1244          	1.062925e-01	-1.066753e+00	1.173046e+00	-1.690459e+00	-2.516135e-01	-1.438845e+00	5.936158e-01	-1.119900e+00	-1.798260e-02	7.560207e-02	1.981843e-02	5.578364e-02
1245          	1.062925e-01	-1.066753e+00	1.173046e+00	-1.690459e+00	-2.516135e-01	-1.438845e+00	5.936158e-01	-1.119900e+00	-1.798260e-02	7.560207e-02	1.981843e-02	5.578363e-02
1246          	1.062925e-01	-1.066753e+00	1.173046e+00	-1.690459e+00	-2.516136e-01	-1.438845e+00	5.936158e-01	-1.119900e+00	-1.798260e-02	7.560207e-02	1.981843e-02	5.578363e-02
1247          	1.062925e-01	-1.066753e+00	1.173046e+00	-1.690459e+00	-2.516137e-01	-1.438845e+00	5.936157e-01	-1.119900e+00	-1.798260e-02	7.560207e-02	1.981843e-02	5.578364e-02
1248          	1.062925e-01	-1.066753e+00	1.173046e+00	-1.690459e+00	-2.516137e-01	-1.438845e+00	5.936157e-01	-1.119900e+00	-1.798261e-02	7.560207e-02	1.981843e-02	5.578364e-02
1249          	1.062925e-01	-1.066753e+00	1.173046e+00	-1.690459e+00	-2.516137e-01	-1.438845e+00	5.936157e-01	-1.119900e+00	-1.798261e-02	7.560207e-02	1.981842e-02	5.578364e-02
1250          	1.062925e-01	-1.066753e+00	1.173046e+00	-1.690459e+00	-2.516136e-01	-1.438845e+00	5.936158e-01	-1.119900e+00	-1.798261e-02	7.560207e-02	1.981842e-02	5.578364e-02
1251          	1.062925e-01	-1.066753e+00	1.173046e+00	-1.690459e+00	-2.516135e-01	-1.438845e+00	5.936158e-01	-1.119900e+00	-1.798261e-02	7.560207e-02	1.981842e-02	5.578364e-02
1252          	1.062925e-01	-1.066753e+00	1.173046e+00	-1.690458e+00	-2.516134e-01	-1.438845e+00	5.936158e-01	-1.119900e+00	-1.798260e-02	7.560207e-02	1.981843e-02	5.578364e-02
1253          	1.062925e-01	-1.066753e+00	1.173046e+00	-1.690458e+00	-2.516134e-01	-1.438845e+00	5.936157e-01	-1.119900e+00	-1.798260e-02	7.560207e-02	1.981843e-02	5.578363e-02
1254          	1.062925e-01	-1.066753e+00	1.173046e+00	-1.690458e+00	-2.516135e-01	-1.438845e+00	5.936157e-01	-1.119900e+00	-1.798260e-02	7.560207e-02	1.981844e-02	5.578363e-02
1255          	1.062925e-01	-1.066753e+00	1.173046e+00	-1.690458e+00	-2.516135e-01	-1.438845e+00	5.936157e-01	-1.119900e+00	-1.798259e-02	7.560207e-02	1.981844e-02	5.578363e-02
1256          	1.062925e-01	-1.066753e+00	1.173046e+00	-1.690459e+00	-2.516136e-01	-1.438845e+00	5.936156e-01	-1.119900e+00	-1.798259e-02	7.560207e-02	1.981844e-02	5.578363e-02
1257          	1.062925e-01	-1.066753e+00	1.173046e+00	-1.690459e+00	-2.516137e-01	-1.438845e+00	5.936156e-01	-1.119900e+00	-1.798260e-02	7.560207e-02	1.981844e-02	5.578363e-02
1258          	1.062925e-01	-1.066753e+00	1.173046e+00	-1.690459e+00	-2.516137e-01	-1.438845e+00	5.936156e-01	-1.119900e+00	-1.798260e-02	7.560207e-02	1.981843e-02	5.578364e-02
1259          	1.062925e-01	-1.066753e+00	1.173046e+00	-1.690459e+00	-2.516137e-01	-1.438845e+00	5.936156e-01	-1.119900e+00	-1.798260e-02	7.560207e-02	1.981843e-02	5.578364e-02
1260          	1.062925e-01	-1.066753e+00	1.173046e+00	-1.690459e+00	-2.516137e-01	-1.438845e+00	5.936156e-01	-1.119900e+00	-1.798260e-02	7.560207e-02	1.981843e-02	5.578364e-02
1261          	1.062925e-01	-1.066753e+00	1.173046e+00	-1.690458e+00	-2.516136e-01	-1.438845e+00	5.936156e-01	-1.119900e+00	-1.798260e-02	7.560208e-02	1.981843e-02	5.578364e-02
1262          	1.062925e-01	-1.066753e+00	1.173046e+00	-1.690458e+00	-2.516135e-01	-1.438845e+00	5.936157e-01	-1.119900e+00	-1.798260e-02	7.560208e-02	1.981844e-02	5.578364e-02
1263          	1.062925e-01	-1.066753e+00	1.173046e+00	-1.690458e+00	-2.516135e-01	-1.438845e+00	5.936156e-01	-1.119900e+00	-1.798260e-02	7.560208e-02	1.981844e-02	5.578363e-02
1264          	1.062925e-01	-1.066753e+00	1.173046e+00	-1.690458e+00	-2.516135e-01	-1.438845e+00	5.936156e-01	-1.119900e+00	-1.798259e-02	7.560207e-02	1.981845e-02	5.578363e-02
1265          	1.062925e-01	-1.066753e+00	1.173046e+00	-1.690458e+00	-2.516136e-01	-1.438845e+00	5.936156e-01	-1.119900e+00	-1.798259e-02	7.560207e-02	1.981845e-02	5.578362e-02
1266          	1.062925e-01	-1.066753e+00	1.173046e+00	-1.690458e+00	-2.516137e-01	-1.438845e+00	5.936155e-01	-1.119900e+00	-1.798259e-02	7.560207e-02	1.981845e-02	5.578362e-02
1267          	1.062925e-01	-1.066753e+00	1.173046e+00	-1.690458e+00	-2.516137e-01	-1.438845e+00	5.936155e-01	-1.119900e+00	-1.798259e-02	7.560207e-02	1.981844e-02	5.578363e-02
1268          	1.062925e-01	-1.066753e+00	1.173046e+00	-1.690458e+00	-2.516137e-01	-1.438845e+00	5.936155e-01	-1.119900e+00	-1.798260e-02	7.560207e-02	1.981844e-02	5.578363e-02
1269          	1.062925e-01	-1.066753e+00	1.173046e+00	-1.690458e+00	-2.516137e-01	-1.438845e+00	5.936155e-01	-1.119900e+00	-1.798260e-02	7.560207e-02	1.981844e-02	5.578363e-02
1270          	1.062925e-01	-1.066753e+00	1.173046e+00	-1.690458e+00	-2.516136e-01	-1.438845e+00	5.936155e-01	-1.119900e+00	-1.798260e-02	7.560207e-02	1.981844e-02	5.578363e-02
1271          	1.062925e-01	-1.066753e+00	1.173046e+00	-1.690458e+00	-2.516136e-01	-1.438845e+00	5.936155e-01	-1.119900e+00	-1.798259e-02	7.560208e-02	1.981845e-02	5.578363e-02
1272          	1.062924e-01	-1.066753e+00	1.173046e+00	-1.690458e+00	-2.516135e-01	-1.438845e+00	5.936156e-01	-1.119900e+00	-1.798259e-02	7.560208e-02	1.981845e-02	5.578362e-02
1273          	1.062924e-01	-1.066753e+00	1.173046e+00	-1.690458e+00	-2.516135e-01	-1.438845e+00	5.936155e-01	-1.119900e+00	-1.798258e-02	7.560208e-02	1.981846e-02	5.578362e-02
1274          	1.062924e-01	-1.066753e+00	1.173046e+00	-1.690458e+00	-2.516135e-01	-1.438845e+00	5.936155e-01	-1.119900e+00	-1.798257e-02	7.560208e-02	1.981846e-02	5.578361e-02
1275          	1.062924e-01	-1.066753e+00	1.173046e+00	-1.690458e+00	-2.516136e-01	-1.438845e+00	5.936155e-01	-1.119899e+00	-1.798257e-02	7.560207e-02	1.981846e-02	5.578361e-02
1276          	1.062924e-01	-1.066753e+00	1.173046e+00	-1.690458e+00	-2.516137e-01	-1.438845e+00	5.936154e-01	-1.119899e+00	-1.798258e-02	7.560207e-02	1.981846e-02	5.578361e-02
1277          	1.062925e-01	-1.066753e+00	1.173046e+00	-1.690458e+00	-2.516137e-01	-1.438844e+00	5.936154e-01	-1.119899e+00	-1.798258e-02	7.560207e-02	1.981845e-02	5.578362e-02
1278          	1.062925e-01	-1.066753e+00	1.173046e+00	-1.690458e+00	-2.516137e-01	-1.438844e+00	5.936154e-01	-1.119899e+00	-1.798259e-02	7.560207e-02	1.981845e-02	5.578362e-02
1279          	1.062925e-01	-1.066753e+00	1.173046e+00	-1.690458e+00	-2.516137e-01	-1.438844e+00	5.936154e-01	-1.119899e+00	-1.798259e-02	7.560207e-02	1.981845e-02	5.578362e-02
1280          	1.062925e-01	-1.066753e+00	1.173046e+00	-1.690458e+00	-2.516137e-01	-1.438844e+00	5.936154e-01	-1.119900e+00	-1.798259e-02	7.560208e-02	1.981845e-02	5.578363e-02
1281          	1.062924e-01	-1.066753e+00	1.173046e+00	-1.690458e+00	-2.516136e-01	-1.438845e+00	5.936155e-01	-1.119899e+00	-1.798259e-02	7.560208e-02	1.981845e-02	5.578363e-02
1282          	1.062924e-01	-1.066753e+00	1.173046e+00	-1.690458e+00	-2.516136e-01	-1.438845e+00	5.936155e-01	-1.119899e+00	-1.798258e-02	7.560208e-02	1.981846e-02	5.578362e-02
1283          	1.062924e-01	-1.066753e+00	1.173046e+00	-1.690458e+00	-2.516135e-01	-1.438845e+00	5.936155e-01	-1.119899e+00	-1.798258e-02	7.560208e-02	1.981846e-02	5.578362e-02
1284          	1.062924e-01	-1.066753e+00	1.173046e+00	-1.690458e+00	-2.516136e-01	-1.438845e+00	5.936155e-01	-1.119899e+00	-1.798258e-02	7.560208e-02	1.981846e-02	5.578362e-02
1285          	1.062925e-01	-1.066753e+00	1.173046e+00	-1.690458e+00	-2.516136e-01	-1.438844e+00	5.936155e-01	-1.119899e+00	-1.798259e-02	7.560207e-02	1.981845e-02	5.578362e-02
1286          	1.062925e-01	-1.066753e+00	1.173046e+00	-1.690458e+00	-2.516136e-01	-1.438844e+00	5.936154e-01	-1.119899e+00	-1.798259e-02	7.560206e-02	1.981844e-02	5.578362e-02
1287          	1.062925e-01	-1.066753e+00	1.173046e+00	-1.690458e+00	-2.516137e-01	-1.438845e+00	5.936154e-01	-1.119899e+00	-1.798260e-02	7.560206e-02	1.981843e-02	5.578363e-02
1288          	1.062925e-01	-1.066753e+00	1.173046e+00	-1.690458e+00	-2.516137e-01	-1.438845e+00	5.936155e-01	-1.119899e+00	-1.798260e-02	7.560206e-02	1.981843e-02	5.578363e-02
1289          	1.062925e-01	-1.066753e+00	1.173046e+00	-1.690458e+00	-2.516136e-01	-1.438845e+00	5.936155e-01	-1.119899e+00	-1.798260e-02	7.560207e-02	1.981843e-02	5.578364e-02
1290          	1.062925e-01	-1.066753e+00	1.173046e+00	-1.690458e+00	-2.516136e-01	-1.438845e+00	5.936156e-01	-1.119899e+00	-1.798260e-02	7.560207e-02	1.981844e-02	5.578364e-02
1291          	1.062925e-01	-1.066753e+00	1.173046e+00	-1.690458e+00	-2.516136e-01	-1.438845e+00	5.936156e-01	-1.119899e+00	-1.798259e-02	7.560208e-02	1.981845e-02	5.578363e-02
1292          	1.062925e-01	-1.066753e+00	1.173046e+00	-1.690458e+00	-2.516135e-01	-1.438845e+00	5.936156e-01	-1.119899e+00	-1.798259e-02	7.560208e-02	1.981845e-02	5.578363e-02
1293          	1.062924e-01	-1.066753e+00	1.173046e+00	-1.690458e+00	-2.516135e-01	-1.438845e+00	5.936156e-01	-1.119899e+00	-1.798259e-02	7.560208e-02	1.981846e-02	5.578363e-02
1294          	1.062925e-01	-1.066753e+00	1.173046e+00	-1.690458e+00	-2.516135e-01	-1.438845e+00	5.936156e-01	-1.119899e+00	-1.798259e-02	7.560208e-02	1.981845e-02	5.578363e-02
1295          	1.062925e-01	-1.066753e+00	1.173046e+00	-1.690458e+00	-2.516135e-01	-1.438845e+00	5.936156e-01	-1.119899e+00	-1.798259e-02	7.560207e-02	1.981844e-02	5.578363e-02
1296          	1.062925e-01	-1.066753e+00	1.173046e+00	-1.690458e+00	-2.516135e-01	-1.438845e+00	5.936156e-01	-1.119899e+00	-1.798259e-02	7.560206e-02	1.981844e-02	5.578363e-02
1297          	1.062925e-01	-1.066753e+00	1.173046e+00	-1.690458e+00	-2.516136e-01	-1.438845e+00	5.936156e-01	-1.119899e+00	-1.798260e-02	7.560206e-02	1.981843e-02	5.578363e-02
1298          	1.062925e-01	-1.066753e+00	1.173046e+00	-1.690458e+00	-2.516136e-01	-1.438845e+00	5.936156e-01	-1.119900e+00	-1.798260e-02	7.560206e-02	1.981843e-02	5.578363e-02
1299          	1.062925e-01	-1.066753e+00	1.173046e+00	-1.690458e+00	-2.516136e-01	-1.438845e+00	5.936156e-01	-1.119900e+00	-1.798259e-02	7.560207e-02	1.981844e-02	5.578362e-02
1300          	1.062925e-01	-1.066753e+00	1.173046e+00	-1.690458e+00	-2.516136e-01	-1.438845e+00	5.936157e-01	-1.119900e+00	-1.798259e-02	7.560207e-02	1.981845e-02	5.578362e-02
1301          	1.062925e-01	-1.066753e+00	1.173046e+00	-1.690458e+00	-2.516135e-01	-1.438845e+00	5.936157e-01	-1.119900e+00	-1.798258e-02	7.560208e-02	1.981846e-02	5.578362e-02
1302          	1.062924e-01	-1.066753e+00	1.173046e+00	-1.690458e+00	-2.516135e-01	-1.438845e+00	5.936157e-01	-1.119899e+00	-1.798258e-02	7.560208e-02	1.981846e-02	5.578362e-02
1303          	1.062924e-01	-1.066753e+00	1.173046e+00	-1.690458e+00	-2.516134e-01	-1.438845e+00	5.936157e-01	-1.119899e+00	-1.798258e-02	7.560208e-02	1.981846e-02	5.578362e-02
1304          	1.062924e-01	-1.066753e+00	1.173046e+00	-1.690458e+00	-2.516134e-01	-1.438845e+00	5.936157e-01	-1.119900e+00	-1.798258e-02	7.560208e-02	1.981845e-02	5.578362e-02
1305          	1.062925e-01	-1.066753e+00	1.173046e+00	-1.690458e+00	-2.516135e-01	-1.438845e+00	5.936156e-01	-1.119900e+00	-1.798259e-02	7.560207e-02	1.981844e-02	5.578362e-02
1306          	1.062925e-01	-1.066753e+00	1.173046e+00	-1.690458e+00	-2.516135e-01	-1.438845e+00	5.936156e-01	-1.119900e+00	-1.798259e-02	7.560206e-02	1.981844e-02	5.578362e-02
1307          	1.062925e-01	-1.066753e+00	1.173046e+00	-1.690458e+00	-2.516136e-01	-1.438845e+00	5.936156e-01	-1.119900e+00	-1.798259e-02	7.560206e-02	1.981843e-02	5.578362e-02
1308          	1.062925e-01	-1.066753e+00	1.173046e+00	-1.690458e+00	-2.516137e-01	-1.438845e+00	5.936156e-01	-1.119900e+00	-1.798259e-02	7.560206e-02	1.981844e-02	5.578362e-02
1309          	1.062925e-01	-1.066753e+00	1.173046e+00	-1.690459e+00	-2.516137e-01	-1.438845e+00	5.936156e-01	-1.119900e+00	-1.798259e-02	7.560207e-02	1.981845e-02	5.578362e-02
1310          	1.062925e-01	-1.066753e+00	1.173046e+00	-1.690459e+00	-2.516136e-01	-1.438845e+00	5.936156e-01	-1.119900e+00	-1.798258e-02	7.560208e-02	1.981845e-02	5.578362e-02
1311          	1.062924e-01	-1.066753e+00	1.173046e+00	-1.690458e+00	-2.516136e-01	-1.438845e+00	5.936156e-01	-1.119900e+00	-1.798258e-02	7.560208e-02	1.981846e-02	5.578362e-02
1312          	1.062924e-01	-1.066753e+00	1.173046e+00	-1.690458e+00	-2.516136e-01	-1.438845e+00	5.936156e-01	-1.119899e+00	-1.798258e-02	7.560209e-02	1.981846e-02	5.578363e-02
1313          	1.062924e-01	-1.066753e+00	1.173046e+00	-1.690458e+00	-2.516135e-01	-1.438845e+00	5.936156e-01	-1.119899e+00	-1.798259e-02	7.560208e-02	1.981845e-02	5.578363e-02
1314          	1.062925e-01	-1.066753e+00	1.173046e+00	-1.690458e+00	-2.516135e-01	-1.438845e+00	5.936156e-01	-1.119900e+00	-1.798259e-02	7.560208e-02	1.981844e-02	5.578363e-02
1315          	1.062925e-01	-1.066753e+00	1.173046e+00	-1.690458e+00	-2.516135e-01	-1.438845e+00	5.936156e-01	-1.119900e+00	-1.798260e-02	7.560207e-02	1.981844e-02	5.578363e-02
1316          	1.062925e-01	-1.066753e+00	1.173046e+00	-1.690458e+00	-2.516135e-01	-1.438845e+00	5.936156e-01	-1.119900e+00	-1.798260e-02	7.560206e-02	1.981843e-02	5.578363e-02
1317          	1.062925e-01	-1.066753e+00	1.173046e+00	-1.690458e+00	-2.516136e-01	-1.438845e+00	5.936156e-01	-1.119900e+00	-1.798260e-02	7.560206e-02	1.981843e-02	5.578363e-02
1318          	1.062925e-01	-1.066753e+00	1.173046e+00	-1.690458e+00	-2.516136e-01	-1.438845e+00	5.936156e-01	-1.119900e+00	-1.798259e-02	7.560206e-02	1.981844e-02	5.578362e-02
1319          	1.062925e-01	-1.066753e+00	1.173046e+00	-1.690458e+00	-2.516136e-01	-1.438845e+00	5.936156e-01	-1.119900e+00	-1.798259e-02	7.560206e-02	1.981844e-02	5.578362e-02
1320          	1.062925e-01	-1.066753e+00	1.173046e+00	-1.690458e+00	-2.516136e-01	-1.438845e+00	5.936156e-01	-1.119900e+00	-1.798258e-02	7.560207e-02	1.981845e-02	5.578362e-02
1321          	1.062924e-01	-1.066753e+00	1.173046e+00	-1.690458e+00	-2.516135e-01	-1.438845e+00	5.936156e-01	-1.119899e+00	-1.798258e-02	7.560208e-02	1.981846e-02	5.578362e-02
1322          	1.062924e-01	-1.066753e+00	1.173046e+00	-1.690458e+00	-2.516135e-01	-1.438845e+00	5.936156e-01	-1.119899e+00	-1.798259e-02	7.560209e-02	1.981846e-02	5.578363e-02
1323          	1.062924e-01	-1.066753e+00	1.173046e+00	-1.690458e+00	-2.516135e-01	-1.438845e+00	5.936156e-01	-1.119900e+00	-1.798259e-02	7.560209e-02	1.981845e-02	5.578363e-02
1324          	1.062924e-01	-1.066753e+00	1.173046e+00	-1.690458e+00	-2.516135e-01	-1.438845e+00	5.936156e-01	-1.119900e+00	-1.798259e-02	7.560208e-02	1.981845e-02	5.578363e-02
1325          	1.062924e-01	-1.066753e+00	1.173046e+00	-1.690458e+00	-2.516135e-01	-1.438845e+00	5.936156e-01	-1.119900e+00	-1.798259e-02	7.560207e-02	1.981845e-02	5.578363e-02
1326          	1.062925e-01	-1.066753e+00	1.173046e+00	-1.690458e+00	-2.516136e-01	-1.438845e+00	5.936155e-01	-1.119900e+00	-1.798259e-02	7.560207e-02	1.981844e-02	5.578362e-02
1327          	1.062925e-01	-1.066753e+00	1.173046e+00	-1.690458e+00	-2.516136e-01	-1.438845e+00	5.936155e-01	-1.119900e+00	-1.798259e-02	7.560206e-02	1.981845e-02	5.578362e-02
1328          	1.062925e-01	-1.066753e+00	1.173046e+00	-1.690458e+00	-2.516136e-01	-1.438845e+00	5.936155e-01	-1.119900e+00	-1.798258e-02	7.560206e-02	1.981845e-02	5.578361e-02
1329          	1.062925e-01	-1.066753e+00	1.173046e+00	-1.690458e+00	-2.516137e-01	-1.438844e+00	5.936154e-01	-1.119899e+00	-1.798258e-02	7.560206e-02	1.981846e-02	5.578361e-02
1330          	1.062924e-01	-1.066753e+00	1.173046e+00	-1.690458e+00	-2.516136e-01	-1.438844e+00	5.936154e-01	-1.119899e+00	-1.798257e-02	7.560207e-02	1.981846e-02	5.578361e-02
1331          	1.062924e-01	-1.066753e+00	1.173046e+00	-1.690458e+00	-2.516136e-01	-1.438844e+00	5.936154e-01	-1.119899e+00	-1.798257e-02	7.560208e-02	1.981847e-02	5.578361e-02
1332          	1.062924e-01	-1.066753e+00	1.173046e+00	-1.690458e+00	-2.516136e-01	-1.438844e+00	5.936154e-01	-1.119899e+00	-1.798258e-02	7.560208e-02	1.981846e-02	5.578362e-02
1333          	1.062924e-01	-1.066753e+00	1.173046e+00	-1.690458e+00	-2.516136e-01	-1.438844e+00	5.936153e-01	-1.119899e+00	-1.798258e-02	7.560209e-02	1.981846e-02	5.578363e-02
1334          	1.062924e-01	-1.066753e+00	1.173046e+00	-1.690458e+00	-2.516136e-01	-1.438844e+00	5.936153e-01	-1.119899e+00	-1.798259e-02	7.560208e-02	1.981845e-02	5.578363e-02
1335          	1.062924e-01	-1.066753e+00	1.173046e+00	-1.690458e+00	-2.516137e-01	-1.438844e+00	5.936153e-01	-1.119899e+00	-1.798259e-02	7.560207e-02	1.981845e-02	5.578362e-02
1336          	1.062924e-01	-1.066753e+00	1.173046e+00	-1.690458e+00	-2.516137e-01	-1.438844e+00	5.936153e-01	-1.119899e+00	-1.798259e-02	7.560207e-02	1.981845e-02	5.578362e-02
1337          	1.062925e-01	-1.066753e+00	1.173046e+00	-1.690458e+00	-2.516137e-01	-1.438844e+00	5.936152e-01	-1.119899e+00	-1.798258e-02	7.560206e-02	1.981845e-02	5.578361e-02
1338          	1.062925e-01	-1.066753e+00	1.173046e+00	-1.690458e+00	-2.516136e-01	-1.438844e+00	5.936152e-01	-1.119899e+00	-1.798258e-02	7.560206e-02	1.981845e-02	5.578361e-02
1339          	1.062925e-01	-1.066753e+00	1.173046e+00	-1.690458e+00	-2.516136e-01	-1.438844e+00	5.936152e-01	-1.119899e+00	-1.798258e-02	7.560206e-02	1.981845e-02	5.578360e-02
1340          	1.062924e-01	-1.066753e+00	1.173046e+00	-1.690458e+00	-2.516136e-01	-1.438844e+00	5.936152e-01	-1.119899e+00	-1.798258e-02	7.560206e-02	1.981846e-02	5.578361e-02
1341          	1.062924e-01	-1.066753e+00	1.173046e+00	-1.690458e+00	-2.516136e-01	-1.438844e+00	5.936153e-01	-1.119899e+00	-1.798258e-02	7.560207e-02	1.981846e-02	5.578362e-02
1342          	1.062924e-01	-1.066753e+00	1.173046e+00	-1.690458e+00	-2.516136e-01	-1.438844e+00	5.936153e-01	-1.119899e+00	-1.798258e-02	7.560208e-02	1.981846e-02	5.578363e-02
1343          	1.062924e-01	-1.066753e+00	1.173046e+00	-1.690458e+00	-2.516136e-01	-1.438844e+00	5.936153e-01	-1.119899e+00	-1.798259e-02	7.560209e-02	1.981846e-02	5.578363e-02
1344          	1.062924e-01	-1.066753e+00	1.173046e+00	-1.690458e+00	-2.516136e-01	-1.438844e+00	5.936153e-01	-1.119899e+00	-1.798259e-02	7.560209e-02	1.981845e-02	5.578363e-02
1345          	1.062924e-01	-1.066753e+00	1.173046e+00	-1.690458e+00	-2.516136e-01	-1.438844e+00	5.936153e-01	-1.119899e+00	-1.798259e-02	7.560208e-02	1.981845e-02	5.578363e-02
1346          	1.062925e-01	-1.066753e+00	1.173046e+00	-1.690458e+00	-2.516136e-01	-1.438844e+00	5.936153e-01	-1.119899e+00	-1.798259e-02	7.560207e-02	1.981845e-02	5.578362e-02
1347          	1.062925e-01	-1.066753e+00	1.173046e+00	-1.690458e+00	-2.516136e-01	-1.438844e+00	5.936153e-01	-1.119899e+00	-1.798258e-02	7.560206e-02	1.981845e-02	5.578361e-02
1348          	1.062925e-01	-1.066753e+00	1.173046e+00	-1.690458e+00	-2.516136e-01	-1.438844e+00	5.936153e-01	-1.119899e+00	-1.798258e-02	7.560206e-02	1.981845e-02	5.578361e-02
1349          	1.062925e-01	-1.066753e+00	1.173046e+00	-1.690458e+00	-2.516135e-01	-1.438844e+00	5.936153e-01	-1.119899e+00	-1.798257e-02	7.560206e-02	1.981846e-02	5.578360e-02
1350          	1.062924e-01	-1.066753e+00	1.173046e+00	-1.690458e+00	-2.516135e-01	-1.438844e+00	5.936154e-01	-1.119899e+00	-1.798258e-02	7.560206e-02	1.981846e-02	5.578361e-02
1351          	1.062924e-01	-1.066753e+00	1.173046e+00	-1.690458e+00	-2.516135e-01	-1.438844e+00	5.936154e-01	-1.119899e+00	-1.798258e-02	7.560207e-02	1.981846e-02	5.578361e-02
1352          	1.062924e-01	-1.066753e+00	1.173046e+00	-1.690458e+00	-2.516135e-01	-1.438844e+00	5.936154e-01	-1.119899e+00	-1.798258e-02	7.560208e-02	1.981846e-02	5.578362e-02
1353          	1.062924e-01	-1.066753e+00	1.173046e+00	-1.690458e+00	-2.516135e-01	-1.438844e+00	5.936154e-01	-1.119899e+00	-1.798259e-02	7.560208e-02	1.981846e-02	5.578363e-02
1354          	1.062924e-01	-1.066753e+00	1.173046e+00	-1.690458e+00	-2.516136e-01	-1.438844e+00	5.936154e-01	-1.119899e+00	-1.798259e-02	7.560208e-02	1.981845e-02	5.578363e-02
1355          	1.062924e-01	-1.066753e+00	1.173046e+00	-1.690458e+00	-2.516136e-01	-1.438844e+00	5.936154e-01	-1.119899e+00	-1.798259e-02	7.560207e-02	1.981845e-02	5.578362e-02
1356          	1.062925e-01	-1.066753e+00	1.173046e+00	-1.690458e+00	-2.516136e-01	-1.438844e+00	5.936153e-01	-1.119899e+00	-1.798258e-02	7.560206e-02	1.981845e-02	5.578361e-02
1357          	1.062925e-01	-1.066753e+00	1.173046e+00	-1.690458e+00	-2.516136e-01	-1.438844e+00	5.936153e-01	-1.119899e+00	-1.798258e-02	7.560205e-02	1.981844e-02	5.578360e-02
1358          	1.062925e-01	-1.066753e+00	1.173046e+00	-1.690458e+00	-2.516136e-01	-1.438844e+00	5.936153e-01	-1.119899e+00	-1.798258e-02	7.560204e-02	1.981845e-02	5.578360e-02
1359          	1.062925e-01	-1.066753e+00	1.173046e+00	-1.690458e+00	-2.516136e-01	-1.438844e+00	5.936154e-01	-1.119899e+00	-1.798258e-02	7.560204e-02	1.981845e-02	5.578360e-02
1360          	1.062925e-01	-1.066753e+00	1.173046e+00	-1.690458e+00	-2.516136e-01	-1.438844e+00	5.936154e-01	-1.119899e+00	-1.798258e-02	7.560205e-02	1.981845e-02	5.578360e-02
1361          	1.062925e-01	-1.066753e+00	1.173046e+00	-1.690458e+00	-2.516136e-01	-1.438844e+00	5.936154e-01	-1.119899e+00	-1.798258e-02	7.560206e-02	1.981845e-02	5.578361e-02
1362          	1.062925e-01	-1.066753e+00	1.173046e+00	-1.690458e+00	-2.516136e-01	-1.438844e+00	5.936155e-01	-1.119899e+00	-1.798259e-02	7.560207e-02	1.981845e-02	5.578362e-02
1363          	1.062924e-01	-1.066753e+00	1.173046e+00	-1.690458e+00	-2.516136e-01	-1.438844e+00	5.936154e-01	-1.119899e+00	-1.798259e-02	7.560208e-02	1.981845e-02	5.578363e-02
1364          	1.062924e-01	-1.066753e+00	1.173046e+00	-1.690458e+00	-2.516136e-01	-1.438844e+00	5.936154e-01	-1.119899e+00	-1.798259e-02	7.560208e-02	1.981844e-02	5.578363e-02
1365          	1.062924e-01	-1.066753e+00	1.173046e+00	-1.690458e+00	-2.516136e-01	-1.438844e+00	5.936154e-01	-1.119899e+00	-1.798259e-02	7.560207e-02	1.981844e-02	5.578363e-02
1366          	1.062925e-01	-1.066753e+00	1.173046e+00	-1.690458e+00	-2.516135e-01	-1.438844e+00	5.936153e-01	-1.119899e+00	-1.798259e-02	7.560206e-02	1.981844e-02	5.578362e-02
1367          	1.062925e-01	-1.066753e+00	1.173046e+00	-1.690458e+00	-2.516135e-01	-1.438844e+00	5.936153e-01	-1.119899e+00	-1.798258e-02	7.560205e-02	1.981844e-02	5.578361e-02
1368          	1.062925e-01	-1.066753e+00	1.173046e+00	-1.690458e+00	-2.516135e-01	-1.438844e+00	5.936153e-01	-1.119899e+00	-1.798258e-02	7.560205e-02	1.981844e-02	5.578361e-02
1369          	1.062925e-01	-1.066753e+00	1.173046e+00	-1.690458e+00	-2.516135e-01	-1.438844e+00	5.936154e-01	-1.119899e+00	-1.798258e-02	7.560205e-02	1.981844e-02	5.578361e-02
1370          	1.062925e-01	-1.066753e+00	1.173046e+00	-1.690458e+00	-2.516135e-01	-1.438844e+00	5.936155e-01	-1.119899e+00	-1.798259e-02	7.560206e-02	1.981844e-02	5.578362e-02
1371          	1.062925e-01	-1.066753e+00	1.173046e+00	-1.690458e+00	-2.516135e-01	-1.438845e+00	5.936155e-01	-1.119899e+00	-1.798259e-02	7.560207e-02	1.981844e-02	5.578362e-02
1372          	1.062925e-01	-1.066753e+00	1.173046e+00	-1.690458e+00	-2.516135e-01	-1.438845e+00	5.936155e-01	-1.119899e+00	-1.798259e-02	7.560208e-02	1.981845e-02	5.578363e-02
1373          	1.062924e-01	-1.066753e+00	1.173046e+00	-1.690458e+00	-2.516135e-01	-1.438844e+00	5.936155e-01	-1.119899e+00	-1.798259e-02	7.560208e-02	1.981845e-02	5.578363e-02
1374          	1.062924e-01	-1.066753e+00	1.173046e+00	-1.690458e+00	-2.516135e-01	-1.438844e+00	5.936154e-01	-1.119899e+00	-1.798259e-02	7.560208e-02	1.981845e-02	5.578363e-02
1375          	1.062924e-01	-1.066753e+00	1.173046e+00	-1.690458e+00	-2.516136e-01	-1.438844e+00	5.936153e-01	-1.119899e+00	-1.798259e-02	7.560208e-02	1.981845e-02	5.578363e-02
1376          	1.062924e-01	-1.066753e+00	1.173046e+00	-1.690458e+00	-2.516136e-01	-1.438844e+00	5.936153e-01	-1.119899e+00	-1.798258e-02	7.560207e-02	1.981845e-02	5.578362e-02
1377          	1.062924e-01	-1.066753e+00	1.173046e+00	-1.690458e+00	-2.516136e-01	-1.438844e+00	5.936153e-01	-1.119899e+00	-1.798258e-02	7.560206e-02	1.981845e-02	5.578361e-02
1378          	1.062924e-01	-1.066753e+00	1.173046e+00	-1.690458e+00	-2.516136e-01	-1.438844e+00	5.936153e-01	-1.119899e+00	-1.798258e-02	7.560205e-02	1.981845e-02	5.578361e-02
1379          	1.062925e-01	-1.066753e+00	1.173046e+00	-1.690458e+00	-2.516136e-01	-1.438844e+00	5.936153e-01	-1.119899e+00	-1.798258e-02	7.560205e-02	1.981844e-02	5.578361e-02
1380          	1.062925e-01	-1.066753e+00	1.173046e+00	-1.690458e+00	-2.516136e-01	-1.438844e+00	5.936154e-01	-1.119899e+00	-1.798259e-02	7.560206e-02	1.981844e-02	5.578361e-02
1381          	1.062925e-01	-1.066753e+00	1.173046e+00	-1.690458e+00	-2.516136e-01	-1.438844e+00	5.936154e-01	-1.119899e+00	-1.798259e-02	7.560206e-02	1.981844e-02	5.578362e-02
1382          	1.062924e-01	-1.066753e+00	1.173046e+00	-1.690458e+00	-2.516136e-01	-1.438844e+00	5.936153e-01	-1.119899e+00	-1.798259e-02	7.560207e-02	1.981844e-02	5.578362e-02
1383          	1.062924e-01	-1.066753e+00	1.173046e+00	-1.690458e+00	-2.516136e-01	-1.438844e+00	5.936153e-01	-1.119899e+00	-1.798259e-02	7.560207e-02	1.981845e-02	5.578363e-02
1384          	1.062924e-01	-1.066753e+00	1.173045e+00	-1.690458e+00	-2.516136e-01	-1.438844e+00	5.936152e-01	-1.119899e+00	-1.798259e-02	7.560208e-02	1.981845e-02	5.578363e-02
1385          	1.062924e-01	-1.066753e+00	1.173045e+00	-1.690457e+00	-2.516136e-01	-1.438844e+00	5.936151e-01	-1.119899e+00	-1.798258e-02	7.560208e-02	1.981845e-02	5.578362e-02
1386          	1.062924e-01	-1.066753e+00	1.173045e+00	-1.690457e+00	-2.516136e-01	-1.438844e+00	5.936151e-01	-1.119899e+00	-1.798258e-02	7.560207e-02	1.981846e-02	5.578361e-02
1387          	1.062924e-01	-1.066753e+00	1.173045e+00	-1.690457e+00	-2.516136e-01	-1.438844e+00	5.936151e-01	-1.119899e+00	-1.798258e-02	7.560206e-02	1.981845e-02	5.578361e-02
1388          	1.062924e-01	-1.066753e+00	1.173046e+00	-1.690458e+00	-2.516136e-01	-1.438844e+00	5.936151e-01	-1.119899e+00	-1.798258e-02	7.560206e-02	1.981845e-02	5.578361e-02
1389          	1.062924e-01	-1.066753e+00	1.173046e+00	-1.690458e+00	-2.516136e-01	-1.438844e+00	5.936152e-01	-1.119899e+00	-1.798258e-02	7.560206e-02	1.981845e-02	5.578361e-02
1390          	1.062924e-01	-1.066753e+00	1.173046e+00	-1.690458e+00	-2.516136e-01	-1.438844e+00	5.936152e-01	-1.119899e+00	-1.798258e-02	7.560206e-02	1.981844e-02	5.578361e-02
1391          	1.062924e-01	-1.066753e+00	1.173046e+00	-1.690458e+00	-2.516135e-01	-1.438844e+00	5.936152e-01	-1.119899e+00	-1.798259e-02	7.560206e-02	1.981844e-02	5.578361e-02
1392          	1.062924e-01	-1.066753e+00	1.173045e+00	-1.690458e+00	-2.516135e-01	-1.438844e+00	5.936152e-01	-1.119899e+00	-1.798259e-02	7.560206e-02	1.981844e-02	5.578362e-02
1393          	1.062924e-01	-1.066753e+00	1.173045e+00	-1.690457e+00	-2.516135e-01	-1.438844e+00	5.936152e-01	-1.119899e+00	-1.798259e-02	7.560207e-02	1.981845e-02	5.578362e-02
1394          	1.062924e-01	-1.066753e+00	1.173045e+00	-1.690457e+00	-2.516136e-01	-1.438844e+00	5.936151e-01	-1.119899e+00	-1.798258e-02	7.560207e-02	1.981845e-02	5.578362e-02
1395          	1.062924e-01	-1.066753e+00	1.173045e+00	-1.690457e+00	-2.516136e-01	-1.438844e+00	5.936151e-01	-1.119899e+00	-1.798258e-02	7.560208e-02	1.981846e-02	5.578362e-02
1396          	1.062924e-01	-1.066753e+00	1.173045e+00	-1.690457e+00	-2.516136e-01	-1.438844e+00	5.936151e-01	-1.119899e+00	-1.798258e-02	7.560208e-02	1.981846e-02	5.578362e-02
1397          	1.062924e-01	-1.066753e+00	1.173045e+00	-1.690458e+00	-2.516136e-01	-1.438844e+00	5.936151e-01	-1.119899e+00	-1.798258e-02	7.560207e-02	1.981846e-02	5.578362e-02
1398          	1.062924e-01	-1.066753e+00	1.173045e+00	-1.690458e+00	-2.516136e-01	-1.438844e+00	5.936152e-01	-1.119899e+00	-1.798258e-02	7.560207e-02	1.981845e-02	5.578362e-02
1399          	1.062924e-01	-1.066753e+00	1.173046e+00	-1.690458e+00	-2.516136e-01	-1.438844e+00	5.936152e-01	-1.119899e+00	-1.798259e-02	7.560206e-02	1.981845e-02	5.578362e-02
1400          	1.062924e-01	-1.066753e+00	1.173046e+00	-1.690458e+00	-2.516135e-01	-1.438844e+00	5.936153e-01	-1.119899e+00	-1.798259e-02	7.560206e-02	1.981844e-02	5.578362e-02
1401          	1.062924e-01	-1.066753e+00	1.173045e+00	-1.690458e+00	-2.516135e-01	-1.438844e+00	5.936153e-01	-1.119899e+00	-1.798259e-02	7.560206e-02	1.981844e-02	5.578362e-02
1402          	1.062924e-01	-1.066753e+00	1.173045e+00	-1.690457e+00	-2.516134e-01	-1.438844e+00	5.936153e-01	-1.119899e+00	-1.798259e-02	7.560206e-02	1.981844e-02	5.578362e-02
1403          	1.062924e-01	-1.066753e+00	1.173045e+00	-1.690457e+00	-2.516135e-01	-1.438844e+00	5.936152e-01	-1.119899e+00	-1.798259e-02	7.560206e-02	1.981844e-02	5.578362e-02
1404          	1.062924e-01	-1.066753e+00	1.173045e+00	-1.690457e+00	-2.516135e-01	-1.438844e+00	5.936152e-01	-1.119899e+00	-1.798259e-02	7.560207e-02	1.981845e-02	5.578362e-02
1405          	1.062924e-01	-1.066753e+00	1.173045e+00	-1.690457e+00	-2.516136e-01	-1.438844e+00	5.936152e-01	-1.119899e+00	-1.798259e-02	7.560208e-02	1.981845e-02	5.578362e-02
1406          	1.062924e-01	-1.066753e+00	1.173045e+00	-1.690458e+00	-2.516136e-01	-1.438844e+00	5.936152e-01	-1.119899e+00	-1.798259e-02	7.560208e-02	1.981845e-02	5.578362e-02
1407          	1.062924e-01	-1.066753e+00	1.173045e+00	-1.690458e+00	-2.516136e-01	-1.438844e+00	5.936152e-01	-1.119899e+00	-1.798259e-02	7.560207e-02	1.981845e-02	5.578362e-02
1408          	1.062924e-01	-1.066753e+00	1.173045e+00	-1.690458e+00	-2.516136e-01	-1.438844e+00	5.936153e-01	-1.119899e+00	-1.798259e-02	7.560207e-02	1.981845e-02	5.578362e-02
1409          	1.062924e-01	-1.066753e+00	1.173045e+00	-1.690458e+00	-2.516136e-01	-1.438844e+00	5.936153e-01	-1.119899e+00	-1.798259e-02	7.560206e-02	1.981844e-02	5.578362e-02
1410          	1.062925e-01	-1.066753e+00	1.173045e+00	-1.690458e+00	-2.516135e-01	-1.438844e+00	5.936153e-01	-1.119899e+00	-1.798259e-02	7.560206e-02	1.981844e-02	5.578362e-02
1411          	1.062925e-01	-1.066753e+00	1.173045e+00	-1.690458e+00	-2.516135e-01	-1.438844e+00	5.936154e-01	-1.119899e+00	-1.798259e-02	7.560205e-02	1.981844e-02	5.578361e-02
1412          	1.062925e-01	-1.066753e+00	1.173045e+00	-1.690458e+00	-2.516135e-01	-1.438844e+00	5.936154e-01	-1.119899e+00	-1.798259e-02	7.560205e-02	1.981844e-02	5.578361e-02
1413          	1.062925e-01	-1.066753e+00	1.173045e+00	-1.690458e+00	-2.516135e-01	-1.438844e+00	5.936154e-01	-1.119899e+00	-1.798258e-02	7.560206e-02	1.981844e-02	5.578361e-02
1414          	1.062924e-01	-1.066753e+00	1.173045e+00	-1.690458e+00	-2.516135e-01	-1.438844e+00	5.936153e-01	-1.119899e+00	-1.798258e-02	7.560206e-02	1.981845e-02	5.578361e-02
1415          	1.062924e-01	-1.066753e+00	1.173045e+00	-1.690458e+00	-2.516135e-01	-1.438844e+00	5.936153e-01	-1.119899e+00	-1.798258e-02	7.560207e-02	1.981845e-02	5.578362e-02
1416          	1.062924e-01	-1.066753e+00	1.173046e+00	-1.690458e+00	-2.516135e-01	-1.438844e+00	5.936154e-01	-1.119899e+00	-1.798259e-02	7.560207e-02	1.981845e-02	5.578362e-02
1417          	1.062924e-01	-1.066753e+00	1.173046e+00	-1.690458e+00	-2.516136e-01	-1.438844e+00	5.936154e-01	-1.119899e+00	-1.798259e-02	7.560207e-02	1.981845e-02	5.578363e-02
1418          	1.062925e-01	-1.066753e+00	1.173046e+00	-1.690458e+00	-2.516136e-01	-1.438844e+00	5.936154e-01	-1.119899e+00	-1.798259e-02	7.560207e-02	1.981844e-02	5.578363e-02
1419          	1.062925e-01	-1.066753e+00	1.173046e+00	-1.690458e+00	-2.516135e-01	-1.438844e+00	5.936154e-01	-1.119899e+00	-1.798259e-02	7.560206e-02	1.981844e-02	5.578362e-02
1420          	1.062925e-01	-1.066753e+00	1.173046e+00	-1.690458e+00	-2.516135e-01	-1.438844e+00	5.936155e-01	-1.119899e+00	-1.798259e-02	7.560205e-02	1.981843e-02	5.578362e-02
1421          	1.062925e-01	-1.066753e+00	1.173046e+00	-1.690458e+00	-2.516135e-01	-1.438844e+00	5.936155e-01	-1.119899e+00	-1.798259e-02	7.560205e-02	1.981843e-02	5.578361e-02
1422          	1.062925e-01	-1.066753e+00	1.173046e+00	-1.690458e+00	-2.516134e-01	-1.438844e+00	5.936155e-01	-1.119899e+00	-1.798259e-02	7.560205e-02	1.981843e-02	5.578362e-02
1423          	1.062925e-01	-1.066753e+00	1.173046e+00	-1.690458e+00	-2.516134e-01	-1.438844e+00	5.936155e-01	-1.119899e+00	-1.798259e-02	7.560205e-02	1.981844e-02	5.578362e-02
1424          	1.062925e-01	-1.066753e+00	1.173046e+00	-1.690458e+00	-2.516135e-01	-1.438844e+00	5.936155e-01	-1.119899e+00	-1.798259e-02	7.560206e-02	1.981844e-02	5.578362e-02
1425          	1.062924e-01	-1.066753e+00	1.173046e+00	-1.690458e+00	-2.516135e-01	-1.438844e+00	5.936155e-01	-1.119899e+00	-1.798260e-02	7.560207e-02	1.981844e-02	5.578363e-02
1426          	1.062924e-01	-1.066753e+00	1.173046e+00	-1.690458e+00	-2.516135e-01	-1.438844e+00	5.936155e-01	-1.119899e+00	-1.798260e-02	7.560208e-02	1.981844e-02	5.578364e-02
1427          	1.062924e-01	-1.066753e+00	1.173046e+00	-1.690458e+00	-2.516135e-01	-1.438845e+00	5.936155e-01	-1.119899e+00	-1.798260e-02	7.560208e-02	1.981844e-02	5.578364e-02
1428          	1.062925e-01	-1.066753e+00	1.173046e+00	-1.690458e+00	-2.516136e-01	-1.438845e+00	5.936155e-01	-1.119899e+00	-1.798260e-02	7.560207e-02	1.981843e-02	5.578364e-02
1429          	1.062925e-01	-1.066753e+00	1.173046e+00	-1.690458e+00	-2.516136e-01	-1.438845e+00	5.936155e-01	-1.119899e+00	-1.798260e-02	7.560206e-02	1.981843e-02	5.578363e-02
1430          	1.062925e-01	-1.066753e+00	1.173046e+00	-1.690458e+00	-2.516136e-01	-1.438844e+00	5.936154e-01	-1.119899e+00	-1.798260e-02	7.560206e-02	1.981843e-02	5.578363e-02
1431          	1.062925e-01	-1.066753e+00	1.173046e+00	-1.690458e+00	-2.516136e-01	-1.438844e+00	5.936154e-01	-1.119899e+00	-1.798260e-02	7.560205e-02	1.981843e-02	5.578362e-02
1432          	1.062925e-01	-1.066753e+00	1.173046e+00	-1.690458e+00	-2.516135e-01	-1.438844e+00	5.936154e-01	-1.119899e+00	-1.798259e-02	7.560205e-02	1.981843e-02	5.578362e-02
1433          	1.062925e-01	-1.066753e+00	1.173046e+00	-1.690458e+00	-2.516135e-01	-1.438844e+00	5.936154e-01	-1.119899e+00	-1.798259e-02	7.560205e-02	1.981843e-02	5.578362e-02
1434          	1.062925e-01	-1.066753e+00	1.173046e+00	-1.690458e+00	-2.516134e-01	-1.438844e+00	5.936154e-01	-1.119899e+00	-1.798259e-02	7.560206e-02	1.981843e-02	5.578362e-02
1435          	1.062924e-01	-1.066753e+00	1.173046e+00	-1.690458e+00	-2.516134e-01	-1.438844e+00	5.936154e-01	-1.119899e+00	-1.798260e-02	7.560207e-02	1.981844e-02	5.578363e-02
1436          	1.062924e-01	-1.066753e+00	1.173046e+00	-1.690458e+00	-2.516135e-01	-1.438844e+00	5.936154e-01	-1.119899e+00	-1.798260e-02	7.560207e-02	1.981844e-02	5.578364e-02
1437          	1.062924e-01	-1.066753e+00	1.173046e+00	-1.690458e+00	-2.516135e-01	-1.438844e+00	5.936154e-01	-1.119899e+00	-1.798260e-02	7.560207e-02	1.981843e-02	5.578364e-02
1438          	1.062924e-01	-1.066753e+00	1.173046e+00	-1.690458e+00	-2.516136e-01	-1.438844e+00	5.936153e-01	-1.119899e+00	-1.798260e-02	7.560207e-02	1.981843e-02	5.578364e-02
1439          	1.062925e-01	-1.066753e+00	1.173046e+00	-1.690458e+00	-2.516137e-01	-1.438844e+00	5.936153e-01	-1.119899e+00	-1.798260e-02	7.560207e-02	1.981843e-02	5.578363e-02
1440          	1.062925e-01	-1.066753e+00	1.173046e+00	-1.690458e+00	-2.516137e-01	-1.438844e+00	5.936152e-01	-1.119899e+00	-1.798259e-02	7.560206e-02	1.981844e-02	5.578362e-02
1441          	1.062925e-01	-1.066753e+00	1.173046e+00	-1.690458e+00	-2.516137e-01	-1.438844e+00	5.936152e-01	-1.119899e+00	-1.798259e-02	7.560205e-02	1.981844e-02	5.578362e-02
1442          	1.062925e-01	-1.066753e+00	1.173046e+00	-1.690458e+00	-2.516136e-01	-1.438844e+00	5.936152e-01	-1.119899e+00	-1.798259e-02	7.560205e-02	1.981844e-02	5.578361e-02
1443          	1.062924e-01	-1.066753e+00	1.173046e+00	-1.690457e+00	-2.516135e-01	-1.438844e+00	5.936152e-01	-1.119899e+00	-1.798259e-02	7.560205e-02	1.981844e-02	5.578361e-02
1444          	1.062924e-01	-1.066753e+00	1.173046e+00	-1.690457e+00	-2.516134e-01	-1.438844e+00	5.936152e-01	-1.119899e+00	-1.798259e-02	7.560206e-02	1.981844e-02	5.578362e-02
1445          	1.062924e-01	-1.066753e+00	1.173046e+00	-1.690457e+00	-2.516134e-01	-1.438844e+00	5.936152e-01	-1.119899e+00	-1.798259e-02	7.560207e-02	1.981844e-02	5.578362e-02
1446          	1.062924e-01	-1.066753e+00	1.173046e+00	-1.690457e+00	-2.516135e-01	-1.438844e+00	5.936152e-01	-1.119899e+00	-1.798259e-02	7.560207e-02	1.981844e-02	5.578363e-02
1447          	1.062924e-01	-1.066753e+00	1.173046e+00	-1.690457e+00	-2.516135e-01	-1.438844e+00	5.936151e-01	-1.119899e+00	-1.798259e-02	7.560207e-02	1.981844e-02	5.578363e-02
1448          	1.062924e-01	-1.066753e+00	1.173045e+00	-1.690457e+00	-2.516136e-01	-1.438844e+00	5.936151e-01	-1.119899e+00	-1.798259e-02	7.560207e-02	1.981844e-02	5.578363e-02
1449          	1.062924e-01	-1.066753e+00	1.173045e+00	-1.690457e+00	-2.516137e-01	-1.438844e+00	5.936150e-01	-1.119899e+00	-1.798259e-02	7.560207e-02	1.981845e-02	5.578362e-02
1450          	1.062924e-01	-1.066753e+00	1.173045e+00	-1.690457e+00	-2.516138e-01	-1.438844e+00	5.936150e-01	-1.119899e+00	-1.798259e-02	7.560206e-02	1.981845e-02	5.578362e-02
1451          	1.062924e-01	-1.066753e+00	1.173045e+00	-1.690457e+00	-2.516137e-01	-1.438844e+00	5.936150e-01	-1.119899e+00	-1.798258e-02	7.560206e-02	1.981845e-02	5.578361e-02
1452          	1.062924e-01	-1.066753e+00	1.173045e+00	-1.690457e+00	-2.516137e-01	-1.438844e+00	5.936150e-01	-1.119899e+00	-1.798258e-02	7.560205e-02	1.981844e-02	5.578361e-02
1453          	1.062924e-01	-1.066753e+00	1.173045e+00	-1.690457e+00	-2.516136e-01	-1.438844e+00	5.936151e-01	-1.119899e+00	-1.798259e-02	7.560205e-02	1.981844e-02	5.578361e-02
1454          	1.062924e-01	-1.066753e+00	1.173045e+00	-1.690457e+00	-2.516135e-01	-1.438844e+00	5.936151e-01	-1.119899e+00	-1.798259e-02	7.560206e-02	1.981844e-02	5.578362e-02
1455          	1.062924e-01	-1.066753e+00	1.173045e+00	-1.690457e+00	-2.516134e-01	-1.438844e+00	5.936151e-01	-1.119899e+00	-1.798260e-02	7.560206e-02	1.981843e-02	5.578363e-02
1456          	1.062924e-01	-1.066753e+00	1.173045e+00	-1.690457e+00	-2.516135e-01	-1.438844e+00	5.936151e-01	-1.119899e+00	-1.798260e-02	7.560207e-02	1.981843e-02	5.578363e-02
1457          	1.062924e-01	-1.066753e+00	1.173045e+00	-1.690457e+00	-2.516136e-01	-1.438844e+00	5.936151e-01	-1.119899e+00	-1.798260e-02	7.560207e-02	1.981844e-02	5.578363e-02
1458          	1.062924e-01	-1.066753e+00	1.173045e+00	-1.690457e+00	-2.516137e-01	-1.438844e+00	5.936150e-01	-1.119899e+00	-1.798259e-02	7.560207e-02	1.981844e-02	5.578363e-02
1459          	1.062924e-01	-1.066753e+00	1.173045e+00	-1.690457e+00	-2.516138e-01	-1.438844e+00	5.936150e-01	-1.119899e+00	-1.798259e-02	7.560207e-02	1.981845e-02	5.578362e-02
1460          	1.062924e-01	-1.066753e+00	1.173045e+00	-1.690458e+00	-2.516138e-01	-1.438844e+00	5.936150e-01	-1.119899e+00	-1.798258e-02	7.560207e-02	1.981845e-02	5.578362e-02
1461          	1.062924e-01	-1.066753e+00	1.173045e+00	-1.690457e+00	-2.516137e-01	-1.438844e+00	5.936150e-01	-1.119899e+00	-1.798258e-02	7.560206e-02	1.981845e-02	5.578361e-02
1462          	1.062924e-01	-1.066753e+00	1.173045e+00	-1.690457e+00	-2.516136e-01	-1.438844e+00	5.936151e-01	-1.119899e+00	-1.798258e-02	7.560205e-02	1.981845e-02	5.578361e-02
1463          	1.062925e-01	-1.066753e+00	1.173045e+00	-1.690457e+00	-2.516135e-01	-1.438844e+00	5.936152e-01	-1.119899e+00	-1.798258e-02	7.560205e-02	1.981844e-02	5.578361e-02
1464          	1.062925e-01	-1.066753e+00	1.173045e+00	-1.690457e+00	-2.516134e-01	-1.438844e+00	5.936152e-01	-1.119899e+00	-1.798259e-02	7.560205e-02	1.981844e-02	5.578361e-02
1465          	1.062924e-01	-1.066753e+00	1.173045e+00	-1.690457e+00	-2.516134e-01	-1.438844e+00	5.936152e-01	-1.119899e+00	-1.798259e-02	7.560206e-02	1.981844e-02	5.578362e-02
1466          	1.062924e-01	-1.066753e+00	1.173045e+00	-1.690457e+00	-2.516134e-01	-1.438844e+00	5.936152e-01	-1.119899e+00	-1.798259e-02	7.560206e-02	1.981844e-02	5.578362e-02
1467          	1.062924e-01	-1.066753e+00	1.173045e+00	-1.690457e+00	-2.516135e-01	-1.438844e+00	5.936152e-01	-1.119899e+00	-1.798259e-02	7.560207e-02	1.981845e-02	5.578362e-02
1468          	1.062924e-01	-1.066753e+00	1.173045e+00	-1.690457e+00	-2.516136e-01	-1.438844e+00	5.936151e-01	-1.119899e+00	-1.798258e-02	7.560207e-02	1.981845e-02	5.578362e-02
1469          	1.062924e-01	-1.066753e+00	1.173045e+00	-1.690458e+00	-2.516137e-01	-1.438844e+00	5.936151e-01	-1.119899e+00	-1.798258e-02	7.560207e-02	1.981846e-02	5.578361e-02
1470          	1.062924e-01	-1.066753e+00	1.173045e+00	-1.690458e+00	-2.516137e-01	-1.438844e+00	5.936151e-01	-1.119899e+00	-1.798258e-02	7.560206e-02	1.981846e-02	5.578361e-02
1471          	1.062924e-01	-1.066753e+00	1.173045e+00	-1.690458e+00	-2.516137e-01	-1.438844e+00	5.936152e-01	-1.119899e+00	-1.798258e-02	7.560206e-02	1.981845e-02	5.578360e-02
1472          	1.062925e-01	-1.066753e+00	1.173045e+00	-1.690458e+00	-2.516136e-01	-1.438844e+00	5.936152e-01	-1.119899e+00	-1.798258e-02	7.560205e-02	1.981844e-02	5.578360e-02
1473          	1.062925e-01	-1.066753e+00	1.173046e+00	-1.690458e+00	-2.516135e-01	-1.438844e+00	5.936153e-01	-1.119899e+00	-1.798259e-02	7.560205e-02	1.981844e-02	5.578361e-02
1474          	1.062925e-01	-1.066753e+00	1.173046e+00	-1.690458e+00	-2.516135e-01	-1.438844e+00	5.936153e-01	-1.119899e+00	-1.798259e-02	7.560205e-02	1.981843e-02	5.578361e-02
1475          	1.062925e-01	-1.066753e+00	1.173046e+00	-1.690458e+00	-2.516134e-01	-1.438844e+00	5.936153e-01	-1.119899e+00	-1.798259e-02	7.560205e-02	1.981843e-02	5.578362e-02
1476          	1.062924e-01	-1.066753e+00	1.173045e+00	-1.690457e+00	-2.516135e-01	-1.438844e+00	5.936153e-01	-1.119899e+00	-1.798259e-02	7.560206e-02	1.981844e-02	5.578362e-02
1477          	1.062924e-01	-1.066753e+00	1.173045e+00	-1.690457e+00	-2.516135e-01	-1.438844e+00	5.936152e-01	-1.119899e+00	-1.798259e-02	7.560206e-02	1.981844e-02	5.578362e-02
1478          	1.062924e-01	-1.066753e+00	1.173045e+00	-1.690457e+00	-2.516136e-01	-1.438844e+00	5.936152e-01	-1.119899e+00	-1.798259e-02	7.560207e-02	1.981844e-02	5.578362e-02
1479          	1.062924e-01	-1.066753e+00	1.173045e+00	-1.690458e+00	-2.516136e-01	-1.438844e+00	5.936151e-01	-1.119899e+00	-1.798259e-02	7.560207e-02	1.981845e-02	5.578362e-02
1480          	1.062924e-01	-1.066753e+00	1.173045e+00	-1.690458e+00	-2.516136e-01	-1.438844e+00	5.936152e-01	-1.119899e+00	-1.798259e-02	7.560206e-02	1.981845e-02	5.578362e-02
1481          	1.062925e-01	-1.066753e+00	1.173045e+00	-1.690458e+00	-2.516136e-01	-1.438844e+00	5.936152e-01	-1.119899e+00	-1.798259e-02	7.560206e-02	1.981844e-02	5.578362e-02
1482          	1.062925e-01	-1.066753e+00	1.173046e+00	-1.690458e+00	-2.516136e-01	-1.438844e+00	5.936153e-01	-1.119899e+00	-1.798259e-02	7.560205e-02	1.981843e-02	5.578362e-02
1483          	1.062925e-01	-1.066753e+00	1.173046e+00	-1.690458e+00	-2.516135e-01	-1.438844e+00	5.936154e-01	-1.119899e+00	-1.798260e-02	7.560205e-02	1.981843e-02	5.578363e-02
1484          	1.062925e-01	-1.066753e+00	1.173046e+00	-1.690458e+00	-2.516134e-01	-1.438844e+00	5.936154e-01	-1.119899e+00	-1.798260e-02	7.560205e-02	1.981842e-02	5.578363e-02
1485          	1.062925e-01	-1.066753e+00	1.173046e+00	-1.690458e+00	-2.516134e-01	-1.438844e+00	5.936154e-01	-1.119899e+00	-1.798260e-02	7.560206e-02	1.981843e-02	5.578363e-02
1486          	1.062924e-01	-1.066753e+00	1.173045e+00	-1.690457e+00	-2.516134e-01	-1.438844e+00	5.936153e-01	-1.119899e+00	-1.798260e-02	7.560207e-02	1.981843e-02	5.578364e-02
1487          	1.062924e-01	-1.066753e+00	1.173045e+00	-1.690457e+00	-2.516135e-01	-1.438844e+00	5.936152e-01	-1.119899e+00	-1.798260e-02	7.560207e-02	1.981844e-02	5.578364e-02
1488          	1.062924e-01	-1.066753e+00	1.173045e+00	-1.690457e+00	-2.516135e-01	-1.438844e+00	5.936152e-01	-1.119899e+00	-1.798260e-02	7.560208e-02	1.981844e-02	5.578363e-02
1489          	1.062924e-01	-1.066753e+00	1.173045e+00	-1.690458e+00	-2.516136e-01	-1.438844e+00	5.936152e-01	-1.119899e+00	-1.798259e-02	7.560208e-02	1.981845e-02	5.578363e-02
1490          	1.062924e-01	-1.066753e+00	1.173045e+00	-1.690458e+00	-2.516137e-01	-1.438844e+00	5.936152e-01	-1.119899e+00	-1.798259e-02	7.560207e-02	1.981845e-02	5.578362e-02
1491          	1.062924e-01	-1.066753e+00	1.173045e+00	-1.690458e+00	-2.516137e-01	-1.438844e+00	5.936152e-01	-1.119899e+00	-1.798259e-02	7.560207e-02	1.981844e-02	5.578362e-02
1492          	1.062925e-01	-1.066753e+00	1.173046e+00	-1.690458e+00	-2.516136e-01	-1.438844e+00	5.936153e-01	-1.119899e+00	-1.798259e-02	7.560206e-02	1.981844e-02	5.578362e-02
1493          	1.062925e-01	-1.066753e+00	1.173046e+00	-1.690458e+00	-2.516136e-01	-1.438844e+00	5.936153e-01	-1.119899e+00	-1.798259e-02	7.560206e-02	1.981844e-02	5.578362e-02
1494          	1.062925e-01	-1.066753e+00	1.173046e+00	-1.690458e+00	-2.516135e-01	-1.438844e+00	5.936153e-01	-1.119899e+00	-1.798259e-02	7.560206e-02	1.981844e-02	5.578362e-02
1495          	1.062924e-01	-1.066753e+00	1.173045e+00	-1.690457e+00	-2.516134e-01	-1.438844e+00	5.936153e-01	-1.119899e+00	-1.798259e-02	7.560206e-02	1.981844e-02	5.578362e-02
1496          	1.062924e-01	-1.066753e+00	1.173045e+00	-1.690457e+00	-2.516134e-01	-1.438844e+00	5.936152e-01	-1.119899e+00	-1.798259e-02	7.560206e-02	1.981844e-02	5.578362e-02
1497          	1.062924e-01	-1.066753e+00	1.173045e+00	-1.690457e+00	-2.516135e-01	-1.438844e+00	5.936152e-01	-1.119899e+00	-1.798259e-02	7.560207e-02	1.981845e-02	5.578362e-02
1498          	1.062924e-01	-1.066753e+00	1.173045e+00	-1.690457e+00	-2.516135e-01	-1.438844e+00	5.936151e-01	-1.119899e+00	-1.798258e-02	7.560207e-02	1.981845e-02	5.578362e-02
1499          	1.062924e-01	-1.066753e+00	1.173045e+00	-1.690458e+00	-2.516136e-01	-1.438844e+00	5.936151e-01	-1.119899e+00	-1.798258e-02	7.560207e-02	1.981845e-02	5.578362e-02
1500          	1.062924e-01	-1.066753e+00	1.173045e+00	-1.690458e+00	-2.516137e-01	-1.438844e+00	5.936152e-01	-1.119899e+00	-1.798258e-02	7.560207e-02	1.981845e-02	5.578361e-02
1501          	1.062924e-01	-1.066753e+00	1.173045e+00	-1.690458e+00	-2.516138e-01	-1.438844e+00	5.936152e-01	-1.119899e+00	-1.798258e-02	7.560206e-02	1.981845e-02	5.578361e-02
1502          	1.062924e-01	-1.066753e+00	1.173046e+00	-1.690458e+00	-2.516137e-01	-1.438844e+00	5.936152e-01	-1.119899e+00	-1.798258e-02	7.560206e-02	1.981844e-02	5.578361e-02
1503          	1.062924e-01	-1.066753e+00	1.173046e+00	-1.690458e+00	-2.516136e-01	-1.438844e+00	5.936152e-01	-1.119899e+00	-1.798259e-02	7.560205e-02	1.981844e-02	5.578361e-02
1504          	1.062924e-01	-1.066753e+00	1.173045e+00	-1.690457e+00	-2.516135e-01	-1.438844e+00	5.936152e-01	-1.119899e+00	-1.798259e-02	7.560205e-02	1.981844e-02	5.578361e-02
1505          	1.062924e-01	-1.066753e+00	1.173045e+00	-1.690457e+00	-2.516134e-01	-1.438844e+00	5.936152e-01	-1.119899e+00	-1.798259e-02	7.560205e-02	1.981844e-02	5.578362e-02
1506          	1.062924e-01	-1.066753e+00	1.173045e+00	-1.690457e+00	-2.516134e-01	-1.438844e+00	5.936151e-01	-1.119899e+00	-1.798259e-02	7.560206e-02	1.981844e-02	5.578362e-02
1507          	1.062924e-01	-1.066753e+00	1.173045e+00	-1.690457e+00	-2.516134e-01	-1.438844e+00	5.936151e-01	-1.119899e+00	-1.798259e-02	7.560206e-02	1.981844e-02	5.578362e-02
1508          	1.062924e-01	-1.066753e+00	1.173045e+00	-1.690457e+00	-2.516135e-01	-1.438844e+00	5.936151e-01	-1.119899e+00	-1.798258e-02	7.560207e-02	1.981845e-02	5.578362e-02
1509          	1.062924e-01	-1.066753e+00	1.173045e+00	-1.690457e+00	-2.516136e-01	-1.438844e+00	5.936151e-01	-1.119899e+00	-1.798258e-02	7.560207e-02	1.981845e-02	5.578362e-02
1510          	1.062924e-01	-1.066753e+00	1.173045e+00	-1.690458e+00	-2.516137e-01	-1.438844e+00	5.936151e-01	-1.119899e+00	-1.798258e-02	7.560207e-02	1.981845e-02	5.578362e-02
1511          	1.062924e-01	-1.066753e+00	1.173045e+00	-1.690458e+00	-2.516137e-01	-1.438844e+00	5.936151e-01	-1.119899e+00	-1.798259e-02	7.560207e-02	1.981845e-02	5.578362e-02
1512          	1.062924e-01	-1.066753e+00	1.173046e+00	-1.690458e+00	-2.516137e-01	-1.438844e+00	5.936152e-01	-1.119899e+00	-1.798259e-02	7.560206e-02	1.981844e-02	5.578362e-02
1513          	1.062925e-01	-1.066753e+00	1.173046e+00	-1.690458e+00	-2.516137e-01	-1.438844e+00	5.936152e-01	-1.119899e+00	-1.798259e-02	7.560206e-02	1.981844e-02	5.578362e-02
1514          	1.062925e-01	-1.066753e+00	1.173045e+00	-1.690457e+00	-2.516136e-01	-1.438844e+00	5.936152e-01	-1.119899e+00	-1.798260e-02	7.560206e-02	1.981843e-02	5.578363e-02
1515          	1.062924e-01	-1.066753e+00	1.173045e+00	-1.690457e+00	-2.516135e-01	-1.438844e+00	5.936151e-01	-1.119899e+00	-1.798260e-02	7.560206e-02	1.981843e-02	5.578363e-02
1516          	1.062924e-01	-1.066753e+00	1.173045e+00	-1.690457e+00	-2.516135e-01	-1.438844e+00	5.936151e-01	-1.119899e+00	-1.798259e-02	7.560206e-02	1.981844e-02	5.578363e-02
1517          	1.062924e-01	-1.066753e+00	1.173045e+00	-1.690457e+00	-2.516134e-01	-1.438844e+00	5.936151e-01	-1.119899e+00	-1.798259e-02	7.560207e-02	1.981844e-02	5.578362e-02
1518          	1.062924e-01	-1.066753e+00	1.173045e+00	-1.690457e+00	-2.516135e-01	-1.438844e+00	5.936151e-01	-1.119899e+00	-1.798259e-02	7.560207e-02	1.981845e-02	5.578362e-02
1519          	1.062924e-01	-1.066753e+00	1.173045e+00	-1.690457e+00	-2.516136e-01	-1.438844e+00	5.936152e-01	-1.119899e+00	-1.798258e-02	7.560207e-02	1.981845e-02	5.578362e-02
1520          	1.062924e-01	-1.066753e+00	1.173045e+00	-1.690458e+00	-2.516137e-01	-1.438844e+00	5.936152e-01	-1.119899e+00	-1.798258e-02	7.560207e-02	1.981845e-02	5.578362e-02
1521          	1.062924e-01	-1.066753e+00	1.173045e+00	-1.690458e+00	-2.516137e-01	-1.438844e+00	5.936152e-01	-1.119899e+00	-1.798259e-02	7.560207e-02	1.981845e-02	5.578362e-02
1522          	1.062925e-01	-1.066753e+00	1.173046e+00	-1.690458e+00	-2.516137e-01	-1.438844e+00	5.936152e-01	-1.119899e+00	-1.798259e-02	7.560206e-02	1.981844e-02	5.578362e-02
1523          	1.062925e-01	-1.066753e+00	1.173045e+00	-1.690458e+00	-2.516136e-01	-1.438844e+00	5.936152e-01	-1.119899e+00	-1.798259e-02	7.560206e-02	1.981844e-02	5.578362e-02
1524          	1.062925e-01	-1.066753e+00	1.173045e+00	-1.690458e+00	-2.516136e-01	-1.438844e+00	5.936152e-01	-1.119899e+00	-1.798259e-02	7.560206e-02	1.981844e-02	5.578362e-02
1525          	1.062924e-01	-1.066753e+00	1.173045e+00	-1.690457e+00	-2.516135e-01	-1.438844e+00	5.936152e-01	-1.119899e+00	-1.798259e-02	7.560206e-02	1.981844e-02	5.578362e-02
1526          	1.062924e-01	-1.066753e+00	1.173045e+00	-1.690457e+00	-2.516134e-01	-1.438844e+00	5.936152e-01	-1.119899e+00	-1.798259e-02	7.560206e-02	1.981844e-02	5.578362e-02
1527          	1.062924e-01	-1.066753e+00	1.173045e+00	-1.690457e+00	-2.516134e-01	-1.438844e+00	5.936152e-01	-1.119899e+00	-1.798258e-02	7.560206e-02	1.981845e-02	5.578361e-02
1528          	1.062924e-01	-1.066753e+00	1.173045e+00	-1.690457e+00	-2.516134e-01	-1.438844e+00	5.936152e-01	-1.119899e+00	-1.798258e-02	7.560206e-02	1.981845e-02	5.578361e-02
1529          	1.062924e-01	-1.066753e+00	1.173045e+00	-1.690458e+00	-2.516135e-01	-1.438844e+00	5.936153e-01	-1.119899e+00	-1.798258e-02	7.560206e-02	1.981845e-02	5.578361e-02
1530          	1.062924e-01	-1.066753e+00	1.173045e+00	-1.690458e+00	-2.516136e-01	-1.438844e+00	5.936153e-01	-1.119899e+00	-1.798258e-02	7.560206e-02	1.981845e-02	5.578361e-02
1531          	1.062925e-01	-1.066753e+00	1.173046e+00	-1.690458e+00	-2.516137e-01	-1.438844e+00	5.936153e-01	-1.119899e+00	-1.798259e-02	7.560206e-02	1.981844e-02	5.578361e-02
1532          	1.062925e-01	-1.066753e+00	1.173046e+00	-1.690458e+00	-2.516137e-01	-1.438844e+00	5.936153e-01	-1.119899e+00	-1.798259e-02	7.560205e-02	1.981843e-02	5.578362e-02
1533          	1.062925e-01	-1.066753e+00	1.173046e+00	-1.690458e+00	-2.516137e-01	-1.438844e+00	5.936153e-01	-1.119899e+00	-1.798259e-02	7.560205e-02	1.981843e-02	5.578362e-02
1534          	1.062925e-01	-1.066753e+00	1.173045e+00	-1.690458e+00	-2.516136e-01	-1.438844e+00	5.936153e-01	-1.119899e+00	-1.798260e-02	7.560206e-02	1.981843e-02	5.578362e-02
1535          	1.062925e-01	-1.066753e+00	1.173045e+00	-1.690458e+00	-2.516135e-01	-1.438844e+00	5.936153e-01	-1.119899e+00	-1.798259e-02	7.560206e-02	1.981844e-02	5.578362e-02
1536          	1.062924e-01	-1.066753e+00	1.173045e+00	-1.690458e+00	-2.516135e-01	-1.438844e+00	5.936153e-01	-1.119899e+00	-1.798259e-02	7.560206e-02	1.981844e-02	5.578362e-02
1537          	1.062924e-01	-1.066753e+00	1.173045e+00	-1.690458e+00	-2.516134e-01	-1.438844e+00	5.936153e-01	-1.119899e+00	-1.798259e-02	7.560206e-02	1.981844e-02	5.578362e-02
1538          	1.062924e-01	-1.066753e+00	1.173045e+00	-1.690458e+00	-2.516134e-01	-1.438844e+00	5.936153e-01	-1.119899e+00	-1.798259e-02	7.560206e-02	1.981844e-02	5.578362e-02
1539          	1.062924e-01	-1.066753e+00	1.173046e+00	-1.690458e+00	-2.516135e-01	-1.438844e+00	5.936154e-01	-1.119899e+00	-1.798259e-02	7.560206e-02	1.981844e-02	5.578362e-02
1540          	1.062925e-01	-1.066753e+00	1.173046e+00	-1.690458e+00	-2.516136e-01	-1.438844e+00	5.936154e-01	-1.119899e+00	-1.798259e-02	7.560205e-02	1.981844e-02	5.578362e-02
1541          	1.062925e-01	-1.066753e+00	1.173046e+00	-1.690458e+00	-2.516137e-01	-1.438844e+00	5.936154e-01	-1.119899e+00	-1.798259e-02	7.560205e-02	1.981843e-02	5.578362e-02
1542          	1.062925e-01	-1.066753e+00	1.173046e+00	-1.690458e+00	-2.516137e-01	-1.438844e+00	5.936154e-01	-1.119899e+00	-1.798260e-02	7.560206e-02	1.981843e-02	5.578363e-02
1543          	1.062925e-01	-1.066753e+00	1.173046e+00	-1.690458e+00	-2.516137e-01	-1.438844e+00	5.936153e-01	-1.119899e+00	-1.798260e-02	7.560206e-02	1.981843e-02	5.578363e-02
1544          	1.062925e-01	-1.066753e+00	1.173045e+00	-1.690458e+00	-2.516136e-01	-1.438844e+00	5.936153e-01	-1.119899e+00	-1.798260e-02	7.560206e-02	1.981843e-02	5.578363e-02
1545          	1.062924e-01	-1.066753e+00	1.173045e+00	-1.690458e+00	-2.516135e-01	-1.438844e+00	5.936153e-01	-1.119899e+00	-1.798259e-02	7.560207e-02	1.981844e-02	5.578363e-02
1546          	1.062924e-01	-1.066753e+00	1.173045e+00	-1.690458e+00	-2.516134e-01	-1.438844e+00	5.936153e-01	-1.119899e+00	-1.798259e-02	7.560207e-02	1.981845e-02	5.578362e-02
1547          	1.062924e-01	-1.066753e+00	1.173045e+00	-1.690458e+00	-2.516134e-01	-1.438844e+00	5.936154e-01	-1.119899e+00	-1.798259e-02	7.560207e-02	1.981845e-02	5.578362e-02
1548          	1.062924e-01	-1.066753e+00	1.173045e+00	-1.690458e+00	-2.516134e-01	-1.438844e+00	5.936154e-01	-1.119899e+00	-1.798258e-02	7.560206e-02	1.981845e-02	5.578362e-02
1549          	1.062924e-01	-1.066753e+00	1.173046e+00	-1.690458e+00	-2.516134e-01	-1.438844e+00	5.936154e-01	-1.119899e+00	-1.798259e-02	7.560206e-02	1.981845e-02	5.578362e-02
1550          	1.062925e-01	-1.066753e+00	1.173046e+00	-1.690458e+00	-2.516135e-01	-1.438844e+00	5.936154e-01	-1.119899e+00	-1.798259e-02	7.560206e-02	1.981844e-02	5.578362e-02
1551          	1.062925e-01	-1.066753e+00	1.173046e+00	-1.690458e+00	-2.516136e-01	-1.438844e+00	5.936154e-01	-1.119899e+00	-1.798259e-02	7.560206e-02	1.981844e-02	5.578362e-02
1552          	1.062925e-01	-1.066753e+00	1.173046e+00	-1.690458e+00	-2.516137e-01	-1.438844e+00	5.936154e-01	-1.119899e+00	-1.798260e-02	7.560206e-02	1.981843e-02	5.578363e-02
1553          	1.062925e-01	-1.066753e+00	1.173046e+00	-1.690458e+00	-2.516137e-01	-1.438844e+00	5.936154e-01	-1.119899e+00	-1.798260e-02	7.560206e-02	1.981844e-02	5.578363e-02
1554          	1.062925e-01	-1.066753e+00	1.173046e+00	-1.690458e+00	-2.516136e-01	-1.438844e+00	5.936154e-01	-1.119899e+00	-1.798259e-02	7.560207e-02	1.981844e-02	5.578363e-02
1555          	1.062924e-01	-1.066753e+00	1.173045e+00	-1.690458e+00	-2.516136e-01	-1.438844e+00	5.936154e-01	-1.119899e+00	-1.798259e-02	7.560207e-02	1.981845e-02	5.578362e-02
1556          	1.062924e-01	-1.066753e+00	1.173045e+00	-1.690458e+00	-2.516135e-01	-1.438844e+00	5.936154e-01	-1.119899e+00	-1.798258e-02	7.560207e-02	1.981845e-02	5.578362e-02
1557          	1.062924e-01	-1.066753e+00	1.173046e+00	-1.690458e+00	-2.516134e-01	-1.438844e+00	5.936154e-01	-1.119899e+00	-1.798258e-02	7.560206e-02	1.981845e-02	5.578361e-02
1558          	1.062924e-01	-1.066753e+00	1.173046e+00	-1.690458e+00	-2.516134e-01	-1.438844e+00	5.936154e-01	-1.119899e+00	-1.798258e-02	7.560206e-02	1.981845e-02	5.578361e-02
1559          	1.062924e-01	-1.066753e+00	1.173046e+00	-1.690458e+00	-2.516134e-01	-1.438844e+00	5.936154e-01	-1.119899e+00	-1.798258e-02	7.560205e-02	1.981844e-02	5.578361e-02
1560          	1.062925e-01	-1.066753e+00	1.173046e+00	-1.690458e+00	-2.516135e-01	-1.438844e+00	5.936154e-01	-1.119899e+00	-1.798259e-02	7.560205e-02	1.981844e-02	5.578361e-02
1561          	1.062925e-01	-1.066753e+00	1.173046e+00	-1.690458e+00	-2.516136e-01	-1.438844e+00	5.936153e-01	-1.119899e+00	-1.798259e-02	7.560205e-02	1.981843e-02	5.578362e-02
1562          	1.062925e-01	-1.066753e+00	1.173046e+00	-1.690458e+00	-2.516137e-01	-1.438844e+00	5.936153e-01	-1.119899e+00	-1.798260e-02	7.560206e-02	1.981843e-02	5.578362e-02
1563          	1.062925e-01	-1.066753e+00	1.173046e+00	-1.690458e+00	-2.516137e-01	-1.438844e+00	5.936153e-01	-1.119899e+00	-1.798259e-02	7.560206e-02	1.981844e-02	5.578363e-02
1564          	1.062925e-01	-1.066753e+00	1.173046e+00	-1.690458e+00	-2.516137e-01	-1.438844e+00	5.936153e-01	-1.119899e+00	-1.798259e-02	7.560207e-02	1.981844e-02	5.578362e-02
1565          	1.062924e-01	-1.066753e+00	1.173045e+00	-1.690458e+00	-2.516136e-01	-1.438844e+00	5.936153e-01	-1.119899e+00	-1.798259e-02	7.560207e-02	1.981845e-02	5.578362e-02
1566          	1.062924e-01	-1.066753e+00	1.173045e+00	-1.690458e+00	-2.516135e-01	-1.438844e+00	5.936153e-01	-1.119899e+00	-1.798258e-02	7.560207e-02	1.981845e-02	5.578362e-02
1567          	1.062924e-01	-1.066753e+00	1.173046e+00	-1.690458e+00	-2.516135e-01	-1.438844e+00	5.936153e-01	-1.119899e+00	-1.798258e-02	7.560206e-02	1.981845e-02	5.578361e-02
1568          	1.062924e-01	-1.066753e+00	1.173046e+00	-1.690457e+00	-2.516134e-01	-1.438844e+00	5.936153e-01	-1.119899e+00	-1.798258e-02	7.560206e-02	1.981845e-02	5.578361e-02
1569          	1.062924e-01	-1.066753e+00	1.173046e+00	-1.690457e+00	-2.516134e-01	-1.438844e+00	5.936153e-01	-1.119899e+00	-1.798258e-02	7.560206e-02	1.981844e-02	5.578361e-02
1570          	1.062924e-01	-1.066753e+00	1.173046e+00	-1.690458e+00	-2.516135e-01	-1.438844e+00	5.936153e-01	-1.119899e+00	-1.798259e-02	7.560206e-02	1.981844e-02	5.578362e-02
1571          	1.062924e-01	-1.066753e+00	1.173046e+00	-1.690458e+00	-2.516136e-01	-1.438844e+00	5.936153e-01	-1.119899e+00	-1.798259e-02	7.560206e-02	1.981844e-02	5.578362e-02
1572          	1.062924e-01	-1.066753e+00	1.173046e+00	-1.690458e+00	-2.516136e-01	-1.438844e+00	5.936153e-01	-1.119899e+00	-1.798259e-02	7.560206e-02	1.981844e-02	5.578362e-02
1573          	1.062924e-01	-1.066753e+00	1.173046e+00	-1.690458e+00	-2.516137e-01	-1.438844e+00	5.936153e-01	-1.119899e+00	-1.798259e-02	7.560206e-02	1.981844e-02	5.578362e-02
1574          	1.062924e-01	-1.066753e+00	1.173045e+00	-1.690458e+00	-2.516137e-01	-1.438844e+00	5.936153e-01	-1.119899e+00	-1.798259e-02	7.560207e-02	1.981845e-02	5.578362e-02
1575          	1.062924e-01	-1.066753e+00	1.173045e+00	-1.690458e+00	-2.516136e-01	-1.438844e+00	5.936153e-01	-1.119899e+00	-1.798258e-02	7.560207e-02	1.981845e-02	5.578362e-02
1576          	1.062924e-01	-1.066753e+00	1.173046e+00	-1.690458e+00	-2.516136e-01	-1.438844e+00	5.936153e-01	-1.119899e+00	-1.798258e-02	7.560207e-02	1.981846e-02	5.578361e-02
1577          	1.062924e-01	-1.066753e+00	1.173046e+00	-1.690458e+00	-2.516135e-01	-1.438844e+00	5.936154e-01	-1.119899e+00	-1.798258e-02	7.560207e-02	1.981845e-02	5.578361e-02
1578          	1.062924e-01	-1.066753e+00	1.173046e+00	-1.690458e+00	-2.516135e-01	-1.438844e+00	5.936154e-01	-1.119899e+00	-1.798258e-02	7.560206e-02	1.981845e-02	5.578361e-02
1579          	1.062924e-01	-1.066753e+00	1.173046e+00	-1.690458e+00	-2.516135e-01	-1.438844e+00	5.936153e-01	-1.119899e+00	-1.798259e-02	7.560206e-02	1.981844e-02	5.578361e-02
1580          	1.062925e-01	-1.066753e+00	1.173046e+00	-1.690458e+00	-2.516135e-01	-1.438844e+00	5.936153e-01	-1.119899e+00	-1.798259e-02	7.560206e-02	1.981844e-02	5.578362e-02
1581          	1.062925e-01	-1.066753e+00	1.173046e+00	-1.690458e+00	-2.516135e-01	-1.438844e+00	5.936153e-01	-1.119899e+00	-1.798259e-02	7.560206e-02	1.981844e-02	5.578362e-02
1582          	1.062925e-01	-1.066753e+00	1.173046e+00	-1.690458e+00	-2.516136e-01	-1.438844e+00	5.936153e-01	-1.119899e+00	-1.798259e-02	7.560206e-02	1.981844e-02	5.578362e-02
1583          	1.062925e-01	-1.066753e+00	1.173045e+00	-1.690458e+00	-2.516136e-01	-1.438844e+00	5.936153e-01	-1.119899e+00	-1.798259e-02	7.560206e-02	1.981844e-02	5.578362e-02
1584          	1.062924e-01	-1.066753e+00	1.173045e+00	-1.690458e+00	-2.516137e-01	-1.438844e+00	5.936153e-01	-1.119899e+00	-1.798259e-02	7.560207e-02	1.981845e-02	5.578362e-02
1585          	1.062924e-01	-1.066753e+00	1.173045e+00	-1.690458e+00	-2.516136e-01	-1.438844e+00	5.936153e-01	-1.119899e+00	-1.798258e-02	7.560207e-02	1.981845e-02	5.578362e-02
1586          	1.062924e-01	-1.066753e+00	1.173046e+00	-1.690458e+00	-2.516136e-01	-1.438844e+00	5.936154e-01	-1.119899e+00	-1.798258e-02	7.560208e-02	1.981846e-02	5.578362e-02
1587          	1.062924e-01	-1.066753e+00	1.173046e+00	-1.690458e+00	-2.516135e-01	-1.438844e+00	5.936154e-01	-1.119899e+00	-1.798258e-02	7.560208e-02	1.981846e-02	5.578362e-02
1588          	1.062924e-01	-1.066753e+00	1.173046e+00	-1.690458e+00	-2.516135e-01	-1.438844e+00	5.936154e-01	-1.119899e+00	-1.798259e-02	7.560207e-02	1.981845e-02	5.578362e-02
1589          	1.062924e-01	-1.066753e+00	1.173046e+00	-1.690458e+00	-2.516135e-01	-1.438844e+00	5.936154e-01	-1.119899e+00	-1.798259e-02	7.560207e-02	1.981844e-02	5.578362e-02
1590          	1.062924e-01	-1.066753e+00	1.173046e+00	-1.690458e+00	-2.516135e-01	-1.438844e+00	5.936153e-01	-1.119899e+00	-1.798259e-02	7.560206e-02	1.981844e-02	5.578362e-02
1591          	1.062925e-01	-1.066753e+00	1.173046e+00	-1.690458e+00	-2.516136e-01	-1.438844e+00	5.936153e-01	-1.119899e+00	-1.798259e-02	7.560206e-02	1.981843e-02	5.578362e-02
1592          	1.062925e-01	-1.066753e+00	1.173046e+00	-1.690458e+00	-2.516136e-01	-1.438844e+00	5.936153e-01	-1.119899e+00	-1.798259e-02	7.560205e-02	1.981843e-02	5.578362e-02
1593          	1.062925e-01	-1.066753e+00	1.173046e+00	-1.690458e+00	-2.516137e-01	-1.438844e+00	5.936153e-01	-1.119899e+00	-1.798259e-02	7.560206e-02	1.981844e-02	5.578362e-02
1594          	1.062925e-01	-1.066753e+00	1.173046e+00	-1.690458e+00	-2.516137e-01	-1.438844e+00	5.936154e-01	-1.119899e+00	-1.798259e-02	7.560206e-02	1.981844e-02	5.578362e-02
1595          	1.062924e-01	-1.066753e+00	1.173046e+00	-1.690458e+00	-2.516136e-01	-1.438844e+00	5.936154e-01	-1.119899e+00	-1.798258e-02	7.560207e-02	1.981845e-02	5.578362e-02
1596          	1.062924e-01	-1.066753e+00	1.173046e+00	-1.690458e+00	-2.516136e-01	-1.438844e+00	5.936155e-01	-1.119899e+00	-1.798258e-02	7.560208e-02	1.981845e-02	5.578362e-02
1597          	1.062924e-01	-1.066753e+00	1.173046e+00	-1.690458e+00	-2.516135e-01	-1.438844e+00	5.936155e-01	-1.119899e+00	-1.798258e-02	7.560208e-02	1.981845e-02	5.578362e-02
1598          	1.062924e-01	-1.066753e+00	1.173046e+00	-1.690458e+00	-2.516135e-01	-1.438844e+00	5.936155e-01	-1.119899e+00	-1.798259e-02	7.560207e-02	1.981845e-02	5.578362e-02
1599          	1.062924e-01	-1.066753e+00	1.173046e+00	-1.690458e+00	-2.516135e-01	-1.438844e+00	5.936155e-01	-1.119899e+00	-1.798259e-02	7.560207e-02	1.981844e-02	5.578362e-02
1600          	1.062925e-01	-1.066753e+00	1.173046e+00	-1.690458e+00	-2.516135e-01	-1.438844e+00	5.936155e-01	-1.119899e+00	-1.798259e-02	7.560206e-02	1.981844e-02	5.578362e-02
1601          	1.062925e-01	-1.066753e+00	1.173046e+00	-1.690458e+00	-2.516135e-01	-1.438844e+00	5.936155e-01	-1.119899e+00	-1.798259e-02	7.560205e-02	1.981844e-02	5.578362e-02
1602          	1.062925e-01	-1.066753e+00	1.173046e+00	-1.690458e+00	-2.516136e-01	-1.438845e+00	5.936155e-01	-1.119899e+00	-1.798259e-02	7.560205e-02	1.981844e-02	5.578362e-02
1603          	1.062925e-01	-1.066753e+00	1.173046e+00	-1.690458e+00	-2.516136e-01	-1.438845e+00	5.936155e-01	-1.119899e+00	-1.798259e-02	7.560205e-02	1.981844e-02	5.578361e-02
1604          	1.062925e-01	-1.066753e+00	1.173046e+00	-1.690458e+00	-2.516136e-01	-1.438845e+00	5.936155e-01	-1.119899e+00	-1.798259e-02	7.560206e-02	1.981845e-02	5.578362e-02
1605          	1.062925e-01	-1.066753e+00	1.173046e+00	-1.690458e+00	-2.516136e-01	-1.438845e+00	5.936156e-01	-1.119899e+00	-1.798258e-02	7.560207e-02	1.981845e-02	5.578362e-02
1606          	1.062924e-01	-1.066753e+00	1.173046e+00	-1.690458e+00	-2.516135e-01	-1.438845e+00	5.936156e-01	-1.119899e+00	-1.798258e-02	7.560207e-02	1.981845e-02	5.578362e-02
1607          	1.062924e-01	-1.066753e+00	1.173046e+00	-1.690458e+00	-2.516135e-01	-1.438845e+00	5.936156e-01	-1.119899e+00	-1.798258e-02	7.560207e-02	1.981845e-02	5.578362e-02
1608          	1.062924e-01	-1.066753e+00	1.173046e+00	-1.690458e+00	-2.516135e-01	-1.438845e+00	5.936156e-01	-1.119899e+00	-1.798259e-02	7.560207e-02	1.981845e-02	5.578362e-02
1609          	1.062925e-01	-1.066753e+00	1.173046e+00	-1.690458e+00	-2.516135e-01	-1.438845e+00	5.936156e-01	-1.119899e+00	-1.798259e-02	7.560206e-02	1.981844e-02	5.578362e-02
1610          	1.062925e-01	-1.066753e+00	1.173046e+00	-1.690458e+00	-2.516135e-01	-1.438845e+00	5.936156e-01	-1.119899e+00	-1.798259e-02	7.560205e-02	1.981843e-02	5.578362e-02
1611          	1.062925e-01	-1.066753e+00	1.173046e+00	-1.690458e+00	-2.516135e-01	-1.438845e+00	5.936156e-01	-1.119899e+00	-1.798259e-02	7.560204e-02	1.981843e-02	5.578361e-02
1612          	1.062925e-01	-1.066753e+00	1.173046e+00	-1.690458e+00	-2.516135e-01	-1.438845e+00	5.936156e-01	-1.119899e+00	-1.798259e-02	7.560204e-02	1.981843e-02	5.578361e-02
1613          	1.062925e-01	-1.066753e+00	1.173046e+00	-1.690459e+00	-2.516136e-01	-1.438845e+00	5.936157e-01	-1.119899e+00	-1.798260e-02	7.560204e-02	1.981843e-02	5.578362e-02
1614          	1.062925e-01	-1.066753e+00	1.173046e+00	-1.690459e+00	-2.516136e-01	-1.438845e+00	5.936158e-01	-1.119899e+00	-1.798260e-02	7.560205e-02	1.981843e-02	5.578362e-02
1615          	1.062925e-01	-1.066753e+00	1.173046e+00	-1.690459e+00	-2.516136e-01	-1.438845e+00	5.936158e-01	-1.119900e+00	-1.798260e-02	7.560206e-02	1.981843e-02	5.578363e-02
1616          	1.062925e-01	-1.066753e+00	1.173046e+00	-1.690459e+00	-2.516136e-01	-1.438845e+00	5.936158e-01	-1.119900e+00	-1.798260e-02	7.560207e-02	1.981844e-02	5.578363e-02
1617          	1.062925e-01	-1.066753e+00	1.173046e+00	-1.690459e+00	-2.516135e-01	-1.438845e+00	5.936158e-01	-1.119900e+00	-1.798260e-02	7.560207e-02	1.981844e-02	5.578364e-02
1618          	1.062925e-01	-1.066753e+00	1.173046e+00	-1.690458e+00	-2.516135e-01	-1.438845e+00	5.936157e-01	-1.119900e+00	-1.798260e-02	7.560207e-02	1.981843e-02	5.578364e-02
1619          	1.062925e-01	-1.066753e+00	1.173046e+00	-1.690458e+00	-2.516135e-01	-1.438845e+00	5.936157e-01	-1.119899e+00	-1.798260e-02	7.560207e-02	1.981843e-02	5.578363e-02
1620          	1.062925e-01	-1.066753e+00	1.173046e+00	-1.690458e+00	-2.516135e-01	-1.438845e+00	5.936156e-01	-1.119899e+00	-1.798260e-02	7.560206e-02	1.981843e-02	5.578363e-02
1621          	1.062925e-01	-1.066753e+00	1.173046e+00	-1.690458e+00	-2.516135e-01	-1.438845e+00	5.936156e-01	-1.119899e+00	-1.798260e-02	7.560205e-02	1.981842e-02	5.578363e-02
1622          	1.062925e-01	-1.066753e+00	1.173046e+00	-1.690458e+00	-2.516135e-01	-1.438845e+00	5.936157e-01	-1.119899e+00	-1.798260e-02	7.560205e-02	1.981842e-02	5.578363e-02
1623          	1.062925e-01	-1.066753e+00	1.173046e+00	-1.690459e+00	-2.516136e-01	-1.438845e+00	5.936157e-01	-1.119900e+00	-1.798260e-02	7.560205e-02	1.981842e-02	5.578363e-02
1624          	1.062925e-01	-1.066753e+00	1.173046e+00	-1.690459e+00	-2.516136e-01	-1.438845e+00	5.936158e-01	-1.119900e+00	-1.798261e-02	7.560206e-02	1.981842e-02	5.578363e-02
1625          	1.062925e-01	-1.066753e+00	1.173046e+00	-1.690459e+00	-2.516137e-01	-1.438845e+00	5.936158e-01	-1.119900e+00	-1.798260e-02	7.560206e-02	1.981843e-02	5.578364e-02
1626          	1.062925e-01	-1.066753e+00	1.173046e+00	-1.690459e+00	-2.516136e-01	-1.438845e+00	5.936157e-01	-1.119900e+00	-1.798260e-02	7.560207e-02	1.981843e-02	5.578364e-02
1627          	1.062925e-01	-1.066753e+00	1.173046e+00	-1.690459e+00	-2.516136e-01	-1.438845e+00	5.936157e-01	-1.119900e+00	-1.798260e-02	7.560207e-02	1.981843e-02	5.578364e-02
1628          	1.062925e-01	-1.066753e+00	1.173046e+00	-1.690458e+00	-2.516136e-01	-1.438845e+00	5.936156e-01	-1.119900e+00	-1.798260e-02	7.560207e-02	1.981843e-02	5.578364e-02
1629          	1.062925e-01	-1.066753e+00	1.173046e+00	-1.690458e+00	-2.516135e-01	-1.438845e+00	5.936155e-01	-1.119899e+00	-1.798260e-02	7.560207e-02	1.981843e-02	5.578364e-02
1630          	1.062925e-01	-1.066753e+00	1.173046e+00	-1.690458e+00	-2.516135e-01	-1.438844e+00	5.936155e-01	-1.119899e+00	-1.798260e-02	7.560206e-02	1.981843e-02	5.578363e-02
1631          	1.062925e-01	-1.066753e+00	1.173046e+00	-1.690458e+00	-2.516135e-01	-1.438845e+00	5.936155e-01	-1.119899e+00	-1.798260e-02	7.560206e-02	1.981843e-02	5.578363e-02
1632          	1.062925e-01	-1.066753e+00	1.173046e+00	-1.690458e+00	-2.516136e-01	-1.438845e+00	5.936155e-01	-1.119899e+00	-1.798260e-02	7.560205e-02	1.981843e-02	5.578363e-02
1633          	1.062925e-01	-1.066753e+00	1.173046e+00	-1.690458e+00	-2.516136e-01	-1.438845e+00	5.936156e-01	-1.119900e+00	-1.798260e-02	7.560205e-02	1.981843e-02	5.578363e-02
1634          	1.062925e-01	-1.066753e+00	1.173046e+00	-1.690458e+00	-2.516136e-01	-1.438845e+00	5.936156e-01	-1.119900e+00	-1.798260e-02	7.560206e-02	1.981843e-02	5.578363e-02
1635          	1.062925e-01	-1.066753e+00	1.173046e+00	-1.690458e+00	-2.516136e-01	-1.438845e+00	5.936156e-01	-1.119900e+00	-1.798260e-02	7.560206e-02	1.981843e-02	5.578363e-02
1636          	1.062925e-01	-1.066753e+00	1.173046e+00	-1.690458e+00	-2.516136e-01	-1.438845e+00	5.936155e-01	-1.119900e+00	-1.798259e-02	7.560207e-02	1.981844e-02	5.578363e-02
1637          	1.062924e-01	-1.066753e+00	1.173046e+00	-1.690458e+00	-2.516136e-01	-1.438844e+00	5.936154e-01	-1.119899e+00	-1.798259e-02	7.560207e-02	1.981844e-02	5.578363e-02
1638          	1.062924e-01	-1.066753e+00	1.173046e+00	-1.690458e+00	-2.516136e-01	-1.438844e+00	5.936153e-01	-1.119899e+00	-1.798259e-02	7.560207e-02	1.981845e-02	5.578363e-02
1639          	1.062924e-01	-1.066753e+00	1.173046e+00	-1.690458e+00	-2.516136e-01	-1.438844e+00	5.936153e-01	-1.119899e+00	-1.798259e-02	7.560207e-02	1.981845e-02	5.578362e-02
1640          	1.062924e-01	-1.066753e+00	1.173046e+00	-1.690458e+00	-2.516136e-01	-1.438844e+00	5.936152e-01	-1.119899e+00	-1.798259e-02	7.560207e-02	1.981845e-02	5.578362e-02
1641          	1.062924e-01	-1.066753e+00	1.173046e+00	-1.690458e+00	-2.516136e-01	-1.438844e+00	5.936152e-01	-1.119899e+00	-1.798259e-02	7.560206e-02	1.981844e-02	5.578362e-02
1642          	1.062925e-01	-1.066753e+00	1.173046e+00	-1.690458e+00	-2.516136e-01	-1.438844e+00	5.936153e-01	-1.119899e+00	-1.798259e-02	7.560206e-02	1.981844e-02	5.578361e-02
1643          	1.062925e-01	-1.066753e+00	1.173046e+00	-1.690458e+00	-2.516136e-01	-1.438844e+00	5.936153e-01	-1.119899e+00	-1.798259e-02	7.560205e-02	1.981844e-02	5.578361e-02
1644          	1.062925e-01	-1.066753e+00	1.173046e+00	-1.690458e+00	-2.516136e-01	-1.438844e+00	5.936154e-01	-1.119899e+00	-1.798259e-02	7.560205e-02	1.981844e-02	5.578361e-02
1645          	1.062925e-01	-1.066753e+00	1.173046e+00	-1.690458e+00	-2.516136e-01	-1.438844e+00	5.936154e-01	-1.119899e+00	-1.798259e-02	7.560206e-02	1.981844e-02	5.578362e-02
1646          	1.062925e-01	-1.066753e+00	1.173046e+00	-1.690458e+00	-2.516136e-01	-1.438844e+00	5.936154e-01	-1.119899e+00	-1.798259e-02	7.560206e-02	1.981844e-02	5.578362e-02
1647          	1.062924e-01	-1.066753e+00	1.173046e+00	-1.690458e+00	-2.516136e-01	-1.438844e+00	5.936153e-01	-1.119899e+00	-1.798259e-02	7.560207e-02	1.981845e-02	5.578362e-02
1648          	1.062924e-01	-1.066753e+00	1.173046e+00	-1.690458e+00	-2.516136e-01	-1.438844e+00	5.936153e-01	-1.119899e+00	-1.798259e-02	7.560208e-02	1.981845e-02	5.578363e-02
1649          	1.062924e-01	-1.066753e+00	1.173046e+00	-1.690458e+00	-2.516136e-01	-1.438844e+00	5.936152e-01	-1.119899e+00	-1.798259e-02	7.560208e-02	1.981845e-02	5.578363e-02
1650          	1.062924e-01	-1.066753e+00	1.173045e+00	-1.690458e+00	-2.516136e-01	-1.438844e+00	5.936152e-01	-1.119899e+00	-1.798259e-02	7.560208e-02	1.981845e-02	5.578362e-02
1651          	1.062924e-01	-1.066753e+00	1.173046e+00	-1.690458e+00	-2.516136e-01	-1.438844e+00	5.936152e-01	-1.119899e+00	-1.798258e-02	7.560207e-02	1.981845e-02	5.578362e-02
1652          	1.062924e-01	-1.066753e+00	1.173046e+00	-1.690458e+00	-2.516136e-01	-1.438844e+00	5.936153e-01	-1.119899e+00	-1.798258e-02	7.560206e-02	1.981845e-02	5.578361e-02
1653          	1.062925e-01	-1.066753e+00	1.173046e+00	-1.690458e+00	-2.516136e-01	-1.438844e+00	5.936153e-01	-1.119899e+00	-1.798258e-02	7.560205e-02	1.981844e-02	5.578361e-02
1654          	1.062925e-01	-1.066753e+00	1.173046e+00	-1.690458e+00	-2.516136e-01	-1.438844e+00	5.936154e-01	-1.119899e+00	-1.798258e-02	7.560204e-02	1.981844e-02	5.578360e-02
1655          	1.062925e-01	-1.066753e+00	1.173046e+00	-1.690458e+00	-2.516136e-01	-1.438844e+00	5.936154e-01	-1.119899e+00	-1.798258e-02	7.560204e-02	1.981844e-02	5.578360e-02
1656          	1.062925e-01	-1.066753e+00	1.173046e+00	-1.690458e+00	-2.516136e-01	-1.438844e+00	5.936154e-01	-1.119899e+00	-1.798258e-02	7.560205e-02	1.981844e-02	5.578361e-02
1657          	1.062924e-01	-1.066753e+00	1.173046e+00	-1.690458e+00	-2.516136e-01	-1.438844e+00	5.936153e-01	-1.119899e+00	-1.798258e-02	7.560207e-02	1.981845e-02	5.578362e-02
1658          	1.062924e-01	-1.066753e+00	1.173045e+00	-1.690458e+00	-2.516136e-01	-1.438844e+00	5.936153e-01	-1.119899e+00	-1.798258e-02	7.560208e-02	1.981845e-02	5.578362e-02
1659          	1.062924e-01	-1.066753e+00	1.173045e+00	-1.690458e+00	-2.516136e-01	-1.438844e+00	5.936153e-01	-1.119899e+00	-1.798259e-02	7.560208e-02	1.981846e-02	5.578363e-02
1660          	1.062924e-01	-1.066753e+00	1.173046e+00	-1.690458e+00	-2.516136e-01	-1.438844e+00	5.936154e-01	-1.119899e+00	-1.798259e-02	7.560208e-02	1.981845e-02	5.578363e-02
1661          	1.062924e-01	-1.066753e+00	1.173046e+00	-1.690458e+00	-2.516136e-01	-1.438844e+00	5.936154e-01	-1.119899e+00	-1.798259e-02	7.560207e-02	1.981845e-02	5.578362e-02
1662          	1.062924e-01	-1.066753e+00	1.173046e+00	-1.690458e+00	-2.516136e-01	-1.438844e+00	5.936154e-01	-1.119899e+00	-1.798259e-02	7.560206e-02	1.981845e-02	5.578362e-02
1663          	1.062925e-01	-1.066753e+00	1.173046e+00	-1.690458e+00	-2.516136e-01	-1.438845e+00	5.936155e-01	-1.119899e+00	-1.798259e-02	7.560205e-02	1.981844e-02	5.578361e-02
1664          	1.062925e-01	-1.066753e+00	1.173046e+00	-1.690458e+00	-2.516136e-01	-1.438845e+00	5.936155e-01	-1.119899e+00	-1.798259e-02	7.560204e-02	1.981844e-02	5.578361e-02
1665          	1.062925e-01	-1.066753e+00	1.173046e+00	-1.690458e+00	-2.516135e-01	-1.438845e+00	5.936155e-01	-1.119899e+00	-1.798259e-02	7.560204e-02	1.981843e-02	5.578361e-02
1666          	1.062925e-01	-1.066753e+00	1.173046e+00	-1.690458e+00	-2.516135e-01	-1.438845e+00	5.936155e-01	-1.119899e+00	-1.798259e-02	7.560205e-02	1.981843e-02	5.578362e-02
1667          	1.062925e-01	-1.066753e+00	1.173046e+00	-1.690458e+00	-2.516135e-01	-1.438845e+00	5.936155e-01	-1.119899e+00	-1.798259e-02	7.560206e-02	1.981844e-02	5.578362e-02
1668          	1.062924e-01	-1.066753e+00	1.173046e+00	-1.690458e+00	-2.516135e-01	-1.438844e+00	5.936155e-01	-1.119899e+00	-1.798259e-02	7.560207e-02	1.981844e-02	5.578363e-02
1669          	1.062924e-01	-1.066753e+00	1.173046e+00	-1.690458e+00	-2.516135e-01	-1.438844e+00	5.936155e-01	-1.119899e+00	-1.798259e-02	7.560208e-02	1.981845e-02	5.578364e-02
1670          	1.062924e-01	-1.066753e+00	1.173046e+00	-1.690458e+00	-2.516135e-01	-1.438845e+00	5.936155e-01	-1.119899e+00	-1.798260e-02	7.560208e-02	1.981845e-02	5.578364e-02
1671          	1.062925e-01	-1.066753e+00	1.173046e+00	-1.690458e+00	-2.516136e-01	-1.438845e+00	5.936155e-01	-1.119899e+00	-1.798259e-02	7.560207e-02	1.981844e-02	5.578363e-02
1672          	1.062925e-01	-1.066753e+00	1.173046e+00	-1.690458e+00	-2.516136e-01	-1.438845e+00	5.936155e-01	-1.119899e+00	-1.798259e-02	7.560206e-02	1.981844e-02	5.578362e-02
1673          	1.062925e-01	-1.066753e+00	1.173046e+00	-1.690458e+00	-2.516136e-01	-1.438845e+00	5.936155e-01	-1.119899e+00	-1.798259e-02	7.560205e-02	1.981843e-02	5.578362e-02
1674          	1.062925e-01	-1.066753e+00	1.173046e+00	-1.690458e+00	-2.516136e-01	-1.438845e+00	5.936155e-01	-1.119899e+00	-1.798260e-02	7.560204e-02	1.981842e-02	5.578362e-02
1675          	1.062925e-01	-1.066753e+00	1.173046e+00	-1.690458e+00	-2.516136e-01	-1.438845e+00	5.936155e-01	-1.119899e+00	-1.798260e-02	7.560204e-02	1.981842e-02	5.578362e-02
1676          	1.062925e-01	-1.066753e+00	1.173046e+00	-1.690458e+00	-2.516136e-01	-1.438845e+00	5.936155e-01	-1.119899e+00	-1.798260e-02	7.560205e-02	1.981843e-02	5.578362e-02
1677          	1.062925e-01	-1.066753e+00	1.173046e+00	-1.690458e+00	-2.516136e-01	-1.438845e+00	5.936155e-01	-1.119899e+00	-1.798260e-02	7.560206e-02	1.981844e-02	5.578363e-02
1678          	1.062924e-01	-1.066753e+00	1.173046e+00	-1.690458e+00	-2.516135e-01	-1.438844e+00	5.936155e-01	-1.119899e+00	-1.798259e-02	7.560208e-02	1.981844e-02	5.578363e-02
1679          	1.062924e-01	-1.066753e+00	1.173046e+00	-1.690458e+00	-2.516135e-01	-1.438844e+00	5.936154e-01	-1.119899e+00	-1.798259e-02	7.560208e-02	1.981845e-02	5.578363e-02
1680          	1.062924e-01	-1.066753e+00	1.173046e+00	-1.690458e+00	-2.516135e-01	-1.438844e+00	5.936154e-01	-1.119899e+00	-1.798259e-02	7.560209e-02	1.981846e-02	5.578363e-02
1681          	1.062924e-01	-1.066753e+00	1.173046e+00	-1.690458e+00	-2.516136e-01	-1.438844e+00	5.936154e-01	-1.119899e+00	-1.798258e-02	7.560208e-02	1.981846e-02	5.578362e-02
1682          	1.062924e-01	-1.066753e+00	1.173046e+00	-1.690458e+00	-2.516136e-01	-1.438844e+00	5.936154e-01	-1.119899e+00	-1.798258e-02	7.560207e-02	1.981845e-02	5.578361e-02
1683          	1.062924e-01	-1.066753e+00	1.173046e+00	-1.690458e+00	-2.516136e-01	-1.438844e+00	5.936154e-01	-1.119899e+00	-1.798258e-02	7.560205e-02	1.981845e-02	5.578361e-02
1684          	1.062925e-01	-1.066753e+00	1.173046e+00	-1.690458e+00	-2.516136e-01	-1.438844e+00	5.936154e-01	-1.119899e+00	-1.798258e-02	7.560204e-02	1.981844e-02	5.578360e-02
1685          	1.062925e-01	-1.066753e+00	1.173046e+00	-1.690458e+00	-2.516136e-01	-1.438844e+00	5.936154e-01	-1.119899e+00	-1.798258e-02	7.560204e-02	1.981844e-02	5.578360e-02
1686          	1.062925e-01	-1.066753e+00	1.173046e+00	-1.690458e+00	-2.516136e-01	-1.438844e+00	5.936154e-01	-1.119899e+00	-1.798258e-02	7.560205e-02	1.981844e-02	5.578361e-02
1687          	1.062924e-01	-1.066753e+00	1.173046e+00	-1.690458e+00	-2.516136e-01	-1.438844e+00	5.936154e-01	-1.119899e+00	-1.798258e-02	7.560206e-02	1.981845e-02	5.578361e-02
1688          	1.062924e-01	-1.066753e+00	1.173046e+00	-1.690458e+00	-2.516135e-01	-1.438844e+00	5.936154e-01	-1.119899e+00	-1.798258e-02	7.560207e-02	1.981845e-02	5.578362e-02
1689          	1.062924e-01	-1.066753e+00	1.173046e+00	-1.690458e+00	-2.516135e-01	-1.438844e+00	5.936154e-01	-1.119899e+00	-1.798258e-02	7.560208e-02	1.981846e-02	5.578362e-02
1690          	1.062924e-01	-1.066753e+00	1.173046e+00	-1.690458e+00	-2.516136e-01	-1.438844e+00	5.936153e-01	-1.119899e+00	-1.798258e-02	7.560208e-02	1.981846e-02	5.578362e-02
1691          	1.062924e-01	-1.066753e+00	1.173046e+00	-1.690458e+00	-2.516136e-01	-1.438844e+00	5.936153e-01	-1.119899e+00	-1.798258e-02	7.560207e-02	1.981845e-02	5.578362e-02
1692          	1.062924e-01	-1.066753e+00	1.173046e+00	-1.690458e+00	-2.516136e-01	-1.438844e+00	5.936153e-01	-1.119899e+00	-1.798259e-02	7.560206e-02	1.981844e-02	5.578362e-02
1693          	1.062925e-01	-1.066753e+00	1.173046e+00	-1.690458e+00	-2.516137e-01	-1.438844e+00	5.936153e-01	-1.119899e+00	-1.798259e-02	7.560205e-02	1.981843e-02	5.578361e-02
1694          	1.062925e-01	-1.066753e+00	1.173046e+00	-1.690458e+00	-2.516137e-01	-1.438844e+00	5.936153e-01	-1.119899e+00	-1.798259e-02	7.560204e-02	1.981843e-02	5.578361e-02
1695          	1.062925e-01	-1.066753e+00	1.173046e+00	-1.690458e+00	-2.516136e-01	-1.438844e+00	5.936153e-01	-1.119899e+00	-1.798260e-02	7.560204e-02	1.981842e-02	5.578362e-02
1696          	1.062925e-01	-1.066753e+00	1.173046e+00	-1.690458e+00	-2.516136e-01	-1.438844e+00	5.936153e-01	-1.119899e+00	-1.798260e-02	7.560205e-02	1.981843e-02	5.578362e-02
1697          	1.062925e-01	-1.066753e+00	1.173046e+00	-1.690458e+00	-2.516136e-01	-1.438844e+00	5.936153e-01	-1.119899e+00	-1.798260e-02	7.560206e-02	1.981843e-02	5.578363e-02
1698          	1.062924e-01	-1.066753e+00	1.173046e+00	-1.690458e+00	-2.516136e-01	-1.438844e+00	5.936153e-01	-1.119899e+00	-1.798259e-02	7.560207e-02	1.981844e-02	5.578363e-02
1699          	1.062924e-01	-1.066753e+00	1.173046e+00	-1.690458e+00	-2.516136e-01	-1.438844e+00	5.936152e-01	-1.119899e+00	-1.798259e-02	7.560208e-02	1.981845e-02	5.578363e-02
1700          	1.062924e-01	-1.066753e+00	1.173045e+00	-1.690458e+00	-2.516136e-01	-1.438844e+00	5.936152e-01	-1.119899e+00	-1.798259e-02	7.560208e-02	1.981845e-02	5.578363e-02
1701          	1.062924e-01	-1.066753e+00	1.173045e+00	-1.690458e+00	-2.516136e-01	-1.438844e+00	5.936152e-01	-1.119899e+00	-1.798259e-02	7.560208e-02	1.981845e-02	5.578363e-02
1702          	1.062924e-01	-1.066753e+00	1.173045e+00	-1.690458e+00	-2.516136e-01	-1.438844e+00	5.936151e-01	-1.119899e+00	-1.798259e-02	7.560207e-02	1.981844e-02	5.578362e-02
1703          	1.062925e-01	-1.066753e+00	1.173046e+00	-1.690458e+00	-2.516137e-01	-1.438844e+00	5.936151e-01	-1.119899e+00	-1.798259e-02	7.560206e-02	1.981844e-02	5.578362e-02
1704          	1.062925e-01	-1.066753e+00	1.173046e+00	-1.690458e+00	-2.516137e-01	-1.438844e+00	5.936151e-01	-1.119899e+00	-1.798259e-02	7.560205e-02	1.981843e-02	5.578362e-02
1705          	1.062925e-01	-1.066753e+00	1.173046e+00	-1.690458e+00	-2.516137e-01	-1.438844e+00	5.936152e-01	-1.119899e+00	-1.798259e-02	7.560204e-02	1.981843e-02	5.578362e-02
1706          	1.062925e-01	-1.066753e+00	1.173046e+00	-1.690458e+00	-2.516137e-01	-1.438844e+00	5.936152e-01	-1.119899e+00	-1.798259e-02	7.560205e-02	1.981843e-02	5.578362e-02
1707          	1.062925e-01	-1.066753e+00	1.173045e+00	-1.690458e+00	-2.516136e-01	-1.438844e+00	5.936152e-01	-1.119899e+00	-1.798259e-02	7.560206e-02	1.981844e-02	5.578362e-02
1708          	1.062924e-01	-1.066753e+00	1.173045e+00	-1.690457e+00	-2.516135e-01	-1.438844e+00	5.936152e-01	-1.119899e+00	-1.798258e-02	7.560207e-02	1.981845e-02	5.578362e-02
1709          	1.062924e-01	-1.066753e+00	1.173045e+00	-1.690457e+00	-2.516135e-01	-1.438844e+00	5.936152e-01	-1.119899e+00	-1.798258e-02	7.560207e-02	1.981846e-02	5.578361e-02
1710          	1.062924e-01	-1.066753e+00	1.173045e+00	-1.690457e+00	-2.516135e-01	-1.438844e+00	5.936152e-01	-1.119899e+00	-1.798258e-02	7.560207e-02	1.981846e-02	5.578361e-02
1711          	1.062924e-01	-1.066753e+00	1.173045e+00	-1.690457e+00	-2.516135e-01	-1.438844e+00	5.936151e-01	-1.119899e+00	-1.798257e-02	7.560207e-02	1.981846e-02	5.578361e-02
1712          	1.062924e-01	-1.066753e+00	1.173045e+00	-1.690457e+00	-2.516136e-01	-1.438844e+00	5.936151e-01	-1.119899e+00	-1.798257e-02	7.560207e-02	1.981846e-02	5.578361e-02
1713          	1.062924e-01	-1.066753e+00	1.173045e+00	-1.690457e+00	-2.516136e-01	-1.438844e+00	5.936151e-01	-1.119899e+00	-1.798258e-02	7.560206e-02	1.981845e-02	5.578361e-02
1714          	1.062924e-01	-1.066753e+00	1.173045e+00	-1.690458e+00	-2.516137e-01	-1.438844e+00	5.936151e-01	-1.119899e+00	-1.798258e-02	7.560205e-02	1.981845e-02	5.578360e-02
1715          	1.062925e-01	-1.066753e+00	1.173045e+00	-1.690458e+00	-2.516137e-01	-1.438844e+00	5.936152e-01	-1.119899e+00	-1.798258e-02	7.560205e-02	1.981844e-02	5.578360e-02
1716          	1.062925e-01	-1.066753e+00	1.173045e+00	-1.690458e+00	-2.516137e-01	-1.438844e+00	5.936152e-01	-1.119899e+00	-1.798258e-02	7.560204e-02	1.981844e-02	5.578360e-02
1717          	1.062924e-01	-1.066753e+00	1.173045e+00	-1.690458e+00	-2.516136e-01	-1.438844e+00	5.936152e-01	-1.119899e+00	-1.798258e-02	7.560205e-02	1.981845e-02	5.578360e-02
1718          	1.062924e-01	-1.066753e+00	1.173045e+00	-1.690458e+00	-2.516136e-01	-1.438844e+00	5.936152e-01	-1.119899e+00	-1.798257e-02	7.560205e-02	1.981845e-02	5.578360e-02
1719          	1.062924e-01	-1.066753e+00	1.173045e+00	-1.690457e+00	-2.516135e-01	-1.438844e+00	5.936152e-01	-1.119899e+00	-1.798258e-02	7.560206e-02	1.981845e-02	5.578360e-02
1720          	1.062924e-01	-1.066753e+00	1.173045e+00	-1.690457e+00	-2.516135e-01	-1.438844e+00	5.936152e-01	-1.119899e+00	-1.798258e-02	7.560206e-02	1.981845e-02	5.578361e-02
1721          	1.062924e-01	-1.066753e+00	1.173045e+00	-1.690457e+00	-2.516136e-01	-1.438844e+00	5.936152e-01	-1.119899e+00	-1.798258e-02	7.560206e-02	1.981845e-02	5.578361e-02
1722          	1.062924e-01	-1.066753e+00	1.173045e+00	-1.690458e+00	-2.516136e-01	-1.438844e+00	5.936151e-01	-1.119899e+00	-1.798259e-02	7.560206e-02	1.981844e-02	5.578361e-02
1723          	1.062925e-01	-1.066753e+00	1.173045e+00	-1.690458e+00	-2.516137e-01	-1.438844e+00	5.936151e-01	-1.119899e+00	-1.798259e-02	7.560205e-02	1.981843e-02	5.578362e-02
1724          	1.062925e-01	-1.066753e+00	1.173045e+00	-1.690458e+00	-2.516137e-01	-1.438844e+00	5.936152e-01	-1.119899e+00	-1.798259e-02	7.560205e-02	1.981843e-02	5.578362e-02
1725          	1.062925e-01	-1.066753e+00	1.173045e+00	-1.690458e+00	-2.516137e-01	-1.438844e+00	5.936152e-01	-1.119899e+00	-1.798260e-02	7.560205e-02	1.981843e-02	5.578362e-02
1726          	1.062925e-01	-1.066753e+00	1.173045e+00	-1.690458e+00	-2.516136e-01	-1.438844e+00	5.936152e-01	-1.119899e+00	-1.798260e-02	7.560204e-02	1.981843e-02	5.578362e-02
1727          	1.062925e-01	-1.066753e+00	1.173045e+00	-1.690458e+00	-2.516136e-01	-1.438844e+00	5.936153e-01	-1.119899e+00	-1.798259e-02	7.560205e-02	1.981843e-02	5.578362e-02
1728          	1.062925e-01	-1.066753e+00	1.173045e+00	-1.690458e+00	-2.516135e-01	-1.438844e+00	5.936153e-01	-1.119899e+00	-1.798259e-02	7.560205e-02	1.981843e-02	5.578362e-02
1729          	1.062924e-01	-1.066753e+00	1.173045e+00	-1.690457e+00	-2.516135e-01	-1.438844e+00	5.936153e-01	-1.119899e+00	-1.798259e-02	7.560206e-02	1.981844e-02	5.578362e-02
1730          	1.062924e-01	-1.066753e+00	1.173045e+00	-1.690457e+00	-2.516135e-01	-1.438844e+00	5.936152e-01	-1.119899e+00	-1.798259e-02	7.560207e-02	1.981845e-02	5.578362e-02
1731          	1.062924e-01	-1.066753e+00	1.173045e+00	-1.690457e+00	-2.516135e-01	-1.438844e+00	5.936152e-01	-1.119899e+00	-1.798259e-02	7.560207e-02	1.981845e-02	5.578363e-02
1732          	1.062924e-01	-1.066753e+00	1.173045e+00	-1.690457e+00	-2.516136e-01	-1.438844e+00	5.936152e-01	-1.119899e+00	-1.798259e-02	7.560207e-02	1.981845e-02	5.578363e-02
1733          	1.062924e-01	-1.066753e+00	1.173045e+00	-1.690458e+00	-2.516137e-01	-1.438844e+00	5.936152e-01	-1.119899e+00	-1.798259e-02	7.560207e-02	1.981844e-02	5.578363e-02
1734          	1.062925e-01	-1.066753e+00	1.173045e+00	-1.690458e+00	-2.516137e-01	-1.438844e+00	5.936152e-01	-1.119899e+00	-1.798259e-02	7.560206e-02	1.981844e-02	5.578362e-02
1735          	1.062925e-01	-1.066753e+00	1.173045e+00	-1.690458e+00	-2.516137e-01	-1.438844e+00	5.936152e-01	-1.119899e+00	-1.798259e-02	7.560205e-02	1.981844e-02	5.578362e-02
1736          	1.062925e-01	-1.066753e+00	1.173045e+00	-1.690458e+00	-2.516137e-01	-1.438844e+00	5.936152e-01	-1.119899e+00	-1.798259e-02	7.560205e-02	1.981844e-02	5.578361e-02
1737          	1.062925e-01	-1.066753e+00	1.173045e+00	-1.690458e+00	-2.516136e-01	-1.438844e+00	5.936153e-01	-1.119899e+00	-1.798258e-02	7.560205e-02	1.981844e-02	5.578360e-02
1738          	1.062925e-01	-1.066753e+00	1.173045e+00	-1.690458e+00	-2.516135e-01	-1.438844e+00	5.936152e-01	-1.119899e+00	-1.798258e-02	7.560205e-02	1.981844e-02	5.578361e-02
1739          	1.062924e-01	-1.066753e+00	1.173045e+00	-1.690457e+00	-2.516135e-01	-1.438844e+00	5.936152e-01	-1.119899e+00	-1.798258e-02	7.560206e-02	1.981845e-02	5.578361e-02
1740          	1.062924e-01	-1.066753e+00	1.173045e+00	-1.690457e+00	-2.516135e-01	-1.438844e+00	5.936152e-01	-1.119899e+00	-1.798258e-02	7.560206e-02	1.981845e-02	5.578361e-02
1741          	1.062924e-01	-1.066753e+00	1.173045e+00	-1.690457e+00	-2.516136e-01	-1.438844e+00	5.936151e-01	-1.119899e+00	-1.798258e-02	7.560207e-02	1.981845e-02	5.578362e-02
1742          	1.062924e-01	-1.066753e+00	1.173045e+00	-1.690457e+00	-2.516137e-01	-1.438844e+00	5.936151e-01	-1.119899e+00	-1.798259e-02	7.560207e-02	1.981845e-02	5.578362e-02
1743          	1.062924e-01	-1.066753e+00	1.173045e+00	-1.690458e+00	-2.516137e-01	-1.438844e+00	5.936151e-01	-1.119899e+00	-1.798259e-02	7.560207e-02	1.981844e-02	5.578362e-02
1744          	1.062924e-01	-1.066753e+00	1.173045e+00	-1.690458e+00	-2.516137e-01	-1.438844e+00	5.936151e-01	-1.119899e+00	-1.798259e-02	7.560206e-02	1.981844e-02	5.578362e-02
1745          	1.062925e-01	-1.066753e+00	1.173045e+00	-1.690458e+00	-2.516137e-01	-1.438844e+00	5.936152e-01	-1.119899e+00	-1.798259e-02	7.560205e-02	1.981843e-02	5.578362e-02
1746          	1.062925e-01	-1.066753e+00	1.173045e+00	-1.690458e+00	-2.516137e-01	-1.438844e+00	5.936152e-01	-1.119899e+00	-1.798259e-02	7.560204e-02	1.981843e-02	5.578361e-02
1747          	1.062925e-01	-1.066753e+00	1.173045e+00	-1.690458e+00	-2.516136e-01	-1.438844e+00	5.936152e-01	-1.119899e+00	-1.798259e-02	7.560205e-02	1.981843e-02	5.578361e-02
1748          	1.062924e-01	-1.066753e+00	1.173045e+00	-1.690457e+00	-2.516135e-01	-1.438844e+00	5.936152e-01	-1.119899e+00	-1.798259e-02	7.560205e-02	1.981844e-02	5.578361e-02
1749          	1.062924e-01	-1.066753e+00	1.173045e+00	-1.690457e+00	-2.516134e-01	-1.438844e+00	5.936152e-01	-1.119899e+00	-1.798259e-02	7.560206e-02	1.981844e-02	5.578361e-02
1750          	1.062924e-01	-1.066753e+00	1.173045e+00	-1.690457e+00	-2.516134e-01	-1.438844e+00	5.936152e-01	-1.119899e+00	-1.798259e-02	7.560206e-02	1.981845e-02	5.578362e-02
1751          	1.062924e-01	-1.066753e+00	1.173045e+00	-1.690457e+00	-2.516135e-01	-1.438844e+00	5.936152e-01	-1.119899e+00	-1.798259e-02	7.560207e-02	1.981845e-02	5.578362e-02
1752          	1.062924e-01	-1.066753e+00	1.173045e+00	-1.690457e+00	-2.516136e-01	-1.438844e+00	5.936151e-01	-1.119899e+00	-1.798259e-02	7.560207e-02	1.981844e-02	5.578362e-02
1753          	1.062924e-01	-1.066753e+00	1.173045e+00	-1.690458e+00	-2.516137e-01	-1.438844e+00	5.936151e-01	-1.119899e+00	-1.798259e-02	7.560207e-02	1.981844e-02	5.578362e-02
1754          	1.062924e-01	-1.066753e+00	1.173045e+00	-1.690458e+00	-2.516137e-01	-1.438844e+00	5.936151e-01	-1.119899e+00	-1.798259e-02	7.560206e-02	1.981844e-02	5.578362e-02
1755          	1.062925e-01	-1.066753e+00	1.173045e+00	-1.690458e+00	-2.516137e-01	-1.438844e+00	5.936151e-01	-1.119899e+00	-1.798259e-02	7.560205e-02	1.981844e-02	5.578361e-02
1756          	1.062925e-01	-1.066753e+00	1.173045e+00	-1.690458e+00	-2.516137e-01	-1.438844e+00	5.936152e-01	-1.119899e+00	-1.798258e-02	7.560205e-02	1.981844e-02	5.578361e-02
1757          	1.062925e-01	-1.066753e+00	1.173045e+00	-1.690458e+00	-2.516136e-01	-1.438844e+00	5.936152e-01	-1.119899e+00	-1.798258e-02	7.560205e-02	1.981844e-02	5.578360e-02
1758          	1.062924e-01	-1.066753e+00	1.173045e+00	-1.690457e+00	-2.516135e-01	-1.438844e+00	5.936152e-01	-1.119899e+00	-1.798258e-02	7.560205e-02	1.981845e-02	5.578360e-02
1759          	1.062924e-01	-1.066753e+00	1.173045e+00	-1.690457e+00	-2.516135e-01	-1.438844e+00	5.936152e-01	-1.119899e+00	-1.798257e-02	7.560205e-02	1.981845e-02	5.578360e-02
1760          	1.062924e-01	-1.066753e+00	1.173045e+00	-1.690457e+00	-2.516135e-01	-1.438844e+00	5.936152e-01	-1.119899e+00	-1.798258e-02	7.560206e-02	1.981845e-02	5.578360e-02
1761          	1.062924e-01	-1.066753e+00	1.173045e+00	-1.690457e+00	-2.516135e-01	-1.438844e+00	5.936151e-01	-1.119899e+00	-1.798258e-02	7.560206e-02	1.981845e-02	5.578361e-02
1762          	1.062924e-01	-1.066753e+00	1.173045e+00	-1.690457e+00	-2.516136e-01	-1.438844e+00	5.936151e-01	-1.119899e+00	-1.798258e-02	7.560206e-02	1.981845e-02	5.578361e-02
1763          	1.062924e-01	-1.066753e+00	1.173045e+00	-1.690458e+00	-2.516137e-01	-1.438844e+00	5.936151e-01	-1.119899e+00	-1.798258e-02	7.560206e-02	1.981845e-02	5.578361e-02
1764          	1.062924e-01	-1.066753e+00	1.173045e+00	-1.690458e+00	-2.516138e-01	-1.438844e+00	5.936151e-01	-1.119899e+00	-1.798258e-02	7.560206e-02	1.981844e-02	5.578361e-02
1765          	1.062924e-01	-1.066753e+00	1.173045e+00	-1.690458e+00	-2.516138e-01	-1.438844e+00	5.936151e-01	-1.119899e+00	-1.798258e-02	7.560205e-02	1.981844e-02	5.578361e-02
1766          	1.062924e-01	-1.066753e+00	1.173045e+00	-1.690458e+00	-2.516137e-01	-1.438844e+00	5.936152e-01	-1.119899e+00	-1.798258e-02	7.560205e-02	1.981844e-02	5.578361e-02
1767          	1.062924e-01	-1.066753e+00	1.173045e+00	-1.690458e+00	-2.516136e-01	-1.438844e+00	5.936152e-01	-1.119899e+00	-1.798258e-02	7.560205e-02	1.981845e-02	5.578361e-02
1768          	1.062924e-01	-1.066753e+00	1.173045e+00	-1.690457e+00	-2.516135e-01	-1.438844e+00	5.936152e-01	-1.119899e+00	-1.798258e-02	7.560205e-02	1.981845e-02	5.578361e-02
1769          	1.062924e-01	-1.066753e+00	1.173045e+00	-1.690457e+00	-2.516134e-01	-1.438844e+00	5.936152e-01	-1.119899e+00	-1.798258e-02	7.560206e-02	1.981845e-02	5.578361e-02
1770          	1.062924e-01	-1.066753e+00	1.173045e+00	-1.690457e+00	-2.516134e-01	-1.438844e+00	5.936152e-01	-1.119899e+00	-1.798259e-02	7.560206e-02	1.981844e-02	5.578362e-02
1771          	1.062924e-01	-1.066753e+00	1.173045e+00	-1.690457e+00	-2.516135e-01	-1.438844e+00	5.936152e-01	-1.119899e+00	-1.798259e-02	7.560206e-02	1.981844e-02	5.578362e-02
1772          	1.062924e-01	-1.066753e+00	1.173045e+00	-1.690457e+00	-2.516135e-01	-1.438844e+00	5.936152e-01	-1.119899e+00	-1.798259e-02	7.560206e-02	1.981844e-02	5.578363e-02
1773          	1.062924e-01	-1.066753e+00	1.173045e+00	-1.690458e+00	-2.516136e-01	-1.438844e+00	5.936152e-01	-1.119899e+00	-1.798260e-02	7.560206e-02	1.981844e-02	5.578363e-02
1774          	1.062925e-01	-1.066753e+00	1.173046e+00	-1.690458e+00	-2.516137e-01	-1.438844e+00	5.936153e-01	-1.119899e+00	-1.798260e-02	7.560206e-02	1.981844e-02	5.578363e-02
1775          	1.062925e-01	-1.066753e+00	1.173046e+00	-1.690458e+00	-2.516137e-01	-1.438844e+00	5.936153e-01	-1.119899e+00	-1.798259e-02	7.560206e-02	1.981844e-02	5.578362e-02
1776          	1.062925e-01	-1.066753e+00	1.173046e+00	-1.690458e+00	-2.516137e-01	-1.438844e+00	5.936153e-01	-1.119899e+00	-1.798259e-02	7.560206e-02	1.981844e-02	5.578362e-02
1777          	1.062925e-01	-1.066753e+00	1.173046e+00	-1.690458e+00	-2.516137e-01	-1.438844e+00	5.936153e-01	-1.119899e+00	-1.798259e-02	7.560206e-02	1.981844e-02	5.578362e-02
1778          	1.062925e-01	-1.066753e+00	1.173045e+00	-1.690458e+00	-2.516136e-01	-1.438844e+00	5.936153e-01	-1.119899e+00	-1.798259e-02	7.560205e-02	1.981844e-02	5.578361e-02
1779          	1.062925e-01	-1.066753e+00	1.173045e+00	-1.690458e+00	-2.516135e-01	-1.438844e+00	5.936153e-01	-1.119899e+00	-1.798259e-02	7.560205e-02	1.981844e-02	5.578361e-02
1780          	1.062925e-01	-1.066753e+00	1.173045e+00	-1.690458e+00	-2.516134e-01	-1.438844e+00	5.936153e-01	-1.119899e+00	-1.798259e-02	7.560205e-02	1.981843e-02	5.578362e-02
1781          	1.062925e-01	-1.066753e+00	1.173045e+00	-1.690458e+00	-2.516135e-01	-1.438844e+00	5.936153e-01	-1.119899e+00	-1.798259e-02	7.560205e-02	1.981843e-02	5.578362e-02
1782          	1.062925e-01	-1.066753e+00	1.173045e+00	-1.690458e+00	-2.516135e-01	-1.438844e+00	5.936153e-01	-1.119899e+00	-1.798259e-02	7.560206e-02	1.981843e-02	5.578362e-02
1783          	1.062925e-01	-1.066753e+00	1.173046e+00	-1.690458e+00	-2.516136e-01	-1.438844e+00	5.936153e-01	-1.119899e+00	-1.798259e-02	7.560206e-02	1.981844e-02	5.578362e-02
1784          	1.062925e-01	-1.066753e+00	1.173046e+00	-1.690458e+00	-2.516137e-01	-1.438844e+00	5.936154e-01	-1.119899e+00	-1.798259e-02	7.560206e-02	1.981844e-02	5.578362e-02
1785          	1.062925e-01	-1.066753e+00	1.173046e+00	-1.690458e+00	-2.516138e-01	-1.438845e+00	5.936154e-01	-1.119899e+00	-1.798259e-02	7.560206e-02	1.981844e-02	5.578362e-02
1786          	1.062925e-01	-1.066753e+00	1.173046e+00	-1.690458e+00	-2.516138e-01	-1.438845e+00	5.936154e-01	-1.119899e+00	-1.798258e-02	7.560206e-02	1.981845e-02	5.578361e-02
1787          	1.062925e-01	-1.066753e+00	1.173046e+00	-1.690458e+00	-2.516138e-01	-1.438845e+00	5.936154e-01	-1.119899e+00	-1.798258e-02	7.560205e-02	1.981844e-02	5.578361e-02
1788          	1.062925e-01	-1.066753e+00	1.173046e+00	-1.690458e+00	-2.516137e-01	-1.438844e+00	5.936154e-01	-1.119899e+00	-1.798258e-02	7.560205e-02	1.981844e-02	5.578361e-02
1789          	1.062925e-01	-1.066753e+00	1.173046e+00	-1.690458e+00	-2.516136e-01	-1.438844e+00	5.936154e-01	-1.119899e+00	-1.798259e-02	7.560205e-02	1.981844e-02	5.578361e-02
1790          	1.062925e-01	-1.066753e+00	1.173046e+00	-1.690458e+00	-2.516135e-01	-1.438844e+00	5.936154e-01	-1.119899e+00	-1.798259e-02	7.560205e-02	1.981844e-02	5.578362e-02
1791          	1.062925e-01	-1.066753e+00	1.173046e+00	-1.690458e+00	-2.516134e-01	-1.438844e+00	5.936154e-01	-1.119899e+00	-1.798259e-02	7.560206e-02	1.981844e-02	5.578362e-02
1792          	1.062925e-01	-1.066753e+00	1.173046e+00	-1.690458e+00	-2.516135e-01	-1.438844e+00	5.936155e-01	-1.119899e+00	-1.798259e-02	7.560206e-02	1.981844e-02	5.578362e-02
1793          	1.062924e-01	-1.066753e+00	1.173046e+00	-1.690458e+00	-2.516135e-01	-1.438844e+00	5.936155e-01	-1.119899e+00	-1.798259e-02	7.560206e-02	1.981844e-02	5.578362e-02
1794          	1.062925e-01	-1.066753e+00	1.173046e+00	-1.690458e+00	-2.516136e-01	-1.438845e+00	5.936155e-01	-1.119899e+00	-1.798259e-02	7.560206e-02	1.981844e-02	5.578362e-02
1795          	1.062925e-01	-1.066753e+00	1.173046e+00	-1.690458e+00	-2.516137e-01	-1.438845e+00	5.936155e-01	-1.119899e+00	-1.798259e-02	7.560206e-02	1.981844e-02	5.578362e-02
1796          	1.062925e-01	-1.066753e+00	1.173046e+00	-1.690459e+00	-2.516137e-01	-1.438845e+00	5.936155e-01	-1.119899e+00	-1.798259e-02	7.560206e-02	1.981844e-02	5.578362e-02
1797          	1.062925e-01	-1.066753e+00	1.173046e+00	-1.690458e+00	-2.516137e-01	-1.438845e+00	5.936155e-01	-1.119899e+00	-1.798259e-02	7.560206e-02	1.981844e-02	5.578362e-02
1798          	1.062925e-01	-1.066753e+00	1.173046e+00	-1.690458e+00	-2.516136e-01	-1.438845e+00	5.936155e-01	-1.119899e+00	-1.798259e-02	7.560206e-02	1.981844e-02	5.578362e-02
1799          	1.062925e-01	-1.066753e+00	1.173046e+00	-1.690458e+00	-2.516135e-01	-1.438845e+00	5.936155e-01	-1.119899e+00	-1.798260e-02	7.560206e-02	1.981843e-02	5.578362e-02
1800          	1.062924e-01	-1.066753e+00	1.173046e+00	-1.690458e+00	-2.516134e-01	-1.438844e+00	5.936155e-01	-1.119899e+00	-1.798260e-02	7.560206e-02	1.981843e-02	5.578363e-02
1801          	1.062924e-01	-1.066753e+00	1.173046e+00	-1.690458e+00	-2.516134e-01	-1.438844e+00	5.936155e-01	-1.119899e+00	-1.798260e-02	7.560206e-02	1.981843e-02	5.578363e-02
1802          	1.062925e-01	-1.066753e+00	1.173046e+00	-1.690458e+00	-2.516134e-01	-1.438845e+00	5.936156e-01	-1.119899e+00	-1.798260e-02	7.560206e-02	1.981843e-02	5.578363e-02
1803          	1.062925e-01	-1.066753e+00	1.173046e+00	-1.690458e+00	-2.516135e-01	-1.438845e+00	5.936156e-01	-1.119899e+00	-1.798260e-02	7.560207e-02	1.981843e-02	5.578363e-02
1804          	1.062925e-01	-1.066753e+00	1.173046e+00	-1.690458e+00	-2.516136e-01	-1.438845e+00	5.936156e-01	-1.119899e+00	-1.798260e-02	7.560206e-02	1.981843e-02	5.578363e-02
1805          	1.062925e-01	-1.066753e+00	1.173046e+00	-1.690459e+00	-2.516137e-01	-1.438845e+00	5.936156e-01	-1.119899e+00	-1.798260e-02	7.560206e-02	1.981843e-02	5.578363e-02
1806          	1.062925e-01	-1.066753e+00	1.173046e+00	-1.690459e+00	-2.516138e-01	-1.438845e+00	5.936156e-01	-1.119899e+00	-1.798260e-02	7.560206e-02	1.981843e-02	5.578363e-02
1807          	1.062925e-01	-1.066753e+00	1.173046e+00	-1.690459e+00	-2.516138e-01	-1.438845e+00	5.936156e-01	-1.119899e+00	-1.798260e-02	7.560206e-02	1.981843e-02	5.578363e-02
1808          	1.062925e-01	-1.066753e+00	1.173046e+00	-1.690459e+00	-2.516137e-01	-1.438845e+00	5.936156e-01	-1.119899e+00	-1.798260e-02	7.560206e-02	1.981843e-02	5.578363e-02
1809          	1.062925e-01	-1.066753e+00	1.173046e+00	-1.690458e+00	-2.516136e-01	-1.438845e+00	5.936155e-01	-1.119899e+00	-1.798260e-02	7.560206e-02	1.981843e-02	5.578363e-02
1810          	1.062925e-01	-1.066753e+00	1.173046e+00	-1.690458e+00	-2.516135e-01	-1.438845e+00	5.936155e-01	-1.119899e+00	-1.798260e-02	7.560206e-02	1.981843e-02	5.578363e-02
1811          	1.062925e-01	-1.066753e+00	1.173046e+00	-1.690458e+00	-2.516135e-01	-1.438845e+00	5.936155e-01	-1.119899e+00	-1.798260e-02	7.560207e-02	1.981843e-02	5.578363e-02
1812          	1.062925e-01	-1.066753e+00	1.173046e+00	-1.690458e+00	-2.516135e-01	-1.438845e+00	5.936156e-01	-1.119900e+00	-1.798260e-02	7.560207e-02	1.981844e-02	5.578363e-02
1813          	1.062925e-01	-1.066753e+00	1.173046e+00	-1.690458e+00	-2.516136e-01	-1.438845e+00	5.936156e-01	-1.119900e+00	-1.798260e-02	7.560207e-02	1.981844e-02	5.578363e-02
1814          	1.062925e-01	-1.066753e+00	1.173046e+00	-1.690458e+00	-2.516136e-01	-1.438845e+00	5.936156e-01	-1.119900e+00	-1.798259e-02	7.560207e-02	1.981844e-02	5.578363e-02
1815          	1.062925e-01	-1.066753e+00	1.173046e+00	-1.690459e+00	-2.516137e-01	-1.438845e+00	5.936156e-01	-1.119900e+00	-1.798259e-02	7.560207e-02	1.981844e-02	5.578363e-02
1816          	1.062925e-01	-1.066753e+00	1.173046e+00	-1.690459e+00	-2.516138e-01	-1.438845e+00	5.936155e-01	-1.119899e+00	-1.798259e-02	7.560207e-02	1.981844e-02	5.578362e-02
1817          	1.062925e-01	-1.066753e+00	1.173046e+00	-1.690459e+00	-2.516138e-01	-1.438845e+00	5.936155e-01	-1.119899e+00	-1.798259e-02	7.560207e-02	1.981844e-02	5.578362e-02
1818          	1.062925e-01	-1.066753e+00	1.173046e+00	-1.690459e+00	-2.516137e-01	-1.438845e+00	5.936155e-01	-1.119899e+00	-1.798259e-02	7.560207e-02	1.981845e-02	5.578362e-02
1819          	1.062924e-01	-1.066753e+00	1.173046e+00	-1.690458e+00	-2.516136e-01	-1.438845e+00	5.936155e-01	-1.119899e+00	-1.798259e-02	7.560207e-02	1.981845e-02	5.578363e-02
1820          	1.062924e-01	-1.066753e+00	1.173046e+00	-1.690458e+00	-2.516135e-01	-1.438845e+00	5.936155e-01	-1.119899e+00	-1.798259e-02	7.560208e-02	1.981845e-02	5.578363e-02
1821          	1.062924e-01	-1.066753e+00	1.173046e+00	-1.690458e+00	-2.516135e-01	-1.438845e+00	5.936156e-01	-1.119900e+00	-1.798259e-02	7.560207e-02	1.981845e-02	5.578362e-02
1822          	1.062924e-01	-1.066753e+00	1.173046e+00	-1.690458e+00	-2.516135e-01	-1.438845e+00	5.936156e-01	-1.119900e+00	-1.798259e-02	7.560207e-02	1.981845e-02	5.578362e-02
1823          	1.062925e-01	-1.066753e+00	1.173046e+00	-1.690458e+00	-2.516135e-01	-1.438845e+00	5.936157e-01	-1.119900e+00	-1.798258e-02	7.560207e-02	1.981845e-02	5.578362e-02
1824          	1.062925e-01	-1.066753e+00	1.173046e+00	-1.690458e+00	-2.516136e-01	-1.438845e+00	5.936157e-01	-1.119900e+00	-1.798258e-02	7.560207e-02	1.981845e-02	5.578362e-02
1825          	1.062925e-01	-1.066753e+00	1.173046e+00	-1.690459e+00	-2.516136e-01	-1.438845e+00	5.936156e-01	-1.119900e+00	-1.798258e-02	7.560206e-02	1.981845e-02	5.578361e-02
1826          	1.062925e-01	-1.066753e+00	1.173046e+00	-1.690459e+00	-2.516137e-01	-1.438845e+00	5.936156e-01	-1.119900e+00	-1.798258e-02	7.560206e-02	1.981845e-02	5.578362e-02
1827          	1.062925e-01	-1.066753e+00	1.173046e+00	-1.690459e+00	-2.516137e-01	-1.438845e+00	5.936156e-01	-1.119899e+00	-1.798259e-02	7.560207e-02	1.981845e-02	5.578362e-02
1828          	1.062925e-01	-1.066753e+00	1.173046e+00	-1.690459e+00	-2.516137e-01	-1.438845e+00	5.936156e-01	-1.119899e+00	-1.798259e-02	7.560207e-02	1.981845e-02	5.578362e-02
1829          	1.062925e-01	-1.066753e+00	1.173046e+00	-1.690458e+00	-2.516137e-01	-1.438845e+00	5.936156e-01	-1.119899e+00	-1.798259e-02	7.560207e-02	1.981844e-02	5.578363e-02
1830          	1.062925e-01	-1.066753e+00	1.173046e+00	-1.690458e+00	-2.516136e-01	-1.438845e+00	5.936156e-01	-1.119900e+00	-1.798259e-02	7.560207e-02	1.981844e-02	5.578363e-02
1831          	1.062925e-01	-1.066753e+00	1.173046e+00	-1.690458e+00	-2.516135e-01	-1.438845e+00	5.936157e-01	-1.119900e+00	-1.798259e-02	7.560207e-02	1.981844e-02	5.578363e-02
1832          	1.062925e-01	-1.066753e+00	1.173046e+00	-1.690458e+00	-2.516134e-01	-1.438845e+00	5.936157e-01	-1.119900e+00	-1.798259e-02	7.560207e-02	1.981844e-02	5.578363e-02
1833          	1.062925e-01	-1.066753e+00	1.173046e+00	-1.690458e+00	-2.516134e-01	-1.438845e+00	5.936157e-01	-1.119900e+00	-1.798259e-02	7.560206e-02	1.981844e-02	5.578362e-02
1834          	1.062925e-01	-1.066753e+00	1.173046e+00	-1.690458e+00	-2.516135e-01	-1.438845e+00	5.936157e-01	-1.119900e+00	-1.798259e-02	7.560206e-02	1.981844e-02	5.578362e-02
1835          	1.062925e-01	-1.066753e+00	1.173046e+00	-1.690458e+00	-2.516136e-01	-1.438845e+00	5.936156e-01	-1.119900e+00	-1.798259e-02	7.560207e-02	1.981844e-02	5.578363e-02
1836          	1.062925e-01	-1.066753e+00	1.173046e+00	-1.690459e+00	-2.516137e-01	-1.438845e+00	5.936156e-01	-1.119900e+00	-1.798259e-02	7.560207e-02	1.981844e-02	5.578363e-02
1837          	1.062925e-01	-1.066753e+00	1.173046e+00	-1.690459e+00	-2.516138e-01	-1.438845e+00	5.936155e-01	-1.119899e+00	-1.798259e-02	7.560207e-02	1.981844e-02	5.578363e-02
1838          	1.062925e-01	-1.066753e+00	1.173046e+00	-1.690459e+00	-2.516138e-01	-1.438845e+00	5.936155e-01	-1.119899e+00	-1.798260e-02	7.560208e-02	1.981844e-02	5.578363e-02
1839          	1.062925e-01	-1.066753e+00	1.173046e+00	-1.690459e+00	-2.516137e-01	-1.438845e+00	5.936156e-01	-1.119900e+00	-1.798260e-02	7.560208e-02	1.981844e-02	5.578364e-02
1840          	1.062925e-01	-1.066753e+00	1.173046e+00	-1.690458e+00	-2.516136e-01	-1.438845e+00	5.936156e-01	-1.119900e+00	-1.798260e-02	7.560208e-02	1.981844e-02	5.578364e-02
1841          	1.062925e-01	-1.066753e+00	1.173046e+00	-1.690458e+00	-2.516135e-01	-1.438845e+00	5.936156e-01	-1.119900e+00	-1.798259e-02	7.560208e-02	1.981845e-02	5.578363e-02
1842          	1.062924e-01	-1.066753e+00	1.173046e+00	-1.690458e+00	-2.516134e-01	-1.438845e+00	5.936156e-01	-1.119900e+00	-1.798259e-02	7.560208e-02	1.981845e-02	5.578363e-02
1843          	1.062924e-01	-1.066753e+00	1.173046e+00	-1.690458e+00	-2.516134e-01	-1.438845e+00	5.936156e-01	-1.119900e+00	-1.798258e-02	7.560208e-02	1.981845e-02	5.578362e-02
1844          	1.062924e-01	-1.066753e+00	1.173046e+00	-1.690458e+00	-2.516135e-01	-1.438845e+00	5.936156e-01	-1.119900e+00	-1.798258e-02	7.560207e-02	1.981846e-02	5.578362e-02
1845          	1.062925e-01	-1.066753e+00	1.173046e+00	-1.690458e+00	-2.516136e-01	-1.438845e+00	5.936155e-01	-1.119899e+00	-1.798258e-02	7.560207e-02	1.981846e-02	5.578362e-02
1846          	1.062925e-01	-1.066753e+00	1.173046e+00	-1.690458e+00	-2.516137e-01	-1.438845e+00	5.936155e-01	-1.119899e+00	-1.798258e-02	7.560208e-02	1.981845e-02	5.578362e-02
1847          	1.062925e-01	-1.066753e+00	1.173046e+00	-1.690459e+00	-2.516138e-01	-1.438845e+00	5.936156e-01	-1.119899e+00	-1.798259e-02	7.560208e-02	1.981845e-02	5.578363e-02
1848          	1.062925e-01	-1.066753e+00	1.173046e+00	-1.690459e+00	-2.516138e-01	-1.438845e+00	5.936156e-01	-1.119899e+00	-1.798259e-02	7.560208e-02	1.981845e-02	5.578363e-02
1849          	1.062925e-01	-1.066753e+00	1.173046e+00	-1.690459e+00	-2.516137e-01	-1.438845e+00	5.936157e-01	-1.119900e+00	-1.798259e-02	7.560208e-02	1.981845e-02	5.578363e-02
1850          	1.062925e-01	-1.066753e+00	1.173046e+00	-1.690459e+00	-2.516136e-01	-1.438845e+00	5.936157e-01	-1.119900e+00	-1.798259e-02	7.560208e-02	1.981845e-02	5.578363e-02
1851          	1.062924e-01	-1.066753e+00	1.173046e+00	-1.690458e+00	-2.516135e-01	-1.438845e+00	5.936157e-01	-1.119900e+00	-1.798259e-02	7.560208e-02	1.981845e-02	5.578363e-02
1852          	1.062924e-01	-1.066753e+00	1.173046e+00	-1.690458e+00	-2.516134e-01	-1.438845e+00	5.936157e-01	-1.119900e+00	-1.798258e-02	7.560208e-02	1.981846e-02	5.578362e-02
1853          	1.062924e-01	-1.066753e+00	1.173046e+00	-1.690458e+00	-2.516134e-01	-1.438845e+00	5.936157e-01	-1.119900e+00	-1.798258e-02	7.560208e-02	1.981846e-02	5.578362e-02
1854          	1.062924e-01	-1.066753e+00	1.173046e+00	-1.690458e+00	-2.516134e-01	-1.438845e+00	5.936156e-01	-1.119900e+00	-1.798258e-02	7.560207e-02	1.981845e-02	5.578362e-02
1855          	1.062925e-01	-1.066753e+00	1.173046e+00	-1.690458e+00	-2.516135e-01	-1.438845e+00	5.936156e-01	-1.119900e+00	-1.798259e-02	7.560207e-02	1.981845e-02	5.578362e-02
1856          	1.062925e-01	-1.066753e+00	1.173046e+00	-1.690459e+00	-2.516137e-01	-1.438845e+00	5.936156e-01	-1.119900e+00	-1.798259e-02	7.560208e-02	1.981845e-02	5.578363e-02
1857          	1.062925e-01	-1.066753e+00	1.173046e+00	-1.690459e+00	-2.516138e-01	-1.438845e+00	5.936157e-01	-1.119900e+00	-1.798259e-02	7.560208e-02	1.981844e-02	5.578363e-02
1858          	1.062925e-01	-1.066753e+00	1.173046e+00	-1.690459e+00	-2.516138e-01	-1.438845e+00	5.936157e-01	-1.119900e+00	-1.798260e-02	7.560208e-02	1.981844e-02	5.578364e-02
1859          	1.062925e-01	-1.066753e+00	1.173046e+00	-1.690459e+00	-2.516137e-01	-1.438845e+00	5.936158e-01	-1.119900e+00	-1.798260e-02	7.560208e-02	1.981844e-02	5.578364e-02
1860          	1.062925e-01	-1.066753e+00	1.173046e+00	-1.690459e+00	-2.516136e-01	-1.438845e+00	5.936158e-01	-1.119900e+00	-1.798260e-02	7.560209e-02	1.981845e-02	5.578364e-02
1861          	1.062925e-01	-1.066753e+00	1.173046e+00	-1.690459e+00	-2.516135e-01	-1.438845e+00	5.936158e-01	-1.119900e+00	-1.798259e-02	7.560209e-02	1.981845e-02	5.578364e-02
1862          	1.062924e-01	-1.066753e+00	1.173046e+00	-1.690458e+00	-2.516134e-01	-1.438845e+00	5.936158e-01	-1.119900e+00	-1.798259e-02	7.560209e-02	1.981845e-02	5.578363e-02
1863          	1.062925e-01	-1.066753e+00	1.173046e+00	-1.690458e+00	-2.516134e-01	-1.438845e+00	5.936158e-01	-1.119900e+00	-1.798259e-02	7.560208e-02	1.981845e-02	5.578363e-02
1864          	1.062925e-01	-1.066753e+00	1.173046e+00	-1.690458e+00	-2.516135e-01	-1.438845e+00	5.936157e-01	-1.119900e+00	-1.798259e-02	7.560208e-02	1.981845e-02	5.578363e-02
1865          	1.062925e-01	-1.066753e+00	1.173046e+00	-1.690459e+00	-2.516135e-01	-1.438845e+00	5.936157e-01	-1.119900e+00	-1.798259e-02	7.560208e-02	1.981845e-02	5.578362e-02
1866          	1.062925e-01	-1.066753e+00	1.173046e+00	-1.690459e+00	-2.516136e-01	-1.438845e+00	5.936158e-01	-1.119900e+00	-1.798259e-02	7.560208e-02	1.981845e-02	5.578363e-02
1867          	1.062925e-01	-1.066753e+00	1.173046e+00	-1.690459e+00	-2.516137e-01	-1.438845e+00	5.936158e-01	-1.119900e+00	-1.798259e-02	7.560208e-02	1.981844e-02	5.578363e-02
1868          	1.062925e-01	-1.066753e+00	1.173046e+00	-1.690459e+00	-2.516137e-01	-1.438845e+00	5.936159e-01	-1.119900e+00	-1.798259e-02	7.560208e-02	1.981845e-02	5.578364e-02
1869          	1.062925e-01	-1.066753e+00	1.173046e+00	-1.690459e+00	-2.516137e-01	-1.438846e+00	5.936159e-01	-1.119900e+00	-1.798260e-02	7.560209e-02	1.981845e-02	5.578364e-02
1870          	1.062925e-01	-1.066753e+00	1.173046e+00	-1.690459e+00	-2.516136e-01	-1.438846e+00	5.936160e-01	-1.119900e+00	-1.798260e-02	7.560209e-02	1.981845e-02	5.578364e-02
1871          	1.062925e-01	-1.066753e+00	1.173046e+00	-1.690459e+00	-2.516135e-01	-1.438845e+00	5.936160e-01	-1.119900e+00	-1.798259e-02	7.560209e-02	1.981845e-02	5.578364e-02
1872          	1.062925e-01	-1.066753e+00	1.173046e+00	-1.690459e+00	-2.516134e-01	-1.438845e+00	5.936159e-01	-1.119900e+00	-1.798259e-02	7.560209e-02	1.981845e-02	5.578363e-02
1873          	1.062925e-01	-1.066753e+00	1.173046e+00	-1.690459e+00	-2.516134e-01	-1.438845e+00	5.936159e-01	-1.119900e+00	-1.798259e-02	7.560208e-02	1.981845e-02	5.578363e-02
1874          	1.062925e-01	-1.066753e+00	1.173046e+00	-1.690459e+00	-2.516135e-01	-1.438845e+00	5.936159e-01	-1.119900e+00	-1.798259e-02	7.560208e-02	1.981845e-02	5.578363e-02
1875          	1.062925e-01	-1.066753e+00	1.173046e+00	-1.690459e+00	-2.516135e-01	-1.438845e+00	5.936159e-01	-1.119900e+00	-1.798259e-02	7.560207e-02	1.981844e-02	5.578363e-02
1876          	1.062925e-01	-1.066753e+00	1.173046e+00	-1.690459e+00	-2.516136e-01	-1.438845e+00	5.936159e-01	-1.119900e+00	-1.798260e-02	7.560207e-02	1.981844e-02	5.578363e-02
1877          	1.062925e-01	-1.066753e+00	1.173046e+00	-1.690459e+00	-2.516137e-01	-1.438846e+00	5.936160e-01	-1.119900e+00	-1.798260e-02	7.560206e-02	1.981843e-02	5.578363e-02
1878          	1.062925e-01	-1.066753e+00	1.173046e+00	-1.690459e+00	-2.516137e-01	-1.438846e+00	5.936160e-01	-1.119900e+00	-1.798260e-02	7.560207e-02	1.981843e-02	5.578364e-02
1879          	1.062925e-01	-1.066754e+00	1.173046e+00	-1.690459e+00	-2.516136e-01	-1.438846e+00	5.936161e-01	-1.119900e+00	-1.798260e-02	7.560207e-02	1.981843e-02	5.578364e-02
1880          	1.062925e-01	-1.066754e+00	1.173046e+00	-1.690459e+00	-2.516136e-01	-1.438846e+00	5.936161e-01	-1.119900e+00	-1.798260e-02	7.560208e-02	1.981843e-02	5.578364e-02
1881          	1.062925e-01	-1.066754e+00	1.173046e+00	-1.690459e+00	-2.516135e-01	-1.438846e+00	5.936161e-01	-1.119900e+00	-1.798260e-02	7.560208e-02	1.981844e-02	5.578364e-02
1882          	1.062925e-01	-1.066754e+00	1.173046e+00	-1.690459e+00	-2.516135e-01	-1.438846e+00	5.936160e-01	-1.119900e+00	-1.798260e-02	7.560208e-02	1.981844e-02	5.578364e-02
1883          	1.062925e-01	-1.066753e+00	1.173046e+00	-1.690459e+00	-2.516135e-01	-1.438845e+00	5.936160e-01	-1.119900e+00	-1.798260e-02	7.560208e-02	1.981844e-02	5.578364e-02
1884          	1.062925e-01	-1.066753e+00	1.173046e+00	-1.690459e+00	-2.516135e-01	-1.438845e+00	5.936159e-01	-1.119900e+00	-1.798260e-02	7.560207e-02	1.981844e-02	5.578363e-02
1885          	1.062925e-01	-1.066753e+00	1.173046e+00	-1.690459e+00	-2.516135e-01	-1.438845e+00	5.936159e-01	-1.119900e+00	-1.798260e-02	7.560207e-02	1.981844e-02	5.578363e-02
1886          	1.062925e-01	-1.066753e+00	1.173046e+00	-1.690459e+00	-2.516136e-01	-1.438845e+00	5.936159e-01	-1.119900e+00	-1.798260e-02	7.560206e-02	1.981843e-02	5.578363e-02
1887          	1.062925e-01	-1.066753e+00	1.173046e+00	-1.690459e+00	-2.516136e-01	-1.438846e+00	5.936160e-01	-1.119900e+00	-1.798260e-02	7.560207e-02	1.981843e-02	5.578364e-02
1888          	1.062925e-01	-1.066754e+00	1.173046e+00	-1.690459e+00	-2.516137e-01	-1.438846e+00	5.936160e-01	-1.119900e+00	-1.798260e-02	7.560208e-02	1.981843e-02	5.578364e-02
1889          	1.062925e-01	-1.066754e+00	1.173046e+00	-1.690459e+00	-2.516137e-01	-1.438846e+00	5.936160e-01	-1.119900e+00	-1.798261e-02	7.560208e-02	1.981844e-02	5.578365e-02
1890          	1.062925e-01	-1.066754e+00	1.173046e+00	-1.690459e+00	-2.516136e-01	-1.438846e+00	5.936160e-01	-1.119900e+00	-1.798260e-02	7.560209e-02	1.981844e-02	5.578365e-02
1891          	1.062925e-01	-1.066754e+00	1.173046e+00	-1.690459e+00	-2.516136e-01	-1.438846e+00	5.936160e-01	-1.119900e+00	-1.798260e-02	7.560209e-02	1.981844e-02	5.578365e-02
1892          	1.062925e-01	-1.066754e+00	1.173046e+00	-1.690459e+00	-2.516135e-01	-1.438845e+00	5.936159e-01	-1.119900e+00	-1.798260e-02	7.560209e-02	1.981844e-02	5.578365e-02
1893          	1.062925e-01	-1.066753e+00	1.173046e+00	-1.690459e+00	-2.516135e-01	-1.438845e+00	5.936159e-01	-1.119900e+00	-1.798260e-02	7.560209e-02	1.981845e-02	5.578364e-02
1894          	1.062925e-01	-1.066753e+00	1.173046e+00	-1.690459e+00	-2.516135e-01	-1.438845e+00	5.936158e-01	-1.119900e+00	-1.798259e-02	7.560208e-02	1.981845e-02	5.578363e-02
1895          	1.062925e-01	-1.066753e+00	1.173046e+00	-1.690459e+00	-2.516136e-01	-1.438845e+00	5.936158e-01	-1.119900e+00	-1.798259e-02	7.560207e-02	1.981844e-02	5.578363e-02
1896          	1.062925e-01	-1.066753e+00	1.173046e+00	-1.690459e+00	-2.516136e-01	-1.438845e+00	5.936158e-01	-1.119900e+00	-1.798259e-02	7.560207e-02	1.981844e-02	5.578363e-02
1897          	1.062925e-01	-1.066753e+00	1.173046e+00	-1.690459e+00	-2.516137e-01	-1.438845e+00	5.936159e-01	-1.119900e+00	-1.798259e-02	7.560207e-02	1.981844e-02	5.578363e-02
1898          	1.062925e-01	-1.066754e+00	1.173046e+00	-1.690459e+00	-2.516137e-01	-1.438845e+00	5.936159e-01	-1.119900e+00	-1.798260e-02	7.560207e-02	1.981844e-02	5.578363e-02
1899          	1.062925e-01	-1.066754e+00	1.173046e+00	-1.690459e+00	-2.516137e-01	-1.438846e+00	5.936159e-01	-1.119900e+00	-1.798260e-02	7.560207e-02	1.981844e-02	5.578364e-02
1900          	1.062925e-01	-1.066754e+00	1.173046e+00	-1.690459e+00	-2.516137e-01	-1.438845e+00	5.936159e-01	-1.119900e+00	-1.798260e-02	7.560208e-02	1.981844e-02	5.578364e-02
1901          	1.062925e-01	-1.066754e+00	1.173046e+00	-1.690459e+00	-2.516137e-01	-1.438845e+00	5.936158e-01	-1.119900e+00	-1.798260e-02	7.560208e-02	1.981844e-02	5.578364e-02
1902          	1.062925e-01	-1.066753e+00	1.173046e+00	-1.690459e+00	-2.516136e-01	-1.438845e+00	5.936157e-01	-1.119900e+00	-1.798259e-02	7.560208e-02	1.981845e-02	5.578363e-02
1903          	1.062925e-01	-1.066753e+00	1.173046e+00	-1.690458e+00	-2.516136e-01	-1.438845e+00	5.936156e-01	-1.119900e+00	-1.798259e-02	7.560208e-02	1.981845e-02	5.578363e-02
1904          	1.062925e-01	-1.066753e+00	1.173046e+00	-1.690458e+00	-2.516136e-01	-1.438845e+00	5.936156e-01	-1.119900e+00	-1.798259e-02	7.560208e-02	1.981845e-02	5.578363e-02
1905          	1.062925e-01	-1.066753e+00	1.173046e+00	-1.690458e+00	-2.516136e-01	-1.438845e+00	5.936155e-01	-1.119900e+00	-1.798259e-02	7.560207e-02	1.981845e-02	5.578362e-02
1906          	1.062925e-01	-1.066753e+00	1.173046e+00	-1.690458e+00	-2.516137e-01	-1.438845e+00	5.936156e-01	-1.119900e+00	-1.798259e-02	7.560207e-02	1.981845e-02	5.578362e-02
1907          	1.062925e-01	-1.066753e+00	1.173046e+00	-1.690459e+00	-2.516137e-01	-1.438845e+00	5.936156e-01	-1.119900e+00	-1.798259e-02	7.560207e-02	1.981844e-02	5.578362e-02
1908          	1.062925e-01	-1.066753e+00	1.173046e+00	-1.690459e+00	-2.516137e-01	-1.438845e+00	5.936156e-01	-1.119900e+00	-1.798259e-02	7.560207e-02	1.981844e-02	5.578363e-02
1909          	1.062925e-01	-1.066753e+00	1.173046e+00	-1.690459e+00	-2.516137e-01	-1.438845e+00	5.936156e-01	-1.119900e+00	-1.798259e-02	7.560207e-02	1.981844e-02	5.578363e-02
1910          	1.062925e-01	-1.066753e+00	1.173046e+00	-1.690459e+00	-2.516137e-01	-1.438845e+00	5.936156e-01	-1.119900e+00	-1.798259e-02	7.560208e-02	1.981845e-02	5.578363e-02
1911          	1.062925e-01	-1.066753e+00	1.173046e+00	-1.690458e+00	-2.516136e-01	-1.438845e+00	5.936155e-01	-1.119900e+00	-1.798259e-02	7.560209e-02	1.981845e-02	5.578364e-02
1912          	1.062924e-01	-1.066753e+00	1.173046e+00	-1.690458e+00	-2.516136e-01	-1.438844e+00	5.936155e-01	-1.119900e+00	-1.798259e-02	7.560209e-02	1.981846e-02	5.578363e-02
1913          	1.062924e-01	-1.066753e+00	1.173046e+00	-1.690458e+00	-2.516136e-01	-1.438844e+00	5.936154e-01	-1.119899e+00	-1.798258e-02	7.560209e-02	1.981846e-02	5.578363e-02
1914          	1.062924e-01	-1.066753e+00	1.173046e+00	-1.690458e+00	-2.516136e-01	-1.438844e+00	5.936153e-01	-1.119899e+00	-1.798258e-02	7.560209e-02	1.981846e-02	5.578363e-02
1915          	1.062924e-01	-1.066753e+00	1.173046e+00	-1.690458e+00	-2.516136e-01	-1.438844e+00	5.936154e-01	-1.119899e+00	-1.798258e-02	7.560208e-02	1.981846e-02	5.578362e-02
1916          	1.062925e-01	-1.066753e+00	1.173046e+00	-1.690458e+00	-2.516137e-01	-1.438844e+00	5.936154e-01	-1.119900e+00	-1.798258e-02	7.560208e-02	1.981846e-02	5.578362e-02
1917          	1.062925e-01	-1.066753e+00	1.173046e+00	-1.690458e+00	-2.516137e-01	-1.438845e+00	5.936155e-01	-1.119900e+00	-1.798258e-02	7.560207e-02	1.981845e-02	5.578362e-02
1918          	1.062925e-01	-1.066753e+00	1.173046e+00	-1.690458e+00	-2.516137e-01	-1.438845e+00	5.936155e-01	-1.119900e+00	-1.798258e-02	7.560207e-02	1.981845e-02	5.578362e-02
1919          	1.062925e-01	-1.066753e+00	1.173046e+00	-1.690458e+00	-2.516137e-01	-1.438845e+00	5.936155e-01	-1.119900e+00	-1.798259e-02	7.560207e-02	1.981845e-02	5.578362e-02
1920          	1.062924e-01	-1.066753e+00	1.173046e+00	-1.690458e+00	-2.516136e-01	-1.438845e+00	5.936155e-01	-1.119900e+00	-1.798258e-02	7.560208e-02	1.981846e-02	5.578362e-02
1921          	1.062924e-01	-1.066753e+00	1.173046e+00	-1.690458e+00	-2.516136e-01	-1.438844e+00	5.936154e-01	-1.119900e+00	-1.798258e-02	7.560209e-02	1.981846e-02	5.578362e-02
1922          	1.062924e-01	-1.066753e+00	1.173046e+00	-1.690458e+00	-2.516136e-01	-1.438844e+00	5.936153e-01	-1.119899e+00	-1.798258e-02	7.560209e-02	1.981847e-02	5.578362e-02
1923          	1.062924e-01	-1.066753e+00	1.173046e+00	-1.690458e+00	-2.516136e-01	-1.438844e+00	5.936153e-01	-1.119899e+00	-1.798257e-02	7.560209e-02	1.981847e-02	5.578362e-02
1924          	1.062924e-01	-1.066753e+00	1.173046e+00	-1.690458e+00	-2.516136e-01	-1.438844e+00	5.936152e-01	-1.119899e+00	-1.798257e-02	7.560209e-02	1.981847e-02	5.578362e-02
1925          	1.062924e-01	-1.066753e+00	1.173046e+00	-1.690458e+00	-2.516137e-01	-1.438844e+00	5.936153e-01	-1.119899e+00	-1.798257e-02	7.560208e-02	1.981847e-02	5.578361e-02
1926          	1.062925e-01	-1.066753e+00	1.173046e+00	-1.690458e+00	-2.516137e-01	-1.438844e+00	5.936153e-01	-1.119899e+00	-1.798257e-02	7.560207e-02	1.981846e-02	5.578361e-02
1927          	1.062925e-01	-1.066753e+00	1.173046e+00	-1.690458e+00	-2.516137e-01	-1.438844e+00	5.936154e-01	-1.119900e+00	-1.798258e-02	7.560206e-02	1.981846e-02	5.578361e-02
1928          	1.062925e-01	-1.066753e+00	1.173046e+00	-1.690458e+00	-2.516137e-01	-1.438845e+00	5.936154e-01	-1.119900e+00	-1.798258e-02	7.560206e-02	1.981845e-02	5.578361e-02
1929          	1.062925e-01	-1.066753e+00	1.173046e+00	-1.690458e+00	-2.516137e-01	-1.438845e+00	5.936154e-01	-1.119900e+00	-1.798258e-02	7.560207e-02	1.981845e-02	5.578361e-02
1930          	1.062924e-01	-1.066753e+00	1.173046e+00	-1.690458e+00	-2.516136e-01	-1.438844e+00	5.936154e-01	-1.119900e+00	-1.798258e-02	7.560208e-02	1.981846e-02	5.578362e-02
1931          	1.062924e-01	-1.066753e+00	1.173046e+00	-1.690458e+00	-2.516136e-01	-1.438844e+00	5.936153e-01	-1.119899e+00	-1.798258e-02	7.560209e-02	1.981846e-02	5.578362e-02
1932          	1.062924e-01	-1.066753e+00	1.173046e+00	-1.690458e+00	-2.516136e-01	-1.438844e+00	5.936153e-01	-1.119899e+00	-1.798258e-02	7.560209e-02	1.981847e-02	5.578363e-02
1933          	1.062924e-01	-1.066753e+00	1.173046e+00	-1.690458e+00	-2.516136e-01	-1.438844e+00	5.936152e-01	-1.119899e+00	-1.798258e-02	7.560210e-02	1.981847e-02	5.578363e-02
1934          	1.062924e-01	-1.066753e+00	1.173046e+00	-1.690458e+00	-2.516136e-01	-1.438844e+00	5.936153e-01	-1.119899e+00	-1.798258e-02	7.560209e-02	1.981846e-02	5.578363e-02
1935          	1.062924e-01	-1.066753e+00	1.173046e+00	-1.690458e+00	-2.516136e-01	-1.438844e+00	5.936153e-01	-1.119899e+00	-1.798258e-02	7.560209e-02	1.981846e-02	5.578363e-02
1936          	1.062924e-01	-1.066753e+00	1.173046e+00	-1.690458e+00	-2.516136e-01	-1.438844e+00	5.936154e-01	-1.119899e+00	-1.798258e-02	7.560208e-02	1.981845e-02	5.578362e-02
1937          	1.062925e-01	-1.066753e+00	1.173046e+00	-1.690458e+00	-2.516136e-01	-1.438845e+00	5.936155e-01	-1.119900e+00	-1.798259e-02	7.560207e-02	1.981845e-02	5.578362e-02
1938          	1.062925e-01	-1.066753e+00	1.173046e+00	-1.690458e+00	-2.516136e-01	-1.438845e+00	5.936155e-01	-1.119900e+00	-1.798259e-02	7.560207e-02	1.981844e-02	5.578362e-02
1939          	1.062925e-01	-1.066753e+00	1.173046e+00	-1.690458e+00	-2.516136e-01	-1.438845e+00	5.936155e-01	-1.119899e+00	-1.798259e-02	7.560207e-02	1.981844e-02	5.578363e-02
1940          	1.062925e-01	-1.066753e+00	1.173046e+00	-1.690458e+00	-2.516136e-01	-1.438845e+00	5.936155e-01	-1.119899e+00	-1.798259e-02	7.560208e-02	1.981845e-02	5.578363e-02
1941          	1.062924e-01	-1.066753e+00	1.173046e+00	-1.690458e+00	-2.516136e-01	-1.438844e+00	5.936154e-01	-1.119899e+00	-1.798259e-02	7.560209e-02	1.981845e-02	5.578363e-02
1942          	1.062924e-01	-1.066753e+00	1.173046e+00	-1.690458e+00	-2.516136e-01	-1.438844e+00	5.936154e-01	-1.119899e+00	-1.798259e-02	7.560209e-02	1.981845e-02	5.578364e-02
1943          	1.062924e-01	-1.066753e+00	1.173046e+00	-1.690458e+00	-2.516136e-01	-1.438844e+00	5.936154e-01	-1.119899e+00	-1.798259e-02	7.560209e-02	1.981846e-02	5.578364e-02
1944          	1.062925e-01	-1.066753e+00	1.173046e+00	-1.690458e+00	-2.516136e-01	-1.438845e+00	5.936155e-01	-1.119899e+00	-1.798259e-02	7.560209e-02	1.981846e-02	5.578363e-02
1945          	1.062925e-01	-1.066753e+00	1.173046e+00	-1.690458e+00	-2.516136e-01	-1.438845e+00	5.936156e-01	-1.119899e+00	-1.798259e-02	7.560208e-02	1.981845e-02	5.578363e-02
1946          	1.062925e-01	-1.066753e+00	1.173046e+00	-1.690458e+00	-2.516136e-01	-1.438845e+00	5.936157e-01	-1.119900e+00	-1.798259e-02	7.560207e-02	1.981845e-02	5.578362e-02
1947          	1.062925e-01	-1.066753e+00	1.173046e+00	-1.690459e+00	-2.516136e-01	-1.438845e+00	5.936157e-01	-1.119900e+00	-1.798258e-02	7.560206e-02	1.981845e-02	5.578362e-02
1948          	1.062925e-01	-1.066753e+00	1.173046e+00	-1.690459e+00	-2.516136e-01	-1.438845e+00	5.936157e-01	-1.119900e+00	-1.798258e-02	7.560206e-02	1.981845e-02	5.578361e-02
1949          	1.062925e-01	-1.066753e+00	1.173046e+00	-1.690459e+00	-2.516136e-01	-1.438845e+00	5.936157e-01	-1.119900e+00	-1.798258e-02	7.560206e-02	1.981845e-02	5.578361e-02
1950          	1.062925e-01	-1.066753e+00	1.173046e+00	-1.690458e+00	-2.516136e-01	-1.438845e+00	5.936156e-01	-1.119899e+00	-1.798258e-02	7.560206e-02	1.981845e-02	5.578361e-02
1951          	1.062925e-01	-1.066753e+00	1.173046e+00	-1.690458e+00	-2.516136e-01	-1.438845e+00	5.936156e-01	-1.119899e+00	-1.798258e-02	7.560207e-02	1.981845e-02	5.578362e-02
1952          	1.062925e-01	-1.066753e+00	1.173046e+00	-1.690458e+00	-2.516136e-01	-1.438845e+00	5.936156e-01	-1.119899e+00	-1.798258e-02	7.560208e-02	1.981846e-02	5.578362e-02
1953          	1.062925e-01	-1.066753e+00	1.173046e+00	-1.690458e+00	-2.516135e-01	-1.438845e+00	5.936156e-01	-1.119899e+00	-1.798258e-02	7.560208e-02	1.981846e-02	5.578362e-02
1954          	1.062925e-01	-1.066753e+00	1.173046e+00	-1.690458e+00	-2.516135e-01	-1.438845e+00	5.936157e-01	-1.119900e+00	-1.798258e-02	7.560208e-02	1.981846e-02	5.578362e-02
1955          	1.062925e-01	-1.066753e+00	1.173046e+00	-1.690459e+00	-2.516135e-01	-1.438845e+00	5.936158e-01	-1.119900e+00	-1.798258e-02	7.560208e-02	1.981846e-02	5.578362e-02
1956          	1.062925e-01	-1.066753e+00	1.173046e+00	-1.690459e+00	-2.516135e-01	-1.438845e+00	5.936158e-01	-1.119900e+00	-1.798258e-02	7.560208e-02	1.981845e-02	5.578362e-02
1957          	1.062925e-01	-1.066753e+00	1.173046e+00	-1.690459e+00	-2.516136e-01	-1.438845e+00	5.936158e-01	-1.119900e+00	-1.798259e-02	7.560207e-02	1.981845e-02	5.578362e-02
1958          	1.062925e-01	-1.066753e+00	1.173046e+00	-1.690459e+00	-2.516136e-01	-1.438845e+00	5.936158e-01	-1.119900e+00	-1.798259e-02	7.560206e-02	1.981844e-02	5.578362e-02
1959          	1.062925e-01	-1.066753e+00	1.173046e+00	-1.690459e+00	-2.516136e-01	-1.438845e+00	5.936157e-01	-1.119900e+00	-1.798259e-02	7.560206e-02	1.981844e-02	5.578362e-02
1960          	1.062925e-01	-1.066753e+00	1.173046e+00	-1.690458e+00	-2.516136e-01	-1.438845e+00	5.936157e-01	-1.119900e+00	-1.798259e-02	7.560206e-02	1.981843e-02	5.578362e-02
1961          	1.062925e-01	-1.066753e+00	1.173046e+00	-1.690458e+00	-2.516135e-01	-1.438845e+00	5.936157e-01	-1.119899e+00	-1.798260e-02	7.560206e-02	1.981843e-02	5.578363e-02
1962          	1.062925e-01	-1.066753e+00	1.173046e+00	-1.690458e+00	-2.516135e-01	-1.438845e+00	5.936157e-01	-1.119899e+00	-1.798260e-02	7.560207e-02	1.981844e-02	5.578364e-02
1963          	1.062925e-01	-1.066753e+00	1.173046e+00	-1.690458e+00	-2.516135e-01	-1.438845e+00	5.936157e-01	-1.119900e+00	-1.798260e-02	7.560208e-02	1.981844e-02	5.578364e-02
1964          	1.062925e-01	-1.066753e+00	1.173046e+00	-1.690459e+00	-2.516135e-01	-1.438845e+00	5.936158e-01	-1.119900e+00	-1.798260e-02	7.560209e-02	1.981844e-02	5.578364e-02
1965          	1.062925e-01	-1.066753e+00	1.173046e+00	-1.690459e+00	-2.516136e-01	-1.438845e+00	5.936158e-01	-1.119900e+00	-1.798260e-02	7.560209e-02	1.981844e-02	5.578364e-02
1966          	1.062925e-01	-1.066753e+00	1.173046e+00	-1.690459e+00	-2.516136e-01	-1.438845e+00	5.936158e-01	-1.119900e+00	-1.798260e-02	7.560208e-02	1.981844e-02	5.578364e-02
1967          	1.062925e-01	-1.066753e+00	1.173046e+00	-1.690459e+00	-2.516137e-01	-1.438845e+00	5.936157e-01	-1.119900e+00	-1.798260e-02	7.560207e-02	1.981844e-02	5.578363e-02
1968          	1.062925e-01	-1.066753e+00	1.173046e+00	-1.690459e+00	-2.516137e-01	-1.438845e+00	5.936157e-01	-1.119900e+00	-1.798259e-02	7.560207e-02	1.981844e-02	5.578363e-02
1969          	1.062925e-01	-1.066753e+00	1.173046e+00	-1.690459e+00	-2.516137e-01	-1.438845e+00	5.936156e-01	-1.119900e+00	-1.798259e-02	7.560206e-02	1.981843e-02	5.578362e-02
1970          	1.062925e-01	-1.066753e+00	1.173046e+00	-1.690458e+00	-2.516136e-01	-1.438845e+00	5.936155e-01	-1.119900e+00	-1.798260e-02	7.560206e-02	1.981843e-02	5.578362e-02
1971          	1.062925e-01	-1.066753e+00	1.173046e+00	-1.690458e+00	-2.516136e-01	-1.438845e+00	5.936155e-01	-1.119899e+00	-1.798260e-02	7.560206e-02	1.981844e-02	5.578363e-02
1972          	1.062925e-01	-1.066753e+00	1.173046e+00	-1.690458e+00	-2.516135e-01	-1.438845e+00	5.936155e-01	-1.119900e+00	-1.798260e-02	7.560208e-02	1.981844e-02	5.578363e-02
1973          	1.062924e-01	-1.066753e+00	1.173046e+00	-1.690458e+00	-2.516135e-01	-1.438845e+00	5.936155e-01	-1.119900e+00	-1.798259e-02	7.560209e-02	1.981845e-02	5.578364e-02
1974          	1.062924e-01	-1.066753e+00	1.173046e+00	-1.690458e+00	-2.516135e-01	-1.438845e+00	5.936156e-01	-1.119900e+00	-1.798259e-02	7.560209e-02	1.981846e-02	5.578364e-02
1975          	1.062924e-01	-1.066753e+00	1.173046e+00	-1.690458e+00	-2.516136e-01	-1.438845e+00	5.936156e-01	-1.119900e+00	-1.798258e-02	7.560210e-02	1.981846e-02	5.578363e-02
1976          	1.062924e-01	-1.066753e+00	1.173046e+00	-1.690458e+00	-2.516137e-01	-1.438845e+00	5.936156e-01	-1.119900e+00	-1.798258e-02	7.560209e-02	1.981846e-02	5.578363e-02
1977          	1.062925e-01	-1.066753e+00	1.173046e+00	-1.690458e+00	-2.516137e-01	-1.438845e+00	5.936155e-01	-1.119900e+00	-1.798258e-02	7.560208e-02	1.981846e-02	5.578362e-02
1978          	1.062925e-01	-1.066753e+00	1.173046e+00	-1.690458e+00	-2.516137e-01	-1.438845e+00	5.936154e-01	-1.119900e+00	-1.798258e-02	7.560207e-02	1.981845e-02	5.578362e-02
1979          	1.062925e-01	-1.066753e+00	1.173046e+00	-1.690458e+00	-2.516137e-01	-1.438844e+00	5.936154e-01	-1.119899e+00	-1.798259e-02	7.560206e-02	1.981844e-02	5.578361e-02
1980          	1.062925e-01	-1.066753e+00	1.173046e+00	-1.690458e+00	-2.516136e-01	-1.438844e+00	5.936153e-01	-1.119899e+00	-1.798259e-02	7.560206e-02	1.981844e-02	5.578362e-02
1981          	1.062925e-01	-1.066753e+00	1.173046e+00	-1.690458e+00	-2.516136e-01	-1.438844e+00	5.936154e-01	-1.119899e+00	-1.798259e-02	7.560206e-02	1.981844e-02	5.578362e-02
1982          	1.062924e-01	-1.066753e+00	1.173046e+00	-1.690458e+00	-2.516135e-01	-1.438844e+00	5.936154e-01	-1.119899e+00	-1.798259e-02	7.560207e-02	1.981844e-02	5.578363e-02
1983          	1.062924e-01	-1.066753e+00	1.173046e+00	-1.690458e+00	-2.516135e-01	-1.438844e+00	5.936154e-01	-1.119899e+00	-1.798259e-02	7.560208e-02	1.981845e-02	5.578363e-02
1984          	1.062924e-01	-1.066753e+00	1.173046e+00	-1.690458e+00	-2.516135e-01	-1.438844e+00	5.936155e-01	-1.119900e+00	-1.798259e-02	7.560209e-02	1.981846e-02	5.578363e-02
1985          	1.062924e-01	-1.066753e+00	1.173046e+00	-1.690458e+00	-2.516136e-01	-1.438844e+00	5.936154e-01	-1.119900e+00	-1.798258e-02	7.560209e-02	1.981846e-02	5.578363e-02
1986          	1.062924e-01	-1.066753e+00	1.173046e+00	-1.690458e+00	-2.516137e-01	-1.438844e+00	5.936154e-01	-1.119899e+00	-1.798258e-02	7.560209e-02	1.981846e-02	5.578363e-02
1987          	1.062924e-01	-1.066753e+00	1.173046e+00	-1.690458e+00	-2.516137e-01	-1.438844e+00	5.936153e-01	-1.119899e+00	-1.798258e-02	7.560208e-02	1.981846e-02	5.578362e-02
1988          	1.062925e-01	-1.066753e+00	1.173046e+00	-1.690458e+00	-2.516137e-01	-1.438844e+00	5.936153e-01	-1.119899e+00	-1.798258e-02	7.560207e-02	1.981845e-02	5.578362e-02
1989          	1.062925e-01	-1.066753e+00	1.173046e+00	-1.690458e+00	-2.516137e-01	-1.438844e+00	5.936153e-01	-1.119899e+00	-1.798259e-02	7.560206e-02	1.981844e-02	5.578362e-02
1990          	1.062925e-01	-1.066753e+00	1.173046e+00	-1.690458e+00	-2.516136e-01	-1.438844e+00	5.936153e-01	-1.119899e+00	-1.798259e-02	7.560206e-02	1.981844e-02	5.578362e-02
1991          	1.062925e-01	-1.066753e+00	1.173046e+00	-1.690458e+00	-2.516136e-01	-1.438844e+00	5.936153e-01	-1.119899e+00	-1.798259e-02	7.560207e-02	1.981844e-02	5.578362e-02
1992          	1.062924e-01	-1.066753e+00	1.173046e+00	-1.690458e+00	-2.516135e-01	-1.438844e+00	5.936154e-01	-1.119899e+00	-1.798259e-02	7.560207e-02	1.981845e-02	5.578363e-02
1993          	1.062924e-01	-1.066753e+00	1.173046e+00	-1.690458e+00	-2.516135e-01	-1.438844e+00	5.936154e-01	-1.119899e+00	-1.798259e-02	7.560208e-02	1.981845e-02	5.578363e-02
1994          	1.062924e-01	-1.066753e+00	1.173046e+00	-1.690458e+00	-2.516135e-01	-1.438844e+00	5.936155e-01	-1.119899e+00	-1.798258e-02	7.560209e-02	1.981846e-02	5.578363e-02
1995          	1.062924e-01	-1.066753e+00	1.173046e+00	-1.690458e+00	-2.516136e-01	-1.438844e+00	5.936154e-01	-1.119899e+00	-1.798258e-02	7.560209e-02	1.981846e-02	5.578363e-02
1996          	1.062924e-01	-1.066753e+00	1.173046e+00	-1.690458e+00	-2.516137e-01	-1.438844e+00	5.936154e-01	-1.119899e+00	-1.798258e-02	7.560208e-02	1.981846e-02	5.578362e-02
1997          	1.062925e-01	-1.066753e+00	1.173046e+00	-1.690458e+00	-2.516137e-01	-1.438844e+00	5.936154e-01	-1.119899e+00	-1.798258e-02	7.560208e-02	1.981845e-02	5.578362e-02
1998          	1.062925e-01	-1.066753e+00	1.173046e+00	-1.690458e+00	-2.516137e-01	-1.438844e+00	5.936153e-01	-1.119899e+00	-1.798259e-02	7.560207e-02	1.981845e-02	5.578362e-02
1999          	1.062925e-01	-1.066753e+00	1.173046e+00	-1.690458e+00	-2.516136e-01	-1.438844e+00	5.936153e-01	-1.119899e+00	-1.798259e-02	7.560206e-02	1.981844e-02	5.578362e-02
2000          	1.062925e-01	-1.066753e+00	1.173046e+00	-1.690458e+00	-2.516136e-01	-1.438844e+00	5.936154e-01	-1.119899e+00	-1.798259e-02	7.560206e-02	1.981843e-02	5.578362e-02
